Object ID,Is Public Domain,Department,AccessionYear,Object Name,Title,Culture,Artist Role,Artist Display Name,Artist Display Bio,Object Date,Object Begin Date,Credit Line,City,Classification,Link Resource,Tags
649082,False,Drawings and Prints,1970.0,Print,"Birds in the Nest (in Parables from Nature, opp. p. 327)",,Engraver|Artist,Horace Harral|Joseph Wolf,"British, Ipswich 1817–1905 Hastings|German, Moers 1820–1899 London",1865,1865,"Gift of Lincoln Kirstein, 1970",London,Prints,http://www.metmuseum.org/art/collection/search/649082,
395516,True,Drawings and Prints,2011.0,Print,Peasant of the Alps,,Publisher|Publisher|Artist,Matthew Darly|Mary Darly|Henry William Bunbury,"British, ca. 1720–1780 London|British, 1760–1781|British, Mildenhall, Suffolk 1750–1811 Keswick, Cumberland","April 2, 1771",1771,"The Elisha Whittelsey Collection, The Elisha Whittelsey Fund, 2011",London,Prints,http://www.metmuseum.org/art/collection/search/395516,Men|Profiles
349051,False,Drawings and Prints,1948.0,Book,Albrecht Dürers Christlich-Mythologische Handzeichnungen,,Author|Lithographer|Artist,Johann Nepomuk Strixner|Alois Senefelder|Albrecht Dürer,"German, Altötting 1782–1855 Munich|German, Prague 1771–1834 Munich|German, Nuremberg 1471–1528 Nuremberg",1808,1808,"Harris Brisbane Dick Fund, 1948",Munich,Books,http://www.metmuseum.org/art/collection/search/349051,
17527,False,The American Wing,2002.0,Photograph album,Photograph Album,American,Maker,Tiffany Studios,1902–32,ca. 1902–20,1899,"Gift of John D'Agostino, 2002",New York,,http://www.metmuseum.org/art/collection/search/17527,
503860,True,Musical Instruments,1889,Tenor Valve Trombone in B-flat,Tenor Valve Trombone in B-flat,Italian,Maker,Pietro Borsari,active late 19th century,ca. 1870,1865,"The Crosby Brown Collection of Musical Instruments, 1889",Bologna,Aerophone-Lip Vibrated-trumpet / trombone,http://www.metmuseum.org/art/collection/search/503860,
20488,False,The American Wing,2010.0,Pitcher,Pitcher,American,Artist,Robert R. Jarvie,"American, 1865–1941",1914,1914,"Purchase, Lee Paula Miller, Jacobsen Foundation and Anonymous Gifts, 2010",Chicago,,http://www.metmuseum.org/art/collection/search/20488,
433569,False,Drawings and Prints,1933.0,Print collection ornament & architecture,"Two satyrs, a child, and a goat amidst rinceaux, from Ornements de panneaux à la romaine, plate 9, bound in Oeuvres. Vol. IV",,Artist|Publisher,Jean Le Pautre|Jean I Leblond,"French, Paris 1618–1682 Paris|French, ca. 1590–1666 Paris",published ca. 1651,1646,"Harris Brisbane Dick Fund, 1933",Paris,Prints|Ornament & Architecture,http://www.metmuseum.org/art/collection/search/433569,
16799,False,The American Wing,2000.0,Pin,Pin,American,Maker,Tiffany & Co.,1837–present,ca. 1875,1872,"Purchase, Susan and Jon Rotenstreich Gift, 2000",New York,,http://www.metmuseum.org/art/collection/search/16799,
7868,True,The American Wing,1933.0,Spur,Spur,American,Maker,"Paul Revere, III",1760–1813,1800–1830,1800,"Bequest of Alphonso T. Clearwater, 1933",Boston,,http://www.metmuseum.org/art/collection/search/7868,
348137,False,Drawings and Prints,1958.0,Book,Nouveau Cayer de Paysages à l'usage des personnes qui apprennent le Dessin,,Publisher,J. B. Crépy,,1781,1781,"The Elisha Whittelsey Collection, The Elisha Whittelsey Fund, 1958",Paris,Books,http://www.metmuseum.org/art/collection/search/348137,
16873,False,The American Wing,2000.0,Coffeepot,Coffeepot,American,Manufacturer,Willets Manufacturing Company,1879–1908,ca. 1901,1901,"Friends of the American Wing Fund, 2000",Trenton,,http://www.metmuseum.org/art/collection/search/16873,
707200,False,Drawings and Prints,1955.0,Book,Orazione funebre in morte del Marchese Scipione Maffei detta nella cattedrale di Verona...Con l'aggiunta d'alcuni componimenti poetici d'autore veronese... (Verona 1755),,Publisher|Author|Artist|Artist|Artist|Artist,Dionigi Ramanzini|Marc'Antonio Pindemonte|Domenico Cunego|Giovanni Antonio Urbani|Adriano Cristofali|Pietro Rotari,"| |Italian, Verona 1727–1803 Rome|Italian, active 18th century|Italian, Verona 1718–1788 Verona|Italian, Verona 1707–1762 St. Petersburg",1755,1755,"The Elisha Whittelsey Collection, The Elisha Whittelsey Fund, 1955",Lucca,Books,http://www.metmuseum.org/art/collection/search/707200,
785211,False,The American Wing,2018.0,Platter,Platter,French,Manufacturer|Retailer,"G. Baruch Weil|Airé & Cie, Paris","1799–1828 Paris, France|",ca. 1801–04,1796,"Gift of Page Williams Dwyer, 2018",Paris,,http://www.metmuseum.org/art/collection/search/785211,
746637,False,Drawings and Prints,1944.0,Book Print Ornament & Architecture,Design for a shawl with scrolling paisley leaves and Indian flowers,,Publisher|Lithographer|Designer|Designer,Fleury Chavant|Georges Schlatter|J.E.G.|Herault,"French, 19th century|French| |French, 19th Century",[after 1844],1844,"Gift of Edith P. Blase, 1944",Paris,Books|Prints|Ornament & Architecture,http://www.metmuseum.org/art/collection/search/746637,
892631,false,The Libraries,,,Roller-printed paste papers for bookbinding,,Artist,Henry Morris,"American, 1925–2019",1975,1975,Gift of Mary C. Schlosser,North Hills,,http://www.metmuseum.org/art/collection/search/892631,
345536,False,Drawings and Prints,1961.0,Book,"Manufacturer of electro plated British plate equal to silver. . .furnishing ironmonger, and manufaturere of tin, copper, iron & Japan wares",,Author,James Barlow,"British, active 1845",ca. 1845,1840,"The Elisha Whittelsey Collection, The Elisha Whittelsey Fund, 1961",London,Books,http://www.metmuseum.org/art/collection/search/345536,
9311,false,The American Wing,1980.O,Vase,Vase,American,Maker,The Alvin Manufacturing Company,1886–1928,1890–1905,1890,"Sansbury-Mills Fund, 1980",Providence,,http://www.metmuseum.org/art/collection/search/9311,Flowers
727940,False,Drawings and Prints,1991.0,Book Prints Ornament & Architecture,"Fleurs (Flowers), Plate 15",,Printer|Publisher|Designer,"G. Kadar|Editions ""Synth""|Serge Gladky","| |French, active 1920–30s",1929,1929,"Jane E. Andrews Fund, in memory of William Loring Andrews, 1943, transfered from the Library (1991.1073.124)",Paris,Books|Prints|Ornament & Architecture,http://www.metmuseum.org/art/collection/search/727940,
659600,False,Drawings and Prints,1918.0,Books Prints Ornament & Architecture,"Esemplario di Lauori..., page 17 (verso)",,Designer|Publisher,Florio Vavassore|Giovanni Andrea Vavassore,"Italian, active 16th century|Italian, active Venice 1530–1573","August 1, 1532",1532,"Rogers Fund, 1918",Venice,Books|Prints|Ornament & Architecture,http://www.metmuseum.org/art/collection/search/659600,
7803,True,The American Wing,1933.0,Spoon,Spoon,American,Maker,"Paul Revere, III",1760–1813,ca. 1800,1797,"Bequest of Alphonso T. Clearwater, 1933",Boston,,http://www.metmuseum.org/art/collection/search/7803,
9479,True,The American Wing,1896.0,Vase,Vase,American,Designer|Maker,Louis C. Tiffany|Tiffany Glass and Decorating Company,"American, New York 1848–1933 New York|American, 1892–1902",1893–96,1893,"Gift of H. O. Havemeyer, 1896",New York,,http://www.metmuseum.org/art/collection/search/9479,
8221,True,The American Wing,1933.0,Tankard,Tankard,American,Maker,Nicholas Roosevelt,1715–1769,1740–50,1740,"Bequest of Alphonso T. Clearwater, 1933",New York,,http://www.metmuseum.org/art/collection/search/8221,
696861,False,Drawings and Prints,1962.0,Print,"The death of Saint Joseph, who lies in bed surrounded by the Virgin, Christ, and angels; above, an angel carries lilies; from the series of 112 prints of the sacred history, after the painting by Giovanni Battista Pittoni",,Publisher|Artist|Artist,Pietro Monaco|Giovanni Battista Pittoni|Pietro Monaco,"Italian, Belluno 1707–1772 Venice|Italian, Venice 1687–1767 Venice|Italian, Belluno 1707–1772 Venice",ca. 1730–39,1727,"Rogers Fund, 1962",Venice,Prints,http://www.metmuseum.org/art/collection/search/696861,
349406,False,Drawings and Prints,1957.0,Book,"Every Lady Her Own Shoemaker; or, a complete self-instructor in the art of making gaiters and shoes",,Author,Dewitt & Davenport,"New York, NY",1856,1856,"The Elisha Whittelsey Collection, The Elisha Whittelsey Fund, 1957",New York,Books,http://www.metmuseum.org/art/collection/search/349406,
701829,True,Drawings and Prints,1960.0,"Print, Fete, Ornament & Architecture",Plate 12: Members of the clergy marching in the funeral procession of Archduke Albert of Austria; from 'Pompa Funebris ... Alberti Pii',,Artist|Artist,Cornelis Galle I|Jacques Francquart,"Netherlandish, Antwerp 1576–1650 Antwerp|French, Brussels 1577–1651 Brussels",1623,1623,"The Elisha Whittelsey Collection, The Elisha Whittelsey Fund, 1960",Brussels,Prints|Prints-Fete,http://www.metmuseum.org/art/collection/search/701829,Men|Funerals
491147,False,Modern and Contemporary Art,1943,Textile sample,Sample,American,Maker|Maker,Louis A. Stirn|Edmund A. Stirn,"American (born Germany), Frankfurt-am-Main 1863–1962 Staten Island, New York|American (born Germany ?), 1868– (?)",1925,1925,"Gift of Miss M. K. Overbeck, 1943",New York,Textiles-Printed,http://www.metmuseum.org/art/collection/search/491147,
23052,True,Arms and Armor,1928.0,Cased pair of flintlock pistols with accessories,Cased Pair of Flintlock Pistols with Accessories,"French, Paris",Lock maker|Mount maker,François Pirmet|Nicolas Noël Boutet,"French, Paris, recorded 1779–1818|French, Versailles and Paris, 1761–1833",ca. 1810,1785,"Rogers Fund, 1928",Paris,Firearms-Pistols,http://www.metmuseum.org/art/collection/search/23052,
431367,False,Drawings and Prints,1933.0,Print collection ornament & architecture,"Two demi-façades with people on the stairs at lower right, from Portails d'églises, plate 4, bound in Oeuvres. Vol. II",,Artist|Publisher,Jean Le Pautre|Pierre Mariette le fils,"French, Paris 1618–1682 Paris|French, Paris 1634–1716 Paris",17th century,1633,"Harris Brisbane Dick Fund, 1933",Paris,Prints|Ornament & Architecture,http://www.metmuseum.org/art/collection/search/431367,
349215,False,Drawings and Prints,1939.0,Book ; Ornament and Architecture,"Eighteen Designs for Glebe Houses and Rural Cottages, with Ground Plans",,Author|Publisher,Lady Helena Donville|J. Mitchell and J. Weale,"British, 19th century|London",ca. 1840,1835,"Harris Brisbane Dick Fund, 1939",London,Books|Ornament & Architecture,http://www.metmuseum.org/art/collection/search/349215,
373620,False,Drawings and Prints,1941.0,Book ; Ornament and architecture,L'architecture de Vitruve,,Author|Translator|Publisher,Marcus Pollio Vitruvius|Charles L. Maufras|Charles Louis Fleury Panckoucke,"Roman, active late 1st century BCE|French|French, 1780–1844",1847,1847,"Bequest of W. Gedney Beatty, 1941",Paris,Books|Ornament & Architecture,http://www.metmuseum.org/art/collection/search/373620,
727945,False,Drawings and Prints,1991.0,Book Prints Ornament & Architecture,"Fleurs (Flowers), Plate 20",,Printer|Publisher|Designer,"G. Kadar|Editions ""Synth""|Serge Gladky","| |French, active 1920–30s",1929,1929,"Jane E. Andrews Fund, in memory of William Loring Andrews, 1943, transfered from the Library (1991.1073.124)",Paris,Books|Prints|Ornament & Architecture,http://www.metmuseum.org/art/collection/search/727945,
641091,False,Drawings and Prints,1948.0,Print,"Woman seated on a chair, bound in L'Oeuvre original de Vivant Denon. Collection de eaux-fortes, Volume 1",,Publisher|Artist,A. Barrand|baron Dominique Vivant Denon,"|French, Givry 1747–1825 Paris",1873,1873,"Harris Brisbane Dick Fund, 1948",Paris,Books,http://www.metmuseum.org/art/collection/search/641091,
690578,False,Drawings and Prints,1952.0,Book,"Vue de l'Eglise de St Jean, from Les Plus Beaux Edifices de Rome Moderne, ou Recueil des plus belles vues des principales eglises, places, palais, fontaines etc. qui sont dans Rome",,Publisher|Artist|Artist|Printer,Bouchard & Gravier|Jean Barbault|Dominico Montagu|Komarek,"Rome|French, Viarmes 1718–1762 Rome|Italian, active Rome, ca. 1750–76|",1763,1763,"Rogers Fund, 1952",Rome,Books,http://www.metmuseum.org/art/collection/search/690578,
660649,True,Drawings and Prints,1921.0,Books Prints Ornament & Architecture,"Splendore delle virtuose giovani, page 3 (verso)",,Designer|Publisher,Iseppo Foresto|Jeronimo Calepino,"Italian, active Venice, 1557|",1564,1564,"Rogers Fund, 1921",Venice,Books|Prints|Ornament & Architecture,http://www.metmuseum.org/art/collection/search/660649,Peacocks|Flowers|Vines
3159,True,The American Wing,1985.0,Desk and bookcase,Cylinder Desk and Bookcase,American,Maker,Duncan Phyfe,"American (born Scotland), near Lock Fannich, Ross-Shire, Scotland 1768/1770–1854 New York",1815–20,1815,"Purchase, The Horace W. Goldsmith Foundation Gift, in memory of Berry B. Tracy, 1985",New York,,http://www.metmuseum.org/art/collection/search/3159,
348837,False,Drawings and Prints,1924.0,Book,Annual Catalogue of Fruit Trees,,Printer|Author,J. D. Spalding|A. J. Downing & Co.,"Newburgh, New York|American, 19th century",1839,1839,"Harris Brisbane Dick Fund, 1924",Newburgh,Books,http://www.metmuseum.org/art/collection/search/348837,
350052,True,Drawings and Prints,1922.0,Book,Les Français Peints par Eux-Mêmes. Tome 1-5. Province Tome 1-3,,Publisher,Henri-Léon Curmer,"French, 1801–1870",1840–42,1840,"Gift of David Keppel, 1922",Paris,Books,http://www.metmuseum.org/art/collection/search/350052,Women
433758,False,Drawings and Prints,1933.0,Print collection ornament & architecture,"The Hebrews worshipping God, from Histoire de Moïse, plate 3, bound in Oeuvres. Vol. IV",,Artist|Publisher,Jean Le Pautre|Jacques II Chereau,"French, Paris 1618–1682 Paris|French, Blois 1688–1776 Paris",17th century,1633,"Harris Brisbane Dick Fund, 1933",Paris,Prints|Ornament & Architecture,http://www.metmuseum.org/art/collection/search/433758,
350487,False,Drawings and Prints,1941.0,Book Ornament and Architecture,Rules for Drawing the Several Parts of Architecture,,Author|Publisher|Artist|Artist and publisher|Artist and publisher|Publisher|Publisher,James Gibbs|J. and P. Knapton|S. Austen|A. Bettesworth|C. Hitch|W. Innys|R. Manby,"British, Aberdeen, Scotland 1682–1754 London|British, active 1735–89|London|London|London|London|British",1738,1738,"Bequest of W. Gedney Beatty, 1941",London,Books|Ornament & Architecture,http://www.metmuseum.org/art/collection/search/350487,
736076,True,Drawings and Prints,1959.0,Print,Preceptor and Pupil,,Artist|Subject|Subject|Publisher,"Thomas Rowlandson|Charles James Fox|George, Prince of Wales|George Humphrey","British, London 1757–1827 London|British, 1749–1806|British, London 1762–1830 Windsor|British, 1773?–1831?","May 18, 1784",1784,"The Elisha Whittelsey Collection, The Elisha Whittelsey Fund, 1959",London,Prints,http://www.metmuseum.org/art/collection/search/736076,Animals|Men
698422,False,Drawings and Prints,1921.0,Book,Plate 2: God the Father separating the light from the darkness; from 'Imagines Veteris Ac Novi Testamenti A Raphaele Sanctio Urbinate in Vaticani Palatii Xystis' after Raphael,,Publisher|Artist|Artist,Giovanni Giacomo De Rossi|Cesare Fantetti|Raphael (Raffaello Sanzio or Santi),"Italian, Rome 1627–1691 Rome|Italian, Florence 1660–1675|Italian, Urbino 1483–1520 Rome",1675,1675,"Museum Accession, transferred from the Library",Rome,Books,http://www.metmuseum.org/art/collection/search/698422,
14443,False,The American Wing,1992.0,Stained glass window,Stained Glass Window,American,Designer|Manufacturer,"McKim, Mead and White|Decorative Stained Glass Company",|,1882–84,1882,"Gift of John J. and Sally S. Lenahan II, 1992",New York,,http://www.metmuseum.org/art/collection/search/14443,
354814,False,Drawings and Prints,1962.0,Book ; Ornament and architecture,"Illustrated catalogue...no. 38, of stoves, chimney pieces, kitchen ranges, general ironwork",,Author,Thomas O'Brien and Co.,London,1903–4,1903,"The Elisha Whittelsey Collection, The Elisha Whittelsey Fund, 1962",London,Books|Ornament & Architecture,http://www.metmuseum.org/art/collection/search/354814,
503526,False,Musical Instruments,1999,Oboe,Oboe,French,Maker,Thibouville-Lamy,,ca. 1910,1900,"Gift of Toby Golick, in memory of Telford Taylor, 1999",Paris,Aerophone-Reed Vibrated-double reed,http://www.metmuseum.org/art/collection/search/503526,
727726,False,Drawings and Prints,1991.0,Book Prints Ornament & Architecture,"Studio d'Arts Décoratifs, 3e Série, Pl. 2, Six Dessins de haute fantaisie, Coloris nouveaux",,Designer|Publisher,Nicolas Sorokine|Armand Guérinet,"|French, active ca. 1890–1920",[ca. 1930],1925,"Rogers Fund, 1925 and 1931, transferred from the Library",Paris,Books|Prints|Ornament & Architecture,http://www.metmuseum.org/art/collection/search/727726,
668739,False,The American Wing,2022.0,Pitcher,Pitcher,American,Manufacturer,D. &  J. Henderson Flint Stoneware Manufactory,active 1829–33,1829–33,1829,"Gift of Robert A. Ellison Jr., 2021",Jersey City,,http://www.metmuseum.org/art/collection/search/668739,
872033,false,The Libraries,,,A weaver of dreams,,Artist|Publisher|Author,"Margaret Neilson Armstrong|G.P. Putnam & Co., New York|Myrtle Reed","American, New York 1867–1944 New York| |American, 1874–1911",1911,1911,,New York,,http://www.metmuseum.org/art/collection/search/872033,
503439,False,Musical Instruments,1992,Violinett,Violinett,German,Maker,Johannes Pugh,"German, 1851–1939",ca. 1920,1910,"Purchase, Mr. and Mrs. Thomas A. Cassilly Gift, 1992",Altona,Chordophone-Zither,http://www.metmuseum.org/art/collection/search/503439,
627089,False,Drawings and Prints,1937.0,Print ornament & architecture,"Entablature, capital and two consoles, plate 4, from Architectura 3e Stuck de oorden Tuschana",,Artist|Artist|Artist|Publisher,Hans Vredeman de Vries|Johannes van Doetecum I|Lucas van Doetecum|Volcxken Dierix,"Netherlandish, Leeuwarden 1527–1606 (?)  Antwerp (?)|Netherlandish, 1528/32–1605|Netherlandish, active 1554–72, died before 1589|Netherlandish, active Antwerp, second half 16th century",1578,1578,"Gift of John Sise, 1937",Antwerp,Prints|Ornament & Architecture,http://www.metmuseum.org/art/collection/search/627089,
8518,True,The American Wing,1970.0,Tile,Tile,American,Maker,J. and J. G. Low Art Tile Works,"American, Chelsea, Massachusetts, 1877–1903",ca. 1884,1881,"Funds from various donors, 1970",Chelsea,,http://www.metmuseum.org/art/collection/search/8518,
381951,False,Drawings and Prints,1946.0,Book,Grand Livre des Patissiers et de Confiseurs. Tome II.,,Publisher|Printer|Author,E. Dentu|Motteroz|Urbain Dubois,| |,1883,1883,"Harris Brisbane Dick Fund, 1946",Paris,Books,http://www.metmuseum.org/art/collection/search/381951,
3729,True,The American Wing,1940.0,Flask,Flask,American,Maker,Dyottville Glass Works,1833–1923,ca. 1847–48,1844,"Bequest of Constance R. Brown, 1939",Kensington,,http://www.metmuseum.org/art/collection/search/3729,Men|Profiles|George Washington
8805,False,The American Wing,1985.0,Tray,Tray,American,Maker,Unger Brothers,1872–1919,1900–1910,1900,"Friends of the American Wing Fund, 1985",Newark,,http://www.metmuseum.org/art/collection/search/8805,
664842,False,Drawings and Prints,1952.0,Print,"Faune, from Les Plus Beaux Monuments de Rome Ancienne ou Recueil des plus beaux Morceaux de l'Antiquité Romaine qui existent encore",,Artist|Publisher|Printer,Jean Barbault|Bouchard & Gravier|Giunchi Heritiers de Komarek,"French, Viarmes 1718–1762 Rome|Rome|",1761,1761,"Rogers Fund, 1952",Rome,Prints,http://www.metmuseum.org/art/collection/search/664842,
337517,False,Drawings and Prints,1977.0,Book,"Compositions Tirées des Ouvrages, des Jours, et de la Théogonie d'Hésiode, dessinées par Jean Flaxman, R.A.P.S.",,Artist|Engraver|Author,John Flaxman|Tommaso Piroli|Hesiod,"British, York 1755–1826 London|Italian, Rome 1752–1824 Rome|Greek, active ca. 700 BCE",1818 (?),1815,"Gift of Harvey Smith, 1977",Paris,Books,http://www.metmuseum.org/art/collection/search/337517,
345410,False,Drawings and Prints,1957.0,Book,The Bible Looking Glass,,Illustrator|Publisher|Author|Author,"John Warner Barber|Bradley, Garreston & Co.|Rev. William Holmes|Henry Howe","American, Windsor, Connecticut 1798–1885 New Haven, Connecticut|Philadelphia, Pennsylvania|British, 18th century|American, 1816–1893",1874,1874,"Gift of Margaret Scherer, 1957",Philadelphia,Books,http://www.metmuseum.org/art/collection/search/345410,
350081,False,Drawings and Prints,1962.0,Book,"[Catalogue] manufacturers of high class window and interior display fixtures, dry goods. . . wax and paper mache forms",,Author,Frankel Display Fixtures Co.,"New York, NY",n.d.,1800,"Gift of Lincoln Kirstein, 1962",New York,Books,http://www.metmuseum.org/art/collection/search/350081,
348497,False,Drawings and Prints,1937.0,Book Prints Ornament & Architecture,Nouvelle Iconologie Historique ou Attributes Hierogliphyques... Tome 1.,,Artist|Engraver|Publisher|Publisher|Publisher,Jean Charles Delafosse|Charles Beurlier|Jean François Daumont|Le Pere et Avaulet|Jacques François Chereau,"French, Paris 1734–1789 Paris|French, first cited 1768, last cited 1775|French, active ca. 1750–before 1775| |French, Paris 1742–1794 Paris",1771–[1782] (?),1771,"Harris Brisbane Dick Fund, 1937",Paris,Books|Prints|Ornament & Architecture,http://www.metmuseum.org/art/collection/search/348497,
660975,true,Drawings and Prints,1953.0,Books Prints Ornament & Archiecture,"Fiori di Ricami Nuovamente Posti in Luce, page 8 (recto)",,Designer|Publisher,Matteo Florimi|Francesco de' Franceschi,"Italian, active Siena, ca. 1581–died 1613|Italian, active 16th century",1591,1591,"The Elisha Whittelsey Collection, The Elisha Whittelsey Fund, 1953",Venice,Books|Prints|Ornament & Architecture,http://www.metmuseum.org/art/collection/search/660975,Flowers
2097,False,The American Wing,1968.0,Clock,Clock,American,Maker,Tiffany & Co.,1837–present,ca. 1885,1882,"Purchase, The Edgar J. Kaufmann Foundation Gift, 1968",New York,,http://www.metmuseum.org/art/collection/search/2097,Obelisks|Hieroglyphs|Sphinx
8217,True,The American Wing,1933.0,Tankard,Tankard,American,Maker|Maker,Paul Revere Jr.|Paul Revere Sr.,"American, Boston, Massachusetts 1734–1818 Boston, Massachusetts|1702–1754",ca. 1750,1747,"Bequest of Alphonso T. Clearwater, 1933",Boston,,http://www.metmuseum.org/art/collection/search/8217,Coat of Arms
348505,False,Drawings and Prints,1977.0,Book,Monographie de L'Oeuvre de Bernard Palissy,,Author|Author|Illustrator|Lithographer|Printer|Designer|Dedicatee|Illustrator,Henri Delange|Sauzay|C. Borneman|Lemercier & Cie.|E. Martinet|Bernard Palissy|Emilien de Nieuwerkerke|Carle Delange,"French|French| |French, Paris| |French, Agen, Lot-et-Garonne 1510–1590 Paris|French, Paris 1811–1892 Gattaiola|French",1862,1862,"Gift of Harvey Smith, 1977",Paris,Books,http://www.metmuseum.org/art/collection/search/348505,
384056,False,Drawings and Prints,1953.0,Book,National Portrait Gallery of Eminent Americans from Original Paintings by Alonzo Chappel,,Author|Artist|Publisher,"Evert Augustus Duyckinck|Alonzo Chappel|Johnson, Fry & Co.","American, 1816–1878|American, New York 1828–1887 Middle Island, New York|American, New York",1862,1862,"Gift of Malcolm Anderson, 1953",New York,Books,http://www.metmuseum.org/art/collection/search/384056,
347443,False,Drawings and Prints,1955.0,Book,Catalogus Gloriae Mundi,,Author|Publisher,Bartolomeo de Chasseneux|Antoine Vincent,"ca. 1480–1541|French, 16th century",1546,1546,"The Elisha Whittelsey Collection, The Elisha Whittelsey Fund, 1955",Lyon,Books,http://www.metmuseum.org/art/collection/search/347443,
490948,false,Modern and Contemporary Art,1941,"Hanging, woven",Hanging,American,Manufacturer,Scalamandré,,before 1941,1940,"Gift of Franco Scalamandre, 1941",New York,Textiles-Woven,http://www.metmuseum.org/art/collection/search/490948,Flowers
655997,False,Drawings and Prints,1947.0,Print,Fox Hounds of the Hatfield Hunt,,Publisher|Etcher|Artist,Henry G. Bohn|Thomas Landseer|Sir Edwin Henry Landseer,"|British, London 1795–1880 London|British, London 1802–1873 London",1853,1853,"Harris Brisbane Dick Fund, 1947",London,Prints,http://www.metmuseum.org/art/collection/search/655997,
426464,False,Drawings and Prints,1930.0,Prints Collection Ornament & Architecture,"Four Designs for Borders for Baldachins or Valances, Combined with Three Designs for Chairs and Tabourets at Left, from Second Liure Dappartements, part of Œuvres du Sr. D. Marot",,Artist|Publisher,Daniel Marot the Elder|Pierre Husson,"French, Paris 1661–1752 The Hague|",published 1703 or 1712,1703,"Harris Brisbane Dick Fund, 1930",The Hague,Prints|Ornament & Architecture,http://www.metmuseum.org/art/collection/search/426464,
3204,False,The American Wing,1969.0,Dinner plate,Dinner Plate,American,Maker,Union Porcelain Works,1863–1922,1885,1885,"Gift of Mr. and Mrs. Franklin Chace, 1969",Brooklyn,,http://www.metmuseum.org/art/collection/search/3204,
346777,False,Drawings and Prints,1941.0,Book ; Ornament and architecture,Sixty Different Sorts of Ornaments,,Designer|Etcher|Etcher,Gaetano Brunetti|Henry Fletcher|Jean La Rocque,"Italian, active in London and Paris, (?)–1758|British, active 1715–38|British, active 18th century",1736,1736,"Rogers Fund, transferred from the Library",London,Books|Ornament & Architecture,http://www.metmuseum.org/art/collection/search/346777,
3554,False,The American Wing,1978.0,Étagère,Étagère,American,Maker,Heywood Brothers and Wakefield Company,"American, 1897–1921",1897–1905,1897,"Gift of Charlotte Pickman-Gertz, 1978",Wakefield|Gardner,,http://www.metmuseum.org/art/collection/search/3554,
426805,False,Drawings and Prints,1930.0,Prints Collection Ornament & Architecture,"Quarter of a Ceiling with Mercury in a Painted Scene at Center, Framed by a Wide Border with a Bust in a Niche at the Corner, from Nouveau Liure de Placfond, part of Œuvres du Sr. D. Marot",,Artist|Publisher,Daniel Marot the Elder|Pierre Husson,"French, Paris 1661–1752 The Hague|",published 1703 or 1712,1703,"Harris Brisbane Dick Fund, 1930",The Hague,Prints|Ornament & Architecture,http://www.metmuseum.org/art/collection/search/426805,
24855,True,Arms and Armor,1968.0,Percussion revolver,"Colt Model 1851 Navy Percussion Revolver, serial no. 2","American, Hartford, Connecticut",Manufacturer,Samuel Colt,"American, Hartford, Connecticut 1814–1862",1850,1850,"Gift of John E. Parsons, 1968",Hartford,Firearms-Pistols-Revolvers,http://www.metmuseum.org/art/collection/search/24855,
452766,true,Islamic Art,1975.0,Folio from an illustrated manuscript,"""Rustam's Seventh Course: He Kills the White Div"",  Folio from a Shahnama (Book of Kings)",,Author|Artist,Abu'l Qasim Firdausi|Mu'in Musavvir,"Iranian, Paj ca. 940/41–1020 Tus|Iranian, active 1630s–90s",dated A.H. 1077/ 1666–67 CE,1641,"Gift of Richard Ettinghausen, 1975",Isfahan,Codices,http://www.metmuseum.org/art/collection/search/452766,Weapons|Men
2567,False,The American Wing,1933.0,Vase,Covered Vase,Dutch,Maker,Rose factory,1662–1854,1727–39,1727,"Rogers Fund, 1933",Delft,,http://www.metmuseum.org/art/collection/search/2567,
665757,False,Drawings and Prints,1952.0,Print,"Fragmens antiques, from Les Plus Beaux Monuments de Rome Ancienne ou Recueil des plus beaux Morceaux de l'Antiquité Romaine qui existent encore",,Artist|Publisher|Printer,Jean Barbault|Bouchard & Gravier|Giunchi Heritiers de Komarek,"French, Viarmes 1718–1762 Rome|Rome|",1761,1761,"Rogers Fund, 1952",Rome,Prints,http://www.metmuseum.org/art/collection/search/665757,
1900,True,The American Wing,1960.0,Side Chair,Side Chair,American,Maker,Duncan Phyfe,"American (born Scotland), near Lock Fannich, Ross-Shire, Scotland 1768/1770–1854 New York",1791–1818,1791,"Gift of C. Ruxton Love Jr., 1960",New York,,http://www.metmuseum.org/art/collection/search/1900,
503396,True,Musical Instruments,1990,Division Viol,Division Viol,British,Maker,Barak Norman,"British, 1651–1724 London",1692,1692,"Purchase, Clara Mertens Bequest, in memory of André Mertens, 1990",London,Chordophone-Lute-bowed-fretted,http://www.metmuseum.org/art/collection/search/503396,
690121,False,Drawings and Prints,1952.0,Print,"Ancien Arc de Triomphe bâti par Auguste à Rimini, from Recueil de divers Monumens Anciens répandus en plusieurs endroits de L'Italie",,Artist|Publisher|Printer|Etcher,Jean Barbault|Bouchard & Gravier|Giunchi Heritiers de Komarek|Dominico Montagu,"French, Viarmes 1718–1762 Rome|Rome| |Italian, active Rome, ca. 1750–76",1770,1770,"Rogers Fund, 1952",Rome,Prints,http://www.metmuseum.org/art/collection/search/690121,
693151,True,Drawings and Prints,1978.0,Print,The Dismissed Servant,,Publisher|Artist|Artist,Louis Surugue|Etienne Jeaurat|Jean-Joseph Baléchou,"French, Paris ca. 1686–1762 Grand Vaux|French, Vermenton 1699–1789 Versailles|French, Arles 1716–1764 Avignon",ca. 1749,1744,"Gift of Jayne Wrightsman, 1978",Berlin,Prints,http://www.metmuseum.org/art/collection/search/693151,Women|Servants
7181,True,The American Wing,1946.0,Sauce dish,Hobnail Sauce Dish,American,Maker,"Hobbs, Brockunier and Company",1863–1891,after 1886,1887,"Gift of Mrs. Emily Winthrop Miles, 1946",Wheeling,,http://www.metmuseum.org/art/collection/search/7181,
898800,False,Drawings and Prints,1941,Book,Livery (catalogue),,Author,"Rogers, Peet & Company","American, founded 1874",1909,1909,"Gift of William Brewster, 1941",New Haven,Books,http://www.metmuseum.org/art/collection/search/898800,
660659,true,Drawings and Prints,1921.0,Books Prints Ornament & Architecture,"Splendore delle virtuose giovani, page 9 (verso)",,Designer|Publisher,Iseppo Foresto|Jeronimo Calepino,"Italian, active Venice, 1557|",1564,1564,"Rogers Fund, 1921",Venice,Books|Prints|Ornament & Architecture,http://www.metmuseum.org/art/collection/search/660659,Flowers|Vines
681512,True,Drawings and Prints,1933.0,Books Prints Ornament & Architecture,Modelbuch aller Art Nehens vn Stickens (Page 3v),,Publisher,Christian Egenolff,"German, Hadamar 1502–1555 Frankfurt",1535,1535,"Harris Brisbane Dick Fund, 1933",Frankfurt am Main,Books|Prints|Ornament & Architecture,http://www.metmuseum.org/art/collection/search/681512,Ornament
708926,False,"Arts of Africa, Oceania, and the Americas",2015.0,Photograph,"Woman outdoors – Ewe kente skirt, headtie and blouse",,Photographer,Alex Agbaglo Acolatse,"Togolese, Kedzi 1880–1975 Lomé",1975,1975,"Gift of Susan Mullin Vogel, 2015",Lomé,Photographs,http://www.metmuseum.org/art/collection/search/708926,Portraits|Women
377561,False,Drawings and Prints,1985.0,Print,Advertising Card for a Wall-mounted Candleholder and Shade: No. 46 Daniel Boone,,Publisher,Charles Rohlfs,"American, Brooklyn, New York 1853–1936 Buffalo, New York",1907,1907,"Gift of Robert Judson Clark, 1985",Buffalo,Prints,http://www.metmuseum.org/art/collection/search/377561,Lighting|Advertisements
20029,True,The American Wing,2018.0,Tile,Tile,American,Maker,Charles Volkmar,"American, Baltimore, Maryland 1841–1914 Metuchen, New Jersey",ca. 1900–14,1897,"Gift of Robert A. Ellison Jr., 2018",Metuchen|New York|the Bronx,,http://www.metmuseum.org/art/collection/search/20029,Landscapes
3155,True,The American Wing,1910.0,Desk and bookcase,Desk and bookcase,American,Maker,Nathaniel Gould,1734–1782,ca. 1779,1776,"Gift of Mrs. Russell Sage, 1909",Salem,,http://www.metmuseum.org/art/collection/search/3155,
16317,False,The American Wing,1997.0,Spoon,Tea Spoon,American,Maker,Jabez Baldwin,ca. 1777–1819,1800–1810,1800,"Gift of Suzanne dePeyster and Valerie dePeyster, 1997",Salem,,http://www.metmuseum.org/art/collection/search/16317,
446565,true,Islamic Art,1913.0,Folio from an illustrated manuscript,"""A Bathhouse Keeper is Consumed by Passion for his Beloved"", Folio from a Khamsa (Quintet) of Amir Khusrau Dihlavi",,Author|Artist,Amir Khusrau Dihlavi|Nar Singh,"Indian, Patiyali, 1253–1325 Delhi|",1597–98,1572,"Gift of Alexander Smith Cochran, 1913",Lahore,Codices,http://www.metmuseum.org/art/collection/search/446565,Poetry|Men|Elephants|Horses
21586,False,The American Wing,2013.0,Pitcher,Pitcher,American,Artist,Gorham Manufacturing Company,"American, Providence, Rhode Island, 1831–present",1882,1882,"Purchase, William Cullen Bryant Fellows Gifts, 2013",Providence,,http://www.metmuseum.org/art/collection/search/21586,Fish
347566,False,Drawings and Prints,1965.0,Book,Moidodyr,,Illustrator|Author|Publisher,Aminadav Moisseevich Kanevskiy|Korney Ivanovich Chukovskiy|Detgiz,"Russian, Kirovohrad, Ukraine 1898–1976 Moscow|Russian, St. Petersburg 1882–1969 Moscow|Leningrad",1962,1962,"Gift of Mrs. Joseph Y. Smith, 1965",Moscow,Books,http://www.metmuseum.org/art/collection/search/347566,
13523,False,The American Wing,1990.0,Ash tray,Ash Tray,American,Designer|Maker,Louis C. Tiffany|Tiffany Studios,"American, New York 1848–1933 New York|1902–32",ca. 1905–20,1902,"Gift of Estate of John F. Scharffenberger, 1990",New York,,http://www.metmuseum.org/art/collection/search/13523,
501676,True,Musical Instruments,1889,Trumpet in G,Trumpet in G,German,Maker,Michael Saurle,"German, active München, 1799–1872",1829,1829,"The Crosby Brown Collection of Musical Instruments, 1889",Munich,Aerophone-Lip Vibrated-trumpet / trombone,http://www.metmuseum.org/art/collection/search/501676,
746631,False,Drawings and Prints,1944.0,Book Print Ornament & Architecture,"Ornamental designs with grotesques and scrolling acanthus leaves after Aldegrever, Delacolombe, and Ducerceau",,Artist|Publisher|Editor|Printer|Artist,Paul Androuet Ducerceau|Blaisot|Fleury Chavant|Imprimerie Lesauvage|Heinrich Aldegrever,"French, 1623–1710|French, active ca. 1812–41|French, 19th century|French, active Paris, second half 19th century|German, Paderborn ca. 1502–1555/1561 Soest",[after 1844],1844,"Gift of Edith P. Blase, 1944",Paris,Books|Prints|Ornament & Architecture,http://www.metmuseum.org/art/collection/search/746631,
347023,False,Drawings and Prints,1917.0,"Print, portfolio","Old Spanish Masters, Engraved by Timothy Cole, with Historical Notes by Charles H. Caffin and Comments by the Engraver",,Artist|Artist|Artist|Artist|Author|Engraver|Publisher|Artist|Artist|Printer|Artist|Artist|Artist,Goya (Francisco de Goya y Lucientes)|Bartolomé Estebán Murillo|Luis de Morales|Alonso Cano|Charles H. Caffin|Timothy Cole|The Century Company|Velázquez (Diego Rodríguez de Silva y Velázquez)|Jusepe de Ribera (called Lo Spagnoletto)|John C. Bauer|El Greco (Domenikos Theotokopoulos)|Bartolomé Estebán Murillo|Francisco de Zurbarán,"Spanish, Fuendetodos 1746–1828 Bordeaux|Spanish, Seville 1617–1682 Seville|Spanish, Plasencia (?) 1510/11–1586 Alcántara|Spanish, Granada 1601–1667 Granada|American, 1854–1918|American, London 1852–1931 Poughkeepsie, New York| |Spanish, Seville 1599–1660 Madrid|Spanish, Játiva 1591–1652 Naples|American, active 1880–1920|Greek, Iráklion (Candia) 1541–1614 Toledo|Spanish, Seville 1617–1682 Seville|Spanish, Fuente de Cantos 1598–1664 Madrid",1907,1907,"Harris Brisbane Dick Fund, 1917",New York,Prints|Portfolios,http://www.metmuseum.org/art/collection/search/347023,
347187,False,Drawings and Prints,1954.0,Book,"Atlas de Cranioscopie, 2 vols.",,Author|Artist|Publisher,Carl Gustav Carus|Franz Seraph Hanfstaengl|August Weichardt,"German, Leipzig 1789–1869 Dresden|German, Baiernrain 1804–1877 Munich|German, active 19th century",1843,1843,"Gift of Lincoln Kirstein, 1954",Leipzig,Books,http://www.metmuseum.org/art/collection/search/347187,
892141,false,The Libraries,,,Black light,,Artist and publisher,Sheryl Oppenheim,"American, born 1983",2014,2014,,Brooklyn,,http://www.metmuseum.org/art/collection/search/892141,
353632,False,Drawings and Prints,1984.0,Book ; Ornament and architecture,The Chair-Maker's Guide; Being upwards of Two Hundred New and Genteel Designs,,Publisher|Designer|Designer|Designer|Designer,Robert Sayer|Robert Manwaring|Matthew Darly|Ince and Mayhew|Copland,"British, Sunderland 1725–1794 Bath|British, active 1760–ca. 1770|British, ca. 1720–1780 London|British, London 1758/9–1811|British, active ca. 1766",1766,1766,"Purchase, Leon Lowenstein Foundation Inc. Gift, 1984",London,Books|Ornament & Architecture,http://www.metmuseum.org/art/collection/search/353632,
421929,False,Drawings and Prints,1967.0,Print,L'Apocalypse,,Artist,Georges de Pogédaïeff,"Russian, 1897–1971",[1948],1948,"Gift of Nikita D. Lobanov, 1967",Paris,Prints,http://www.metmuseum.org/art/collection/search/421929,
452635,true,Islamic Art,1974.0,Folio from an illustrated manuscript,"""Rustam Comes from Kabul to Pay Homage to Kai Khusrau"", Folio from a Shahnama (Book of Kings) of Firdausi",,Author,Abu'l Qasim Firdausi,"Iranian, Paj ca. 940/41–1020 Tus",ca. 1330–40,1305,"Bequest of Monroe C. Gutman, 1974",probably Isfahan,Codices,http://www.metmuseum.org/art/collection/search/452635,Men
377552,False,Drawings and Prints,1985.0,Print,Advertising Card for a Candleholder: No. 33 Oom Paul,,Publisher,Charles Rohlfs,"American, Brooklyn, New York 1853–1936 Buffalo, New York",1907,1907,"Gift of Robert Judson Clark, 1985",Buffalo,Prints,http://www.metmuseum.org/art/collection/search/377552,
646598,True,Drawings and Prints,1958.0,Print,"The last meal of Mary, Queen of Scots",,Sitter|Artist|Artist|Artist,"Mary, Queen of Scots|Bertauts|Henri Auguste Calixte César Serrur|Charles Bour","British, Linlithgow 1542–1587 Fotheringhay| |French, Lambersart 1794–1865 Paris|French, Lunéville 1814–1881 Lunéville",ca. 1840,1835,"Gift of Susan Dwight Bliss, 1958",Paris,Prints,http://www.metmuseum.org/art/collection/search/646598,Food|Men|Women|Dining|Mary Queen of Scots
851637,True,Arms and Armor,1932,Armor garniture,"Armor Garniture of George Clifford (1558–1605), Third Earl of Cumberland","British, Greenwich",Armorer,Jacob Halder,"British, master armorer at the royal workshops at Greenwich, documented in England 1558–1608",1586,1586,"armor (32.130.6a–y): Munsey Fund, 1932; terminal lame of the grand guard (36.98.1): Rogers Fund, 1936",Greenwich,Armor for Man,http://www.metmuseum.org/art/collection/search/851637,
345353,False,Drawings and Prints,1960.0,Book,"Architectonographie des prisons ou parallèle des systèmes de distribution dont les prisons sont susceptibles, selon le nombre et la nature de la population, létendue et la forme des terrains.",,Publisher,Louis Pierre Baltard,"French, Paris 1764–1846 Paris",1829,1829,"The Elisha Whittelsey Collection, The Elisha Whittelsey Fund, 1960",Paris,Books,http://www.metmuseum.org/art/collection/search/345353,
1409,False,The American Wing,1980.0,Capital,Capital,American,Maker,Frank Lloyd Wright,"American, Richland Center, Wisconsin 1867–1959 Phoenix, Arizona",ca. 1897,1894,"Anonymous Gift, 1980",Chicago,,http://www.metmuseum.org/art/collection/search/1409,Capitals
348464,False,Drawings and Prints,1960.0,Book,Catalogue and price list. . .of artists' materials,,Author|Printer,Edward Dechaux|John A. Gray,"New York and Paris|American, active New York, 19th century",1860,1860,"The Elisha Whittelsey Collection, The Elisha Whittelsey Fund, 1960",New York,Books,http://www.metmuseum.org/art/collection/search/348464,
9961,False,The American Wing,1946.0,Wine glass,Wine Glass,American,Maker,"Bakewell, Pears and Company",1836–1882,1850–70,1850,"Gift of Mrs. Emily Winthrop Miles, 1946",Pittsburgh,,http://www.metmuseum.org/art/collection/search/9961,
728503,False,Drawings and Prints,1991.0,Book Prints Ornament & Architecture,"Nouvelles Compositions Décoratives, 1re Série, Pl. 31",,Author|Designer|Publisher,Georges Rémon|Serge Gladky|Editions d'Art Charles Moreau,"French|French, active 1920–30s|French",[ca. 1930],1925,"Jane E. Andrews Fund, in memory of William Loring Andrews, 1943, transfered from the Library (1991.1073.125)",Paris,Books|Prints|Ornament & Architecture,http://www.metmuseum.org/art/collection/search/728503,
6151,True,The American Wing,1943.0,Plate,Plate,American,Maker,Jehiel Johnson,ca. 1784–1833,1815–25,1815,"Gift of Joseph France, 1943",Fayetteville|Middletown,,http://www.metmuseum.org/art/collection/search/6151,
312044,False,"Arts of Africa, Oceania, and the Americas",1978.0,Bark painting,Painting from a Ceremonial House Ceiling,"Kwoma, Amachi-Kalaba clan",Artist|Artist,"Artists of Mariwai Village|Numei, Amachi Kalaba",|,1970,1970,"The Michael C. Rockefeller Memorial Collection, Purchase, Mrs. Gertrud A. Mellon Gift, and Mr. and Mrs. Alan Brandt Gift, in memory of Jacob J. Brandt, 1974",Mariwai village,Bark-Paintings,http://www.metmuseum.org/art/collection/search/312044,
376753,False,Drawings and Prints,1941.0,Book ; Ornament and architecture,Los diez libros de arquitectura de Leon Battista Alberto,,Author|Publisher|Author,Leon Battista Alberti|Isidoro Lopez|D. R. B.,"Italian, Genoa 1404–1472 Rome|Spanish|Spanish, 18th century",1797,1797,"Bequest of W. Gedney Beatty, 1941",Alcala,Books|Ornament & Architecture,http://www.metmuseum.org/art/collection/search/376753,
351360,False,Drawings and Prints,1944.0,Book,"Hand-Book of Knitting, Netting , Tatting and Berlin Work",,Publisher,"George S. Appleton, Philadelphia",,1849,1849,"Harris Brisbane Dick Fund, 1944",Philadelphia,Books,http://www.metmuseum.org/art/collection/search/351360,
346189,False,Drawings and Prints,1928.0,Book,Blue Beard,,Illustrator|Publisher|Publisher|Author,R. O'Connell|I. Knebel|S-Té R. Golicke & A. Wilborg|Charles Perrault,"active 1914| | |French, Paris 1628–1703 Paris",1914,1914,"Harris Brisbane Dick Fund, 1928",St. Petersburg|Moscow,Books,http://www.metmuseum.org/art/collection/search/346189,
371631,False,Drawings and Prints,1941.0,Book,L'architettura di Vitruvio tradotta in italiano da Quirico Viviani illustrata con note critiche ed ampliata di aggiunte intorno ad ogni genere di costruzione antica e moderna,,Author|Illustrator|Publisher|Translator,Marcus Pollio Vitruvius|Vincenzo Tuzzi|Fratelli Mattiuzzi|Querico Viviani,"Roman, active late 1st century BCE|Italian|Italian, active 19th century|Italian",1830–32,1830,"Bequest of W. Gedney Beatty, 1941",Udine,Books,http://www.metmuseum.org/art/collection/search/371631,
434990,False,Drawings and Prints,1929.0,Print collection ornament & architecture,"Reverse copy of a design with a trophy of arms impaled on a tree, from Montants de trophées d'armes à l'antique, left-hand side of plate 2",,Artist,Jean Le Pautre,"French, Paris 1618–1682 Paris",17th century,1633,"Harris Brisbane Dick Fund, 1929",Paris,Prints|Ornament & Architecture,http://www.metmuseum.org/art/collection/search/434990,
19873,True,The American Wing,2018.0,Vase,Vase,American,Maker,George E. Ohr,"American, Biloxi, Mississippi 1857–1918  Biloxi, Mississippi",ca. 1897–1900,1894,"Gift of Robert A. Ellison Jr., 2018",Biloxi,,http://www.metmuseum.org/art/collection/search/19873,
371854,True,Drawings and Prints,1949.0,Print,"Figure with Pig and Serpent, from ""Ex Antiquis Cameorum et Gemmae Delineata/ Liber Secundus/et ab Enea Vico Parmen Incis""",,Dedicatee|Artist|Publisher|Former Attribution|Artist,"Francesco Angeloni|Battista Franco|Philippe Thomassin|Enea Vico|Anonymous, Italian, 16th century","Terni 1559 or 1587–1652 Rome|Italian, Venice ca. 1510–1561 Venice|French, Troyes 1562–1622 Rome|Italian, Parma 1523–1567 Ferrara|",published ca. 1599–1622,1599,"The Elisha Whittelsey Collection, The Elisha Whittelsey Fund, 1949",Rome,Prints,http://www.metmuseum.org/art/collection/search/371854,Men|Pigs|Snakes
3199,False,The American Wing,1969.0,Dinner plate,Dinner Plate,American,Maker,Union Porcelain Works,1863–1922,1885,1885,"Gift of Mr. and Mrs. Franklin Chace, 1969",Brooklyn,,http://www.metmuseum.org/art/collection/search/3199,
698539,False,Drawings and Prints,1921.0,Book,Plate 42: David and Goliath; from 'Imagines Veteris Ac Novi Testamenti A Raphaele Sanctio Urbinate in Vaticani Palatii Xystis' after Raphael,,Artist|Publisher|Artist,Pietro Aquila|Giovanni Giacomo De Rossi|Raphael (Raffaello Sanzio or Santi),"Italian, Marsala, Sicily 1650–1692/1700 Rome|Italian, Rome 1627–1691 Rome|Italian, Urbino 1483–1520 Rome",1675,1675,"Museum Accession, transferred from the Library",Rome,Books,http://www.metmuseum.org/art/collection/search/698539,
718147,False,The American Wing,2020.0,Plaque,Plaque with marsh scene,American,Maker,M. Louise McLaughlin,"American, Cincinnati, Ohio 1847–1939 Cincinnati, Ohio",1881,1881,"Gift of Martin Eidelberg, 2020",Cincinnati,,http://www.metmuseum.org/art/collection/search/718147,
831084,False,The American Wing,2019.0,Buckle,Buckle,American,Maker,Elizabeth Copeland,"American, 1866–1957",1912,1912,"Gift of Macklowe Gallery, 2019",Boston,,http://www.metmuseum.org/art/collection/search/831084,
348076,False,Drawings and Prints,1930.0,"Album, prints","The Shape, Skeleton and Foliage of Thirty-two Species of Trees for the Use of Painting and Drawing",,Artist,Alexander Cozens,"British, Russia 1717–1786 London",1771,1771,"Harris Brisbane Dick Fund, 1930",London,Prints,http://www.metmuseum.org/art/collection/search/348076,
504722,True,Musical Instruments,1889,French Horn,French Horn,French,Maker,Gautrot Brevete,,ca. 1890,1890,"The Crosby Brown Collection of Musical Instruments, 1889",Paris,Aerophone-Lip Vibrated,http://www.metmuseum.org/art/collection/search/504722,
345025,False,Drawings and Prints,1924.0,Book,"Transactions of the Apollo Association for the Promotion of the Fine Arts, in the United States, for the Year 1842",,Author|Printer|Artist,"Apollo Association for the Promotion of the Fine Arts in the United States|Charles Vinten, New York|William Sidney Mount","| |American, Setauket, New York 1807–1868 Setauket, New York",1842,1842,"Harris Brisbane Dick Fund, 1924",New York,Books,http://www.metmuseum.org/art/collection/search/345025,
729297,False,Drawings and Prints,1932.0,"Book
Print
Ornament & Architecture",Three design for door-knockers,,Artist|Publisher,Jacques Androuet Du Cerceau|Pierre Mariette,"French, Paris 1510/12–1585 Annecy|French, 1596–1657",1546–49,1546,"Harris Brisbane Dick Fund, 1932",Paris,Books|Ornament & Architecture|Prints,http://www.metmuseum.org/art/collection/search/729297,
899634,False,Drawings and Prints,1930,Print,Cats at the Window,,Artist,Wanda Gag,"American, 1893–1946",1930,1930,"Gift of E. Weyhe, 1930",New York,Prints,http://www.metmuseum.org/art/collection/search/899634,
701574,True,Drawings and Prints,1951.0,"Print, Fete, Ornament & Architecture","Plate 36: Triumphal arch, surmounted with a portrait bust of Ferdinand, flanked by sculptures of Apollo and Diana; ornamented with allegorical scenes below; from Guillielmus Becanus's 'Serenissimi Principis Ferdinandi, Hispaniarum Infantis...'",,Publisher,Johannes Meursius,"Flemish, active 1620–47",1636,1636,"The Elisha Whittelsey Collection, The Elisha Whittelsey Fund, 1951",Antwerp,Prints|Prints-Fete,http://www.metmuseum.org/art/collection/search/701574,Sculpture|Ferdinand IV|Apollo|Diana|Bulls
431116,False,Drawings and Prints,1933.0,Print collection ornament & architecture,"Ceiling decoration with Abundance and Cupid, from Desseins de Plaphons, plate 2, bound in Oeuvres. Vol. I",,Artist|Publisher,Jean Le Pautre|Pierre Mariette le fils,"French, Paris 1618–1682 Paris|French, Paris 1634–1716 Paris",17th century,1633,"Harris Brisbane Dick Fund, 1933",Paris,Prints|Ornament & Architecture,http://www.metmuseum.org/art/collection/search/431116,
20201,True,The American Wing,2018.0,Vase,Vase,American,Decorator|Manufacturer,"Kate B. Sears|Ceramic Art Company, Trenton, New Jersey","active 1891–1893|American, 1889–1896",ca. 1892,1889,"Gift of Robert A. Ellison Jr., 2018",Trenton,,http://www.metmuseum.org/art/collection/search/20201,
352854,False,Drawings and Prints,1930.0,Book,Die Soldaten Friedrich's des Grossen (The Soldier's of Frederick the Great),,Author|Publisher|Illustrator|Printer|Printmaker,"Eduard Lange|Avenarius & Mendelssohn|Adolph Menzel|F. A. Brockhaus, Leipzig|Eduard Kretzschmar","German, active 19th century| |German, Breslau 1815–1905 Berlin| |German, 1806–1858",1853,1853,"Harris Brisbane Dick Fund, 1930",Leipzig,Books,http://www.metmuseum.org/art/collection/search/352854,
348459,False,Drawings and Prints,1960.0,Book,"[Illustrated] Price list, hosiery department. . . travelling requisites",,Author,Debenham & Freebody,London,late 19th century,1860,"The Elisha Whittelsey Collection, The Elisha Whittelsey Fund, 1960",London,Books,http://www.metmuseum.org/art/collection/search/348459,
347521,False,Drawings and Prints,1952.0,Book,Chippendale's One Hundred and Thirty Three Designs of Interior Decorations,,Author|Engraver|Publisher|Designer,Thomas Johnson|Butler Clowes|John Weale|Thomas Chippendale,"British, 1714–1778|British,  ca.1730–after 1782|London|British, baptised Otley, West Yorkshire 1718–1779 London",1834,1834,"Rogers Fund, 1952",London,Books,http://www.metmuseum.org/art/collection/search/347521,
626193,False,Drawings and Prints,1947.0,Print ornament & architecture,"Vulcan, from Deorum Dearumque Capita : ex vetustis numismatibus in gratiam antiquitatis studiosorum effigiata et edita",,Publisher|Artist|Artist|Artist|Artist,Philips Galle|Johannes van Doetecum I|Lucas van Doetecum|Gerard van Groeningen|Gerard van Groeningen,"Netherlandish, Haarlem 1537–1612 Antwerp|Netherlandish, 1528/32–1605|Netherlandish, active 1554–72, died before 1589|Netherlandish, active Antwerp, 1563–73|Netherlandish, active Antwerp, 1563–73",1573,1573,"Harris Brisbane Dick Fund, 1947",Antwerp,Ornament & Architecture|Prints,http://www.metmuseum.org/art/collection/search/626193,
381648,False,Drawings and Prints,1972.0,Print,Perspective and plan Study for a Bank Building in a small city,,Architect|Publisher|Draftsman,Frank Lloyd Wright|Ernst Wasmuth|William E. Drummond,"American, Richland Center, Wisconsin 1867–1959 Phoenix, Arizona|Berlin|American, 1876–1948",1910,1910,"Purchase, Emily Crane Chadbourne Bequest, 1972",Berlin,Prints,http://www.metmuseum.org/art/collection/search/381648,
347479,False,Drawings and Prints,1920.0,Book,Confessionario,,Author|Publisher,Cherubino da Firenze|Francesco Benevenuto,|,ca. 1511,1506,"Rogers Fund, 1920",Florence,Books,http://www.metmuseum.org/art/collection/search/347479,
742600,False,Drawings and Prints,2016.0,Book Ornament & Architecture,The History of Whitby and Whitby Abbey,,Author,Lionel Charlton,"British, Upper Stobbilee, Northumberland 1720–1788 Whitby",1779,1779,"Gift of Morrison Heckscher, 2016",York,Books|Ornament & Architecture,http://www.metmuseum.org/art/collection/search/742600,
350453,False,Drawings and Prints,1939.0,Book,Il Petrarcha,,Author|Publisher,Giovanni Andrea Gesualdo|Domenico Giglio,|,1553,1553,"Harris Brisbane Dick Fund, 1939",Venice,Books,http://www.metmuseum.org/art/collection/search/350453,
350466,False,Drawings and Prints,1958.0,Book,(a) Saggio di componimenti recitati nell'Accademia de' Concordi di Ravenna,,Author|Publisher|Author|Publisher|Author|Publisher,Ippolito Gamba Ghiselli|Stamperia di San Tommaso d'Aquino|Christoforo Morigi|Stamperia Camerale|Floraine Marie Amigoni|Giuseppe Gherardi,| | | | |,"1707,1713, 1745",1707,"The Elisha Whittelsey Collection, The Elisha Whittelsey Fund, 1958",Ravenna|Bologna,Books,http://www.metmuseum.org/art/collection/search/350466,
371927,False,Drawings and Prints,1941.0,Book,"Zehn Bucher über Architektur des Marcus Vitruvius Pollio, übersetzt und erlaütert von Dr. phil. J. Prestel, Architekt, mit vielen vom Überfetzer entworfen Tafeln",,Author|Translator|Publisher,Marcus Pollio Vitruvius|Jakob Prestel|Heitz & Mündel,"Roman, active late 1st century BCE|German|",1912–14,1912,"Bequest of W. Gedney Beatty, 1941",Strasbourg,Books,http://www.metmuseum.org/art/collection/search/371927,
23339,True,Arms and Armor,1929.0,Wheellock rifle,Wheellock Rifle,"German, Munich and Augsburg",Stock maker|Steel-chiseler,Elias Becker|Caspar Spät,"German, Augsburg, recorded 1633–74|German, Munich, ca. 1611–1691",dated 1668,1668,"Bashford Dean Memorial Collection, Funds from various donors, 1929",Munich and Augsburg,Firearms-Guns-Wheellock,http://www.metmuseum.org/art/collection/search/23339,
432601,False,Drawings and Prints,1933.0,Print collection ornament & architecture,"Title Page depicting a font ornamented with a plaque illustrating St. Peter walking on water, from Bénitiers et appliques, plate 1, bound in Oeuvres. Vol. III",,Artist|Publisher,Jean Le Pautre|Pierre Mariette le fils,"French, Paris 1618–1682 Paris|French, Paris 1634–1716 Paris",17th century,1633,"Harris Brisbane Dick Fund, 1933",Paris,Prints|Ornament & Architecture,http://www.metmuseum.org/art/collection/search/432601,
17730,False,The American Wing,2004.0,Clock,Clock,American,Maker,Robert Joyce,,ca. 1795,1792,"Bequest of Miriam Thorne Gilpatric, 2004",New York,,http://www.metmuseum.org/art/collection/search/17730,
789456,False,The American Wing,2021.0,Necklace,Necklace,American,Manufacturer,The Kalo Shop,"American, 1900–1970",1910–20,1910,"Gift of Jacqueline Loewe Fowler, 2020",Chicago,,http://www.metmuseum.org/art/collection/search/789456,
358415,False,Drawings and Prints,1941.0,Book ; Ornament and architecture,Regla de la cinco ordenes de arquitectura de Jacome de Vignola,,Author|Publisher|Engraver,Jacopo [Giacomo] Barozzi da Vignola|Don Juachin Ybarra|Don Diego de Villanueva,"Italian, Vignola 1507–1573 Rome|Spanish|Spanish, Madrid 1715–1774 Madrid",1764,1764,"Bequest of W. Gedney Beatty, 1941",Madrid,Books|Ornament & Architecture,http://www.metmuseum.org/art/collection/search/358415,
772770,True,Drawings and Prints,1951.0,Print,"Portrait of one of Cornelis de Vos' children (probably), seated in a baby chair",,Publisher|Former Attribution|Artist|Artist,Denis Charles Buldet|Peter Paul Rubens|Cornelis de Vos|Manuel Salvador Carmona,"French, active Paris, 1745–81|Flemish, Siegen 1577–1640 Antwerp|Flemish, Hulst 1584/85–1651 Antwerp|Spanish, 1734–1820",1762,1762,"Gift of Edward W. Root, Elihu Root Jr. and Mrs. Ulysses S. Grant III, 1937",London,Prints,http://www.metmuseum.org/art/collection/search/772770,Infants|Portraits
735013,False,Drawings and Prints,1948.0,"Book
Ornament and architecture
Print","Interior View of a Temple, from Temples in the Ancient Style",,Artist,Jacques Androuet Du Cerceau,"French, Paris 1510/12–1585 Annecy",1550,1550,"The Elisha Whittelsey Collection, The Elisha Whittelsey Fund, 1948",Paris,Books|Ornament & Architecture|Prints,http://www.metmuseum.org/art/collection/search/735013,
742615,False,Drawings and Prints,2016.0,Book Ornament & Architecture,"Edifices Modernes de Rome, 3 volumes",,Author,Paul Marie Letarouilly,"French, Coutances 1795–1855 Paris",1853,1853,"Gift of Morrison Heckscher, 2016",Liege,Books|Ornament & Architecture,http://www.metmuseum.org/art/collection/search/742615,
348014,False,Drawings and Prints,1952.0,Book ; Ornament and architecture,"Architettura Della Basilica di S. Pietro in Vaticano.  Opera di Bramante, Lazzari . . . e altri famosi architetti Da Monsignore Gio. Battista Costaguti Seniore. . .Fatta esprimere, e intagliare. . .da Martino Ferrabosco, e posta in luce. . .MDCXX",,Author|Engraver|Publisher,"Giovanni Battista Costaguti, the younger|Martino Ferrabosco|Stamperia della Rev. Cam. Apostolica","Italian, 1636–1704|Italian, active 17th century|",1684,1684,"Rogers Fund, 1952",Rome,Books|Ornament & Architecture,http://www.metmuseum.org/art/collection/search/348014,
344940,False,Drawings and Prints,1974.0,Book,Die Prinzessin und der Schweinehirt,,Author|Illustrator|Publisher,Hans Christian Andersen|Heinrich Lefler|Gesellschaft für vervielfältigende Kunst,"Danish, Odense 1805–1875 Copenhagen|Austrian, Vienna 1863–1919 Vienna|",1897,1897,"The Elisha Whittelsey Collection, The Elisha Whittelsey Fund, 1974",Vienna,Books,http://www.metmuseum.org/art/collection/search/344940,
24956,True,Arms and Armor,1993.0,Design for a saddle plate,Design for the Pommel Plate of a Saddle from a Garniture of Alessandro Farnese (1545–1592),"Italian, Parma",Designer,Andrea Casalini,"Italian, Parma, died 1597",ca. 1575–80,1575,"Purchase, Fletcher Fund and Gift of William H. Riggs, by exchange, 1993",Parma,Works on Paper-Drawings,http://www.metmuseum.org/art/collection/search/24956,Ornament
381400,False,Drawings and Prints,1949.0,Book,Plafons à la Moderne,,Publisher|Artist,Nicolas Langlois|Nicolas Loir,"French, Paris 1640–1703|French, 1624–1679",1640–79,1640,"The Elisha Whittelsey Collection, The Elisha Whittelsey Fund, 1949",Paris,Books,http://www.metmuseum.org/art/collection/search/381400,
350091,False,Drawings and Prints,1940.0,Book,Frear Artificial Stone Manufacturing Co. [Catalogue],,Author,Frear Artificial Manufacturing Co.,"Chicago, Illinois",ca. 1869,1864,"Harris Brisbane Dick Fund, 1940",Chicago,Books,http://www.metmuseum.org/art/collection/search/350091,
432584,False,Drawings and Prints,1933.0,Print collection ornament & architecture,"Font ornamented with the Baptism of Christ, from Bénitiers, plate 6, bound in Oeuvres. Vol. III",,Artist|Publisher,Jean Le Pautre|Pierre Mariette le fils,"French, Paris 1618–1682 Paris|French, Paris 1634–1716 Paris",published 1659,1659,"Harris Brisbane Dick Fund, 1933",Paris,Prints|Ornament & Architecture,http://www.metmuseum.org/art/collection/search/432584,
1671,True,The American Wing,1980.0,Side Chair,Side Chair,American,Maker,Samuel Gragg,1772–1855,ca. 1810,1807,"Friends of the American Wing Fund, 1980",Boston,,http://www.metmuseum.org/art/collection/search/1671,
8684,True,The American Wing,1933.0,Toddy Spoon,Spoon,American,Maker,Myer Myers,1723–1795,1780–90,1780,"Bequest of Alphonso T. Clearwater, 1933",New York,,http://www.metmuseum.org/art/collection/search/8684,
503670,True,Musical Instruments,1982,Pipe Organ,Pipe Organ,American,Maker,Thomas Appleton,"American, 1785–1872",1830,1830,"Purchase, Margaret M. Hess Gift, in memory of her father, John D. McCarty, 1982",Boston,Aerophone-Organ,http://www.metmuseum.org/art/collection/search/503670,
729793,False,Drawings and Prints,1977.0,Portfolio Prints Ornament & Architecture,"Formes et Couleurs, Planche 12",,Publisher|Designer,"Albert Lévy, Librairie Centrale des Beaux-Arts|Auguste H. Thomas","|French, active ca. 1910–30",ca. 1930 (?),1925,"Rogers Fund, 1927, transferred from the Library",Paris,Portfolios|Ornament & Architecture|Prints,http://www.metmuseum.org/art/collection/search/729793,
702161,True,Drawings and Prints,1960.0,"Print, Fete, Ornament & Architecture",Plate 15: Valets marching in the funeral procession of Archduke Albert of Austria; from 'Pompa Funebris ... Alberti Pii',,Artist|Artist,Jacques Francquart|Cornelis Galle I,"French, Brussels 1577–1651 Brussels|Netherlandish, Antwerp 1576–1650 Antwerp",1623,1623,"The Elisha Whittelsey Collection, The Elisha Whittelsey Fund, 1960",Brussels,Prints|Prints-Fete,http://www.metmuseum.org/art/collection/search/702161,Men
347033,False,Drawings and Prints,1921.0,Book,Sing a Song for Sixpence,,Illustrator|Publisher,"Randolph Caldecott|George Routledge & Sons, London","British, Chester 1846–1886 St. Augustine, Florida|",1846–86,1846,"Museum Accession, transferred from the Library",London,Books,http://www.metmuseum.org/art/collection/search/347033,
349476,False,Drawings and Prints,1973.0,Book,"Phaedri, Augusti Caesaris Liberti, Fabularum Aesopiarum libri quinque",,Editor|Publisher,Johanne Laurentio Jcto.|Johannes Janssonius,"|Dutch,1588  Arnhem–Amsterdam 1664",1667,1667,"The Elisha Whittelsey Collection, The Elisha Whittelsey Fund, 1973",Amsterdam,Books,http://www.metmuseum.org/art/collection/search/349476,
35890,True,Arms and Armor,1904.0,Close helmet,Close Helmet,"German, Landshut",Armorer,Wolfgang Grosschedel,"German, Landshut, active ca. 1517–62",ca. 1560,1535,"Rogers Fund, 1904",Landshut,Helmets,http://www.metmuseum.org/art/collection/search/35890,
377797,False,Drawings and Prints,1928.0,Book,"8eme Suite De Vases, trépiés, autels, chambeliers, tombeaux, etc. Dans le gout antique",,Designer|Etcher,Louis Félix de La Rue|Philippe Louis Parizeau,"French, Paris 1731–1765 Paris|French, Paris 1740–1801 Paris",1772–75,1772,"Harris Brisbane Dick Fund, 1928",Paris,Books,http://www.metmuseum.org/art/collection/search/377797,
687742,False,"Arts of Africa, Oceania, and the Americas",2015.0,Negative,Young man in cravat with potted plant,,Photographer,Alex Agbaglo Acolatse,"Togolese, Kedzi 1880–1975 Lomé",ca. 1915,1910,"Gift of Susan Mullin Vogel, 2015",Lomé,Negatives|Glass,http://www.metmuseum.org/art/collection/search/687742,Men|Portraits
434966,False,Drawings and Prints,1929.0,Print ornament & architecture,"Two variants for tables and mirrors with Apollo transforming Cyparissus into a cyprus tree on the mirror, from Livre de miroirs, tables, et guéridons, plate 5",,Artist|Publisher,Jean Le Pautre|Jean Le Pautre,"French, Paris 1618–1682 Paris|French, Paris 1618–1682 Paris",17th century,1633,"Harris Brisbane Dick Fund, 1929",Paris,Prints|Ornament & Architecture,http://www.metmuseum.org/art/collection/search/434966,
501677,True,Musical Instruments,1889,Keyed Bugle in B-flat,Keyed Bugle in B-flat,Belgian,Maker,C. Devaster,"Belgian, Brussels active early 19th century",ca. 1830,1820,"The Crosby Brown Collection of Musical Instruments, 1889",Brussels,Aerophone-Lip Vibrated-trumpet / trombone,http://www.metmuseum.org/art/collection/search/501677,
431349,False,Drawings and Prints,1933.0,Print collection ornament & architecture,"Pan and Syrinx, from a series of twenty-two plates depicting mythological subjects plate 9, bound in Oeuvres. Vol. I",,Artist|Publisher,Jean Le Pautre|Jacques II Chereau,"French, Paris 1618–1682 Paris|French, Blois 1688–1776 Paris",17th century,1633,"Harris Brisbane Dick Fund, 1933",Paris,Prints|Ornament & Architecture,http://www.metmuseum.org/art/collection/search/431349,
381730,False,Drawings and Prints,1972.0,Print,"Perspective and plans of Concrete House designed for Ladies Home Journal, scheme B",,Architect|Publisher|Draftsman,Frank Lloyd Wright|Ernst Wasmuth|Marion Mahony Griffin,"American, Richland Center, Wisconsin 1867–1959 Phoenix, Arizona|Berlin|American, 1871–1962",ca. 1922,1910,"Purchase, Emily Crane Chadbourne Bequest, 1972",Berlin,Prints,http://www.metmuseum.org/art/collection/search/381730,
347594,False,Drawings and Prints,1965.0,Book,"Fancy Cabinet Ware, Parlor Brackets  &c.",,Author,Clarke Brothers and Company,"New York, NY",ca. 1890,1885,"The Elisha Whittelsey Collection, The Elisha Whittelsey Fund, 1965",New York,Books,http://www.metmuseum.org/art/collection/search/347594,
490980,False,Modern and Contemporary Art,1945,Sample,Piece,American,Designer|Maker,"Ludwig Bemelmans|Wesley Simpson, Inc.","American (born Austria-Hungary), Merano, Italy (Meran) 1898–1962 New York|New York",1944,1944,"Gift of Wesley Simpson Inc., 1945",New York,Textiles-Printed,http://www.metmuseum.org/art/collection/search/490980,Birds
368498,False,Drawings and Prints,1917.0,Print,Venus at Her Toilet,,Artist|Artist,Enea Vico|Raphael (Raffaello Sanzio or Santi),"Italian, Parma 1523–1567 Ferrara|Italian, Urbino 1483–1520 Rome",1546,1546,"Purchase, Joseph Pulitzer Bequest, 1917",Florence or possibly Venice,Prints,http://www.metmuseum.org/art/collection/search/368498,
347339,False,Drawings and Prints,1927.0,Book ; periodical,"The Chap Book (A Yearly Miscellany), No. 40",,Editor|Printer|Publisher|Illustrator|Engraver|Engraver|Illustrator|Engraver|Engraver|Engraver|Illustrator|Artist|Engraver|Artist|Artist|Artist|Illustrator|Illustrator|Illustrator|Engraver|Etcher|Engraver,Harold Edward Monro|The Westminster Press|Jonathan Cape|Charles Ginner|André Derain|Paul Nash|Wyndham Lewis|Ethelbert White|George William Bissill|Constant Le Breton|Edward McKnight Kauffer|Eric Fitch Daglish|Blair Rowlands Hughes-Stanton|Leon Underwood|Elizabeth Pyke|Rupert Lee|Terrence Prentis|Edward Gordon Craig|Albert Daniel Rutherston|Marion Mitchell|William Patrick Roberts|David Michael Jones,"British, Brussels 1879–1932 Broadstairs, Kent|London| |British (born France), Cannes 1878–1952 London|French, Chatou 1880–1954 Garches|British, Kensington 1889–1946 Hampshire|British (born Canada), Amherst 1882–1957 London|British, Isleworth 1891–1972|British, 1896–1973|French, 1895–1985 Paris|American, Great Falls, Montana 1890–1954 New York|British, London 1892–1964|British, London 1902–1981|British, London 1890–1975 London|British, active 1925|British, 1887–1959|British, active 1925|British, Stevenage, Hertfordshire 1872–1966 Vence, France|British, Bradford, Yorkshire 1881–1953 Lausanne, Switzerland|British, active 1925|British, London 1895–1980 London|British, Brockley, Kent 1895–1974 Harrow",1925,1925,"Anonymous Gift, 1927",London,Books|Periodicals,http://www.metmuseum.org/art/collection/search/347339,
433443,False,Drawings and Prints,1949.0,Print,"A soldier on guard blowing the match, from the Musketeers series, plate 40, in Waffenhandlung von den Rören Musquetten undt Spiessen / Wapenhandelinghe van Roers Musquetten ende Spiessen (The Exercise of Arms)",,Artist|Artist|Artist,Jacques de Gheyn II|Jacques de Gheyn II|Robert Willemsz de Baudous,"Netherlandish, Antwerp 1565–1629 The Hague|Netherlandish, Antwerp 1565–1629 The Hague|Netherlandish, 1574/5–1659",published 1608,1608,"The Elisha Whittelsey Collection, The Elisha Whittelsey Fund, 1949",The Hague,Prints,http://www.metmuseum.org/art/collection/search/433443,
432707,False,Drawings and Prints,1933.0,Print collection ornament & architecture,"The Erinye Alecto, from a series of twenty plates depicting mythological subjects, plate 11, bound in Oeuvres. Vol. III",,Artist|Publisher,Jean Le Pautre|Pierre Mariette le fils,"French, Paris 1618–1682 Paris|French, Paris 1634–1716 Paris",17th century,1633,"Harris Brisbane Dick Fund, 1933",Paris,Prints|Ornament & Architecture,http://www.metmuseum.org/art/collection/search/432707,
5527,True,The American Wing,1983.0,Paperweight,Paperweight,American,Designer|Manufacturer,William Leighton Sr.|New England Glass Company,"1808–1891|American, East Cambridge, Massachusetts, 1818–1888",ca. 1850,1847,"Friends of the American Wing Fund, 1983",East Cambridge,,http://www.metmuseum.org/art/collection/search/5527,
346013,False,Drawings and Prints,1960.0,Book,A History of the Bible,,Artist,Anonymous,,1832,1832,"Gift of Joseph V. Noble, 1960",Providence,Books,http://www.metmuseum.org/art/collection/search/346013,
431121,False,Drawings and Prints,1933.0,Print collection ornament & architecture,"Ceiling with a quatrefoil decoration and an eagle and sea dragon, from Desseins de Plaphons, plate 5, bound in Oeuvres. Vol. I",,Artist|Publisher,Jean Le Pautre|Pierre Mariette le fils,"French, Paris 1618–1682 Paris|French, Paris 1634–1716 Paris",17th century,1633,"Harris Brisbane Dick Fund, 1933",Paris,Prints|Ornament & Architecture,http://www.metmuseum.org/art/collection/search/431121,
344795,False,Drawings and Prints,1951.0,Book,"Holiday Suggestions—Special, Nov. 20th to Dec. 22nd, 1917 [trade catalogue]",,Author,B. Altman & Co.,"American, New York, 1865–1990","November 20–December 22, 1917",1917,"Gift of A. Chapin Rogers, 1951",New York,Books,http://www.metmuseum.org/art/collection/search/344795,Girls|Department Stores|Women
448279,true,Islamic Art,1929.0,Folio from an illustrated manuscript,"""Rustam Discoursing with Isfandiyar"", Folio from a Shahnama (Book of Kings)",,Author|Calligrapher|Patron,"Abu'l Qasim Firdausi|Hasan ibn Muhammad ibn `Ali ibn (?) Husaini, known as al-Mausili|al-Hasan Qawam al-Daula wa'l-Din","Iranian, Paj ca. 940/41–1020 Tus| |Iranian, ca. 1303–1357 Shiraz",dated A.H. 741/1341 CE,1316,"H. O. Havemeyer Collection, Gift of Horace Havemeyer, 1929",Shiraz,Codices,http://www.metmuseum.org/art/collection/search/448279,Kings|Men
777860,False,Drawings and Prints,1949.0,Print,"Adam and Eve in the Garden of Eden, Eve at right giving Adam the apple",,Artist|Artist and publisher,Jacopo Tintoretto (Jacopo Robusti)|Pietro Monaco,"Italian, Venice 1518/19–1594 Venice|Italian, Belluno 1707–1772 Venice",1741–52,1741,"The Elisha Whittelsey Collection, The Elisha Whittelsey Fund, 1949",Venice,Prints,http://www.metmuseum.org/art/collection/search/777860,
626491,False,Drawings and Prints,1958.0,Print ornament & architecture,"Honos, from Deorum Dearumque Capita : ex vetustis numismatibus in gratiam antiquitatis studiosorum effigiata et edita",,Publisher|Artist|Artist|Artist|Artist,Philips Galle|Johannes van Doetecum I|Lucas van Doetecum|Gerard van Groeningen|Gerard van Groeningen,"Netherlandish, Haarlem 1537–1612 Antwerp|Netherlandish, 1528/32–1605|Netherlandish, active 1554–72, died before 1589|Netherlandish, active Antwerp, 1563–73|Netherlandish, active Antwerp, 1563–73",1573,1573,"The Elisha Whittelsey Collection, The Elisha Whittelsey Fund, 1958",Antwerp,Ornament & Architecture|Prints,http://www.metmuseum.org/art/collection/search/626491,
690007,True,Arms and Armor,1929.0,Rapier and parrying dagger,Rapier and Parrying Dagger,"German; rapier blade, Spanish, Toledo",Bladesmith,Juan Martinez,"Spanish, Toledo, active ca. 1600",ca. 1580,1555,"Bashford Dean Memorial Collection, Gift of Mr. and Mrs. Robert W. de Forest, 1929",Toledo,Swords,http://www.metmuseum.org/art/collection/search/690007,
747650,false,The Libraries,,,Miserable miracle (mescaline),,Author,Henri Michaux,"French (born Belgium), Namur 1899–1984 Paris",1963,1963,,San Francisco,,http://www.metmuseum.org/art/collection/search/747650,
652713,False,Drawings and Prints,1951.0,Print,"Plate 2: Chierico di Capella, in profile to the right, holding his hat in his right hand, from Raccolta di XXIV Caricature Disegnate colla penna dell Celebre Cavallier Piet: Leon: Ghezzi [...]",,Artist|Artist,Pier Leone Ghezzi|Matthias Oesterreich,"Italian, Comunanza near Ascoli Piceno 1674–1755 Rome|German, 1716–1778",1750,1750,"The Elisha Whittelsey Collection, The Elisha Whittelsey Fund, 1951",Vienna,Prints,http://www.metmuseum.org/art/collection/search/652713,
786284,True,Drawings and Prints,1959.0,Print,A Visit to the Doctor,,Publisher|Artist|Artist,Thomas Tegg|Thomas Rowlandson|George Murgatroyd Woodward,"British, London 1776–1846 London|British, London 1757–1827 London|British, 1765–1809 London",1809–12?,1804,"The Elisha Whittelsey Collection, The Elisha Whittelsey Fund, 1959",London,Prints,http://www.metmuseum.org/art/collection/search/786284,Satire|Men|Women|Doctors
349228,False,Drawings and Prints,1970.0,Book,Up-to-date Windmills,,Author,Elgin Wind Power & Pump Co.,"Elgin, Illinois",1906,1906,"Purchase, Jefferson R. Burdick Bequest, 1970",Elgin,Books,http://www.metmuseum.org/art/collection/search/349228,
381133,False,Drawings and Prints,1954.0,Print,"Governor's Island, New York",,Artist,George E. Leefe,"American, active New York, 1849–58",ca. 1850–59,1845,"The Edward W. C. Arnold Collection of New York Prints, Maps and Pictures, Bequest of Edward W. C. Arnold, 1954",New York,Prints,http://www.metmuseum.org/art/collection/search/381133,
421088,False,Drawings and Prints,1957.0,Print,"6th Plate, from Trattato delle Piante & Immagini de Sacri Edifizi di Terra Santa (Treatise of the Plans & Images of the Sacred Buildings of the Holy Land)",,Artist|Artist|Publisher,Bernardino Amico|Jacques Callot|Pietro Cecconcelli,"Italian, active 1593–1619|French, Nancy 1592–1635 Nancy|Italian, active late 16th–early 17th century",1620,1620,"Bequest of Edwin De T. Bechtel, 1957",Florence,Prints,http://www.metmuseum.org/art/collection/search/421088,
346601,False,Drawings and Prints,1944.0,Book,Embroidery Lessons with Colored Studies,,Author,Brainerd & Armstrong Co.,"New Haven and New London, Connecticut",1903,1903,"Harris Brisbane Dick Fund, 1944",New London,Books,http://www.metmuseum.org/art/collection/search/346601,
349583,False,Drawings and Prints,1966.0,Book,Beauty's Day,,Author|Translator|Publisher|Printer|Artist|Engraver|Illustrator|Engraver|Engraver|Engraver|Engraver|Engraver,Abbé de Favre|Henry George Keene|Vizetelly & Co.|Turnbull & Spears|Pierre Thomas Le Clerc|T. Le Roy|Madeleine-Jeanne Lemaire|Depollier|J. Arrivet|Louis Claude Le Grand|Louis Michel Halbou|Jean-Baptiste Patas,"French, active late 18th century|British, 1781–1864 Tunbridge Wells|London|Edinburgh|French, Paris, ca. 1740–ca. 1796|French, active 18th century|French, 1845–1928|French, active 1883|French, active ca. 1750–79|French, Paris 1723–1807 Paris|French, 1730–1809 Paris|French, Paris 1744?–?1802 Paris",[1890],1890,"The Elisha Whittelsey Collection, The Elisha Whittelsey Fund, 1966",London,Books,http://www.metmuseum.org/art/collection/search/349583,
3186,False,The American Wing,1987.0,Fork,Dinner Fork,American,Designer|Manufacturer,George Washington Maher|Gorham Manufacturing Company,"1864–1926|American, Providence, Rhode Island, 1831–present",1912,1912,"Friends of the American Wing Fund, 1987",Providence,,http://www.metmuseum.org/art/collection/search/3186,
346714,False,Drawings and Prints,1957.0,Book,Illustrated Catalog (Copy 159) and price list of domestic furniture,,Author,Brooks Household Art Co.,"Cleveland, Ohio",ca. 1900,1895,"Museum Accession, transferred from the Library",Cleveland,Books,http://www.metmuseum.org/art/collection/search/346714,
734902,False,Drawings and Prints,1920.0,"Book
Ornament and architecture
Print","View of a Temple, from Temples in the Ancient Style",,Artist,Jacques Androuet Du Cerceau,"French, Paris 1510/12–1585 Annecy",1550,1550,"Rogers Fund, 1920",Orleans,Books|Ornament & Architecture|Prints,http://www.metmuseum.org/art/collection/search/734902,
13982,false,The American Wing,1976.0,Carpet,"Carpet from the ""Fintona"" Design Range",British,Designer|Maker|Designer,Charles F. A. Voysey|Alexander Morton and Company|Alexander Morton and Company,"British, Hessle, Yorkshire 1857–1941 Winchester| |",ca. 1905,1905,"Gift of Cyril Farny, in memory of Phyllis Holt Farny, 1976",Donegal,,http://www.metmuseum.org/art/collection/search/13982,Flowers
371137,False,Drawings and Prints,1941.0,Book,"Les dix livres d'Architecture de Vitruve, corrigez et traduits nouvellement en François, avec notes & de figures",,Author|Translator|Publisher|Engraver|Engraver|Engraver|Engraver|Engraver|Dedicatee|Engraver|Engraver|Engraver,"Marcus Pollio Vitruvius|Claude Perrault|Jean Baptiste Coignard|Gérard Edelinck|Jacques Grignon|Sébastien Leclerc I|Gérard Jean-Baptiste Scotin|Georges Tournier|Louis XIV, King of France|Etienne Gantrel|Jean Patigny|Nicolas Pitau","Roman, active late 1st century BCE|French, 1613–1688|French, active 17th century|Dutch, Antwerp 1640–1707 Paris|French, Paris ca. 1635/40–after 1689 Paris|French, Metz 1637–1714 Paris|French, Paris 1698–after 1755|French, active 17th century|French, Saint-Germain-en-Laye 1638–1715 Versailles|French, Metz 1645/46–1706 Paris|French, active 1653–74|French, Paris before 1670–1724",1684,1684,"Bequest of W. Gedney Beatty, 1941",Paris,Books,http://www.metmuseum.org/art/collection/search/371137,
2177,False,The American Wing,1941.0,Comb,Comb,American,Maker,Tiffany & Co.,1837–present,ca. 1910,1907,"Gift of Susan Dwight Bliss, 1941",New York,,http://www.metmuseum.org/art/collection/search/2177,
22378,True,Arms and Armor,1914.0,Wheellock rifle,Wheellock Rifle,"German, Munich",Steel-chiseler|Stock maker,Daniel Sadeler|Hieronymus Borstorffer,"German, Munich, recorded 1602–32|German, Munich, recorded 1597–1637",ca. 1610–30,1585,"Gift of William H. Riggs, 1913",Munich,Firearms-Guns-Wheellock,http://www.metmuseum.org/art/collection/search/22378,Dogs|Men|Hunting|Deer
710378,False,Drawings and Prints,1952.0,Book,"The Delineator, A Monthly Magazine Illustrating Metropolitan Fashions, Vol. XXI, No. 1",,Publisher,E. Butterick and Co.,"New York, NY",January 1883,1883,"The Elisha Whittelsey Collection, The Elisha Whittelsey Fund, 1952",New York,Books,http://www.metmuseum.org/art/collection/search/710378,
716896,False,The American Wing,2020.0,Vase,Losanti vase with grape leaves,American,Maker,M. Louise McLaughlin,"American, Cincinnati, Ohio 1847–1939 Cincinnati, Ohio",ca. 1900–4,1895,"Gift of Martin Eidelberg, 2020",Cincinnati,,http://www.metmuseum.org/art/collection/search/716896,
644516,False,Drawings and Prints,1948.0,Print,"Seated young man caressing a standing woman, bound in L'Oeuvre original de Vivant Denon. Collection de eaux-fortes, Volume 2",,Artist|Publisher,baron Dominique Vivant Denon|A. Barrand,"French, Givry 1747–1825 Paris|",1873,1873,"Harris Brisbane Dick Fund, 1948",Paris,Books,http://www.metmuseum.org/art/collection/search/644516,
642787,False,Drawings and Prints,1948.0,Print,"Diplomatic body of Naples in 1784, bound in L'Oeuvre original de Vivant Denon. Collection de eaux-fortes, Volume 2",,Artist|Publisher,baron Dominique Vivant Denon|A. Barrand,"French, Givry 1747–1825 Paris|",1873,1873,"Harris Brisbane Dick Fund, 1948",Paris,Books,http://www.metmuseum.org/art/collection/search/642787,
432545,False,Drawings and Prints,1933.0,Print collection ornament & architecture,"Fountain in profile with its basin, the tap of which is a putto riding a dolphin, from Fontaines, cuvettes et cartouches, plate 4, bound in Oeuvres. Vol. III",,Artist|Publisher,Jean Le Pautre|Pierre Mariette le fils,"French, Paris 1618–1682 Paris|French, Paris 1634–1716 Paris",17th century,1633,"Harris Brisbane Dick Fund, 1933",Paris,Prints|Ornament & Architecture,http://www.metmuseum.org/art/collection/search/432545,
377555,False,Drawings and Prints,1985.0,Print,Advertising Card for a Call Bell: No. 37,,Publisher,Charles Rohlfs,"American, Brooklyn, New York 1853–1936 Buffalo, New York",1907,1907,"Gift of Robert Judson Clark, 1985",Buffalo,Prints,http://www.metmuseum.org/art/collection/search/377555,Candlesticks| Advertisements|Bells
501767,True,Musical Instruments,1889,Double Virginal,Double Virginal,Flemish,Maker,Lodewijck Grouwels,"Flemish, active Middelburg, Zeeland, The Netherlands 1593–1600",1600,1600,"The Crosby Brown Collection of Musical Instruments, 1889",Middelburg,Chordophone-Zither-plucked-virginal,http://www.metmuseum.org/art/collection/search/501767,Men|Women|Crowd|Horses
2095,False,The American Wing,1925.0,Clock,Clock,,Maker,Jacob,,1800–1830,1800,"Gift of Miss Julia Yard, 1925",Paris,,http://www.metmuseum.org/art/collection/search/2095,George Washington|Lions|Eagles|Men
430898,False,Drawings and Prints,1933.0,Print collection ornament & architecture,"Fireplace ornamented with a Bacchic scene in a medallion, from Cheminées et lambris, plate 4, bound in Oeuvres. Vol. I",,Artist|Publisher,Jean Le Pautre|Pierre Mariette le fils,"French, Paris 1618–1682 Paris|French, Paris 1634–1716 Paris",17th century,1633,"Harris Brisbane Dick Fund, 1933",Paris,Prints|Ornament & Architecture,http://www.metmuseum.org/art/collection/search/430898,
687437,False,Drawings and Prints,1922.0,Book ; periodical,"Les Artistes Anciens et Modernes, Volume IV",,Publisher|Artist|Artist|Artist|Artist|Artist,Bertauts|Célestin Nanteuil|Henri-Charles-Antoine Baron|François-Louis Français|Eugène Leroux|Adolphe Mouilleron,"|French (born Italy), Rome 1813–1873 Bourron-Marlotte|French, Besançon 1816–1885 Geneva|French, Plombières-les-Bains 1814–1897 Plombières-les-Bains|French, Caen 1807–1863 Paris|French, Paris 1820–1881 Paris",1848–62,1848,"Museum Accession, transferred from the Library",Paris,Books|Periodicals,http://www.metmuseum.org/art/collection/search/687437,
347068,False,Drawings and Prints,1932.0,Book,"Treatise on Carriage, Sign, and Ornamental Painting",,Author|Publisher,Orson Campbell|Russell R. Lewis,"American, 19th century|New York, NY",1841,1835,"Harris Brisbane Dick Fund, 1932",New York,Books,http://www.metmuseum.org/art/collection/search/347068,
435445,False,Drawings and Prints,1918.0,Print collection ornament & architecture,"Two variant designs for paneling with a river god at left and a putto riding a sea lion at right, from Ornements de panneaux pour enrichir les lambris, plate 4, in A Bound Collection of Print Series Including Cheminées et Lambris, Alcoves à la Romaine, Feuillages et autres ornemens..., etc.",,Artist|Publisher|Publisher,Jean Le Pautre|Charles Antoine Jombert|Pierre Mariette le fils,"French, Paris 1618–1682 Paris|French, 1712–1784|French, Paris 1634–1716 Paris",1751,1751,"Rogers Fund, 1918",Paris,Prints|Ornament & Architecture,http://www.metmuseum.org/art/collection/search/435445,
427181,True,Drawings and Prints,1959.0,Print,"Francesco I d'Este Sets Out for the Seige of Cremona, Crosses the Trench Between Himself and the Spanish, and Takes the City with Great Force, from L'Idea di un Principe ed Eroe Cristiano in Francesco I d'Este, di Modena e Reggio Duca VIII [...]",,Artist|Author,Bartolomeo Fenice (Fénis)|Domenico Gamberti,|,1659,1659,"The Elisha Whittelsey Collection, The Elisha Whittelsey Fund, 1959",Modena,Prints,http://www.metmuseum.org/art/collection/search/427181,Horses|Battles|Army
346832,False,Drawings and Prints,1966.0,Book,The Pike Commands,,Author|Illustrator|Translator|Publisher,Mikhail Aleksandrovich Bulatov|Tatiana Alekseevna Mavrina|Helen Altschuler|Foreign Languages Publishing House,"Russian|Russian, Nizhnii Novgorod 1900–1996 Moscow| |",1960–69,1960,"Gift of Mrs. Joseph Y. Smith, 1966",Moscow,Books,http://www.metmuseum.org/art/collection/search/346832,
5319,True,The American Wing,1939.0,Mug,Mug,American,Maker|Maker,"Francis Bassett, I|Francis Bassett, II",1690–1758|1729–1800,1718–85,1718,"Gift of Mrs. J. Insley Blair, 1939",New York,,http://www.metmuseum.org/art/collection/search/5319,
348701,False,Drawings and Prints,1931.0,Book,Specimen des Caractères de la Fonderie Normale à Bruxelles. Provenant de la Fonderie de Jules Didot et de Son Pere Pierre Didot.,,Publisher|Designer|Designer,Johannes Enschedé en Zonen|Pierre Didot l'ainé|Jules Didot,"Haarlem|French, 1761–1853|",1914,1914,"Harris Brisbane Dick Fund, 1930",Haarlem,Books,http://www.metmuseum.org/art/collection/search/348701,
431840,False,Drawings and Prints,1933.0,Print collection ornament & architecture,"A grotto with a fountain ornamented with a dolphin, from Grottes et fontaines, plate 5, bound in Oeuvres. Vol. II",,Artist|Publisher,Jean Le Pautre|Etienne Gantrel,"French, Paris 1618–1682 Paris|French, Metz 1645/46–1706 Paris",17th century,1633,"Harris Brisbane Dick Fund, 1933",Paris,Prints|Ornament & Architecture,http://www.metmuseum.org/art/collection/search/431840,
349014,False,Drawings and Prints,1945.0,Book,Gems of Business and Ornamental Penmanship,,Author|Publisher,J. S. Duncan|P. Duff,"American, 19th century|Pittsburgh, Pennsylvania",ca. 1858,1853,"Harris Brisbane Dick Fund, 1945",Pittsburgh,Books,http://www.metmuseum.org/art/collection/search/349014,
5119,True,The American Wing,1883.0,Medallion,Medallion,American,Maker,B. L. Vett,,1800–1830,1800,"Gift of William H. Huntington, 1883",New York,,http://www.metmuseum.org/art/collection/search/5119,Men|Profiles
3948,True,The American Wing,1883.0,Medallion,George Washington,,Maker,Desprez Jr.,active 1819–30,1820–30,1820,"Gift of William H. Huntington, 1883",Paris,,http://www.metmuseum.org/art/collection/search/3948,George Washington|Profiles
433670,False,Drawings and Prints,1972.0,Print,"Christ, from Christ, the Apostles, and Saint Paul",,Artist|Artist|Publisher,Jacques de Gheyn II|Zacharias Dolendo|Jacques de Gheyn II,"Netherlandish, Antwerp 1565–1629 The Hague|Netherlandish, 1561–ca. 1604|Netherlandish, Antwerp 1565–1629 The Hague",,1591,"The Elisha Whittelsey Collection, The Elisha Whittelsey Fund, 1972",Leiden,Prints,http://www.metmuseum.org/art/collection/search/433670,
14059,True,The American Wing,1944.0,Sampler,Embroidered Sampler,American,Maker,Laura Hyde,born 1787,1800,1800,"Rogers Fund, 1944",Franklin,,http://www.metmuseum.org/art/collection/search/14059,Eagles|Women|Ships|Animals
727162,False,Drawings and Prints,1991.0,Book Prints Ornament & Architecture,"Studio d'Arts Décoratifs..., Pl. 14, Cinq Dessins en noir",,Publisher|Designer,Armand Guérinet|Nicolas Sorokine,"French, active ca. 1890–1920|",[ca. 1930],1925,"Rogers Fund, 1925 and 1931, transferred from the Library",Paris,Books|Prints|Ornament & Architecture,http://www.metmuseum.org/art/collection/search/727162,
468673,True,Medieval Art,1964.0,Candlestick,Candlestick,South Netherlandish,Artist,Jehan Aert van Tricht,"Netherlandish, active Maastricht 1492–1501",ca. 1500,1500,"Gift of Irwin Untermyer, 1964",Maastricht or Xanten,Metalwork-Brass,http://www.metmuseum.org/art/collection/search/468673,Men
312021,False,"Arts of Africa, Oceania, and the Americas",1978.0,Bark painting,Painting from a Ceremonial House Ceiling,"Kwoma, Amachi-Kalaba clan",Artist|Artist,"Artists of Mariwai Village|Numei, Amachi Kalaba",|,1970,1970,"The Michael C. Rockefeller Memorial Collection, Purchase, Mrs. Gertrud A. Mellon Gift, and Mr. and Mrs. Alan Brandt Gift, in memory of Jacob J. Brandt, 1974",Mariwai village,Bark-Paintings,http://www.metmuseum.org/art/collection/search/312021,
312069,False,"Arts of Africa, Oceania, and the Americas",1978.0,Bark painting,Painting from a Ceremonial House Ceiling,"Kwoma, Sunggwei Wanyi clan",Artist|Artist,"Artists of Mariwai Village|Yinongwut, Sunggwei Wanyi",|,1970,1970,"The Michael C. Rockefeller Memorial Collection, Purchase, Mrs. Gertrud A. Mellon Gift, and Mr. and Mrs. Alan Brandt Gift, in memory of Jacob J. Brandt, 1974",Mariwai village,Bark-Paintings,http://www.metmuseum.org/art/collection/search/312069,
338583,False,Drawings and Prints,1971.0,Book,"The Plays of William Shakespeare,  vol. 9, containing Romeo and Juliet, Hamlet, Othello",,Author|Illustrator|Engraver|Engraver|Engraver|Publisher|Editor|Printer|Editor,"William Shakespeare|Henry Fuseli|William Blake|Joseph Clarendon Smith|Richard Rhodes|F. C. & J. Rivington|George Steevens|C. and R. Baldwin|Alexander Chalmers, A.M.","British, Stratford-upon-Avon 1564–1616 Stratford-upon-Avon|Swiss, Zürich 1741–1825 London|British, London 1757–1827 London|British, 1778–1810|British, 1765–1838|London|British, Stepney 1734–1800 Hampstead|British, active London 1804–10|British (born Scotland), Aberdeen 1759–1834 London",1805,1805,"The Elisha Whittelsey Collection, The Elisha Whittelsey Fund, 1971",London,Books,http://www.metmuseum.org/art/collection/search/338583,
349092,False,Drawings and Prints,1977.0,Book ; Ornament and architecture,"Hints on Household Taste in Furniture, Upholstery, and Other Details",,Author|Publisher,Charles Locke Eastlake|James R. Osgood & Co.,"British, Plymouth 1836–1906 London|Boston, Massachusetts",1872,1872,"A. Hyatt Mayor Purchase Fund, Marjorie Phelps Starr Bequest, 1977",Boston,Books|Ornament & Architecture,http://www.metmuseum.org/art/collection/search/349092,
13472,False,The American Wing,1993.0,Sampler,Embroidered Sampler,American,Maker,Maria Lalor,,1793,1793,"Gift of Elizabeth M. Riley, 1993",New York,,http://www.metmuseum.org/art/collection/search/13472,
435483,False,Drawings and Prints,1918.0,Print collection ornament & architecture,"Landscape in an oval with two griffins below, from Divers panneaux d'ornements, plate 6, in A Bound Collection of Print Series Including Cheminées et Lambris, Alcoves à la Romaine, Feuillages et autres ornemens..., etc.",,Artist|Publisher|Publisher,Jean Le Pautre|Charles Antoine Jombert|Pierre Mariette le fils,"French, Paris 1618–1682 Paris|French, 1712–1784|French, Paris 1634–1716 Paris",1751,1751,"Rogers Fund, 1918",Paris,Prints|Ornament & Architecture,http://www.metmuseum.org/art/collection/search/435483,
700050,True,The Libraries,,,"Traité de l'horlogerie, méchanique et pratique, approuvé par l'Academie royale des sciences",,Author,Antoine Thiout l'aîné,1692–1767,1741,1741,,Paris,,http://www.metmuseum.org/art/collection/search/700050,
347036,False,Drawings and Prints,1966.0,Book,Three Young Rats and other Rhymes,,Designer|Editor|Publisher,"Alexander Calder|James Johnson Sweeney|Museum of Modern Art, New York","American, Philadelphia, Pennsylvania 1898–1976 New York|American, 1900–1986|",1946,1946,"John B. Turner Fund, 1966",New York,Books,http://www.metmuseum.org/art/collection/search/347036,
370875,False,Drawings and Prints,1934.0,Album Print Ornament & Architecture,"Two Armorial Trophies marked by the incorporation of a Cuirass and Battering Ram with a Ram's Head, plate 14 from ""Libro de' Trofei""",,Artist|Former Attribution|Publisher|Artist,"Anonymous, Italian, 16th century|Enea Vico|Antonio Lafreri|Polidoro da Caravaggio","|Italian, Parma 1523–1567 Ferrara|French, Orgelet, Franche-Comte ca. 1512–1577 Rome|Italian, Caravaggio ca. 1499–ca. 1543 Messina",ca. 1550–53,1545,"Harris Brisbane Dick Fund, 1934",Rome,Prints|Albums|Ornament & Architecture,http://www.metmuseum.org/art/collection/search/370875,
709280,False,Drawings and Prints,1952.0,Book,"The Delineator, A Monthly Magazine Illustrating Metropolitan Fashions, Vol. XVIII, No. 6",,Publisher,E. Butterick and Co.,"New York, NY",December 1881,1881,"The Elisha Whittelsey Collection, The Elisha Whittelsey Fund, 1952",New York,Books,http://www.metmuseum.org/art/collection/search/709280,
746058,True,Drawings and Prints,1956.0,Print,Pièce commémorative d'un mariage,,Artist,Pierre Philippe Choffard,"French, Paris 1730–1809 Paris",1780,1780,"The Elisha Whittelsey Collection, The Elisha Whittelsey Fund, 1956",Paris,Prints,http://www.metmuseum.org/art/collection/search/746058,
2962,True,The American Wing,1912.0,Cup plate,Cup Plate,British (American market),Maker,Enoch Wood & Sons,"British, active Burslem, 1818–46",ca. 1841–ca. 1846,1838,"Gift of Mrs. Abraham Lansing, 1912",Stoke-on-Trent,,http://www.metmuseum.org/art/collection/search/2962,
21913,True,Arms and Armor,1891.0,Blade and mounting for a short sword (Wakizashi),Blade and Mounting for a Short Sword (Wakizashi),Japanese,Swordsmith|Fittings maker|Decorator,Naotane Taikei|Yukinaka|Honjō Yoshitane,"Japanese, Yamagata 1778–1857 Edo|Japanese, Hagi, active 19th century|Japanese, Edo period, 19th century","blade, dated 1839; mounting, early–mid 19th century",1801,"Gift of Brayton Ives and W. T. Walters, 1891",Hagi,Swords,http://www.metmuseum.org/art/collection/search/21913,
13885,False,The American Wing,1962.0,Quilt,"Quilt, Double X pattern",American,Maker,R. M.,,1849,1849,"Gift of Mrs. Emanuel Altman, 1962",Lancaster,,http://www.metmuseum.org/art/collection/search/13885,
645013,True,Drawings and Prints,1958.0,Print,"Mary, Queen of Scots, on the eve previous to her execution (from ""The History of England,"" volume III, chapter XLII)",,Sitter|Artist|Artist|Author|Publisher,"Mary, Queen of Scots|James Barton Longacre|John Graham|David Hume|Eliakim Littell","British, Linlithgow 1542–1587 Fotheringhay|American, Delaware County, Pennsylvania 1794–1869 Philadelphia, Pennsylvania|British, Edinburgh 1754/5–1817 Edinburgh|British, Edinburgh, Scotland 1711–1776 Edinburgh|American, 1797–1870, active Philadelphia, Pennsylvania",1828,1828,"Gift of Susan Dwight Bliss, 1958",Philadelphia,Prints,http://www.metmuseum.org/art/collection/search/645013,Queens|Women|Mary Queen of Scots
665113,True,Drawings and Prints,1926.0,Book Ornament & Architecture,"Livre de Moresques, page 6 (recto)",,Publisher|Publisher|Artist,Cornelis Bos|Hiérosme de Gormont|Francesco di Pellegrino,"Netherlandish, Hertogenbosch ca. 1510?–before 1556 Groningen| |Italian, born Florence, died 1552",1546,1546,"Harris Brisbane Dick Fund, 1926",Paris,Books|Ornament & Architecture,http://www.metmuseum.org/art/collection/search/665113,Ornament
434315,False,Drawings and Prints,1960.0,Print,"The King, from ""The Powers That Rule the World""",,Publisher|Artist|Artist,Jacques de Gheyn II|Karel van Mander I|Zacharias Dolendo,"Netherlandish, Antwerp 1565–1629 The Hague|Netherlandish, Meulebeke 1548–1606 Amsterdam|Netherlandish, 1561–ca. 1604",,1585,"The Elisha Whittelsey Collection, The Elisha Whittelsey Fund, 1960",Leiden,Prints,http://www.metmuseum.org/art/collection/search/434315,
789,True,The American Wing,1946.0,Bowl,Bowl,American,Maker,"Challinor, Taylor and Company",1866–1891,1870–90,1870,"Gift of Mrs. Emily Winthrop Miles, 1946",Tarentum,,http://www.metmuseum.org/art/collection/search/789,
772006,True,Drawings and Prints,1951.0,Print,"The Infanta Donna Isabella, Governante of Flanders",,Sitter|Artist|Artist|Publisher,Infanta Isabella Clara Eugenia|Johann Sebastian Müller|Peter Paul Rubens|John Boydell,"Spanish, Segovia 1566–1633 Brussels|German, Nuremberg 1715–1790 London|Flemish, Siegen 1577–1640 Antwerp|British, Dorrington, Shropshire 1720–1804 London",1767,1767,"The Elisha Whittelsey Collection, The Elisha Whittelsey Fund, 1951",London,Prints,http://www.metmuseum.org/art/collection/search/772006,Portraits|Women
760473,False,Drawings and Prints,1931.0,Book Print Ornament and Architecture,"Plate 91: Landskip, from ""A New Book of Chinese Designs""",,Artist and publisher|Artist and publisher,George Edwards|Matthew Darly,"British, Stratford 1694–1773 Plaistow|British, ca. 1720–1780 London",1754,1754,"Harris Brisbane Dick Fund, 1931",London,Ornament & Architecture|Books|Prints,http://www.metmuseum.org/art/collection/search/760473,
376241,False,Drawings and Prints,1959.0,Print,"Plate 1: Saint Peter, head and shoulders, holding keys; from the series of Apostles",,Artist|Artist,Giovanni Battista Piazzetta|Marco Alvise Pitteri,"Italian, Venice 1682–1754 Venice|Italian, Venice 1702–1786 Venice",1742,1742,"The Elisha Whittelsey Collection, The Elisha Whittelsey Fund, 1959",Venice,Prints,http://www.metmuseum.org/art/collection/search/376241,
344681,False,Drawings and Prints,1965.0,Book,Album of French XIX century candy labels,,Printer,Maison Berthaiu,,n.d.,1800,"Anne and Carl Stern Gift, 1965",Paris,Books,http://www.metmuseum.org/art/collection/search/344681,
734371,False,Drawings and Prints,1963.0,"Book
Ornament & Architecture
Prints","Chimney, from Second Book of Architecture",,Artist|Publisher,Jacques Androuet Du Cerceau|André Wechel,"French, Paris 1510/12–1585 Annecy|",1561,1561,"The Elisha Whittelsey Collection, The Elisha Whittelsey Fund, 1963",Paris,Books|Ornament & Architecture|Prints,http://www.metmuseum.org/art/collection/search/734371,
435417,False,Drawings and Prints,1918.0,Print collection ornament & architecture,"Chapel enclosure topped with trophies of arms, from Clôtures de chapelles, plate 6, in A Bound Collection of Print Series Including Cheminées et Lambris, Alcoves à la Romaine, Feuillages et autres ornemens..., etc.",,Artist|Publisher|Publisher,Jean Le Pautre|Charles Antoine Jombert|Pierre Mariette le fils,"French, Paris 1618–1682 Paris|French, 1712–1784|French, Paris 1634–1716 Paris",1751,1751,"Rogers Fund, 1918",Paris,Prints|Ornament & Architecture,http://www.metmuseum.org/art/collection/search/435417,
9329,false,The American Wing,1981.0,Vase,Vase,American,Maker,C. Dorflinger and Sons,"American, White Mills, Pennsylviania, 1881–1921",1900–1910,1900,"Gift of Katheryn Hait Dorflinger Manchee, 1981",White Mills,,http://www.metmuseum.org/art/collection/search/9329,Flowers
311617,False,"Arts of Africa, Oceania, and the Americas",1978.0,Bowl,Bowl,Asmat people,Artist,Esepe,,early to mid-20th century,1900,"The Michael C. Rockefeller Memorial Collection; Gift of Nelson A. Rockefeller and Mrs. Mary C. Rockefeller, 1965",Sauwa village,Wood-Containers,http://www.metmuseum.org/art/collection/search/311617,
351001,False,Drawings and Prints,1972.0,Book,Princess Belle-Etoile,,Illustrator|Publisher|Engraver,"Walter Crane|George Routledge & Sons, London|Edmund Evans","British, Liverpool 1845–1915 Horsham| |British, Southwark, London 1826–1905 Ventnor, Isle of Wight",1875,1875,"The Elisha Whittelsey Collection, The Elisha Whittelsey Fund, 1972",London|New York,Books,http://www.metmuseum.org/art/collection/search/351001,
452130,true,Islamic Art,1970.0,Folio from an illustrated manuscript,"""Kai Kavus Ascends to the Sky"", Folio 134r from the Shahnama (Book of Kings) of Shah Tahmasp",,Artist|Author,Qadimi|Abu'l Qasim Firdausi,"Iranian, active ca. 1525–1565|Iranian, Paj ca. 940/41–1020 Tus",ca. 1525–30,1500,"Gift of Arthur A. Houghton Jr., 1970",Tabriz,Codices,http://www.metmuseum.org/art/collection/search/452130,Eagles|Thrones|Men
700240,True,The Libraries,,,"The cabinet-maker and upholsterer's guide, or, Repository of designs for every article of household furniture, in the newest and most approved taste : displaying a great variety of patterns for chairs, stools ... in the plainest and most enriched styles : with a scale to each, and an explanation in letter press : also the plan of a room, shewing the proper distribution of the furniture ... from drawings",,Publisher|Author,I. & J. Taylor|A. Hepplewhite & Co.,"London|British, 18th century",1788,1788,,London,,http://www.metmuseum.org/art/collection/search/700240,
346057,False,Drawings and Prints,1951.0,Book,The Museum of Arts & Universal Penmanship,,Designer|Designer,"George Bickham, Jr.|John Bickham","British, London ca. 1704–1771 Richmond, Surrey|British, active 18th century",1745,1745,"The Elisha Whittelsey Collection, The Elisha Whittelsey Fund, 1951",London,Books,http://www.metmuseum.org/art/collection/search/346057,
2728,True,The American Wing,1933.0,Cream pot,Creampot,American,Maker,Paul Revere Jr.,"American, Boston, Massachusetts 1734–1818 Boston, Massachusetts",ca. 1795,1790,"Bequest of Alphonso T. Clearwater, 1933",Boston,,http://www.metmuseum.org/art/collection/search/2728,
348403,False,Drawings and Prints,1952.0,Book ; Ornament and architecture,"Nouveau Livre des cinq ordres d'architecture, par Jacques Barozzio Vignole, Enrichi de différents Cartels, et Morceaux d'Architectures, Protails, Fontaines, . . .Le Tout nécessaires aux Artistes",,Engraver|Engraver|Author|Publisher|Designer|Designer,Claude René Gabriel Poulleau|Jean Dominique Etienne Le Canu|Jacopo [Giacomo] Barozzi da Vignola|Jean François Daumont|Jacques François Blondel|Jules Hardouin Mansart,"French, born 1749|French, active Paris, 1750–70|Italian, Vignola 1507–1573 Rome|French, active ca. 1750–before 1775|French, Rouen 1705–1774 Paris|French, Paris 1646–1708 Marly",[1760–75],1760,"Rogers Fund, 1952",Paris,Books|Ornament & Architecture,http://www.metmuseum.org/art/collection/search/348403,
734883,False,Drawings and Prints,1920.0,"Book
Ornament and architecture
Print","View of a Temple, from Temples in the Ancient Style",,Artist,Jacques Androuet Du Cerceau,"French, Paris 1510/12–1585 Annecy",1550,1550,"Rogers Fund, 1920",Orleans,Books|Ornament & Architecture|Prints,http://www.metmuseum.org/art/collection/search/734883,
491200,False,Modern and Contemporary Art,1943,Textile sample,Sample,American,Maker|Maker,Louis A. Stirn|Edmund A. Stirn,"American (born Germany), Frankfurt-am-Main 1863–1962 Staten Island, New York|American (born Germany ?), 1868– (?)",1925,1925,"Gift of Miss M. K. Overbeck, 1943",New York,Textiles-Printed,http://www.metmuseum.org/art/collection/search/491200,
349752,False,Drawings and Prints,1968.0,Book,The Works of Quintus Horatius Flaccus,,Artist and engraver|Publisher|Author|Author,George Frederick Sargent|Richard Griffin and Co.|Reverend Henry Thompson|Horace,"British, 1811–1864 London|London and Glasgow|British, 1797–1878|Roman, Venusia 65 BCE–8 BCE Rome",1854,1854,"Gift of Shelly Marks, 1968",London,Books,http://www.metmuseum.org/art/collection/search/349752,
742703,False,Drawings and Prints,1957.0,Book,Patent Victoria Stone Company - Pamphlet,,Author,Victoria Stone Company,"British, 19th century",1878,1878,"The Elisha Whittelsey Collection, The Elisha Whittelsey Fund, 1957",Paris,Books,http://www.metmuseum.org/art/collection/search/742703,
660935,True,Drawings and Prints,1953.0,Books Prints Ornament & Archiecture,"Fiori di Ricami Nuovamente Posti in Luce, page 3 (recto)",,Designer|Publisher,Matteo Florimi|Francesco de' Franceschi,"Italian, active Siena, ca. 1581–died 1613|Italian, active 16th century",1591,1591,"The Elisha Whittelsey Collection, The Elisha Whittelsey Fund, 1953",Venice,Books|Prints|Ornament & Architecture,http://www.metmuseum.org/art/collection/search/660935,Ornament
5226,False,The American Wing,1980.0,Coin,Morgan Dollar,American,Maker,George T. Morgan,"British, Birmingham 1845–1925 Philadelphia, Pennsylvania",1878,1878,"Gift of Heinz L. Stoppelmann, 1980",Washington DC,,http://www.metmuseum.org/art/collection/search/5226,
431316,False,Drawings and Prints,1933.0,Print collection ornament & architecture,"Fireplace surmounted with a pot à feu, from a Series of Four Fireplaces, plate 2, bound in Oeuvres. Vol. I",,Artist|Publisher,Jean Le Pautre|Jacques II Chereau,"French, Paris 1618–1682 Paris|French, Blois 1688–1776 Paris",17th century,1633,"Harris Brisbane Dick Fund, 1933",Paris,Prints|Ornament & Architecture,http://www.metmuseum.org/art/collection/search/431316,
660643,True,Drawings and Prints,1921.0,Books Prints Ornament & Architecture,"Splendore delle virtuose giovani, title page (recto)",,Designer|Publisher,Iseppo Foresto|Jeronimo Calepino,"Italian, active Venice, 1557|",1564,1564,"Rogers Fund, 1921",Venice,Books|Prints|Ornament & Architecture,http://www.metmuseum.org/art/collection/search/660643,Architecture
434168,False,Drawings and Prints,1953.0,Print collection ornament & architecture,"Asclepius appears as a dragon, from a series of twenty-two plates depicting mythological subjects, plate 22",,Artist|Publisher,Jean Le Pautre|Jean I Leblond,"French, Paris 1618–1682 Paris|French, ca. 1590–1666 Paris",17th century,1633,"Harris Brisbane Dick Fund, 1953",Paris,Prints|Ornament & Architecture,http://www.metmuseum.org/art/collection/search/434168,
735229,True,Drawings and Prints,1959.0,Print,Two New Slides for the State Magic Lantern,,Artist|Subject|Subject|Subject|Subject|Publisher,"Thomas Rowlandson|George III, King of Great Britain and Ireland|Frederick North, 2nd Earl of Guilford|Charles James Fox|The Right Honorable Edmund Burke|William Humphrey","British, London 1757–1827 London|British, London 1738–1820 Windsor|British, 1732–1792|British, 1749–1806|British, born Ireland, Dublin 1729–1797 Beaconsfield|British, 1742?–in or before 1814","December 29, 1783",1783,"The Elisha Whittelsey Collection, The Elisha Whittelsey Fund, 1959",London,Prints,http://www.metmuseum.org/art/collection/search/735229,Caricature|Animals|Satire|Men|Women
892616,false,The Libraries,,,A new specimen book of Curwen pattern papers,,Publisher|Author,Whittington Press|David McKitterick,"|British, born 1948",1987,1987,Gift of Mary C. Schlosser,"Andoversford, Gloucestershire",,http://www.metmuseum.org/art/collection/search/892616,
8466,True,The American Wing,1923.0,Spoon,Tea Spoon,American,Maker,Myer Myers,1723–1795,1760–75,1760,"Gift of Mr. and Mrs. William A. Moore, 1923",New York,,http://www.metmuseum.org/art/collection/search/8466,
746198,False,Drawings and Prints,1944.0,Book Print Ornament & Architecture,"Designs for textiles (?) with scrolling motifs, geometric patterns and semi-abstract patterns",,Publisher|Designer|Lithographer,Fleury Chavant|Jules Dumas|Georges Schlatter,"French, 19th century|French, 19th Century|French",[after 1844],1844,"Gift of Edith P. Blase, 1944",Paris,Books|Prints|Ornament & Architecture,http://www.metmuseum.org/art/collection/search/746198,
755774,True,The Libraries,,,"Nouvelle description des chateaux et parcs de Versailles et de Marly : contenant une explication historique de toutes les peintures, tableaux, statues, vases & ornemens qui s'y voient : leurs dimensions : & les noms des peintres, des sculpteurs & des graveurs qui les ont faits",,Author,Jean-Aimar Piganiol de La Force,1673–1753,1724,1724,,Paris,,http://www.metmuseum.org/art/collection/search/755774,
13410,False,The American Wing,1990.0,Saucer,Saucer,American,Maker,Ott and Brewer,"American, Trenton, New Jersey, 1871–1893",1882–90,1882,"Gift of Mrs. Edgar H. Sittig, 1990",Trenton,,http://www.metmuseum.org/art/collection/search/13410,
727096,False,Drawings and Prints,1991.0,Book Prints Ornaments & Architecture,"Prismes: 40 Planches de Dessins et Coloris Nouveaux, Pl. 37",,Designer|Publisher,Emile-Allain Séguy|Editions d'Art Charles Moreau,"French, 1877–1951|French",[ca. 1930],1925,"Jane E. Andrews Fund, in memory of William Loring Andrews, 1933, transferred from the Library",Paris,Books|Prints|Ornament & Architecture,http://www.metmuseum.org/art/collection/search/727096,
23198,True,Arms and Armor,1929.0,Armor,Armor from a Small Garniture for Field and Tournament,"German, Nuremberg",Armorer,Kunz Lochner,"German, Nuremberg, 1510–1567","dated 1548, with later restorations",1548,"Bashford Dean Memorial Collection, Gift of Mrs. Bashford Dean, 1929",Nuremberg,Armor for Man,http://www.metmuseum.org/art/collection/search/23198,
746719,False,Drawings and Prints,1944.0,Book Print Ornament & Architecture,Textile patterns with semi-abstract designs,,Designer|Lithographer|Publisher,Séraphin|Georges Schlatter|Fleury Chavant,"French (?), 19th Century|French|French, 19th century",[after 1844],1844,"Gift of Edith P. Blase, 1944",Paris,Books|Prints|Ornament & Architecture,http://www.metmuseum.org/art/collection/search/746719,
345555,False,Drawings and Prints,1969.0,Book,No. 430 General Catalogue Wire and Iron Work,,Author,E. T. Barnum,"Detroit, Michigan",1912,1912,"Purchase, Jefferson R. Burdick Bequest, 1969",Detroit,Books,http://www.metmuseum.org/art/collection/search/345555,
333829,False,Drawings and Prints,1921.0,Book,"Bewick Gleanings: Being Impressions from Copperplates and Wood Blocks, Engraved in the Bewick Workshop, Remaining in the Possession of the Family Until the Death of the Last Miss Bewick, and Sold Afterwards by Order of Her Executors",,Printer|Artist|Editor,Andrew Reid|Thomas Bewick|Julia Boyd,"Newcastle-upon-Tyne|British, Eltringham, Northumberland 1753–1828 Gateshead|British, 1846–1892",1886,1886,"Museum Accession, transferred from the Library",Newcastle-upon-Tyne,Books,http://www.metmuseum.org/art/collection/search/333829,
9080,True,The American Wing,1946.0,Tumbler,Tumbler,American,Maker,"Hobbs, Brockunier and Company",1863–1891,after 1886,1887,"Gift of Mrs. Emily Winthrop Miles, 1946",Wheeling,,http://www.metmuseum.org/art/collection/search/9080,
788990,True,Drawings and Prints,1917.0,Print,"Plate 16, from ""World in Miniature""",,Publisher|Artist,"Rudolph Ackermann, London|Thomas Rowlandson","British, active 1794–1829|British, London 1757–1827 London",1816,1816,"Rogers Fund, 1917",London,Prints,http://www.metmuseum.org/art/collection/search/788990,Barns|Men|Women|Dogs|Carts
347308,False,Drawings and Prints,1969.0,Book,Mounting and Registering of Printing Plates,,Author,The Challenge Machinery Company,"Grand Haven, Michigan",after 1903,1903,"Gift of Mrs. James S. Hedges, 1969",Grand Haven,Books,http://www.metmuseum.org/art/collection/search/347308,
432713,False,Drawings and Prints,1933.0,Print collection ornament & architecture,"The Battle of the Lapiths and Centaurs, from a series of twenty plates depicting mythological subjects, plate 16, bound in Oeuvres. Vol. III",,Artist|Publisher,Jean Le Pautre|Pierre Mariette le fils,"French, Paris 1618–1682 Paris|French, Paris 1634–1716 Paris",17th century,1633,"Harris Brisbane Dick Fund, 1933",Paris,Prints|Ornament & Architecture,http://www.metmuseum.org/art/collection/search/432713,
9450,False,The American Wing,1955.0,Vase,Vase,American,Manufacturer|Maker|Designer,Tiffany Glass and Decorating Company|Tiffany Studios|Louis C. Tiffany,"American, 1892–1902|1902–32|American, New York 1848–1933 New York",ca. 1902,1899,"Anonymous Gift, 1955",New York,,http://www.metmuseum.org/art/collection/search/9450,
506806,True,Musical Instruments,2012,Guitar,Guitar,American,Maker,Christian Frederick Martin,"Markneukirchen, Saxony 1796–1873 Nazareth, Pennsylvania",before 1867,1833,"Gift of Esther Khafif Haddad and Alan M. Haddad, 2012",Nazareth,Chordophone-Lute-plucked-fretted,http://www.metmuseum.org/art/collection/search/506806,
347186,False,Drawings and Prints,1969.0,Book,Les Sept Peches Capitaux,,Artist|Illustrator,Gustave Carulli|Godefroy Engelmann,"French, 19th century|German (born France), Mulhouse 1788–1839 Mulhouse",ca. 1820,1815,"Gift of Lincoln Kirstein, 1969",Paris,Books,http://www.metmuseum.org/art/collection/search/347186,
642982,False,Drawings and Prints,1948.0,Print,"Abbot Zani, bound in L'Oeuvre original de Vivant Denon. Collection de eaux-fortes, Volume 2",,Artist|Publisher|Artist,baron Dominique Vivant Denon|A. Barrand|Giorgione,"French, Givry 1747–1825 Paris| |Italian, Castelfranco Veneto 1477/78–1510 Venice",1873,1873,"Harris Brisbane Dick Fund, 1948",Paris,Books,http://www.metmuseum.org/art/collection/search/642982,
345575,False,Drawings and Prints,1963.0,Book,"The city of domes: a walk with an architect about the courts and palaces of the Panama-Pacific International Exposition, with a discussion of its architecture, its sculpture, its mural decorations, its coloring and its lighting...",,Author|Publisher,John Daniel Barry|Newbegin,"American, 1866–1942|San Francisco, California",1915,1915,"Gift of Lincoln Kirstein, 1963",San Francisco,Books,http://www.metmuseum.org/art/collection/search/345575,
350548,False,Drawings and Prints,1952.0,Book,Le Vite dei Dodeci Visconti,,Author,Paolo Giovio,"Italian, 1483–1552",1645,1645,"Gift of the Estate of Mrs. Edward Robinson, 1952",Milan,Books,http://www.metmuseum.org/art/collection/search/350548,
380554,True,Drawings and Prints,1937.0,Book Ornament & Architecture,"Il primo libro d'architettura di Sebastiano Serlio Bolognese. Il secondo libro di perspecttia di Sebastiano Serlio, Bolognese.",,Author|Publisher|Translator|Dedicatee,"Sebastiano Serlio|Jean Barbé|Jean Martin|François I, King of France","Italian, Bologna 1475–1554 Fontainebleau|French, died 1547|French, died 1553|Château de Cognac 1494–1547 Château de Rambouillet",1545,1545,"Harris Brisbane Dick Fund, 1937",Paris,Books|Ornament & Architecture,http://www.metmuseum.org/art/collection/search/380554,
734876,False,Drawings and Prints,1920.0,"Book
Ornament and architecture
Print","View of a Temple, from Temples in the Ancient Style",,Artist,Jacques Androuet Du Cerceau,"French, Paris 1510/12–1585 Annecy",1550,1550,"Rogers Fund, 1920",Orleans,Books|Ornament & Architecture|Prints,http://www.metmuseum.org/art/collection/search/734876,
698488,False,Drawings and Prints,1921.0,Book,"Plate 27: Joseph escapes Zuleika, wife of Potiphar; from 'Imagines Veteris Ac Novi Testamenti A Raphaele Sanctio Urbinate in Vaticani Palatii Xystis' after Raphael",,Publisher|Artist|Artist,Giovanni Giacomo De Rossi|Raphael (Raffaello Sanzio or Santi)|Cesare Fantetti,"Italian, Rome 1627–1691 Rome|Italian, Urbino 1483–1520 Rome|Italian, Florence 1660–1675",1675,1675,"Museum Accession, transferred from the Library",Rome,Books,http://www.metmuseum.org/art/collection/search/698488,
427534,False,Drawings and Prints,1930.0,Album,"Desseins d'Arc de Triomphe and Second Liure d'Arc de Triomphe et Porte de Ville, part of Œuvres du Sr. D. Marot",,Artist|Publisher,Daniel Marot the Elder|Pierre Husson,"French, Paris 1661–1752 The Hague|",published 1703 or 1712,1703,"Harris Brisbane Dick Fund, 1930",The Hague,Albums|Ornament & Architecture|Prints,http://www.metmuseum.org/art/collection/search/427534,
19941,False,The American Wing,2018.0,Vase,Vase,American,Maker|Manufacturer,Rhoda Robbins|Threshold Pottery,|,,0,"Gift of Robert A. Ellison Jr., 2018",Syracuse,,http://www.metmuseum.org/art/collection/search/19941,
709285,False,Drawings and Prints,1952.0,Book,"The Delineator, A Monthly Magazine Illustrating Metropolitan Fashions, Vol. XIX, No. 4",,Publisher,E. Butterick and Co.,"New York, NY",April 1882,1882,"The Elisha Whittelsey Collection, The Elisha Whittelsey Fund, 1952",New York,Books,http://www.metmuseum.org/art/collection/search/709285,
349188,False,Drawings and Prints,1932.0,Albums Prints Ornament & Architecture,Veelderhande Niewe Compartimente,,Artist|Publisher|Engraver,Gerbrand van den Eeckhout|Clement de Jonghe|Michiel Mosyn,"Dutch, Amsterdam 1621–1674 Amsterdam|Dutch, Brunsbüttel (Landkreis Dithmarschen) 1624/1625–1677 Amsterdam|Dutch, born 1630",[ca. 1650–74],1650,"Harris Brisbane Dick Fund, 1932",Amsterdam,Albums|Prints|Ornament & Architecture,http://www.metmuseum.org/art/collection/search/349188,
430865,False,Drawings and Prints,1933.0,Print collection ornament & architecture,"Two variants for a fireplace with an octagonal painting depicting the death of Dido, from Grandes cheminées à la romaine, plate 3, bound in Oeuvres. Vol. I",,Artist|Publisher,Jean Le Pautre|Pierre Mariette le fils,"French, Paris 1618–1682 Paris|French, Paris 1634–1716 Paris",published 1663,1663,"Harris Brisbane Dick Fund, 1933",Paris,Prints|Ornament & Architecture,http://www.metmuseum.org/art/collection/search/430865,
352175,False,Drawings and Prints,1965.0,Book,Wesoly Zwierzyniec,,Author|Illustrator|Publisher|Editor,Franciszek Jenikowski|Zbigniew Rychlicki|Ludowa Spotdzielnia Wydawnicza|Henryka Niemiec,Polish|Polish| |Polish,1961,1961,"Gift of Mrs. Joseph Y. Smith, 1965",Warsaw,Books,http://www.metmuseum.org/art/collection/search/352175,
629302,False,Drawings and Prints,1948.0,Print ornament & architecture,"Well placed at a street corner, the hoisting hook supported by two columns of the Ionic order and crowned by a pediment with a man's head, from Small Wells, plate 2",,Artist|Artist|Artist|Publisher,Hans Vredeman de Vries|Johannes van Doetecum I|Lucas van Doetecum|Philips Galle,"Netherlandish, Leeuwarden 1527–1606 (?)  Antwerp (?)|Netherlandish, 1528/32–1605|Netherlandish, active 1554–72, died before 1589|Netherlandish, Haarlem 1537–1612 Antwerp",ca. 1574,1569,"The Elisha Whittelsey Collection, The Elisha Whittelsey Fund, 1948",Antwerp,Prints|Ornament & Architecture,http://www.metmuseum.org/art/collection/search/629302,
734373,False,Drawings and Prints,1963.0,"Book
Ornament & Architecture
Prints","Chimney, from Second Book of Architecture",,Publisher|Artist,André Wechel|Jacques Androuet Du Cerceau,"|French, Paris 1510/12–1585 Annecy",1561,1561,"The Elisha Whittelsey Collection, The Elisha Whittelsey Fund, 1963",Paris,Books|Ornament & Architecture|Prints,http://www.metmuseum.org/art/collection/search/734373,
652984,True,Arms and Armor,2004.0,Drawings,Design for the Decoration of Firearms,"French, Versailles",Designer,Nicolas Noël Boutet,"French, Versailles and Paris, 1761–1833",ca. 1797–1805,1772,"Purchase, Clay P. Bedford Gift, 2004",Versailles,Works on Paper-Drawings,http://www.metmuseum.org/art/collection/search/652984,Ornament
335514,False,Drawings and Prints,1991.0,Book,Des Couleurs et de leurs Applications aux Arts Industriels à l'Aide de Cercles Chromatiques,,Author|Artist and engraver|Printer|Publisher|Printer,Michel Eugène Chevreuil|Antoine-René Digeon|Lamoureux|J. B. Balière et Fils|E. Martinet,"French, born 1786|French, born Paris 1844|French, 19th century|French|",1864,1864,"Bequest of Edward C. Moore, 1891, transferred from the Library",Paris,Books,http://www.metmuseum.org/art/collection/search/335514,
701567,True,Drawings and Prints,1951.0,"Print, Fete, Ornament & Architecture","Plate 34: King Ferdinand as Neptune, seated on a whale at center, with putti atop two small fish on either side; from Guillielmus Becanus's 'Serenissimi Principis Ferdinandi, Hispaniarum Infantis...'",,Artist|Publisher,Jacob Neeffs|Johannes Meursius,"Flemish, Antwerp 1610–after 1660 Antwerp|Flemish, active 1620–47",1636,1636,"The Elisha Whittelsey Collection, The Elisha Whittelsey Fund, 1951",Antwerp,Prints|Prints-Fete,http://www.metmuseum.org/art/collection/search/701567,Putti|Neptune|Fish|Whales
5488,True,The American Wing,1968.0,Oyster plate,Oyster plate,American,Maker,Union Porcelain Works,1863–1922,1881,1881,"Purchase, Anonymous Gift, 1968",Brooklyn,,http://www.metmuseum.org/art/collection/search/5488,Shells
349383,False,Drawings and Prints,1935.0,Book,Étrennes Mignones Curieuses et Utiles Augmentées pour l'année Bissextile,,Publisher,Pierre-François Durand,,1744,1744,"Bequest of Mary Strong Shattuck, 1935",Paris,Books,http://www.metmuseum.org/art/collection/search/349383,
641342,False,Drawings and Prints,1948.0,Print,"Annibale Carraci, bound in L'Oeuvre original de Vivant Denon. Collection de eaux-fortes, Volume 1",,Artist|Publisher,baron Dominique Vivant Denon|A. Barrand,"French, Givry 1747–1825 Paris|",1873,1873,"Harris Brisbane Dick Fund, 1948",Paris,Books,http://www.metmuseum.org/art/collection/search/641342,
431830,False,Drawings and Prints,1933.0,Print collection ornament & architecture,"Mausoleum epitaph with two cherubs flanking a medallion depicting the Resurrection of the Dead, from Mausolées, plate 5, bound in Oeuvres. Vol. II",,Artist|Publisher,Jean Le Pautre|Jean I Leblond,"French, Paris 1618–1682 Paris|French, ca. 1590–1666 Paris",published ca. 1651,1646,"Harris Brisbane Dick Fund, 1933",Paris,Prints|Ornament & Architecture,http://www.metmuseum.org/art/collection/search/431830,
9116,True,The American Wing,1946.0,Tumbler,Tumbler,American,Maker,"Hobbs, Brockunier and Company",1863–1891,after 1886,1887,"Gift of Mrs. Emily Winthrop Miles, 1946",Wheeling,,http://www.metmuseum.org/art/collection/search/9116,
7171,True,The American Wing,1946.0,Sauce dish,Sauce Dish,American,Maker,"Challinor, Taylor and Company",1866–1891,1870–90,1870,"Gift of Mrs. Emily Winthrop Miles, 1946",Tarentum,,http://www.metmuseum.org/art/collection/search/7171,
344600,False,Drawings and Prints,1965.0,Book,Stencil Catalog Cut Stencils for the Use of Practical Men,,Author,Alabastine Company,"Grand Rapids, Michigan",ca. 1900,1895,"The Elisha Whittelsey Collection, The Elisha Whittelsey Fund, 1965",New York|Grand Rapids,Books,http://www.metmuseum.org/art/collection/search/344600,
344132,False,Drawings and Prints,1926.0,Book,[Set of designs for knife handles],,Artist,Michiel Le Blon,"German, 1587–1656 Amsterdam",17th century,1600,"Harris Brisbane Dick Fund, 1925",Amsterdam,Books,http://www.metmuseum.org/art/collection/search/344132,
626153,False,Drawings and Prints,1947.0,Print ornament & architecture,"Mars, from Deorum Dearumque Capita : ex vetustis numismatibus in gratiam antiquitatis studiosorum effigiata et edita",,Publisher|Artist,Philips Galle|Hans Vredeman de Vries,"Netherlandish, Haarlem 1537–1612 Antwerp|Netherlandish, Leeuwarden 1527–1606 (?)  Antwerp (?)",1573,1573,"Harris Brisbane Dick Fund, 1947",Antwerp,Ornament & Architecture|Prints,http://www.metmuseum.org/art/collection/search/626153,
345728,False,Drawings and Prints,1925.0,Book,Annotationes in Legem II. De Captivis et postliminio reversis.,,Author|Illustrator|Artist|Printer|Printer,Lazarus Bayfius|Conrad Schnitt|Master CS|Hieronymus Froben|Nikolaus Episcopius,"|German, active 1517–1541|German, 16th century|Swiss, 1528–1563|Swiss, 1529–1564",1537,1537,"Harris Brisbane Dick Fund, 1925",Basel,Books,http://www.metmuseum.org/art/collection/search/345728,
434870,False,Drawings and Prints,1953.0,Print collection ornament & architecture,"Two friezes with male figures fighting lions at top and with a bull hunt at bottom, from Frises, feuillages et ornements à l'italienne, plate 6",,Artist|Publisher,Jean Le Pautre|Pierre Mariette le fils,"French, Paris 1618–1682 Paris|French, Paris 1634–1716 Paris",17th century,1633,"Harris Brisbane Dick Fund, 1953",Paris,Prints|Ornament & Architecture,http://www.metmuseum.org/art/collection/search/434870,
14468,False,The American Wing,1992.0,Wallpaper,Wallpaper,American,Maker,Robert Graves & Co.,"American, Brooklyn, New York",ca. 1880–90,1877,"Gift of Robert Tuggle, 1992",New York,,http://www.metmuseum.org/art/collection/search/14468,
656018,False,Drawings and Prints,1947.0,Print,Tiger Taking the Water,,Publisher|Artist|Artist,Henry G. Bohn|Thomas Landseer|Sir Charles D'Oyly,"|British, London 1795–1880 London|British (born India), Murshidabad 1781–1845 Florence",1853,1853,"Harris Brisbane Dick Fund, 1947",London,Prints,http://www.metmuseum.org/art/collection/search/656018,
350421,False,Drawings and Prints,1964.0,Book,"The Lighting of Hotels, Cafés, and Clubs",,Author,General Electric Lighting Co.,"Harrison, New Jersey",November 1911,1911,"The Elisha Whittelsey Collection, The Elisha Whittelsey Fund, 1964",Schenectady,Books,http://www.metmuseum.org/art/collection/search/350421,
20191,False,The American Wing,2018.0,Pitcher,Pitcher,American,Manufacturer|Decorator|Manufacturer,Rookwood Pottery Company|Laura A. Fry|Cincinnati Pottery Club,"American, Cincinnati, Ohio 1880–1967|1857–1943|1879–1882",1881,1881,"Gift of Robert A. Ellison Jr., 2018",Cincinnati,,http://www.metmuseum.org/art/collection/search/20191,
377250,True,Drawings and Prints,1917.0,Print,Poetry,,Engraver|Artist|Publisher,Francesco Bartolozzi|Angelica Kauffmann|Thomas Tomkins,"Italian, Florence 1728–1815 Lisbon|Swiss, Chur 1741–1807 Rome|British, 1743–1816 London","May 18, 1793",1793,"Harris Brisbane Dick Fund, 1917",London,Prints,http://www.metmuseum.org/art/collection/search/377250,
7173,False,The American Wing,1946.0,Sauce dish,Sauce Dish,American,Maker,"Challinor, Taylor and Company",1866–1891,1870–90,1870,"Gift of Mrs. Emily Winthrop Miles, 1946",Tarentum,,http://www.metmuseum.org/art/collection/search/7173,
372920,False,Drawings and Prints,1941.0,Book ; Ornament and Architecture,"The civil architecture of Vitruvius. Comprising those books of the author which relate to the public and private edifices of the ancients. With an introduction, containing an historical view of the rise and progress of architecture amongst the Greeks (De architectura)",,Author|Translator|Printer|Author|Dedicatee|Engraver|Engraver|Publisher,"Marcus Pollio Vitruvius|William Wilkins|Thomas Davison|George Hamilton-Gordon, 4th Earl of Aberdeen|George Hamilton-Gordon, 4th Earl of Aberdeen|Wilson Lowry|Samuel Porter|Longman, Hurst, Rees, Orme and Brown","Roman, active late 1st century BCE|British, 1778–1839|London|British, Edinburgh, Scotland 1784–1860 London|British, Edinburgh, Scotland 1784–1860 London|British, Whitehaven, Cumbria 1762–1824 London|British, active 19th century|",1812–17,1812,"Bequest of W. Gedney Beatty, 1941",London,Books|Ornament & Architecture,http://www.metmuseum.org/art/collection/search/372920,
17560,True,The American Wing,2003.0,Sundial,Sundial,American,Maker,Isaac Johnson,,1731,1731,"Purchase, Anna Glen B. Vietor Gift, in memory of her husband, Alexander Orr Vietor, 2003",New York,,http://www.metmuseum.org/art/collection/search/17560,Sundials
746262,False,Drawings and Prints,1944.0,Book Print Ornament & Architecture,Ornamental designs with stylized flowers and leaves,,Designer|Publisher|Lithographer|Designer,Mme. Pointis|Fleury Chavant|Georges Schlatter|Herault,"French, 19th Century|French, 19th century|French|French, 19th Century",[after 1844],1844,"Gift of Edith P. Blase, 1944",Paris,Books|Prints|Ornament & Architecture,http://www.metmuseum.org/art/collection/search/746262,
383279,False,Drawings and Prints,2008.0,Print,Tomb and Medals of Gregory XIII,,Sitter|Artist,Pope Gregory XIII|Matthaeus Greuter,"Italian, Bologna 1502–1585 Rome|German, Strassburg ca. 1566–1638 Rome",1630,1630,"Purchase, Bequest of W. Gedney Beatty, by exchange, 2008",Rome,Prints,http://www.metmuseum.org/art/collection/search/383279,
491091,False,Modern and Contemporary Art,1943,Textile sample,Sample,American,Maker|Maker,Louis A. Stirn|Edmund A. Stirn,"American (born Germany), Frankfurt-am-Main 1863–1962 Staten Island, New York|American (born Germany ?), 1868– (?)",1925,1925,"Gift of Miss M. K. Overbeck, 1943",New York,Textiles-Printed,http://www.metmuseum.org/art/collection/search/491091,
346663,False,Drawings and Prints,1958.0,Book,Seem-so's,,Artist|Publisher,L. J. (Lewis Jesse) Bridgman|H. M. Caldwell Co.,"American, 1857–1931|New York, NY",1906,1906,"Gift of Janet S. Byrne, 1958",New York,Books,http://www.metmuseum.org/art/collection/search/346663,
9849,False,The American Wing,1972.0,Stained glass window,"Window from the J. C. Cross House, Minneapolis, Minnesota",American,Manufacturer|Designer,"Purcell, Feick and Elmslie|George Grant Elmslie","1909–13|American, Aberdeenshire 1871–1952 Chicago, Illinois",1911,1911,"Gift of Roger G. Kennedy, 1972",Minneapolis,,http://www.metmuseum.org/art/collection/search/9849,
5361,True,The American Wing,1933.0,Cann,Cann,American,Maker,Jonathan Otis,1723–1791,1760–85,1760,"Bequest of Alphonso T. Clearwater, 1933",Newport|Middletown,,http://www.metmuseum.org/art/collection/search/5361,
427133,False,Drawings and Prints,1967.0,Print,A horse-drawn cart with three Russian peasants,,Publisher|Artist,"Joseph Dickinson|Anonymous, Russian, 19th century",London|,1821,1821,"The Elisha Whittelsey Collection, The Elisha Whittelsey Fund, 1967",London,Prints,http://www.metmuseum.org/art/collection/search/427133,
887874,False,Drawings and Prints,1949,Print Ornament & Architecture,Flemish Grotesque with Venus in a Cart,,Publisher|Artist,Hieronymus Cock|Cornelis Floris II,"Netherlandish, Antwerp ca. 1510–1570 Antwerp|Netherlandish, Antwerp before 1514–1575 Antwerp",1552,1545,"The Elisha Whittelsey Collection, The Elisha Whittelsey Fund, 1949",Antwerp,Albums|Prints|Ornament & Architecture,http://www.metmuseum.org/art/collection/search/887874,
505118,False,Musical Instruments,1976,Svirale (Dvojnice),Svirale (Dvojnice),Eastern European (Croatian),Maker,Milan Komazec Savin,"Croatian, 19th century",1937,1937,"The Crosby Brown Collection of Musical Instruments, by exchange with The New York Public Library, 1976.",Zegar-Obrovac-Benkovac,Aerophone-Whistle Flute-whistle flute,http://www.metmuseum.org/art/collection/search/505118,
670005,False,Drawings and Prints,1952.0,Print,"Ancien Temple de la Déesse de la Toux auprès de Tivoli, from Recueil de divers Monumens Anciens répandus en plusieurs endroits de L'Italie",,Printer|Publisher|Artist|Etcher,Giunchi Heritiers de Komarek|Bouchard & Gravier|Jean Barbault|Dominico Montagu,"|Rome|French, Viarmes 1718–1762 Rome|Italian, active Rome, ca. 1750–76",1770,1770,"Rogers Fund, 1952",Rome,Prints,http://www.metmuseum.org/art/collection/search/670005,
390620,True,Drawings and Prints,1920.0,Drawing Ornament and Architecture,"Cabinet, from Chippendale Drawings, Vol. II",,Artist,Thomas Chippendale,"British, baptised Otley, West Yorkshire 1718–1779 London",1754,1754,"Rogers Fund, 1920",London,Drawings|Ornament & Architecture,http://www.metmuseum.org/art/collection/search/390620,Cabinets
345311,False,Drawings and Prints,1949.0,Book,Catalogue of Carriages,,Author,Bail Jeune Freres,,n.d.,1680,"The Elisha Whittelsey Collection, The Elisha Whittelsey Fund, 1949",Paris,Books,http://www.metmuseum.org/art/collection/search/345311,
345447,False,Drawings and Prints,1949.0,Book,Esequie Reali alla Catt. Maesta del Re Filippo IV Celebrate in Milano alli 17 Decembre 1665.,,Author|Designer|Dedicatee|Author|Printer|Etcher|Engraver,Giovanni Battista Barella|Giovanni Ambrogio Pessina|Luigi de Guzman Ponce de Leon|Gerolamo Stampa|Marc' Antonio Pandolfo Malatesta|Simone Durelli|Bianchi,"Italian, 1631–1687|Italian, active 17th century|Italian, active 17th century|Italian, active 17th century| |Italian, active 1660–1704|Italian, active 17th century",1665,1665,"The Elisha Whittelsey Collection, The Elisha Whittelsey Fund, 1949",Milan,Books,http://www.metmuseum.org/art/collection/search/345447,
628837,False,Drawings and Prints,1948.0,Print ornament & architecture,"Scene with a goddess on a throne, set in a frame and surrounded by grotesques, from Grottesco: in diversche manieren",,Artist|Artist|Artist|Publisher,Hans Vredeman de Vries|Johannes van Doetecum I|Lucas van Doetecum|Gerard de Jode,"Netherlandish, Leeuwarden 1527–1606 (?)  Antwerp (?)|Netherlandish, 1528/32–1605|Netherlandish, active 1554–72, died before 1589|Netherlandish, 1509/17–1591",ca. 1565–71,1565,"The Elisha Whittelsey Collection, The Elisha Whittelsey Fund, 1948",Antwerp,Prints|Ornament & Architecture,http://www.metmuseum.org/art/collection/search/628837,
8024,True,The American Wing,1928.0,Sugar Bowl,Sugar Bowl,American,Maker|Maker,Joel Sayre|John Sayre,1778–1818|1771–1852,ca. 1800,1797,"Gift of Miss Annie-May Hegeman, 1928",New York,,http://www.metmuseum.org/art/collection/search/8024,
345299,False,Drawings and Prints,1990.0,Book,Bresdin to Redon. Six Letters 1870 to 1881,,Editor|Illustrator|Publisher|Sitter|Sitter,Roseline Bacou|Leonard Baskin|Gehenna Press|Odilon Redon|Rodolphe Bresdin,"French, 1923–2013|American, New Brunswick, New Jersey 1922–2000 Northampton, Massachusetts|American, Northampton, Massachusetts|French, Bordeaux 1840–1916 Paris|French, Montrelais 1822–1885 Sèvres",1969,1969,"John B. Turner Fund, 1990",Norhampton,Books,http://www.metmuseum.org/art/collection/search/345299,
503203,False,Musical Instruments,1982,Ūd,Ūd,Egyptian,Maker,Les fils de Gamil Georges,Egyptian,1977,1977,"Gift of Mrs. Harold H. Krechmer, in memory of her husband, Harold H. Krechmer, 1982",Cairo,Chordophone-Lute-plucked-unfretted,http://www.metmuseum.org/art/collection/search/503203,
503668,False,Musical Instruments,2003,Pedal Harpsichord,Pedal Harpsichord,American,Maker,John Challis,"American, South Lyon, Michigan 1907–1974 New York City",1967,1967,"Purchase, Murtogh D. Guinness Bequest, 2003",New York,Chordophone-Zither-plucked-harpsichord,http://www.metmuseum.org/art/collection/search/503668,
505185,True,Musical Instruments,1889,Solophon,Solophon,German,Maker,Becker,,late 19th century,1880,"The Crosby Brown Collection of Musical Instruments, 1889",Markneukirchen,Chordophone-Zither-bowed,http://www.metmuseum.org/art/collection/search/505185,
552,True,The American Wing,1985.0,Bonnet,Bonnet,"American, Shaker",Maker,United Society of Believers in Christ’s Second Appearing (“Shakers”),"American, active ca. 1750–present",1800–1900,1800,"Gift of Mrs. G. James Fawcett, in memory of John S. Rudd, 1985",New Lebanon,,http://www.metmuseum.org/art/collection/search/552,
3626,True,The American Wing,1946.0,Finger bowl,Hobnail Finger Bowl,American,Maker,"Hobbs, Brockunier and Company",1863–1891,after 1886,1887,"Gift of Mrs. Emily Winthrop Miles, 1946",Wheeling,,http://www.metmuseum.org/art/collection/search/3626,
344746,False,Drawings and Prints,1946.0,Book,'El Sol Eclypsado ...' (Mexico City 1701),,Author|Publisher|Artist,Agustín de Mora Alferez|Juan José G. Carrascoso|Antonio de Castro,"Mexican, 18th century| |Mexican, active ca. 1700",1701,1701,"Harris Brisbane Dick Fund, 1946",Mexico City,Books,http://www.metmuseum.org/art/collection/search/344746,
381579,False,Drawings and Prints,1972.0,Print,"Perspective of the summer residence for Mr. Harold McCormick, Lake Forest, Illinois",,Architect|Publisher,Frank Lloyd Wright|Ernst Wasmuth,"American, Richland Center, Wisconsin 1867–1959 Phoenix, Arizona|Berlin",1910,1910,"Purchase, Emily Crane Chadbourne Bequest, 1972",Berlin,Prints,http://www.metmuseum.org/art/collection/search/381579,
433005,False,Drawings and Prints,1933.0,Print collection ornament & architecture,"Three friezes with putti, rinceaux, and with a cornucopia at center, from Frises, feuillages et ornements, plate 3, bound in Oeuvres. Vol. IV",,Artist|Publisher,Jean Le Pautre|Pierre Mariette le fils,"French, Paris 1618–1682 Paris|French, Paris 1634–1716 Paris",17th century,1633,"Harris Brisbane Dick Fund, 1933",Paris,Prints|Ornament & Architecture,http://www.metmuseum.org/art/collection/search/433005,
644515,False,Drawings and Prints,1948.0,Print,"Offering to the god Priapus, bound in L'Oeuvre original de Vivant Denon. Collection de eaux-fortes, Volume 2",,Artist|Publisher,baron Dominique Vivant Denon|A. Barrand,"French, Givry 1747–1825 Paris|",1873,1873,"Harris Brisbane Dick Fund, 1948",Paris,Books,http://www.metmuseum.org/art/collection/search/644515,
714224,False,The American Wing,2016.0,"Woodcut, print",Nabby's Point,American,Artist,Arthur Wesley Dow,"American, Ipswich, Massachusetts 1857–1922 New York State",ca. 1913,1913,"Gift of the Dowd-Gallogly Family and Allan E. Dowd, 2016",Ipswich,,http://www.metmuseum.org/art/collection/search/714224,Abstraction
690483,False,Drawings and Prints,1934.0,Book,"The Artist's Repository, or Encyclopedia of Fine Arts",,Publisher,Charles Taylor,"British, Shenfield, Essex 1756–1823 London",1813,1813,"Harris Brisbane Dick Fund, 1934",London,Books,http://www.metmuseum.org/art/collection/search/690483,
785214,False,The American Wing,2018.0,Tureen,Covered sauce tureen,French,Manufacturer|Retailer,"G. Baruch Weil|Airé & Cie, Paris","1799–1828 Paris, France|",ca. 1801–04,1796,"Gift of Page Williams Dwyer, 2018",Paris,,http://www.metmuseum.org/art/collection/search/785214,
688131,False,Drawings and Prints,1941.0,Book ; periodical,"La Caricature, numbers 53–78",,Author|Publisher,Charles Philipon|Aubert et Cie,"French, Lyons 1800–1862 Paris|","November 5, 1831–April 26, 1832",1831,"Harris Brisbane Dick Fund, 1941",Paris,Books|Periodicals,http://www.metmuseum.org/art/collection/search/688131,
4874,True,The American Wing,1910.0,Looking glass,Looking Glass,American,Maker,John Doggett,1780–1857,1810–20,1810,"Gift of Mrs. Russell Sage, 1909",Roxbury,,http://www.metmuseum.org/art/collection/search/4874,
7148,True,The American Wing,1967.0,Sauce dish,Sauce Dish,American,Maker,Boston & Sandwich Glass Company,"American, 1825–1888, Sandwich, Massachusetts",before 1867,1857,"Funds from various donors, 1967",Sandwich,,http://www.metmuseum.org/art/collection/search/7148,
347149,False,Drawings and Prints,1932.0,Book,Carriage Builders' and Harness Makers' Art Journal,,Publisher,Frederick Tallis,"British, London",ca. 1859,1854,"Harris Brisbane Dick Fund, 1932",London,Books,http://www.metmuseum.org/art/collection/search/347149,
381741,False,Drawings and Prints,1972.0,Print,"Perspective and plans for the suburban dwelling of Mr. Warren F. Hickox, Kankakee, Illinois",,Architect|Publisher|Draftsman,Frank Lloyd Wright|Ernst Wasmuth|Marion Mahony Griffin,"American, Richland Center, Wisconsin 1867–1959 Phoenix, Arizona|Berlin|American, 1871–1962",ca. 1922,1910,"Purchase, Emily Crane Chadbourne Bequest, 1972",Berlin,Prints,http://www.metmuseum.org/art/collection/search/381741,
347222,False,Drawings and Prints,1962.0,Book,Catalogue and Price List of Stereoscopes and Stereoscopic Views,,Author,"T. H. McAllister, Philadelphia, Pennsylvania",,1860s,1860,"The Elisha Whittelsey Collection, The Elisha Whittelsey Fund, 1962",Philadelphia,Books,http://www.metmuseum.org/art/collection/search/347222,
348713,False,Drawings and Prints,1925.0,Book,La Vita de Philosophi,,Author|Publisher,Laertius Diogenes|Ser Piero Pacini da Pescia,"Roman, active 3rd century CE|Italian, active Florence ca. 1495-1514","February 22, 1505",1505,"Harris Brisbane Dick Fund, 1925",Florence,Books,http://www.metmuseum.org/art/collection/search/348713,
778077,False,Drawings and Prints,1949.0,Print,Cybele crowned with a tower riding a chariot drawn by a pair of lions,,Artist|Artist|Publisher|Artist,Jacopo Tintoretto (Jacopo Robusti)|Silvestro Manaigo|Domenico Lovisa|Andrea Zucchi,"Italian, Venice 1518/19–1594 Venice|Italian, Venice ca. 1670–ca. 1734 Venice| |Italian, Venice 1679–1740 Dresden",ca. 1720,1715,"The Elisha Whittelsey Collection, The Elisha Whittelsey Fund, 1949",Venice,Prints,http://www.metmuseum.org/art/collection/search/778077,
506826,True,Musical Instruments,2017,Guitar,Guitar,American,Maker,Christian Frederick Martin,"Markneukirchen, Saxony 1796–1873 Nazareth, Pennsylvania",ca. 1837,1832,"Gift of Peter Szego, in celebration of the Museum's 150th Anniversary, 2017",New York,Chordophone-Lute-plucked-fretted,http://www.metmuseum.org/art/collection/search/506826,
311589,False,"Arts of Africa, Oceania, and the Americas",1978.0,Male figure,Male Figure,Asmat people,Artist,Chief Warsekomen,,mid-20th century,1900,"The Michael C. Rockefeller Memorial Collection; Gift of Nelson A. Rockefeller and Mrs. Mary C. Rockefeller, 1965",Sjuru village,Wood-Sculpture,http://www.metmuseum.org/art/collection/search/311589,Men
343927,False,Drawings and Prints,1964.0,Book,Das Königliche Böhmische Crönungs-Ceremoniel,,Publisher,Christoph Riegel,German,1723,1723,"The Elisha Whittelsey Collection, The Elisha Whittelsey Fund, 1963",Frankfurt/ Leipzig,Books,http://www.metmuseum.org/art/collection/search/343927,
347500,False,Drawings and Prints,1947.0,Book,Les Marques d'Honneur de la Maison de Tassis,,Artist|Engraver|Artist|Publisher|Engraver|Engraver|Author|Engraver,Wenceslaus Hollar|Cornelis Galle II|Nicolaas van der Horst|Balthasar Moretus|Michael Noël Natalis|Paulus Pontius|Jules Chifflet|Pieter de Jode II,"Bohemian, Prague 1607–1677 London|Flemish, Antwerp 1615–1678 Antwerp|Flemish, Antwerp 1587/98–1646 Brussels| |Dutch, Liège 1611–1668 Liège|Flemish, Antwerp 1603–1658 Antwerp|French, 1615–1676|Flemish, 1606–ca. 1674",1645,1645,"Harris Brisbane Dick Fund, 1947",Antwerp,Books,http://www.metmuseum.org/art/collection/search/347500,
746712,False,Drawings and Prints,1944.0,Book Print Ornament & Architecture,"Ornamental design with scrolling motifs decorated with stripes, zig-zagging lines, lozenges, and rosettes",,Designer|Lithographer|Publisher,Vasselon|Georges Schlatter|Fleury Chavant,"French (?), 19th Century|French|French, 19th century",[after 1844],1844,"Gift of Edith P. Blase, 1944",Paris,Books|Prints|Ornament & Architecture,http://www.metmuseum.org/art/collection/search/746712,
346875,False,Drawings and Prints,1965.0,Book,Little Lord Fauntleroy,,Author|Illustrator|Publisher,Frances Hodgson Burnett|Reginald Bathurst Birch|Charles Scribner's Sons,"American, Manchester, England 1849–1924 Plandome Manor, New York|American, London 1856–1943 New York|New York, NY",1887,1887,"Gift of Fairchild Bowler, 1965",New York,Books,http://www.metmuseum.org/art/collection/search/346875,
430669,False,Drawings and Prints,1933.0,Print collection ornament & architecture,"Title Page, from Lambris à la romaine, plate 1, bound in Oeuvres. Vol. I",,Publisher|Artist,Pierre Mariette le fils|Jean Le Pautre,"French, Paris 1634–1716 Paris|French, Paris 1618–1682 Paris",published 1661,1661,"Harris Brisbane Dick Fund, 1933",Paris,Prints|Ornament & Architecture,http://www.metmuseum.org/art/collection/search/430669,
431693,False,Drawings and Prints,1933.0,Print collection ornament & architecture,"Fountain with two river gods with dolphins at top, from Fontaines ou jets d'eau à l'italienne, plate 4, bound in Oeuvres. Vol. II",,Artist|Publisher,Jean Le Pautre|Pierre Mariette le fils,"French, Paris 1618–1682 Paris|French, Paris 1634–1716 Paris",published 1661,1661,"Harris Brisbane Dick Fund, 1933",Paris,Prints|Ornament & Architecture,http://www.metmuseum.org/art/collection/search/431693,
9373,False,The American Wing,1964.0,Vase,Vase,American,Maker,Quezal Art Glass and Decorating Company,1901–ca. 1924,1902–18,1902,"Rogers Fund, 1964",New York,,http://www.metmuseum.org/art/collection/search/9373,
660646,True,Drawings and Prints,1921.0,Books Prints Ornament & Architecture,"Splendore delle virtuose giovani, page 2 (verso)",,Designer|Publisher,Iseppo Foresto|Jeronimo Calepino,"Italian, active Venice, 1557|",1564,1564,"Rogers Fund, 1921",Venice,Books|Prints|Ornament & Architecture,http://www.metmuseum.org/art/collection/search/660646,Grapes|Female Nudes|Peacocks|Leaves|Vases
381462,False,Drawings and Prints,1972.0,Print,"Plans of a city dwelling for W. R. Heath, Buffalo, New York",,Architect|Publisher,Frank Lloyd Wright|Ernst Wasmuth,"American, Richland Center, Wisconsin 1867–1959 Phoenix, Arizona|Berlin",1910,1910,"Purchase, Emily Crane Chadbourne Bequest, 1972",Berlin,Prints,http://www.metmuseum.org/art/collection/search/381462,
771908,True,Drawings and Prints,1953.0,Print,Landscape with Temple,,Artist and publisher|Artist,Joseph Wagner|Charles Louis Clérisseau,"Italian, Thalendorf 1706–1780 Venice|French, Paris 1721–1820 Auteuil",ca. 1750–70,1745,"Harris Brisbane Dick Fund, 1953",Venice,Prints,http://www.metmuseum.org/art/collection/search/771908,
630127,False,Drawings and Prints,1945.0,Print,"Vendor of Grain Sifters, from Di Bologna l'Arti per via D'An.ibal' Ca.rac, plate 26",,Artist|Artist|Publisher|Printer,Giuseppe Maria Mitelli|Annibale Carracci|Giovanni Giacomo De Rossi|La Calcografia Camerale,"Italian, Bologna (?) 1634–1718 Bologna|Italian, Bologna 1560–1609 Rome|Italian, Rome 1627–1691 Rome|",printed 1740,1740,"Harris Brisbane Dick Fund, 1945",Rome,Prints,http://www.metmuseum.org/art/collection/search/630127,
746932,False,Drawings and Prints,1944.0,Book Print Ornament & Architecture,Ornamental designs with thin bundles and garlands of flowers and leaves,,Publisher|Designer|Lithographer,Fleury Chavant|Séraphin|Georges Schlatter,"French, 19th century|French (?), 19th Century|French",[after 1844],1844,"Gift of Edith P. Blase, 1944",Paris,Books|Prints|Ornament & Architecture,http://www.metmuseum.org/art/collection/search/746932,
788035,False,Drawings and Prints,1933.0,"Print, Ornament & Architecture",Plate 6: Landscape with Animals,,Artist,Georg Hermann,"German, born Ansbach, 1579",1595,1595,"Harris Brisbane Dick Fund, 1933",Ansbach,Prints|Ornament & Architecture,http://www.metmuseum.org/art/collection/search/788035,
2756,True,The American Wing,1946.0,Cruet,Hobnail Cruet,American,Maker,"Hobbs, Brockunier and Company",1863–1891,after 1886,1887,"Gift of Mrs. Emily Winthrop Miles, 1946",Wheeling,,http://www.metmuseum.org/art/collection/search/2756,
432636,False,Drawings and Prints,1933.0,Print collection ornament & architecture,"Two elements of carriage decoration, the one at left depicting Diana the Huntress, from Dessins pour embellir les carrosses, plate 2, bound in Oeuvres. Vol. III",,Artist|Publisher,Jean Le Pautre|Pierre Mariette le fils,"French, Paris 1618–1682 Paris|French, Paris 1634–1716 Paris",17th century,1633,"Harris Brisbane Dick Fund, 1933",Paris,Prints|Ornament & Architecture,http://www.metmuseum.org/art/collection/search/432636,
427899,False,Drawings and Prints,1961.0,Prints Collection Ornament & Architecture,"Copy of Design for a Vase with the Crowned Escutcheon of Great Britain, from Vasses de la Maison Royalle de L'oo",,Artist|Publisher,Daniel Marot the Elder|Benthemensus,"French, Paris 1661–1752 The Hague|",after 1703,1703,"The Elisha Whittelsey Collection, The Elisha Whittelsey Fund, 1961",Amsterdam,Prints|Ornament & Architecture,http://www.metmuseum.org/art/collection/search/427899,
368497,False,Drawings and Prints,1941.0,Book,M. Vitruvii Pollionis De Architectura Libri Decem,,Author|Publisher|Author|Author,Marcus Pollio Vitruvius|Jean de Tournes|Guillaume Philander|Giorgio Agricola,"Roman, active late 1st century BCE|French, 1504–1564|French, 1505–1565|German, 1494–1555",1586,1586,"Bequest of W. Gedney Beatty, 1941",Lyon,Books,http://www.metmuseum.org/art/collection/search/368497,
692418,False,Islamic Art,2016.0,Ceramic panel,Broken II,,Artist,Burçak Bingöl,"Turkish, born Görele, Turkey, 1976",2013,2013,"Gift of Monika McLennan, 2016",Istanbul,Ceramics,http://www.metmuseum.org/art/collection/search/692418,
715517,True,The American Wing,2020.0,Mug,Mug,American,Maker,Volkmar Ceramic Company,ca.1893–ca.1902,1899,1899,"Gift of Martin Eidelberg, 2020",New York City,,http://www.metmuseum.org/art/collection/search/715517,Portraits|Women
349484,False,Drawings and Prints,1940.0,Book,L'uso della squadra mobile,,Author|Publisher,Ottavio Fabri|Andrea Gattella,|Italian,1670,1670,"Harris Brisbane Dick Fund, 1940",Padua,Books,http://www.metmuseum.org/art/collection/search/349484,
349751,False,Drawings and Prints,1963.0,Book,"Decimus Junius Juvenalis, and Aulus Persius Flaccus",,Translator|Printer|Publisher|Author|Author,"Barten Holyday|W. Downing|F. Oxlad Senior, J. Adams, and F. Oxlad Junior|Decimus Junius Juvenal|Aulus Persius Flaccus","British, Oxford 1593–1661 Iffley|Oxford|Oxford|Aquinum 55/60?–?127/140|Volterra 34–62 Campania",1673,1673,"The Elisha Whittelsey Collection, The Elisha Whittelsey Fund, 1963",Oxford,Books,http://www.metmuseum.org/art/collection/search/349751,
434255,False,Drawings and Prints,1953.0,Print collection ornament & architecture,"Choir door topped with the Virgin mourning over the dead Christ, from Portes de choeur, plate 4",,Artist|Publisher,Jean Le Pautre|Jean I Leblond,"French, Paris 1618–1682 Paris|French, ca. 1590–1666 Paris",17th century,1633,"Harris Brisbane Dick Fund, 1953",Paris,Prints|Ornament & Architecture,http://www.metmuseum.org/art/collection/search/434255,
18873,False,The American Wing,2005.0,Knife,Cake Knife,American,Retailer|Maker,"Ball, Black & Co.|John R. Wendt","American, New York, 1851–1874|1826–1907",ca. 1865,1862,"Gift of David Allen Hanks, in memory of Elizabeth Dixon Hanks, 2005",New York,,http://www.metmuseum.org/art/collection/search/18873,
712238,False,Drawings and Prints,1937.0,Book Prints Ornament & Architecture,Huitième Cahier du Recueil d'Ornemens. Plafond d'Entre Colonnement au Temple de Jupiter Tonnant. (Ceiling Decoration between the Columns of the Temple of Jupiter in Rome).,,Draftsman|Etcher|Publisher|Draftsman,R. L|Elisabeth Brinclaire|Jacques François Chereau|Richard de Lalonde,"French, active Paris, ca. 1778|French, born Paris, 1751|French, Paris 1742–1794 Paris|French, active Paris, 1780–90",ca. 1778–1782,1773,"Harris Brisbane Dick Fund, 1937",Paris,Books|Prints|Ornament & Architecture,http://www.metmuseum.org/art/collection/search/712238,
491121,False,Modern and Contemporary Art,1943,Textile sample,Sample,American,Maker|Maker,Louis A. Stirn|Edmund A. Stirn,"American (born Germany), Frankfurt-am-Main 1863–1962 Staten Island, New York|American (born Germany ?), 1868– (?)",1925,1925,"Gift of Miss M. K. Overbeck, 1943",New York,Textiles-Printed,http://www.metmuseum.org/art/collection/search/491121,
412742,False,Drawings and Prints,1949.0,Print collection ornament & architecture,"Prosperity, from Livre de Cartouches (Book of Cartouches), plate 7",,Artist|Publisher|Artist,François Boucher|Gabriel Huquier|Gabriel Huquier,"French, Paris 1703–1770 Paris|French, Orléans 1695–1772 Paris|French, Orléans 1695–1772 Paris",1730–70,1730,"The Elisha Whittelsey Collection, The Elisha Whittelsey Fund, 1949",Paris,Prints|Ornament & Architecture,http://www.metmuseum.org/art/collection/search/412742,
452183,true,Islamic Art,1970.0,Folio from an illustrated manuscript,"""Bahram Chubina Slays the Lion-Ape"", Folio 715v from the Shahnama (Book of Kings) of Shah Tahmasp",,Artist|Artist|Author,Mir Musavvir|Qasim ibn 'Ali|Abu'l Qasim Firdausi,"Iranian, active ca. 1525–55|Iranian, active ca. 1525–60|Iranian, Paj ca. 940/41–1020 Tus",ca. 1530–35,1505,"Gift of Arthur A. Houghton Jr., 1970",Tabriz,Codices,http://www.metmuseum.org/art/collection/search/452183,Kings|Men|Horses
6907,true,The American Wing,1896.0,Roundel,Roundel,American,Designer|Maker,Louis C. Tiffany|Tiffany Glass and Decorating Company,"American, New York 1848–1933 New York|American, 1892–1902",1893–96,1893,"Gift of H. O. Havemeyer, 1896",New York,,http://www.metmuseum.org/art/collection/search/6907,Flowers
13598,True,The American Wing,1917.0,Coverlet,Coverlet,American,Maker,Nancy Parker,1749–1848,1814,1814,"Rogers Fund, 1917",Decatur,,http://www.metmuseum.org/art/collection/search/13598,
826741,False,Drawings and Prints,1943.0,Print,George Rudolph Weckerlin,,Artist|Engraver|Sitter,Daniel Mytens I|William Faithorne the Elder|George Rudolph Weckerlin,"Dutch (Flemish origin), Delft ca. 1590–ca. 1647 The Hague (?)|British, London ca. 1620–1691 London|German, 1584–1653",1653 or after,1653,"Harris Brisbane Dick Fund, 1942",London,Prints,http://www.metmuseum.org/art/collection/search/826741,
347568,False,Drawings and Prints,1924.0,Book,"The Entertaining History of King Philip's War, which began in the month of June 1765: As also of Expeditions more lately made against the Common Enemy, and Indian Rebels, in the Eastern Parts of New England...",,Subject|Publisher|Engraver|Sitter|Sitter|Author|Author|Author,"Thomas Jefferson McKee|Solomon Southwick|Paul Revere Jr.|Benjamin Church|Philip, Sachem of the Wampanoags|Thomas Church|Benjamin Church|Ezra Stiles","American, 1840–1899|Newport, Rhode, Island|American, Boston, Massachusetts 1734–1818 Boston, Massachusetts|American, 1639–1718|American, 1640–1676|American, 1674–1746|American, 1639–1718|American, North Haven, Connecticut 1727–1795 New Haven, Connecticut",1772,1772,"Bequest of Charles Allen Munn, 1924",Newport,Books,http://www.metmuseum.org/art/collection/search/347568,
777866,False,Drawings and Prints,1924.0,Print,"Portrait of Marco Antonio de Dominis, Archbishop of Spalatro",,Sitter|Artist|Artist,"Marco Antonio de Dominis, Archbishop of Spalatro|William Skelton|Jacopo Tintoretto (Jacopo Robusti)","British, 1566–1624|British, London 1763–1848 London|Italian, Venice 1518/19–1594 Venice",1778–1848,1778,"Gift of Georgiana W. Sargent, in memory of John Osborne Sargent, 1924",Paris,Prints,http://www.metmuseum.org/art/collection/search/777866,
349334,False,Drawings and Prints,1933.0,Book,Historiale Beschrÿvinghe der Goudtrÿcke Landen in Chile ende Arauco...,,Author,Don Alonso di Ercilla,"Spanish, 1533–1594",1619,1619,"Gift of Charles F. Stehlen, 1933",Rotterdam,Books,http://www.metmuseum.org/art/collection/search/349334,
433287,False,Drawings and Prints,1933.0,Print collection ornament & architecture,"Panel with a view of a city attack in a cartouche, from Ornements de panneaux pour l'enrichissement des lambris, plate 5, bound in Oeuvres. Vol. IV",,Artist|Publisher,Jean Le Pautre|Pierre Mariette le fils,"French, Paris 1618–1682 Paris|French, Paris 1634–1716 Paris",published ca. 1656–57,1656,"Harris Brisbane Dick Fund, 1933",Paris,Prints|Ornament & Architecture,http://www.metmuseum.org/art/collection/search/433287,
427052,True,Drawings and Prints,1959.0,Print,"Francesco I d'Este Speaks About his Victories with an Honest Comportment, from L'Idea di un Principe ed Eroe Cristiano in Francesco I d'Este, di Modena e Reggio Duca VIII [...]",,Artist|Author,Bartolomeo Fenice (Fénis)|Domenico Gamberti,|,1659,1659,"The Elisha Whittelsey Collection, The Elisha Whittelsey Fund, 1959",Modena,Prints,http://www.metmuseum.org/art/collection/search/427052,Men|Women
350016,False,Drawings and Prints,1941.0,Book ; Ornament and Architecture,"The Ruins of Palmyra, Otherwise Tedmor, in the Desert",,Author,Robert Wood,"British, 1717–1771",1753,1753,"Bequest of W. Gedney Beatty, 1941",London,Books|Ornament & Architecture,http://www.metmuseum.org/art/collection/search/350016,
416189,False,Drawings and Prints,1985.0,Print,Croquis russes,,Artist|Publisher,"Vasilii Timm|Daziaro, Moscow and St. Petersburg","Russian, 1820–1895|",,1840,"Gift of Weston J. Naef, 1985",Moscow and St. Petersburg,Prints,http://www.metmuseum.org/art/collection/search/416189,
429,True,The American Wing,1980.0,Beaker,Beaker,American,Maker,Myer Myers,1723–1795,1770–90,1770,"Gift of Mr. and Mrs. Louis E. McFadden, 1980",New York,,http://www.metmuseum.org/art/collection/search/429,
343808,False,Drawings and Prints,1943.0,Book,Neues Zieratenbuch den Schreinern Tischlern oder Künstlern und Bildhauern sehr dienstlich,,Author|Publisher,Friedrich Unteutsch|Paulus Fürst,"German, Berlin ca. 1600–1670 Frankfurt am Main|German, 1608–1666",ca. 1650,1645,"Harris Brisbane Dick Fund, 1943",Nuremberg,Books,http://www.metmuseum.org/art/collection/search/343808,
443146,true,Islamic Art,1883.0,Bowl,Bowl,,Maker,Elkington & Co.,"British, Birmingham, 1829–1963",19th century,1800,"Gift of Henry G. Marquand, 1883",Birmingham,Reproductions,http://www.metmuseum.org/art/collection/search/443146,
433907,False,Drawings and Prints,1970.0,Print,"Simeon, from The Twelve Sons of Jacob",,Artist|Artist|Author|Publisher,Jacques de Gheyn II|Karel van Mander I|Dirck Volckertsz Coornhert|Jan Pitten,"Netherlandish, Antwerp 1565–1629 The Hague|Netherlandish, Meulebeke 1548–1606 Amsterdam|Netherlandish, Amsterdam 1519/22–1590 Gouda|Netherlandish, active Amsterdam, 1588–1615",,1584,"Purchase, Estate of Florance Waterbury, 1970",Amsterdam,Prints,http://www.metmuseum.org/art/collection/search/433907,
677865,True,The American Wing,2015.0,Sugar Box,Sugar Box,American,Artist,Simeon Soumaine,baptized 1685–ca. 1750,ca. 1720,1715,"Purchase, Nancy Dunn Revocable Trust Gift, 2015",New York,,http://www.metmuseum.org/art/collection/search/677865,Horses|Coat of Arms
7553,True,The American Wing,1951.0,Slipper chair,Slipper Chair,American,Maker|Maker,John Henry Belter|J. H. Belter & Co.,"American, born Germany 1804-1863 New York|1854–1865",ca. 1855,1852,"Gift of Mr. and Mrs. Lowell Ross Burch and Miss Jean McLean Morron, 1951",New York,,http://www.metmuseum.org/art/collection/search/7553,Grapes
659756,False,Drawings and Prints,1952.0,Print,"Partie du Forum ou Place du Nerva Communement appelée aujourd'huy l'Arco de Pantani, from Les Plus Beaux Monuments de Rome Ancienne ou Recueil des plus beaux Morceaux de l'Antiquité Romaine qui existent encore",,Artist|Publisher|Printer|Engraver,Jean Barbault|Bouchard & Gravier|Giunchi Heritiers de Komarek|Dominico Montagu,"French, Viarmes 1718–1762 Rome|Rome| |Italian, active Rome, ca. 1750–76",1761,1761,"Rogers Fund, 1952",Rome,Prints,http://www.metmuseum.org/art/collection/search/659756,
426434,False,Drawings and Prints,1930.0,Prints Collection Ornament & Architecture,"Le Petit Coté de l'Escallier de Voorts, from Nouveaux Liure de Pintures de Salles et d'Escalliers, part of Œuvres du Sr. D. Marot",,Artist|Publisher,Daniel Marot the Elder|Pierre Husson,"French, Paris 1661–1752 The Hague|",published 1703 or 1712,1703,"Harris Brisbane Dick Fund, 1930",The Hague,Prints|Ornament & Architecture,http://www.metmuseum.org/art/collection/search/426434,
344869,False,Drawings and Prints,1955.0,Book,Catalogue of Silver Plated Hollwware,,Author,American Silver Co.,"Bristol, Connecticut",July 1908,1908,"The Elisha Whittelsey Collection, The Elisha Whittelsey Fund, 1955",Bristol,Books,http://www.metmuseum.org/art/collection/search/344869,
345779,False,Drawings and Prints,1977.0,Book,David Becket: His Book of Bookplates Consisting of 24 Original Designs,,Artist|Publisher|Author,David Becket|Otto Schulze & Company|Arthur Henry Graham Hoggarth,"British, active ca. 1906|Edinburgh|British, 1882–1964",1906,1906,"Mary Martin Fund, 1977",Edinburgh,Books,http://www.metmuseum.org/art/collection/search/345779,
681654,False,Drawings and Prints,1952.0,Print,"D'après l'antique, from Recueil de divers Monumens Anciens répandus en plusieurs endroits de L'Italie",,Artist|Publisher|Printer,Jean Barbault|Bouchard & Gravier|Giunchi Heritiers de Komarek,"French, Viarmes 1718–1762 Rome|Rome|",1770,1770,"Rogers Fund, 1952",Rome,Prints,http://www.metmuseum.org/art/collection/search/681654,
6414,True,The American Wing,1946.0,Plate,Plate,American,Maker,Adams and Company,,1870–90,1870,"Gift of Mrs. Emily Winthrop Miles, 1946",Pittsburgh,,http://www.metmuseum.org/art/collection/search/6414,
679565,False,Drawings and Prints,1952.0,Print,"Vases Cinereres, from Recueil de divers Monumens Anciens répandus en plusieurs endroits de L'Italie",,Artist|Publisher|Printer,Jean Barbault|Bouchard & Gravier|Giunchi Heritiers de Komarek,"French, Viarmes 1718–1762 Rome|Rome|",1770,1770,"Rogers Fund, 1952",Rome,Prints,http://www.metmuseum.org/art/collection/search/679565,
347878,True,Drawings and Prints,1928.0,Book ; Ornament and architecture,"12 plates from 'A New Book of Ornaments with Twelve Leaves Consisting of Chimneys, Sconces, Tables, Spandle Panels, Spring Clock Cases, Stands, a Chandelier and Girandole, etc.'",,Designer|Designer,Henry Copland|Matthias Lock,"British, ca. 1706–1753|British, London ca. 1710–ca. 1765 London","November 13, 1752",1752,"Harris Brisbane Dick Fund, 1928",London,Books|Ornament & Architecture,http://www.metmuseum.org/art/collection/search/347878,Ornament
434274,False,Drawings and Prints,1953.0,Print collection ornament & architecture,The Adoration of the Kings,,Artist|Publisher,Jean Le Pautre|Jean I Leblond,"French, Paris 1618–1682 Paris|French, ca. 1590–1666 Paris",17th century,1633,"Harris Brisbane Dick Fund, 1953",Paris,Prints|Ornament & Architecture,http://www.metmuseum.org/art/collection/search/434274,
407360,True,Drawings and Prints,1933.0,Print,The Death – Fox Hunting – A Landscape Scene,,Artist,Thomas Rowlandson,"British, London 1757–1827 London",1787,1787,"Harris Brisbane Dick Fund, 1933",London,Prints,http://www.metmuseum.org/art/collection/search/407360,Horses|Men|Hunting|Foxes|Landscapes
504259,True,Musical Instruments,2005,Flute,Flute,British,Maker,Rudall & Rose,British,1843,1843,"Purchase, Robert Alonzo Lehman Bequest, 2005",London,Aerophone-Blow Hole-side-blown flute (transverse),http://www.metmuseum.org/art/collection/search/504259,
431516,False,Drawings and Prints,1933.0,Print collection ornament & architecture,"Title Page depicting variants for chapel enclosures, with worshippers entering the open door, from Clôtures de chapelles, plate 1, bound in Oeuvres. Vol. II",,Artist|Publisher,Jean Le Pautre|Pierre Mariette le fils,"French, Paris 1618–1682 Paris|French, Paris 1634–1716 Paris",17th century,1633,"Harris Brisbane Dick Fund, 1933",Paris,Prints|Ornament & Architecture,http://www.metmuseum.org/art/collection/search/431516,
344653,False,Drawings and Prints,1970.0,Book,Ornamenti Diversi Inventati Disegnete ed esequiti...,,Artist|Engraver,Giocondo (Giuseppe) Albertolli|Giacomo Mercoli,"Italian, Bedano 1742–1839 Milan|Italian, 1745–1825",1782,1782,"Gift of Lincoln Kirstein, 1970",Milan,Books,http://www.metmuseum.org/art/collection/search/344653,
372071,False,Drawings and Prints,1941.0,Book,"Des Marcus Vitruvius Pollio Baukunst, aus der Römischen Urschrift übersetzt von August Rode",,Author|Editor|Publisher|Designer|Engraver|Author,Marcus Pollio Vitruvius|Augustus Rode|Georg Joachim Göschen|Jan Fryderyk Knöbel|Ephraim Gottlieb Krüger|Julius Pollux,"Roman, active late 1st century BCE| |German|Polish, active 18th century|German, Dresden 1756–1834 Dresden|Roman, 180–238",1796,1796,"Bequest of W. Gedney Beatty, 1941",Leipzig,Books,http://www.metmuseum.org/art/collection/search/372071,
727929,False,Drawings and Prints,1991.0,Book Prints Ornament & Architecture,"Fleurs (Flowers), Plate 7",,Publisher|Printer|Designer,"Editions ""Synth""|G. Kadar|Serge Gladky","| |French, active 1920–30s",1929,1929,"Jane E. Andrews Fund, in memory of William Loring Andrews, 1943, transfered from the Library (1991.1073.124)",Paris,Books|Prints|Ornament & Architecture,http://www.metmuseum.org/art/collection/search/727929,
2223,True,The American Wing,1969.0,Compote,Compote,American,Maker,Union Porcelain Works,1863–1922,1885,1885,"Gift of Mr. and Mrs. Franklin Chace, 1969",Brooklyn,,http://www.metmuseum.org/art/collection/search/2223,
482076,False,Modern and Contemporary Art,1980.O,Coin,Morgan Dollar,,Artist,George T. Morgan,"British, Birmingham 1845–1925 Philadelphia, Pennsylvania",1921,1921,"Gift of Heinz L. Stoppelmann, 1980","Washington, D. C.",Coins,http://www.metmuseum.org/art/collection/search/482076,
2368,True,The American Wing,1946.0,Dish,Figure Dish,American,Maker,McKee and Brothers,1856–89,1880–90,1880,"Gift of Mrs. Emily Winthrop Miles, 1946",Pittsburgh,,http://www.metmuseum.org/art/collection/search/2368,Turkeys
433909,False,Drawings and Prints,1953.0,Print collection ornament & architecture,"Palace in front of which pass a carriage and horsemen, from Portes cochères à la moderne, plate 2",,Artist|Publisher,Jean Le Pautre|Jean I Leblond,"French, Paris 1618–1682 Paris|French, ca. 1590–1666 Paris",17th century,1633,"Harris Brisbane Dick Fund, 1953",Paris,Prints|Ornament & Architecture,http://www.metmuseum.org/art/collection/search/433909,
5100,True,The American Wing,1883.0,Medal,Medal,American,Maker|Maker,James Manley|S. Brooks,active 1790–1800|active 1793,1790,1790,"Gift of William H. Huntington, 1883",Philadelphia,,http://www.metmuseum.org/art/collection/search/5100,George Washington
659807,True,Drawings and Prints,1922.0,Books Prints Ornament & Architecture,"Convivio delle Belle Donne, page 21 (verso)",,Publisher|Designer,Nicolò Zoppino|Matteo da Treviso,"Italian, Ferrara 1478/80–1544 Venice|Italian, active 16th century",August 1532,1532,"Rogers Fund, 1922",Venice,Books|Prints|Ornament & Architecture,http://www.metmuseum.org/art/collection/search/659807,
4830,True,The American Wing,2006.0,Cream pot,Creampot,American,Maker,Wood and Hughes,1845–99,1862–63,1862,"Friends of the American Wing Fund, 2006",New York,,http://www.metmuseum.org/art/collection/search/4830,Men|Flowers|Working
355084,False,Drawings and Prints,1958.0,Book ; Ornament and architecture,"A Gentlewoman's Home. The Whole Art of Building, Furnishing, and Beautifying the Home",,Author|Publisher,"Jane Ellen Panton|""The Gentlewoman"" Offices","British, 1847–1923|London",1896,1896,"Myra Carter Church Fund, 1958",London,Books|Ornament & Architecture,http://www.metmuseum.org/art/collection/search/355084,
344218,False,Drawings and Prints,1948.0,Book,"'T veheugd  Amsterdam, ... besoek .. Hoogheden, Willem Prinse van Oranje en Nassau, ... en zyne Gemaahlinne Frederica Sophia Wilhelmina, Prinsesse van Pruissen ... 1768",,Author|Artist and engraver|Artist and engraver|Publisher,Jan Wagenaar|Reinier Vinkeles|Simon Fokke|Yntema and Tieboel,"Dutch, Amsterdam 1709—1773 Amsterdam|Dutch, Amsterdam 1741–1816 Amsterdam|Dutch, Amsterdam 1712–1784 Amsterdam|Dutch, active Amsterdam, 18th century (second half)",after 1768,1768,"Harris Brisbane Dick Fund, 1948",Amsterdam,Books,http://www.metmuseum.org/art/collection/search/344218,
345901,False,Drawings and Prints,1961.0,Book,Musique des Chansons de Béranger,,Author|Publisher|Publisher|Illustrator|Illustrator,Pierre Jean de Béranger|Perrotin|Halévy et Mme Mainvielle-Fodor|Auguste Raffet|J. J. Grandville,"French, Paris 1780–1857 Paris| | |French, Paris 1804–1860 Genoa|French, Nancy 1803–1847 Vanves",1856,1856,"Gift of Mrs. Edwin De T. Bechtel, 1961",Paris,Books,http://www.metmuseum.org/art/collection/search/345901,
349289,False,Drawings and Prints,1949.0,Book,Gems from Emerson,,Publisher|Author,"De Wolfe, Fiske & Co.|Ralph Waldo Emerson","Boston, Massachusetts|American, Boston, Massachusetts 1803–1882 Concord, Massachusetts",ca. 1904,1899,"Gift of Janet Byrne, 1949",Boston,Books,http://www.metmuseum.org/art/collection/search/349289,
2251,True,The American Wing,1980.0,Table,Center table,American,Maker|Maker,J. H. Belter & Co.|John Henry Belter,"1854–1865|American, born Germany 1804-1863 New York",ca. 1855,1852,"Gift of Gloria and Richard Manney, 1980",New York,,http://www.metmuseum.org/art/collection/search/2251,Grapes
377576,False,Drawings and Prints,1985.0,Print,Advertising Card for a Shell Shade,,Publisher,Charles Rohlfs,"American, Brooklyn, New York 1853–1936 Buffalo, New York",1907,1907,"Gift of Robert Judson Clark, 1985",Buffalo,Prints,http://www.metmuseum.org/art/collection/search/377576,
371852,True,Drawings and Prints,1949.0,Print,"Head of Satyr and Three Figures, from ""Ex Antiquis Cameorum et Gemmae Delineata/ Liber Secundus/et ab Enea Vico Parmen Incis""",,Dedicatee|Artist|Publisher|Former Attribution|Artist,"Francesco Angeloni|Battista Franco|Philippe Thomassin|Enea Vico|Anonymous, Italian, 16th century","Terni 1559 or 1587–1652 Rome|Italian, Venice ca. 1510–1561 Venice|French, Troyes 1562–1622 Rome|Italian, Parma 1523–1567 Ferrara|",published ca. 1599–1622,1599,"The Elisha Whittelsey Collection, The Elisha Whittelsey Fund, 1949",Rome,Prints,http://www.metmuseum.org/art/collection/search/371852,Male Nudes|Women|Satyrs
349798,False,Drawings and Prints,1965.0,Book,Trick Photography and Photo-mechanical Lettering,,Author,Flexo Lettering,"New York, NY",1948,1948,"The Elisha Whittelsey Collection, The Elisha Whittelsey Fund, 1965",New York,Books,http://www.metmuseum.org/art/collection/search/349798,
700232,True,The Libraries,,,"The cabinet-maker and upholsterer's drawing-book, in three parts",,Publisher|Printer|Author,Thomas Sheraton|Thomas Bensley|Thomas Sheraton,"British, Stockton-on-Tees 1751–1806 London|British, baptised London 1759–1835|British, Stockton-on-Tees 1751–1806 London",1793–94,1793,,London,,http://www.metmuseum.org/art/collection/search/700232,
382837,False,Drawings and Prints,1991.0,Book,Wooden Eagle,,Publisher|Illustrator,I. Knebel|Georgiy Iwanowitsch Narbut,"|Ukrainian, 1886–1920",[1909],1909,"Rogers Fund, 1926, transferred from the Library",Moscow,Books,http://www.metmuseum.org/art/collection/search/382837,
357158,True,Drawings and Prints,1952.0,Book ; Ornament and architecture,"The Cabinet Dictionary, containing An Explanation of all the Terms used in the Cabinet, Chair and Upholstery Branches",,Designer|Printer,Thomas Sheraton|W. Smith,"British, Stockton-on-Tees 1751–1806 London|London",1803,1803,"Rogers Fund, 1952",London,Books|Ornament & Architecture,http://www.metmuseum.org/art/collection/search/357158,Cabinets
665222,True,Drawings and Prints,1926.0,Book Ornament & Architecture,"Livre de Moresques, page 15 (verso)",,Publisher|Publisher|Artist,Hiérosme de Gormont|Cornelis Bos|Francesco di Pellegrino,"|Netherlandish, Hertogenbosch ca. 1510?–before 1556 Groningen|Italian, born Florence, died 1552",1546,1546,"Harris Brisbane Dick Fund, 1926",Paris,Books|Ornament & Architecture,http://www.metmuseum.org/art/collection/search/665222,Ornament
1989,True,The American Wing,1910.0,Chest,Chest,American,Maker|Maker|Artist,William Searle|the Searle-Dennis shop tradition|Thomas Dennis,died 1667| |1638–1706,1670–90,1670,"Gift of Mrs. Russell Sage, 1909",Ipswich,,http://www.metmuseum.org/art/collection/search/1989,
491227,False,Modern and Contemporary Art,1943,Textile sample,Sample,American,Maker|Maker,Louis A. Stirn|Edmund A. Stirn,"American (born Germany), Frankfurt-am-Main 1863–1962 Staten Island, New York|American (born Germany ?), 1868– (?)",1925,1925,"Gift of Miss M. K. Overbeck, 1943",New York,Textiles-Printed,http://www.metmuseum.org/art/collection/search/491227,
381799,False,Drawings and Prints,1983.0,Book,Dictionnaire raisonné du mobilier français de l'Epoque Carlovingienne à la Renaissance,,Author|Publisher|Printer,Eugène-Emmanuel Viollet-le-Duc|Veuve A. Morel et Cie.|Comte-Jacquet,"French, Paris 1814–1879 Lausanne|Paris|",1874,1874,"Gift of Mrs. Hoffman Nickerson, transferred from the Library",Paris,Books,http://www.metmuseum.org/art/collection/search/381799,
4665,True,The American Wing,1933.0,Ladle,Ladle,American,Maker,Richard Humphreys,1750–1832,1775–1800,1775,"Bequest of Alphonso T. Clearwater, 1933",Philadelphia,,http://www.metmuseum.org/art/collection/search/4665,
311523,False,"Arts of Africa, Oceania, and the Americas",1978.0,Food pounder,Sago Pounder,Asmat people,Artist,Zoap,,mid-20th century,1900,"The Michael C. Rockefeller Memorial Collection; Gift of Nelson A. Rockefeller and Mrs. Mary C. Rockefeller, 1965",Sauwa village,Wood-Implements,http://www.metmuseum.org/art/collection/search/311523,
627488,False,Drawings and Prints,1921.0,Print ornament & architecture,"Tiberius, in an oval crowned by a vase with fruits under a canopy, from XII Caesarum Romanorum Imagines, plate 3",,Author|Printer|Artist|Artist|Publisher|Artist,Pierre François Sweerts|Robert Bruneau|Johannes van Doetecum I|Lucas van Doetecum|Johannes Baptista Vrints|Hans Vredeman de Vries,"Netherlandish, 1567–1629|Netherlandish, active Antwerp, ca. 1611|Netherlandish, 1528/32–1605|Netherlandish, active 1554–72, died before 1589|Netherlandish, active Antwerp, ca. 1575—1610|Netherlandish, Leeuwarden 1527–1606 (?)  Antwerp (?)",Published 1603,1603,"Museum Accession, transferred from the Library",Antwerp,Prints|Ornament & Architecture,http://www.metmuseum.org/art/collection/search/627488,
371611,False,Drawings and Prints,1941.0,Book,M. Vitruvii Pollionis Architectura; textu ex recensione codicum emendato cum exercitationibus notisque novissimis Joannis Poleni et commentariis variorum additis nunc primum studiis Simonis Stratico.,,Author|Printer|Author|Author|Publisher|Author,Marcus Pollio Vitruvius|Officiana Peciliana|Giovanni Poleni|Simone Stratico|Fratelli Mattiuzzi|Giulio Pontedera,"Roman, active late 1st century BCE|Italian, active 19th century|Italian, Venice 1683–1761 Padua|Italian, 1733–1824|Italian, active 19th century|Italian",1825–30,1825,"Bequest of W. Gedney Beatty, 1941",Udine,Books,http://www.metmuseum.org/art/collection/search/371611,
392496,True,Drawings and Prints,1949.0,Print,"Razor's Levée, or Ye Heads of a New Wig Ad[ministration] on a Broad Bottom",,Artist|Publisher,James Sayers|Thomas Cornell,"British, 1748–1823|British, active 1780–92","April 21, 1783",1783,"The Elisha Whittelsey Collection, The Elisha Whittelsey Fund, 1949",London,Prints,http://www.metmuseum.org/art/collection/search/392496,Men|Satire|Politics
491124,False,Modern and Contemporary Art,1943,Textile sample,Sample,American,Maker|Maker,Louis A. Stirn|Edmund A. Stirn,"American (born Germany), Frankfurt-am-Main 1863–1962 Staten Island, New York|American (born Germany ?), 1868– (?)",1925,1925,"Gift of Miss M. K. Overbeck, 1943",New York,Textiles-Printed,http://www.metmuseum.org/art/collection/search/491124,
661876,True,Drawings and Prints,1918.0,Books Prints Ornament & Architecture,"Corona delle Nobili et Virtuose Donne: Libro I-IV, page 63 (recto)",,Publisher,Cesare Vecellio,"Italian, Pieve di Cadore 1521–1601 Venice",1601,1601,"Rogers Fund, 1918",Venice,Books|Prints|Ornament & Architecture,http://www.metmuseum.org/art/collection/search/661876,Animals|Birds|Ornament
392478,True,Drawings and Prints,1917.0,Print,"A Wooden Substitute, or Any Port in a Storm",,Artist|Publisher,Theodore Lane|George Humphrey,"British, Isleworth ca. 1800–1828 London|British, 1773?–1831?","January 19, 1821",1821,"Harris Brisbane Dick Fund, 1917",London,Prints,http://www.metmuseum.org/art/collection/search/392478,Men|Women|Satire|Politics
24814,True,Arms and Armor,1950.0,Composed armor,Composed Armor,"European, Italian and German",Armorer,Matthes Deutsch,"German, Landshut, documented 1485–1505",15th century and later,1400,"Gift of Mrs. Alexander McMillan Welch, in memory of her sister, Mary Alice Dyckman Dean (Mrs. Bashford Dean), 1950",Landshut,Armor for Man,http://www.metmuseum.org/art/collection/search/24814,
8538,False,The American Wing,1986.0,Tile,Tile,American,Manufacturer|Designer,J. and J. G. Low Art Tile Works|Arthur Osborne,"American, Chelsea, Massachusetts, 1877–1903|",ca. 1882–84,1879,"Gift of Mr. and Mrs. I. Wistar Morris III, 1986",Chelsea,,http://www.metmuseum.org/art/collection/search/8538,Birds
8383,True,The American Wing,1924.0,Teapot,Teapot,American,Maker,Joseph Richardson Sr.,1711–1784,ca. 1740,1735,"Bequest of Charles Allen Munn, 1924",Philadelphia,,http://www.metmuseum.org/art/collection/search/8383,
2136,true,The American Wing,1942.0,Coffeepot,Coffeepot,British,Maker,Benjamin Brewood II,active from 1755,1762–63,1762,"Gift of James DeLancey Verplanck and John Bayard Rodgers Verplanck, 1942",London,,http://www.metmuseum.org/art/collection/search/2136,Flowers
641246,False,Drawings and Prints,1948.0,Print,"The Chef, bound in L'Oeuvre original de Vivant Denon. Collection de eaux-fortes, Volume 1",,Publisher|Artist,A. Barrand|baron Dominique Vivant Denon,"|French, Givry 1747–1825 Paris",1873,1873,"Harris Brisbane Dick Fund, 1948",Paris,Books,http://www.metmuseum.org/art/collection/search/641246,
343799,False,Drawings and Prints,1942.0,Collection Ornament & Architecture,Gantz Neue Inventionen von Rauch und Schnupff Tobacks Dosen (...),,Artist|Publisher,Johann Jakob Baumgartner|Johann Jakob Baumgartner,"German, 1694–1744|German, 1694–1744",ca. 1720,1715,"Harris Brisbane Dick Fund, 1942",Augsburg,Prints|Ornament & Architecture,http://www.metmuseum.org/art/collection/search/343799,
776534,False,Drawings and Prints,1937.0,"Print, Ornament & Architecture",Design for a Cup with a Cherubs' Head,,Artist|Publisher,Paul Flindt|Friedrich Dürer,"German, Nuremberg before 1567–after 1631 Nuremberg|German, Lübeck ca. 1548–1633 Nuremberg",1594,1594,"Harris Brisbane Dick Fund, 1937",Nuremberg,Prints|Ornament & Architecture,http://www.metmuseum.org/art/collection/search/776534,
344833,False,Drawings and Prints,1945.0,Book,American Coach Makers' Magazine,,Artist,"Anonymous, American, 19th century",,1857–58,1857,"Harris Brisbane Dick Fund, 1945",Columbus,Books,http://www.metmuseum.org/art/collection/search/344833,
627027,False,Drawings and Prints,1937.0,Print ornament & architecture,"Lower parts of two columns and on pilaster, decorated with strapwork and grotesques, leaves and figures, plate 12, from Das ander Buech Gemacht auff die zway Colonnen, Corinthia und Composita",,Artist|Artist|Artist|Publisher|Publisher,Hans Vredeman de Vries|Johannes van Doetecum I|Lucas van Doetecum|Hieronymus Cock|Volcxken Dierix,"Netherlandish, Leeuwarden 1527–1606 (?)  Antwerp (?)|Netherlandish, 1528/32–1605|Netherlandish, active 1554–72, died before 1589|Netherlandish, Antwerp ca. 1510–1570 Antwerp|Netherlandish, active Antwerp, second half 16th century",,1565,"Gift of John Sise, 1937",Antwerp,Prints|Ornament & Architecture,http://www.metmuseum.org/art/collection/search/627027,
432638,False,Drawings and Prints,1933.0,Print collection ornament & architecture,"Two variants for panels of carriage embellishment with foliate designs, from Dessins pour embellir les carrosses, plate 4, bound in Oeuvres. Vol. III",,Artist|Publisher,Jean Le Pautre|Pierre Mariette le fils,"French, Paris 1618–1682 Paris|French, Paris 1634–1716 Paris",17th century,1633,"Harris Brisbane Dick Fund, 1933",Paris,Prints|Ornament & Architecture,http://www.metmuseum.org/art/collection/search/432638,
5810,True,The American Wing,1984.0,Pitcher,Pitcher,American,Maker,"Hobbs, Brockunier and Company",1863–1891,ca. 1884,1881,"Friends of the American Wing Fund, 1984",Wheeling,,http://www.metmuseum.org/art/collection/search/5810,
19869,True,The American Wing,2018.0,Vase,Vase,American,Maker|Manufacturer,Artus Van Briggle|Van Briggle Pottery Company,"American, Felicity, Ohio 1869–1904 Colorado Springs, Colorado|1901–present",1903,1903,"Gift of Robert A. Ellison Jr., 2018",Colorado Springs,,http://www.metmuseum.org/art/collection/search/19869,
626375,False,Drawings and Prints,1958.0,Print ornament & architecture,"Title plate with an oval strapwork cartouche surrounded by a garland of fruits and leaves, from Deorum Dearumque Capita : ex vetustis numismatibus in gratiam antiquitatis studiosorum effigiata et edita",,Artist|Artist|Artist|Publisher,Hans Vredeman de Vries|Johannes van Doetecum I|Lucas van Doetecum|Philips Galle,"Netherlandish, Leeuwarden 1527–1606 (?)  Antwerp (?)|Netherlandish, 1528/32–1605|Netherlandish, active 1554–72, died before 1589|Netherlandish, Haarlem 1537–1612 Antwerp",1573,1573,"The Elisha Whittelsey Collection, The Elisha Whittelsey Fund, 1958",Antwerp,Ornament & Architecture|Prints,http://www.metmuseum.org/art/collection/search/626375,
343914,False,Drawings and Prints,1962.0,Book,Ideen zur äussern und innern Verzierung der Gebäude,,Author|Engraver,Georg Pein|J. Spiegel,|,1811,1811,"The Elisha Whittelsey Collection, The Elisha Whittelsey Fund, 1962",Vienna [n.d.],Books,http://www.metmuseum.org/art/collection/search/343914,
19862,True,The American Wing,2018.0,Vase,Vase,American,Manufacturer|Artist,Dedham Pottery|Hugh C. Robertson,1895–1943|1844–1908,ca. 1896–1908,1893,"Gift of Robert A. Ellison Jr., 2018",Dedham,,http://www.metmuseum.org/art/collection/search/19862,
347377,False,Drawings and Prints,1960.0,Book,Diverses Ornemens & Masque,,Artist|Engraver|Publisher|Artist,Georges Charmeton|Nicolas Robert|Girard Audran|William Talman,"French, baptised Lyon 1623–1674 Paris|French, Langres 1614–1685 Paris|French, Lyons 1640–1703 Paris|British, baptised London 1650–1719 Norfolk",1676,1676,"The Elisha Whittelsey Collection, The Elisha Whittelsey Fund, 1960",Paris,Books,http://www.metmuseum.org/art/collection/search/347377,
390511,True,Drawings and Prints,1920.0,Drawing Ornament and Architecture,"Chinese Bed, in Chippendale Drawings, Vol. I",,Artist,Thomas Chippendale,"British, baptised Otley, West Yorkshire 1718–1779 London",1754,1754,"Rogers Fund, 1920",London,Drawings|Ornament & Architecture,http://www.metmuseum.org/art/collection/search/390511,Beds
311530,False,"Arts of Africa, Oceania, and the Americas",1978.0,Food pounder,Sago Pounder,Asmat people,Artist,Mbonno,,mid-20th century,1900,"The Michael C. Rockefeller Memorial Collection; Gift of Nelson A. Rockefeller and Mrs. Mary C. Rockefeller, 1965",Jipajer village,Wood-Implements,http://www.metmuseum.org/art/collection/search/311530,
412555,False,Drawings and Prints,1968.0,Portfolio,"Plate 8 from Sonia Delaunay: ses peintures, ses objets, ses tissus simultanés, ses modes",,Artist|Publisher,Sonia Delaunay|Librairie des Arts Décoratifs,"French (born Ukraine), Gradizhsk 1885–1979 Paris|",[1925],1925,"The Elisha Whittelsey Collection, The Elisha Whittelsey Fund, 1968",Paris,Portfolios,http://www.metmuseum.org/art/collection/search/412555,Fashion|Women|Dresses
350155,False,Drawings and Prints,1969.0,Book,Herrschaft und Dienst,,Author|Publisher|Artist,"Friedrich Wolters|Einhorn-Presse, Verlag Otto v. Holten, Berlin|Melchior Lechter","German| |German, 1865–1937",1909,1909,"The Elisha Whittelsey Collection, The Elisha Whittelsey Fund, 1969",Berlin,Books,http://www.metmuseum.org/art/collection/search/350155,
346869,False,Drawings and Prints,1959.0,Book,Reims: la cathédrale,,Author|Publisher|Illustrator,"Robert Burnand|Berger-Levrault, Paris, Nancy, Strasbourg|Edouard-García Benito","French, 1882-1953| |Spanish, 1891–1981",1918,1918,"Gift of Harry G. Friedman, 1959",Paris,Books,http://www.metmuseum.org/art/collection/search/346869,Swords|Men|Horses|Trees
7594,True,The American Wing,1959.0,Sofa,Sofa,American,Maker,Duncan Phyfe,"American (born Scotland), near Lock Fannich, Ross-Shire, Scotland 1768/1770–1854 New York",1810–20,1810,"Gift of C. Ruxton Love Jr., 1959",New York,,http://www.metmuseum.org/art/collection/search/7594,
348384,False,Drawings and Prints,1949.0,Book,Sketches Abroad with Pen and Pencil,,Artist|Publisher|Binder,Felix Octavius Carr Darley|Hurd and Houghton|Melancthon M. Hurd,"American, Philadelphia, Pennsylvania 1822–1888 Claymont, Delaware|New York, NY|New York, NY",1869,1869,"The Elisha Whittelsey Collection, The Elisha Whittelsey Fund, 1949",New York,Books,http://www.metmuseum.org/art/collection/search/348384,
623578,False,Drawings and Prints,1949.0,Print ornament & architecture,"View into a street with a wall fountain with three statues in niches in the foreground at right, and woman and child in the foreground at left, plate 15, from Artis Perspectivæ",,Artist|Artist|Artist|Publisher,Hans Vredeman de Vries|Johannes van Doetecum I|Lucas van Doetecum|Gerard de Jode,"Netherlandish, Leeuwarden 1527–1606 (?)  Antwerp (?)|Netherlandish, 1528/32–1605|Netherlandish, active 1554–72, died before 1589|Netherlandish, 1509/17–1591",1568,1568,"The Elisha Whittelsey Collection, The Elisha Whittelsey Fund, 1949",Antwerp,Ornament & Architecture|Prints,http://www.metmuseum.org/art/collection/search/623578,
216,True,The American Wing,1959.0,Armchair,Armchair,American,Maker,Thomas Affleck,1740–1795,1765–75,1765,"Purchase, Gift of Mrs. Russell Sage and The Sylmaris Collection, Gift of George Coe Graves, by exchange; Robert G. Goelet Gift; and funds from various donors, 1959",Philadelphia,,http://www.metmuseum.org/art/collection/search/216,
349028,False,Drawings and Prints,1921.0,Book,Recueil de Cent Sujets de Divers Genres,,Artist,Jean Duplessi-Bertaux,"French, Paris 1747–1819 Paris",1814,1814,"Museum Accession, transferred from the Library",Paris,Books,http://www.metmuseum.org/art/collection/search/349028,
336560,False,Drawings and Prints,1974.0,Print,The Game-Keeper's Fireside,,Artist|Artist,W. R. Scott|Charles Hancock,"British, 19th century|British, Marlborough, Wiltshire 1802–1877",after 1838,1838,"Bequest of Anna Hyatt Huntington, 1974",London,Prints,http://www.metmuseum.org/art/collection/search/336560,
345202,False,Drawings and Prints,1968.0,Book,Handbook of Christian Symbolism,,Artist|Artist|Publisher,"George Ashdown Audsley|William James Audsley|Day & Son, Ltd., London","British, Elgin, Scotland 1838–1925 Bloomfield, New Jersey|British, Dufftown, Scotland 1833–1907|",1865,1865,"The Elisha Whittelsey Collection, The Elisha Whittelsey Fund, 1968",London,Books,http://www.metmuseum.org/art/collection/search/345202,
426467,False,Drawings and Prints,1930.0,Prints Collection Ornament & Architecture,"Title Plate with the Design for a Stage Set, from Liure de Decoration Diferante, part of Œuvres du Sr. D. Marot",,Artist|Publisher,Daniel Marot the Elder|Pierre Husson,"French, Paris 1661–1752 The Hague|",published 1703 or 1712,1703,"Harris Brisbane Dick Fund, 1930",The Hague,Prints|Ornament & Architecture,http://www.metmuseum.org/art/collection/search/426467,
390521,True,Drawings and Prints,1920.0,Drawing Ornament and Architecture,"Bed Pillars, in Chippendale Drawings, Vol. I",,Artist,Thomas Chippendale,"British, baptised Otley, West Yorkshire 1718–1779 London",1759,1759,"Rogers Fund, 1920",London,Drawings|Ornament & Architecture,http://www.metmuseum.org/art/collection/search/390521,Furniture
350584,False,Drawings and Prints,1970.0,Book,Contes d'une Vieille Fille à ses Neveux,,Illustrator|Illustrator|Publisher|Author,"Gustave Doré|G. Fath|Michel Lévy, Frères|Madame Emile de Girardin","French, Strasbourg 1832–1883 Paris|French, 19th century| |French, 1804–1855",after 1856,1856,"Gift of Lincoln Kirstein, 1970",Paris,Books,http://www.metmuseum.org/art/collection/search/350584,
660889,True,Drawings and Prints,1921.0,Books Prints Ornament & Architecture,"Lucidario di Recami, page 14 (verso)",,Designer|Publisher,Iseppo Foresto|Jeronimo Calepino,"Italian, active Venice, 1557|",1564,1564,"Rogers Fund, 1921",Venice,Books|Prints|Ornament & Architecture,http://www.metmuseum.org/art/collection/search/660889,Vines
348834,False,Drawings and Prints,1924.0,Book ; Ornament and architecture,"A Treatise on the Theory and Practice of Landscape Gardening Adapted to North America; with a view to the Improvement of Country Residences...[and] Remarks on Rural Architecture, 4th editiion",,Illustrator|Publisher|Publisher|Etcher|Author,"Alexander Jackson Davis|G. P. Putnam, New York|Longman and Co.|H. Jordan|Andrew Jackson Downing","American, New York 1803–1892 West Orange, New Jersey| | |American, 19th century|American, Newburgh, New York 1815–1852 Yonkers, New York",1849,1849,"Harris Brisbane Dick Fund, 1924",New York|London,Books|Ornament & Architecture,http://www.metmuseum.org/art/collection/search/348834,
371944,False,Drawings and Prints,1941.0,Book,Vitruvii de architectura libri decem iterum edidit V. Rose,,Author|Editor|Publisher|Author,Marcus Pollio Vitruvius|Valentino Rose|G. B. Teubner|Marcus Cetius Faventius,"Roman, active late 1st century BCE| | |Roman, 3rd century CE",1899,1899,"Bequest of W. Gedney Beatty, 1941",Leipzig,Books,http://www.metmuseum.org/art/collection/search/371944,
421123,False,Drawings and Prints,1957.0,Print,"32nd Plate, from Trattato delle Piante & Immagini de Sacri Edifizi di Terra Santa (Treatise of the Plans & Images of the Sacred Buildings of the Holy Land)",,Artist|Artist|Publisher,Bernardino Amico|Jacques Callot|Pietro Cecconcelli,"Italian, active 1593–1619|French, Nancy 1592–1635 Nancy|Italian, active late 16th–early 17th century",1620,1620,"Bequest of Edwin De T. Bechtel, 1957",Florence,Prints,http://www.metmuseum.org/art/collection/search/421123,
652993,True,Arms and Armor,2004.0,Drawings,Design for the Decoration of Firearms,"French, Versailles",Designer,Nicolas Noël Boutet,"French, Versailles and Paris, 1761–1833",ca. 1797–1805,1772,"Purchase, Clay P. Bedford Gift, 2004",Versailles,Works on Paper-Drawings,http://www.metmuseum.org/art/collection/search/652993,Lions|Ornament|Swans
348812,False,Drawings and Prints,1941.0,Book ; Ornament and architecture,Gulielmi Philandri Castilioni Galli Civis Ro. in Decem libros M. Vitruvii Pollionis De Architectura Annotationes,,Author|Author|Publisher,Guillaume Philander|Marcus Pollio Vitruvius|Giovanni Andrea Dossena,"French, 1505–1565|Roman, active late 1st century BCE|",1544,1544,"Bequest of W. Gedney Beatty, 1941",Rome,Books|Ornament & Architecture,http://www.metmuseum.org/art/collection/search/348812,
343978,False,Drawings and Prints,1970.0,Book ; Ornament and architecture,"Sammlung von Aufsätzen und Nachrichten, die Baukunst betreffend. Erster Band 1800, Zweiter Band 1799",,Author|Publisher|Author|Author|Engraver|Author,Friedrich Gilly|Gottfried Hayn|Heinrich Gentz|Carl Gotthard Langhans|Anton Wachsmann|Aloys Ludwig Hirt,"German, Szczecin, Poland 1772–1800 Carlsbad, Czech Republic|German|German, Wrocław (Breslau) 1766–1811 Berlin|German, Kamienna Góra (Landeshut in Schlesien) 1732–1808 Wrocław (Breslau)|German, Silesia ca. 1765–ca. 1836 Berlin|German, Behla, Donauschingen 1759–1837 Berlin",1799–1800,1799,"Gift of Lincoln Kirstein, 1970",Berlin,Books|Ornament & Architecture,http://www.metmuseum.org/art/collection/search/343978,
18874,False,The American Wing,2005.0,Caster,Caster,American,Maker|Retailer,"Goodnow & Jenks|Bigelow, Kennard & Co.",1893–ca. 1905|1830–1922,ca. 1900,1897,"Gift of David Allen Hanks, in memory of Elizabeth Dixon Hanks, 2005",Boston,,http://www.metmuseum.org/art/collection/search/18874,
466179,True,Medieval Art,1990.0,Bifolium,Bifolium with the Decretals of Gratian,French,Artist,Master Honore,French,ca. 1290,1290,"Gift of John Feldman, 1990",Paris,Manuscripts and Illuminations,http://www.metmuseum.org/art/collection/search/466179,Men|Bishops
348968,False,Drawings and Prints,1953.0,Book,Illustrated Catalogue of Undertaker's Trimmings,,Author,"Duer, John & Sons","Baltimore, Maryland",1877,1877,"The Elisha Whittelsey Collection, The Elisha Whittelsey Fund, 1953",Baltimore,Books,http://www.metmuseum.org/art/collection/search/348968,
7156,True,The American Wing,1946.0,Sauce dish,Sauce Dish,American,Maker,Adams and Company,,1870–80,1870,"Gift of Mrs. Emily Winthrop Miles, 1946",Pittsburgh,,http://www.metmuseum.org/art/collection/search/7156,
6949,True,The American Wing,1946.0,Salt caster,Salt Caster,American,Maker,Richards and Hartley Flint Glass Co.,ca. 1870–1890,ca. 1888,1885,"Gift of Mrs. Emily Winthrop Miles, 1946",Tarentum,,http://www.metmuseum.org/art/collection/search/6949,
32176,True,Arms and Armor,1935.0,Set of four pistols with case and accessories,"Pair of Four-Barreled Turnover Percussion Pistols of Henry Pelham Fiennes Pelham-Clinton, 4th Duke of Newcastle-under-Lyne (1785–1851), with Pair of Box-Lock Turn-Off Pocket Pistols, Case, and Accessories","British, London",Gun assembler|Gunsmith|Stock polisher|Engraver,Henry Atkin|James Purdey the Elder|Abbe Robins|Peter Gumbrell,"British, London, active 19th century|British, London 1784–1863 Margate|British, London, active 19th century|British, London, active 19th century",1831,1831,"Rogers Fund, 1935",London,Firearms-Pistols-Percussion,http://www.metmuseum.org/art/collection/search/32176,
642979,False,Drawings and Prints,1948.0,Print,"Small head of a woman, bound in L'Oeuvre original de Vivant Denon. Collection de eaux-fortes, Volume 2",,Artist|Publisher|Artist,baron Dominique Vivant Denon|A. Barrand|Giorgione,"French, Givry 1747–1825 Paris| |Italian, Castelfranco Veneto 1477/78–1510 Venice",1873,1873,"Harris Brisbane Dick Fund, 1948",Paris,Books,http://www.metmuseum.org/art/collection/search/642979,
3522,True,The American Wing,1946.0,Egg cup,Egg Cup,American,Maker,New England Glass Company,"American, East Cambridge, Massachusetts, 1818–1888",1860–70,1860,"Gift of Mrs. Emily Winthrop Miles, 1946",East Cambridge,,http://www.metmuseum.org/art/collection/search/3522,
708840,false,The Libraries,,,Interieurs Modernes 3. Repetoire de l'Architecture,,Artist|Publisher,Henry Delacroix|Editions S. de Bonadona,|,ca. 1934,1934,Watson Library copy: Arthur K. Watson Gift,Paris,,http://www.metmuseum.org/art/collection/search/708840,
349807,False,Drawings and Prints,1970.0,Book,Autour de la table,,Author|Illustrator|Illustrator|Engraver|Engraver|Engraver|Engraver|Engraver|Engraver|Engraver|Publisher|Illustrator,Jean Pierre Claris de Florian|G. Seguin|Charles Marville|Louis-Henri Brevière|Henri-Désiré Porret|Andrew Best|Quichon|Brugnot|Cherrier|Berdeil|Paulin et Le Chevalier|J. J. Grandville,"French, 1775–1814 Seaux|French, 19th century|French, Paris 1813–1879 Paris|French, Forges-les-Eaux 1797–1869 Hyers|French, 1800–1867|British, active 1835–49|French, 19th century|French, active 1834–73|French, 19th century|French, 19th century| |French, Nancy 1803–1847 Vanves",1849,1849,"Gift of Lincoln Kirstein, 1970",Paris,Books,http://www.metmuseum.org/art/collection/search/349807,
469986,True,The Cloisters,1998.0,Stained glass panel,Man of Sorrows,German,Artist|Artist,Circle of Peter Hemmel von Andlau (Strassburger Werkstattgemeinschaft)|Lautenbach Master,"active Southern and Central Germany, ca. 1470–1500|German, active late 15th century",ca. 1480,1480,"The Cloisters Collection, 1998",Strasbourg,Glass-Stained,http://www.metmuseum.org/art/collection/search/469986,Christ
630090,False,Drawings and Prints,1945.0,Print,"Chimney Sweep, from Di Bologna l'Arti per via D'An.ibal' Ca.rac, plate 9",,Artist|Artist|Publisher|Printer,Giuseppe Maria Mitelli|Annibale Carracci|Giovanni Giacomo De Rossi|La Calcografia Camerale,"Italian, Bologna (?) 1634–1718 Bologna|Italian, Bologna 1560–1609 Rome|Italian, Rome 1627–1691 Rome|",printed 1740,1740,"Harris Brisbane Dick Fund, 1945",Rome,Prints,http://www.metmuseum.org/art/collection/search/630090,
19875,True,The American Wing,2017.0,Vase,Vase,American,Maker,George E. Ohr,"American, Biloxi, Mississippi 1857–1918  Biloxi, Mississippi",1900,1900,"Gift of Robert A. Ellison Jr., 2017",Biloxi,,http://www.metmuseum.org/art/collection/search/19875,
722417,True,Arms and Armor,2016.0,Engraving,Plate Eleven from Nouveavx Desseins D'Arquebvseries,"French, Paris",Engraver,Gilles Demarteau,"French, Liège 1722–1776 Paris",ca. 1749,1724,"Purchase, Arthur Ochs Sulzberger Gift, 2016",Paris,Works on Paper-Engravings,http://www.metmuseum.org/art/collection/search/722417,Ornament
823344,False,The American Wing,2020.0,Plate,Bread and butter plate,American,Manufacturer|Designer,Vernon Kilns|Rockwell Kent,"Vernon, California, 1931–1958|American, Tarrytown, New York 1882–1971 Plattsburgh, New York",1935,1935,"Gift of Martin Eidelberg, 2020",Vernon,,http://www.metmuseum.org/art/collection/search/823344,
8406,True,The American Wing,1980.0,Teapot,Teapot,American,Maker,Benjamin Wynkoop Jr.,baptized 1705–1766,1725–35,1725,"Purchase, Robert G. Goelet Gift and Friends of the American Wing Fund, 1980",Fairfield,,http://www.metmuseum.org/art/collection/search/8406,Eagles
446612,true,Islamic Art,1913.0,Folio from an illustrated manuscript,"""Alexander at a Banquet"", Folio 321b from a Khamsa (Quintet) of Nizami of Ganja",,Calligrapher|Author,Sultan Muhammad Nur|Nizami,"Iranian, ca. 1472–ca. 1536|present-day Azerbaijan, Ganja 1141–1209 Ganja",dated A.H. 931/1524–25 CE,1500,"Gift of Alexander Smith Cochran, 1913",Herat,Codices,http://www.metmuseum.org/art/collection/search/446612,Musical Instruments|Alexander The Great|Men
785208,False,The American Wing,2018.0,Plate,Plate,French,Manufacturer|Retailer,"G. Baruch Weil|Airé & Cie, Paris","1799–1828 Paris, France|",ca. 1801–04,1796,"Gift of Page Williams Dwyer, 2018",Paris,,http://www.metmuseum.org/art/collection/search/785208,
14214,False,The American Wing,1991.0,Pitcher,Pitcher,American,Maker,The Kalo Shop,"American, 1900–1970",1912–18,1912,"Purchase, Margaret Dewar Stearns Bequest, 1991",Chicago,,http://www.metmuseum.org/art/collection/search/14214,
7364,True,The American Wing,1933.0,Seal,Seal,American,Maker,Jacob Boelen,ca. 1657–1729,ca. 1704,1701,"Bequest of A. T. Clearwater, 1933; in cooperation with the Town of Marbletown, Ulster County, N.Y.",New York,,http://www.metmuseum.org/art/collection/search/7364,Coat of Arms
746714,False,Drawings and Prints,1944.0,Book Print Ornament & Architecture,Ornamental designs for Point d'Alençon lace with thin garlands of stylized flowers and leaves,,Publisher|Lithographer|Designer,Fleury Chavant|Georges Schlatter|Atelier de H. Mereau,"French, 19th century|French|",[after 1844],1844,"Gift of Edith P. Blase, 1944",Paris,Books|Prints|Ornament & Architecture,http://www.metmuseum.org/art/collection/search/746714,
345042,False,Drawings and Prints,1937.0,Book,Il Meschino Atramente detto Il Guerrino,,Author|Publisher,Tullia D' Aragona|Giovanni Battista & Melchior Sessa Fratelli,|,1560,1560,"Harris Brisbane Dick Fund, 1937",Venice,Books,http://www.metmuseum.org/art/collection/search/345042,
626585,False,Drawings and Prints,1958.0,Print ornament & architecture,"Vestal Virgins, from Deorum Dearumque Capita : ex vetustis numismatibus in gratiam antiquitatis studiosorum effigiata et edita",,Publisher|Artist|Artist|Artist,Philips Galle|Johannes van Doetecum I|Lucas van Doetecum|Hans Vredeman de Vries,"Netherlandish, Haarlem 1537–1612 Antwerp|Netherlandish, 1528/32–1605|Netherlandish, active 1554–72, died before 1589|Netherlandish, Leeuwarden 1527–1606 (?)  Antwerp (?)",1573,1573,"The Elisha Whittelsey Collection, The Elisha Whittelsey Fund, 1958",Antwerp,Ornament & Architecture|Prints,http://www.metmuseum.org/art/collection/search/626585,
347725,False,Drawings and Prints,1970.0,Book,Histoiriettes Morales,,Author|Illustrator|Publisher,Louise Colet|Bertrand|Royer,"French, 1810–1876|French, active 19th century|",19th century,1800,"Gift of Lincoln Kirstein, 1970",Paris,Books,http://www.metmuseum.org/art/collection/search/347725,
3120,True,The American Wing,1969.0,Demitasse cup and saucer,Demitasse Cup and Saucer,American,Maker,Union Porcelain Works,1863–1922,1885–87,1885,"Gift of Mr. and Mrs. Franklin Chace, 1969",Brooklyn,,http://www.metmuseum.org/art/collection/search/3120,
311495,False,"Arts of Africa, Oceania, and the Americas",1978.0,Paddle,Paddle,Asmat people,Artist,Jenis,,mid-20th century,1900,"The Michael C. Rockefeller Memorial Collection; Gift of Nelson A. Rockefeller and Mrs. Mary C. Rockefeller, 1965",Monu village,Wood-Implements,http://www.metmuseum.org/art/collection/search/311495,
487653,False,Modern and Contemporary Art,1929,Vase,Vase,,Designer,Adelaide Alsop Robineau,"American, Middletown, Connecticut, 1865–1929 Syracuse, New York",1927,1927,"Purchase, Edward C. Moore Jr. Gift, 1928",Syracuse,Ceramics-Porcelain,http://www.metmuseum.org/art/collection/search/487653,
346265,False,Drawings and Prints,1942.0,Book,Filli di Sciro; Favola Patorale,,Author|Illustrator|Publisher,Guid. Ubaldo Bonarelli|F. Vallegio|Baldini,"| |Italian, 17th century",1607,1607,"Harris Brisbane Dick Fund, 1942",Ferrara,Books,http://www.metmuseum.org/art/collection/search/346265,
17547,True,The American Wing,1910.0,Figure,Figur,American,Maker|Maker,Simeon Skillin|John Skillin,1757–1806|,ca. 1790,1787,"Gift of Mrs. Russell Sage, 1909",Salem,,http://www.metmuseum.org/art/collection/search/17547,Women|Snakes
503703,True,Musical Instruments,1914,Jagdhorn in G,Jagdhorn in G,German,Maker,Jacob Schmidt,"German, Nuremberg 1642–1720",ca. 1710–20,1660,"Gift of William H. Riggs, 1913",Nürnberg,Aerophone-Lip Vibrated-horn,http://www.metmuseum.org/art/collection/search/503703,
433875,False,Drawings and Prints,1949.0,Print,"Peter, from Christ, the Apostles, and Saint Paul",,Artist|Artist|Publisher,Jacques de Gheyn II|Zacharias Dolendo|Jacques de Gheyn II,"Netherlandish, Antwerp 1565–1629 The Hague|Netherlandish, 1561–ca. 1604|Netherlandish, Antwerp 1565–1629 The Hague",,1591,"The Elisha Whittelsey Collection, The Elisha Whittelsey Fund, 1949",Leiden,Prints,http://www.metmuseum.org/art/collection/search/433875,
655992,False,Drawings and Prints,1947.0,Print,"Neptune, a Newfoundland Dog, the property of W. E. Gosling Esq.",,Publisher|Etcher|Artist,Henry G. Bohn|Thomas Landseer|Sir Edwin Henry Landseer,"|British, London 1795–1880 London|British, London 1802–1873 London",1853,1853,"Harris Brisbane Dick Fund, 1947",London,Prints,http://www.metmuseum.org/art/collection/search/655992,
14048,True,The American Wing,1913.0,Sampler,Embroidered Sampler,American,Maker,Elizabeth Easton,born 1783,1795,1795,"Rogers Fund, 1913",Newport,,http://www.metmuseum.org/art/collection/search/14048,Men|Women|Flowers|Birds|Houses
381572,False,Drawings and Prints,1972.0,Print,"Perspective of the summer house for Mrs. Elizabeth Stone, Glencoe, Illinois",,Publisher|Architect,Ernst Wasmuth|Frank Lloyd Wright,"Berlin|American, Richland Center, Wisconsin 1867–1959 Phoenix, Arizona",1910,1910,"Purchase, Emily Crane Chadbourne Bequest, 1972",Berlin,Prints,http://www.metmuseum.org/art/collection/search/381572,
627037,False,Drawings and Prints,1937.0,Print ornament & architecture,"Three compartments, each with two spandrels, decorated with strapwork and children, plate 22, from Das ander Buech Gemacht auff die zway Colonnen, Corinthia und Composita",,Artist|Artist|Artist|Publisher|Publisher,Hans Vredeman de Vries|Johannes van Doetecum I|Lucas van Doetecum|Hieronymus Cock|Volcxken Dierix,"Netherlandish, Leeuwarden 1527–1606 (?)  Antwerp (?)|Netherlandish, 1528/32–1605|Netherlandish, active 1554–72, died before 1589|Netherlandish, Antwerp ca. 1510–1570 Antwerp|Netherlandish, active Antwerp, second half 16th century",,1565,"Gift of John Sise, 1937",Antwerp,Prints|Ornament & Architecture,http://www.metmuseum.org/art/collection/search/627037,
361,False,The American Wing,1984.0,Basket,Basket,"American, Shaker",Maker,United Society of Believers in Christ’s Second Appearing (“Shakers”),"American, active ca. 1750–present",1800–1900,1800,"Gift of Mrs. G. James Fawcett, in memory of John S. Rudd, 1984",New Lebanon,,http://www.metmuseum.org/art/collection/search/361,
658771,True,Drawings and Prints,1921.0,Books Prints Ornament & Architecture,"Esemplario di lavori, page 8 (verso)",,Publisher,Nicolò Zoppino,"Italian, Ferrara 1478/80–1544 Venice",August 1529,1529,"Rogers Fund, 1921",Venice,Books|Prints|Ornament & Architecture,http://www.metmuseum.org/art/collection/search/658771,Ornament
760084,False,Drawings and Prints,1931.0,Book Print Ornament and Architecture,"Plate 26: Two Oval Landscapes, from ""A New Book of Chinese Designs""",,Artist and publisher|Artist and publisher,George Edwards|Matthew Darly,"British, Stratford 1694–1773 Plaistow|British, ca. 1720–1780 London",1754,1754,"Harris Brisbane Dick Fund, 1931",London,Ornament & Architecture|Books|Prints,http://www.metmuseum.org/art/collection/search/760084,
372167,False,Drawings and Prints,1941.0,Book,Des Vitruvius Zehn Büches über Architektur,,Author|Translator|Publisher,Marcus Pollio Vitruvius|Dr. Franz Reber|Langenscheidtsche,"Roman, active late 1st century BCE|German|German",1917,1917,"Bequest of W. Gedney Beatty, 1941",Berlin,Books,http://www.metmuseum.org/art/collection/search/372167,
345534,False,Drawings and Prints,1926.0,Book,Historia de vita et gesti Scanderbergi Epirotarum Principis,,Author|Publisher,Marinus Barletius|Bernardino de' Vitali,|,between 1508–10,1508,"Harris Brisbane Dick Fund, 1926",Rome,Books,http://www.metmuseum.org/art/collection/search/345534,
760367,False,Drawings and Prints,1931.0,Book Print Ornament and Architecture,"Plate 78: Single flowered thorn, from ""A New Book of Chinese Designs""",,Artist and publisher|Artist and publisher,George Edwards|Matthew Darly,"British, Stratford 1694–1773 Plaistow|British, ca. 1720–1780 London",1754,1754,"Harris Brisbane Dick Fund, 1931",London,Ornament & Architecture|Books|Prints,http://www.metmuseum.org/art/collection/search/760367,
729864,False,Drawings and Prints,1991.0,Book Prints Ornamet & Architecture,"Papiers Peints et Tentures Modernes, Pl. 23, Percale imprimée, composition de Eric Bagge",,Author|Printer|Publisher|Artist,Henri Clouzot|Catala frères|Ch. Massin & Cie.|Eric Bagge,French| | |,[1929],1929,"Rogers Fund, 1929, transferred from the Library",Paris,Books|Prints|Ornament & Architecture,http://www.metmuseum.org/art/collection/search/729864,
392296,True,Drawings and Prints,1975.0,Print,"The Convex Petitioner: The Taste of the Day, no. 34 (Le Solliciteur Convèxe: Le Goût du Jour, No. 34)",,Publisher|Artist,"Aaron Martinet|Anonymous, French, 19th century","French, 1762–1841|",1817,1817,"The Elisha Whittelsey Collection, The Elisha Whittelsey Fund, 1975",Paris,Prints,http://www.metmuseum.org/art/collection/search/392296,Men
16745,True,The American Wing,1999.0,Vase,Vase,French,Manufacturer,Marc Schoelcher,established 1798–1834,ca. 1815–20,1815,"Purchase, Thomas Jayne Gift, Peter Terian Gift,  and Friends of the American Wing Fund, by exchange,1999",Paris,,http://www.metmuseum.org/art/collection/search/16745,Animals|Landscapes
433804,False,Drawings and Prints,1953.0,Print collection ornament & architecture,"Ceiling decoration with Hercules and the Hydra, from Plafonds modernes, plate 4",,Artist|Publisher,Jean Le Pautre|Jean I Leblond,"French, Paris 1618–1682 Paris|French, ca. 1590–1666 Paris",published ca. 1651,1646,"Harris Brisbane Dick Fund, 1953",Paris,Prints|Ornament & Architecture,http://www.metmuseum.org/art/collection/search/433804,
640494,False,Drawings and Prints,1948.0,Print,"Bust of a young man with his gaze down, bound in L'Oeuvre original de Vivant Denon. Collection de eaux-fortes, Volume 1",,Artist|Publisher|Artist,baron Dominique Vivant Denon|A. Barrand|Guercino (Giovanni Francesco Barbieri),"French, Givry 1747–1825 Paris| |Italian, Cento 1591–1666 Bologna",1873,1873,"Harris Brisbane Dick Fund, 1948",Paris,Books,http://www.metmuseum.org/art/collection/search/640494,
853947,false,The Libraries,,,A weaver of dreams,,Author|Artist|Publisher,"Myrtle Reed|Margaret Neilson Armstrong|G.P. Putnam & Co., New York","American, 1874–1911|American, New York 1867–1944 New York|",1911,1911,,New York,,http://www.metmuseum.org/art/collection/search/853947,
751614,False,The American Wing,2021.0,Salad servers,Salad servers,American,Maker,Charles Rohlfs,"American, Brooklyn, New York 1853–1936 Buffalo, New York",1902—05,1902,"Gift of Jacqueline Loewe Fowler, 2020",Buffalo,,http://www.metmuseum.org/art/collection/search/751614,
26554,True,Arms and Armor,1997.0,Snaphaunce hunting rifle,Snaphaunce Hunting Rifle,"Swedish, Stockholm",Stock maker,Jonas Schertiger the Younger,"Swedish, active 1715–died 1748",dated 1722,1722,"Purchase, Gifts of Prince Albrecht Radziwill and Charles M. Schott Jr., by exchange, and Rogers Fund, 1997",Stockholm,Firearms,http://www.metmuseum.org/art/collection/search/26554,
346473,False,Drawings and Prints,1921.0,Book,De la maniere de graver à l'eau forte et au burin... Nouvelle édition augmentée,,Artist|Publisher,Abraham Bosse|Charles Antoine Jombert,"French, Tours 1602/04–1676 Paris|French, 1712–1784",1758,1758,"Museum Accession, transferred from the Library",Paris,Books,http://www.metmuseum.org/art/collection/search/346473,
14370,true,The American Wing,1991.0,Chocolate pot,Chocolate Pot,American,Maker,New England Pottery Company,1876–1914,ca. 1889–95,1886,"The Florence I. Balasny-Barnes Collection, Gift of Florence I. Balasny-Barnes, in memory of her sister, Yvette B. Gould, 1991",Boston,,http://www.metmuseum.org/art/collection/search/14370,Flowers
9418,False,The American Wing,1951.0,Vase,Vase,American,Designer|Maker,Louis C. Tiffany|Tiffany Glass and Decorating Company,"American, New York 1848–1933 New York|American, 1892–1902",ca. 1900,1897,"Gift of Louis Comfort Tiffany Foundation, 1951",New York,,http://www.metmuseum.org/art/collection/search/9418,Feathers
344668,False,Drawings and Prints,1956.0,Book,Album Blouses Nouvelles; Chic Parisien,,Publisher,Arnold Bachwitz,,Winter 1932,1932,"The Elisha Whittelsey Collection, The Elisha Whittelsey Fund, 1956",Paris,Books,http://www.metmuseum.org/art/collection/search/344668,
350118,False,Drawings and Prints,1960.0,Book,"The Monarch Catalogue No. 61, [for rings]",,Author,R. L. & M. Friedlander,"New York, NY",1900–50,1900,"The Elisha Whittelsey Collection, The Elisha Whittelsey Fund, 1960",New York,Books,http://www.metmuseum.org/art/collection/search/350118,
896955,false,The Libraries,,,12 původních litografií z německých koncentračních táborů,,Artist,Leo Haas,"German, 1901–1983",1947,1947,Watson Library copy: Gift of Friends of the Thomas J. Watson Library,Prague,,http://www.metmuseum.org/art/collection/search/896955,
343898,False,Drawings and Prints,1961.0,Book ; Ornament and architecture,Architectura civilis,,Engraver|Engraver|Author,Raphael Custos|Jakob Custos|Joseph Furttenbach the Elder,"German, active Augsburg, 1590–1651, died Frankfurt-am-Main|German, active Augsburg first half 17th century|German, 1591–1667",1628–50,1628,"The Elisha Whittelsey Collection, The Elisha Whittelsey Fund, 1961",n.l.,Books|Ornament & Architecture,http://www.metmuseum.org/art/collection/search/343898,
626180,False,Drawings and Prints,1947.0,Print ornament & architecture,"Solis Invictus, from Deorum Dearumque Capita : ex vetustis numismatibus in gratiam antiquitatis studiosorum effigiata et edita",,Publisher|Artist|Artist|Artist|Artist,Philips Galle|Johannes van Doetecum I|Lucas van Doetecum|Gerard van Groeningen|Gerard van Groeningen,"Netherlandish, Haarlem 1537–1612 Antwerp|Netherlandish, 1528/32–1605|Netherlandish, active 1554–72, died before 1589|Netherlandish, active Antwerp, 1563–73|Netherlandish, active Antwerp, 1563–73",1573,1573,"Harris Brisbane Dick Fund, 1947",Antwerp,Ornament & Architecture|Prints,http://www.metmuseum.org/art/collection/search/626180,
434879,False,Drawings and Prints,1953.0,Print collection ornament & architecture,"Copy of Apollo and Daphne, from a series of twenty-two plates depicting mythological subjects, plate 1",,Artist|Publisher,Jean Le Pautre|Pieter Schenck I,"French, Paris 1618–1682 Paris|Dutch (born Germany), Elberfeld 1660–ca. 1713 Amsterdam",17th century,1633,"Harris Brisbane Dick Fund, 1953",Paris,Prints|Ornament & Architecture,http://www.metmuseum.org/art/collection/search/434879,
412557,False,Drawings and Prints,1968.0,Portfolio,"Plate 10 from Sonia Delaunay: ses peintures, ses objets, ses tissus simultanés, ses modes",,Artist|Publisher,Sonia Delaunay|Librairie des Arts Décoratifs,"French (born Ukraine), Gradizhsk 1885–1979 Paris|",[1925],1925,"The Elisha Whittelsey Collection, The Elisha Whittelsey Fund, 1968",Paris,Portfolios,http://www.metmuseum.org/art/collection/search/412557,
19853,False,The American Wing,2018.0,Vase,Vase,American,Decorator|Manufacturer,Matthew A. Daly|Rookwood Pottery Company,"1860–1937|American, Cincinnati, Ohio 1880–1967",1900,1897,"Gift of Robert A. Ellison Jr., 2018",Cincinnati,,http://www.metmuseum.org/art/collection/search/19853,
655710,False,Drawings and Prints,1958.0,Print,"Mary, Queen of Scots with her son James",,Sitter|Etcher|Artist|Artist|Sitter|Publisher,"Mary, Queen of Scots|Francesco Bartolozzi|Federico Zuccaro (Zuccari)|Spiridione Roma|James VI of Scotland|Spiridione Roma","British, Linlithgow 1542–1587 Fotheringhay|Italian, Florence 1728–1815 Lisbon|Italian, Sant'Angelo in Vado 1540/42–1609 Ancona|Italian, active London 1779|British, Edinburgh 1566–1625 Theobalds|Italian, active London 1779","January 26, 1779",1779,"Gift of Susan Dwight Bliss, 1958",London,Prints,http://www.metmuseum.org/art/collection/search/655710,
355105,False,Drawings and Prints,1933.0,Book,[Works. Furniture designs.],,Artist|Publisher|Publisher,Aubert Henri Joseph Parent|Mondhare et Jean|Louis Marin Bonnet,"French, Cambrai 1753–1835 Valenciennes| |French, Paris 1736–1793 Saint-Mandé, Val-de-Marne",[1788–89],1788,"Harris Brisbane Dick Fund, 1933",Paris,Books,http://www.metmuseum.org/art/collection/search/355105,
348763,False,Drawings and Prints,1962.0,Book,"The ""Domestic"" Sewing Machine Instructor",,Author,Domestic Sewing Machine Company,"American, established 1869",1880–90 (?),1880,"Gift of Lincoln Kirstein, 1962",New York,Books,http://www.metmuseum.org/art/collection/search/348763,
662158,False,Drawings and Prints,1952.0,Print,"Vüe des restes du Chateau de l'Eau Marcia Sur le Mont Esquilin prés de St. Eusebe, from Les Plus Beaux Monuments de Rome Ancienne ou Recueil des plus beaux Morceaux de l'Antiquité Romaine qui existent encore",,Artist|Publisher|Printer|Engraver,Jean Barbault|Bouchard & Gravier|Giunchi Heritiers de Komarek|Dominico Montagu,"French, Viarmes 1718–1762 Rome|Rome| |Italian, active Rome, ca. 1750–76",1761,1761,"Rogers Fund, 1952",Rome,Prints,http://www.metmuseum.org/art/collection/search/662158,
468319,True,Medieval Art,1949.0,Triptych panel,Triptych Panel with Saint Catherine,French,Artist,Master of the Triptych of Louis XII,ca. 1490–ca. 1515,15th–16th century,1400,"The Jules S. Bache Collection, 1949",Limoges,Enamels-Painted,http://www.metmuseum.org/art/collection/search/468319,Swords|Men
4795,False,The American Wing,1980.0,Lintel,Lintel,American,Maker|Designer,Tiffany Studios|Louis C. Tiffany,"1902–32|American, New York 1848–1933 New York",1905–15,1905,"Purchase, Mrs. Lillian Nassau Gift, 1980",New York,,http://www.metmuseum.org/art/collection/search/4795,
725300,False,Drawings and Prints,1945.0,Book Print Ornament and Architecture,Folded Paper Pattern for Embroidery with Design for Border with Dwarf Arctiotis Motifs,,Designer,Elvira Mary Courbould [E. M. C.],"British, active second half 19th century",1870–1880,1870,"Harris Brisbane Dick Fund, 1945",London,Books|Ornament & Architecture|Prints,http://www.metmuseum.org/art/collection/search/725300,
344227,False,Drawings and Prints,1948.0,Book,Strapwork Cartouches with Interlaced Band Patterns,,Artist|Publisher,Hans Vredeman de Vries|Hieronymus Cock,"Netherlandish, Leeuwarden 1527–1606 (?)  Antwerp (?)|Netherlandish, Antwerp ca. 1510–1570 Antwerp",ca. 1555–60,1550,"The Elisha Whittelsey Collection, The Elisha Whittelsey Fund, 1948",Antwerp,Books|Ornament & Architecture,http://www.metmuseum.org/art/collection/search/344227,
348186,False,Drawings and Prints,1965.0,Book,Album de Serrurerie de Luxe,,Manufacturer|Lithographer|Designer,Amédée Cugnot|François de Villain|A. Cordier,"|French, active 1819–40|French",19th century,1800,"The Elisha Whittelsey Collection, The Elisha Whittelsey Fund, 1965",Paris,Books,http://www.metmuseum.org/art/collection/search/348186,
888597,false,The Libraries,,,"The watchmaker's wife, and other stories",,Artist|Publisher|Author,Margaret Neilson Armstrong|Charles Scribners and Sons|Frank Richard Stockton,"American, New York 1867–1944 New York| |American, 1834–1902",1893,1893,Gift of Friends of the Thomas J. Watson Library,New York,,http://www.metmuseum.org/art/collection/search/888597,
652998,True,Arms and Armor,2004.0,Drawings,Partial Design for the Decoration of Firearms,"French, Versailles",Designer,Nicolas Noël Boutet,"French, Versailles and Paris, 1761–1833",ca. 1797–1805,1772,"Purchase, Clay P. Bedford Gift, 2004",Versailles,Works on Paper-Drawings,http://www.metmuseum.org/art/collection/search/652998,Ornament
366776,False,Drawings and Prints,1962.0,Print,Lady Betty Bustle and Her Maid Lucy Preparing for the Masquerade at the Pantheon,,Publisher,Carington Bowles I,"British, 1724–1793",1745–1800,1745,"The Elisha Whittelsey Collection, The Elisha Whittelsey Fund, 1962",London,Prints,http://www.metmuseum.org/art/collection/search/366776,
359790,False,Drawings and Prints,1970.0,Book ; Ornament and architecture,Guide to House Furnishing,,Author|Lithographer|Illustrator|Illustrator|Illustrator,Oetzmann & Co.|Allbut and Daniel|Thomas Riley|Gaunt|Waterlows,"British, established 1848|British, active 1879–91|British, active 1878–1892|British, late 19th century|British, active London late 19th century",[1879],1879,"Gift of Lincoln Kirstein, 1970",London,Books|Ornament & Architecture,http://www.metmuseum.org/art/collection/search/359790,
344103,False,Drawings and Prints,1921.0,Book,Hieroglyphica of Merkbeelden der oude Volkeren,,Editor|Illustrator|Designer|Engraver|Designer|Publisher|Sitter,Arn. Henr. Westerhovius|Romeyn de Hooghe|Jan Wandelaar|Jacob Houbraken|H. Bos|Joris van der Woude|Romeyn de Hooghe,"Dutch|Dutch, Amsterdam 1645–1708 Haarlem|Dutch, 1690–1759|Dutch, Dordrecht 1698–1780 Amsterdam|Dutch|Dutch, 1719–1752|Dutch, Amsterdam 1645–1708 Haarlem",1735,1735,"Gift of Samuel P. Avery, transferred from Library",Amsterdam,Books,http://www.metmuseum.org/art/collection/search/344103,
701204,True,Drawings and Prints,1951.0,"Print, Fete, Ornament & Architecture","Plate 22: Emperor Charles V, victory at Pavia; from Guillielmus Becanus's 'Serenissimi Principis Ferdinandi, Hispaniarum Infantis...'",,Artist|Publisher,Jacob Neeffs|Johannes Meursius,"Flemish, Antwerp 1610–after 1660 Antwerp|Flemish, active 1620–47",1636,1636,"The Elisha Whittelsey Collection, The Elisha Whittelsey Fund, 1951",Antwerp,Prints|Prints-Fete|Ornament & Architecture,http://www.metmuseum.org/art/collection/search/701204,Horses|Soldiers|Swords|Women
887833,false,The Libraries,,,Mosaic curtain for the National Theatre of Mexico,,Author,Tiffany Studios,1902–32,1911,1911,,New York,,http://www.metmuseum.org/art/collection/search/887833,
372979,False,Drawings and Prints,1941.0,Book ; Ornament and Architecture,The Architecture of M. Vitruvius Pollio,,Engraver|Artist and publisher|Author,William Newton|James Newton|Marcus Pollio Vitruvius,"British, 1735–1790|British, London 1748–ca. 1804|Roman, active late 1st century BCE",1791,1791,"Bequest of W. Gedney Beatty, 1941",London,Books|Ornament & Architecture,http://www.metmuseum.org/art/collection/search/372979,
391907,False,Drawings and Prints,1967.0,Print,"Fee Simple, a Councellor and Beau Bungey, a Cringing Courtier",,Artist,John Spilsbury,"British, 1730–1769",ca. 1750–70,1745,"Purchase, Harry G. Friedman Bequest, 1967",London,Prints,http://www.metmuseum.org/art/collection/search/391907,
347852,False,Drawings and Prints,1941.0,Book,The Modish Round Hand,,Author|Publisher|Engraver,Solomon Cook|Henry Overton and J. Hoole|William Fryer,"British, active ca. 1750|London|British, active mid-18th century",[1750],1750,"Bequest of W. Gedney Beatty, 1941",London,Books,http://www.metmuseum.org/art/collection/search/347852,
390489,True,Drawings and Prints,1920.0,Drawing Ornament and Architecture,"French Chairs, in Chippendale Drawings, Vol. I",,Artist,Thomas Chippendale,"British, baptised Otley, West Yorkshire 1718–1779 London",1759,1759,"Rogers Fund, 1920",London,Drawings|Ornament & Architecture,http://www.metmuseum.org/art/collection/search/390489,Chairs
348263,False,Drawings and Prints,1971.0,Book,"Catalogue B. No. 11, Electrical Novelties, Experimental Apparatus, Dynamo and Motors, etc.",,Author|Author,Seth W. Fuller & Co.|Carlisle & Finch Co.,"Boston, Massachusetts|Cincinnati, Ohio",1907,1907,"Purchase, Jefferson R. Burdick Bequest, 1971",Cincinnati,Books,http://www.metmuseum.org/art/collection/search/348263,
503345,False,Musical Instruments,1988,Ūd,Ūd,American,Maker,Toufighe Jahromi,,ca. 1928,1900,"Gift of Rosalind K. Frey, in memory of Sidney Frey and Mohammed El Bakkar, 1988",Brooklyn,Chordophone-Lute-plucked-unfretted,http://www.metmuseum.org/art/collection/search/503345,
8546,True,The American Wing,1942.0,Tile,Tile,British,Maker,John Sadler,1720–1789,1757–61,1757,"Gift of Mrs. J. Insley Blair, 1942",Liverpool,,http://www.metmuseum.org/art/collection/search/8546,Ships
345913,False,Drawings and Prints,1969.0,Book,"Classic Metal Ceilings, Catalogue No. 6A",,Author,Berger Manufacturing Company,"Canton, Ohio",1890s (?),1890,"Gift of Lincoln Kirstein, 1969",Canton,Books,http://www.metmuseum.org/art/collection/search/345913,
8193,True,The American Wing,1986.0,Tankard,Tankard,American,Maker,John Coney,1655/56–1722,ca. 1685,1680,"Gift of Justine P. Trowbridge and Carolyn P. Pruyn, 1986",Boston,,http://www.metmuseum.org/art/collection/search/8193,Coat of Arms
427834,False,Drawings and Prints,1961.0,Prints Collection Ornament & Architecture,"Title Plate with Design for a Clock, from Nouveaux Liure de Boites de Pendulles de Coqs et Etuys de Montres et Autres Necessaire au Orlogeurs",,Artist|Publisher,Daniel Marot the Elder|Henri II Bonnart,"French, Paris 1661–1752 The Hague|French, Paris 1642–1711 Paris",after 1706,1706,"The Elisha Whittelsey Collection, The Elisha Whittelsey Fund, 1961",Amsterdam,Prints|Ornament & Architecture,http://www.metmuseum.org/art/collection/search/427834,
344365,False,Drawings and Prints,1926.0,Book,Abuze en Court and Le Doctrinal du Temps Présent,,Publisher,Association Guillaume le Roy,,ca. 1926 [reproducing ca. 1484 original],1921,"Harris Brisbane Dick Fund, 1926",Lyon,Books,http://www.metmuseum.org/art/collection/search/344365,
789050,True,Arms and Armor,2018.0,Flintlock Wender Pistol,Flintlock Wender Pistol,"French, Lyon",Gunsmith,Claude Cunet,"French, active Lyon, ca. 1640–60",ca. 1650,1625,"Purchase, Christopher W. Douglass Gift, in memory of Florence W. Douglass, 2018",Lyon,Firearms-Pistols-Flintlock,http://www.metmuseum.org/art/collection/search/789050,
432623,False,Drawings and Prints,1933.0,Print collection ornament & architecture,"Altar with Christ in Glory above, bound in Oeuvres. Vol. III",,Artist|Publisher,Jean Le Pautre|Pierre Mariette le fils,"French, Paris 1618–1682 Paris|French, Paris 1634–1716 Paris",17th century,1633,"Harris Brisbane Dick Fund, 1933",Paris,Prints|Ornament & Architecture,http://www.metmuseum.org/art/collection/search/432623,
788996,True,Drawings and Prints,1917.0,Print,"Plate 22, from ""World in Miniature""",,Artist|Publisher,"Thomas Rowlandson|Rudolph Ackermann, London","British, London 1757–1827 London|British, active 1794–1829",1816,1816,"Rogers Fund, 1917",London,Prints,http://www.metmuseum.org/art/collection/search/788996,Castles|Men|Women|Horses|Carriages
7373,True,The American Wing,1969.0,Vegetable dish,Vegetable Dish,American,Maker,Union Porcelain Works,1863–1922,1885,1885,"Gift of Mr. and Mrs. Franklin Chace, 1969",Brooklyn,,http://www.metmuseum.org/art/collection/search/7373,
345037,False,Drawings and Prints,1925.0,Book,Della puritá della conscientia & deli modo da confessari,,Author,Thomas Aquinas,"Italian, 1225–1274","August 14, 1512",1512,"Harris Brisbane Dick Fund, 1925",Florence,Books,http://www.metmuseum.org/art/collection/search/345037,
16977,True,The American Wing,2012.0,Dining table,Drop-leaf dining table,American,Maker,John Townsend,1732–1809,1756,1756,"Gift of Stuart Holzer and Marc Holzer, in memory of their parents, Ann and Philip Holzer, 2012",Newport,,http://www.metmuseum.org/art/collection/search/16977,
430642,True,Drawings and Prints,1963.0,Print,"The First Four Trombones, from The Apocalypse",,Artist|Publisher,Hans Burgkmair|Silvan Otmar,"German, Augsburg 1473–1531 Augsburg|German, active Augsburg, 1513–40",1523–24,1523,"The Elisha Whittelsey Collection, The Elisha Whittelsey Fund, 1963",Augsburg,Prints,http://www.metmuseum.org/art/collection/search/430642,Trombones|Apocalypse
361861,False,Drawings and Prints,1995.0,Book,The History of Japan: Giving an Account of the Antient [sic] and Present State and Government of That Empire...,,Translator|Printer|Engraver|Engraver|Engraver|Publisher|Designer|Dedicatee|Publisher|Author,"John Gaspar Scheuchzer|Thomas Woodward|G. King|C. Moore|Gerard Vandergucht|John Gaspar Scheuchzer|John Gaspar Scheuchzer|George II, King of Great Britain and Ireland|Charles Davis|Engelbert Kaempfer","British (born Switzerland), Zürich 1702–1729 Chelsea|London|British, active 1732–49|British, active 1768–1773|British, London 1696–1776 London|British (born Switzerland), Zürich 1702–1729 Chelsea|British (born Switzerland), Zürich 1702–1729 Chelsea|Hanover 1683–1760 London|London|German, Lemgo, Westphalia 1651–1716 Lemgo, Westphalia",1728,1728,"Gift of Akiko Bowers, 1995, transferred from the Asian Art Department",London,Books,http://www.metmuseum.org/art/collection/search/361861,
1476,True,The American Wing,1933.0,Caster,Caster,American,Maker,Mark Nelson,1733–1787,1750–70,1750,"Bequest of Alphonso T. Clearwater, 1933",Portsmouth,,http://www.metmuseum.org/art/collection/search/1476,
6657,True,The American Wing,1940.0,Porringer,Porringer,American,Maker,William Billings,ca. 1768–1813,1791–1806,1791,"Gift of Mrs. J. Insley Blair, in memory of her husband, 1940",Providence,,http://www.metmuseum.org/art/collection/search/6657,
845711,True,The Libraries,,,"A catalogue of the library of the late John, Duke of Roxburghe : arranged by G. and W. Nicol ; which will be sold by auction ... on Monday, 18th May, 1812, and the forty-one following days, Sundays excepted ... by Robert H. Evans",,Subject of book|Author|Publisher|Printer,John Ker Roxburghe|Robert Harding Evans|G. and W. Nicol|William Bulmer & Co.,"|British, 1778–1857|London|London",1812,1812,"Bequest of Mrs. Charles Wrightsman, 2019",London,,http://www.metmuseum.org/art/collection/search/845711,
435325,False,Drawings and Prints,1918.0,Print collection ornament & architecture,"Frieze with a flying female figure amidst rinceaux, from Frises et différents ornements à l'italienne, plate 2, in A Bound Collection of Print Series Including Cheminées et Lambris, Alcoves à la Romaine, Feuillages et autres ornemens..., etc.",,Artist|Publisher|Publisher,Jean Le Pautre|Charles Antoine Jombert|Pierre Mariette le fils,"French, Paris 1618–1682 Paris|French, 1712–1784|French, Paris 1634–1716 Paris",1751,1751,"Rogers Fund, 1918",Paris,Prints|Ornament & Architecture,http://www.metmuseum.org/art/collection/search/435325,
505461,True,Musical Instruments,1984,Violoncello,Violoncello,French,Maker,Jean Baptiste Vuillaume,"French, Mirecourt 1798–1875 Paris",mid-19th century,1840,"Gift of Dr. Peter Blos, 1984",Paris,Chordophone-Lute-bowed-unfretted,http://www.metmuseum.org/art/collection/search/505461,
643642,False,Drawings and Prints,1948.0,Print,"Legislator in profile, bound in L'Oeuvre original de Vivant Denon. Collection de eaux-fortes, Volume 2",,Artist|Publisher,baron Dominique Vivant Denon|A. Barrand,"French, Givry 1747–1825 Paris|",1873,1873,"Harris Brisbane Dick Fund, 1948",Paris,Books,http://www.metmuseum.org/art/collection/search/643642,
668768,False,The American Wing,2022.0,Pitcher,Pitcher,American,Manufacturer,New England Pottery Company,1876–1914,ca. 1886–90,1881,"Gift of Robert A. Ellison Jr., 2021",East Boston,,http://www.metmuseum.org/art/collection/search/668768,
344111,True,Drawings and Prints,1926.0,Book,Various Plates of Grotesques from Three Series,,Artist|Publisher|Engraver|Engraver,Cornelis Floris II|Hieronymus Cock|Johannes van Doetecum I|Lucas van Doetecum,"Netherlandish, Antwerp before 1514–1575 Antwerp|Netherlandish, Antwerp ca. 1510–1570 Antwerp|Netherlandish, 1528/32–1605|Netherlandish, active 1554–72, died before 1589",1554–57,1554,"Harris Brisbane Dick Fund, 1926; Harris Brisbane Dick Fund, 1931; Harris Brisbane Dick Fund, 1953; Purchase, Anne and Carl Stern Gift, 1959",Antwerp,Books,http://www.metmuseum.org/art/collection/search/344111,Grotesques|Ornament
371830,False,Drawings and Prints,1941.0,Book,"Architecture, ou, Art de bien bastir de Marc Vitruve Pollion, autheur romain antique; mis de latin en francoys par Ian Martin",,Author|Publisher|Translator|Illustrator|Publisher,Marcus Pollio Vitruvius|Jacque Gazeau|Jean Martin|Jean Goujon|Veuue & Heritiers of Jean Barbé,"Roman, active late 1st century BCE|French, active 16th century|French, died 1553|French, ca. 1510–ca. 1565 Bologna (?)|French",1547,1547,"Bequest of W. Gedney Beatty, 1941",Paris,Books,http://www.metmuseum.org/art/collection/search/371830,
8084,True,The American Wing,1968.0,Table,Table,American,Maker,Léon Marcotte,1824–1887,ca. 1860,1857,"Gift of Mrs. D. Chester Noyes, 1968",New York,,http://www.metmuseum.org/art/collection/search/8084,
687920,False,Drawings and Prints,1922.0,Book ; periodical,"Les Artistes Anciens et Modernes, Volume X",,Artist|Publisher|Artist|Artist|Artist|Artist|Artist|Artist|Artist|Artist|Artist|Artist,Léon Mariani|Bertauts|Eugène Leroux|Adolphe Mouilleron|Célestin Nanteuil|Jules Didier|Alexandre Bida|François-Louis Français|Edouard Bertin|Achille-Louis-Joseph Sirouy|Edmond Hédouin|Henri-Charles-Antoine Baron,"French, active 1860–73| |French, Caen 1807–1863 Paris|French, Paris 1820–1881 Paris|French (born Italy), Rome 1813–1873 Bourron-Marlotte|French, Paris 1831–1914|French, Toulouse 1813–1895 Bühl|French, Plombières-les-Bains 1814–1897 Plombières-les-Bains|French, Paris 1797–1871 Paris|French, Beauvais 1834–1904 Paris|French, Boulogne-sur-Mer 1820–1889 Paris|French, Besançon 1816–1885 Geneva",1848–62,1848,"Museum Accession, transferred from the Library",Paris,Books|Periodicals,http://www.metmuseum.org/art/collection/search/687920,
311552,False,"Arts of Africa, Oceania, and the Americas",1978.0,Spear,Spear,Asmat people,Artist,Jewer,,mid-20th century,1900,"The Michael C. Rockefeller Memorial Collection; Gift of Nelson A. Rockefeller and Mrs. Mary C. Rockefeller, 1965",Omadesep village,Wood-Implements,http://www.metmuseum.org/art/collection/search/311552,Spears
659633,False,Drawings and Prints,1952.0,Print,"Centaures D'aprés un Basrelief antique, from Les Plus Beaux Monuments de Rome Ancienne ou Recueil des plus beaux Morceaux de l'Antiquité Romaine qui existent encore",,Artist|Publisher|Printer,Jean Barbault|Bouchard & Gravier|Giunchi Heritiers de Komarek,"French, Viarmes 1718–1762 Rome|Rome|",1761,1761,"Rogers Fund, 1952",Rome,Prints,http://www.metmuseum.org/art/collection/search/659633,
32217,True,Arms and Armor,1932.0,Waist lame,Waist Lame,"German, Landshut",Armorer|Armorer,Wolfgang Grosschedel|Franz Grosschedel,"German, Landshut, active ca. 1517–62|German, Landshut, recorded 1555–79",ca. 1555–60,1530,"Rogers Fund, 1932",Landshut,Armor Parts,http://www.metmuseum.org/art/collection/search/32217,
2851,False,The American Wing,1948.0,Cup and saucer,Cup and Saucer,German,Maker,Koenigliche Porzellan Manufaktur,"German, founded 1763",ca. 1844–47,1841,"Bequest of Adeline R. Brown, 1947",Berlin,,http://www.metmuseum.org/art/collection/search/2851,
9335,True,The American Wing,1969.0,Vase,Vase,American,Manufacturer|Maker,Grueby Faience Company|Ruth Erikson (working 1899 - 1910),1894–ca. 1911|active 1899–1910,1899–1910,1899,"Purchase, The Edgar J. Kaufmann Foundation Gift, 1969",Boston,,http://www.metmuseum.org/art/collection/search/9335,
427900,False,Drawings and Prints,1961.0,Prints Collection Ornament & Architecture,"Copy of Design for a Vase with Britannia, from Vasses de la Maison Royalle de L'oo",,Artist|Publisher,Daniel Marot the Elder|Benthemensus,"French, Paris 1661–1752 The Hague|",after 1703,1703,"The Elisha Whittelsey Collection, The Elisha Whittelsey Fund, 1961",Amsterdam,Prints|Ornament & Architecture,http://www.metmuseum.org/art/collection/search/427900,
247,True,The American Wing,1968.0,Armchair,Armchair,American,Maker,John Jelliff,1813–1893,1868–70,1868,"Gift of Josephine M. Fiala, 1968",Newark,,http://www.metmuseum.org/art/collection/search/247,
3520,True,The American Wing,1946.0,Egg cup,Egg Cup,American,Maker,Adams and Company,,1870–80,1870,"Gift of Mrs. Emily Winthrop Miles, 1946",Pittsburgh,,http://www.metmuseum.org/art/collection/search/3520,
889362,false,The Libraries,,,Never forget / Yéil Ya-Tseen = Nicholas Galanin,,Publisher|Artist,Minor Matters Books|Nicholas Galanin,"|Tlingit and Unangax̂born, born Sitka, Alaska, 1979",2021,2021,,Seattle,,http://www.metmuseum.org/art/collection/search/889362,
478980,True,Medieval Art,1949.0,Plaque,Plaque with the Crucifixion,French,Artist,Nardon Pénicaud,"French, 1470–1542/43",late 15th–early 16th century,1475,"The Jules Bache S. Bache Collection, 1949",Limoges,Enamels-Painted,http://www.metmuseum.org/art/collection/search/478980,Christ|Crucifixion|Horses
373627,False,Drawings and Prints,1941.0,Book,L'architecture de Vitruve,,Translator|Publisher|Author,Charles L. Maufras|Charles Louis Fleury Panckoucke|Marcus Pollio Vitruvius,"French|French, 1780–1844|Roman, active late 1st century BCE",1847,1847,"Bequest of W. Gedney Beatty, 1941",Paris,Books,http://www.metmuseum.org/art/collection/search/373627,
659616,False,Drawings and Prints,1918.0,Books Prints Ornament & Architecture,"Esemplario di Lauori..., page 23 (recto)",,Designer|Publisher,Florio Vavassore|Giovanni Andrea Vavassore,"Italian, active 16th century|Italian, active Venice 1530–1573","August 1, 1532",1532,"Rogers Fund, 1918",Venice,Books|Prints|Ornament & Architecture,http://www.metmuseum.org/art/collection/search/659616,
742605,False,Drawings and Prints,2016.0,Book Ornament & Architecture,"The Twenty Styles of Architecture, Illustrated by Plates of the Finest Edifices of the World",,Author,Wallace Wood,"American, active second half 19th century",1881,1881,"Gift of Morrison Heckscher, 2016",London,Books|Ornament & Architecture,http://www.metmuseum.org/art/collection/search/742605,
787698,True,Drawings and Prints,1959.0,Print,A Bonnet Shop,,Artist|Publisher,Thomas Rowlandson|Thomas Tegg,"British, London 1757–1827 London|British, London 1776–1846 London","May 15, 1810",1810,"The Elisha Whittelsey Collection, The Elisha Whittelsey Fund, 1959",London,Prints,http://www.metmuseum.org/art/collection/search/787698,Satire|Men|Women
716894,False,The American Wing,2019.0,Vase,Covered vase on stand with teasel,American,Maker,Adelaide Alsop Robineau,"American, Middletown, Connecticut, 1865–1929 Syracuse, New York",1912,1912,"Gift of Martin Eidelberg, 2019",Syracuse,,http://www.metmuseum.org/art/collection/search/716894,
894673,False,Drawings and Prints,1924,Print,The Unlucky Loss of the French Warships Quebec and Surveillant – Etat Malheureux du Quebeck et Surveillant Vais de Guerre,,Artist|Engraver,Richard Paton|Balthasar Friedrich Leizel,"British, 1717–1791|German, active 1751–1800",ca. 1779,1774,"Gift of Charles Allen Munn, 1924",Augsburg,Prints,http://www.metmuseum.org/art/collection/search/894673,
344637,False,Drawings and Prints,1941.0,Book ; Ornament and architecture,I dieci libri de l'architettura di Leon Battista de gli Alberti Fiorentino,,Author|Publisher|Translator|Dedicatee,Leon Battista Alberti|Vincenzo Vaugris|Pietro Lauro|Bonifacio Bevilacqua,"Italian, Genoa 1404–1472 Rome| |Italian, ca. 1510–ca. 1568|Italian",1546,1546,"Bequest of W. Gedney Beatty, 1941",Venice,Books|Ornament & Architecture,http://www.metmuseum.org/art/collection/search/344637,
1336,True,The American Wing,1910.0,Candlestick,Candlestick,American,Maker,United States Pottery Company,1852–58,1849–58,1849,"Gift of Mrs. Russell Sage, 1910",Bennington,,http://www.metmuseum.org/art/collection/search/1336,
640289,False,Drawings and Prints,1948.0,Print,"Man blowing on charcoal, bound in L'Oeuvre original de Vivant Denon. Collection de eaux-fortes, Volume 1",,Artist|Publisher|Artist,baron Dominique Vivant Denon|A. Barrand|Giulio Clovio,"French, Givry 1747–1825 Paris| |Italian, Brizane 1498–1578 Rome",1873,1873,"Harris Brisbane Dick Fund, 1948",Paris,Books,http://www.metmuseum.org/art/collection/search/640289,
431784,False,Drawings and Prints,1933.0,Print collection ornament & architecture,"A grotto of arcades topped with a terrace, from Grottes et fontaines de jardins à l'italienne, plate 4, bound in Oeuvres. Vol. II",,Artist|Publisher,Jean Le Pautre|Pierre Mariette le fils,"French, Paris 1618–1682 Paris|French, Paris 1634–1716 Paris",17th century,1633,"Harris Brisbane Dick Fund, 1933",Paris,Prints|Ornament & Architecture,http://www.metmuseum.org/art/collection/search/431784,
344938,False,Drawings and Prints,1986.0,Book,Fairy Tales,,Editor|Author|Illustrator|Printer|Publisher,Arthur Rackham|Hans Christian Andersen|Arthur Rackham|R. & R. Clark|George G. Harrap & Co. Ltd.,"British, London 1867–1939 Limpsfield, Surrey|Danish, Odense 1805–1875 Copenhagen|British, London 1867–1939 Limpsfield, Surrey|Edinburgh|London",1932,1932,"Gift of Estate of Jane Erdmann Whitney, 1986",London,Books,http://www.metmuseum.org/art/collection/search/344938,
351556,False,Drawings and Prints,1952.0,Book ; facsimile,"The Cabinet-Maker and Upholsterer's Guide; Or, Repository of Designs for Every Article of Household Furniture",,Author|Printer|Publisher,"A. Hepplewhite & Co.|B. T. Batsford, Ltd.|I. & J. Taylor","British, 18th century|British, founded London 1843|London",1897 [copy of 1794 original],1794,"Rogers Fund, 1952",London,Books,http://www.metmuseum.org/art/collection/search/351556,
661158,True,Drawings and Prints,1953.0,Books Prints Ornament & Architecture,"Prima parte de' fiori, page 12 (recto)",,Author|Printer|Publisher,Giovanni Battista Ciotti|Nicolo Moretti|Francesco de' Franceschi,"Italian, born Siena, ca. 1560| |Italian, active 16th century",1591,1591,"Gift of Mary M. Greenwood, in memory of Eliza Rudd Greenwood, 1953",Venice,Books|Prints|Ornament & Architecture,http://www.metmuseum.org/art/collection/search/661158,Ornament
430672,True,Drawings and Prints,1963.0,Print,"Recto of Sheet with The Clothing of the Elect, from The Apocalypse",,Artist|Publisher,Hans Burgkmair|Silvan Otmar,"German, Augsburg 1473–1531 Augsburg|German, active Augsburg, 1513–40",1523–24,1523,"The Elisha Whittelsey Collection, The Elisha Whittelsey Fund, 1963",Augsburg,Prints,http://www.metmuseum.org/art/collection/search/430672,Apocalypse
341780,True,Drawings and Prints,1945.0,Book,"Pompa Introitus Honori .. Ferdinandi Austriaci ... "" (Entry of Cardinal-Infante Ferdinand into Antwerp, April 17, 1635)",,Author|Designer|Engraver|Etcher|Publisher,Jan Caspar Gevaerts|Peter Paul Rubens|Jacob Neeffs|Theodoor van Thulden|Theodoor van Thulden,"Flemish, 1593–1666|Flemish, Siegen 1577–1640 Antwerp|Flemish, Antwerp 1610–after 1660 Antwerp|Flemish, 's-Hertogenbosch 1606–1669 's-Hertogenbosch|Flemish, 's-Hertogenbosch 1606–1669 's-Hertogenbosch",1642,1642,"Harris Brisbane Dick Fund, 1945","Antwerp, n.d.",Books,http://www.metmuseum.org/art/collection/search/341780,Soldiers|Men|Women|Dragons|Horses
311449,False,"Arts of Africa, Oceania, and the Americas",1978.0,Drum,Drum,Asmat people,Artist,Danaskat,,mid-20th century,1900,"The Michael C. Rockefeller Memorial Collection; Gift of Nelson A. Rockefeller and Mrs. Mary C. Rockefeller, 1965",Omadesep village,Wood-Musical Instruments,http://www.metmuseum.org/art/collection/search/311449,
4092,True,The American Wing,1968.0,Goblet,Goblet,American,Maker,New England Glass Company,"American, East Cambridge, Massachusetts, 1818–1888",1855–70,1855,"Gift of Stuart P. Feld, 1968",East Cambridge,,http://www.metmuseum.org/art/collection/search/4092,
503615,True,Musical Instruments,2003,Bassoon,Bassoon,Italian,Maker,Giosue Esposito,"Naples, active late 19th century",1881,1881,"Purchase, Clara Mertens Bequest, in memory of André Mertens, 2003",Naples,Aerophone-Reed Vibrated-double reed,http://www.metmuseum.org/art/collection/search/503615,
433120,False,Drawings and Prints,1949.0,Print,"A soldier molding the match into the right shape, from the Musketeers series, plate 9, in Waffenhandlung von den Rören Musquetten undt Spiessen / Wapenhandelinghe van Roers Musquetten ende Spiessen (The Exercise of Arms)",,Artist|Artist|Artist,Jacques de Gheyn II|Jacques de Gheyn II|Robert Willemsz de Baudous,"Netherlandish, Antwerp 1565–1629 The Hague|Netherlandish, Antwerp 1565–1629 The Hague|Netherlandish, 1574/5–1659",published 1608,1608,"The Elisha Whittelsey Collection, The Elisha Whittelsey Fund, 1949",The Hague,Prints,http://www.metmuseum.org/art/collection/search/433120,
4444,False,The American Wing,1962.0,Inkwell,Inkwell,American,Designer|Maker,Louis C. Tiffany|Tiffany Studios,"American, New York 1848–1933 New York|1902–32",ca. 1910–20,1907,"Gift of Mrs. H. S. Mesick, 1962",New York,,http://www.metmuseum.org/art/collection/search/4444,
622970,False,Drawings and Prints,1918.0,Print collection ornament & architecture,"Ceiling decoration with a satyr approaching a sleeping nymph, from Plafonds modernes, plate 5, in A Bound Collection of Print Series Including Cheminées et Lambris, Alcoves à la Romaine, Feuillages et autres ornemens..., etc.",,Artist|Publisher|Publisher,Jean Le Pautre|Charles Antoine Jombert|Pierre Mariette le fils,"French, Paris 1618–1682 Paris|French, 1712–1784|French, Paris 1634–1716 Paris",1751,1751,"Rogers Fund, 1918",Paris,Prints|Ornament & Architecture,http://www.metmuseum.org/art/collection/search/622970,
390524,True,Drawings and Prints,1920.0,Drawing Ornament and Architecture,"Frames for Marble Slabs, in Chippendale Drawings, Vol. I",,Artist,Thomas Chippendale,"British, baptised Otley, West Yorkshire 1718–1779 London",1760,1760,"Rogers Fund, 1920",London,Drawings|Ornament & Architecture,http://www.metmuseum.org/art/collection/search/390524,Ornament
351725,False,Drawings and Prints,1922.0,Book,Plusieurs Models...en l'Art d'Arquebuzerie...,,Engraver|Designer|Designer,C. Jacquinet|Thuraine|Le Hollandois,"French, Paris, active mid-17th century|French, Paris, active mid-17th century|French, Paris, active mid-17th century",1660,1660,"Rogers Fund, 1922",Paris,Books,http://www.metmuseum.org/art/collection/search/351725,
5891,True,The American Wing,1946.0,Pitcher,Pitcher,American,Maker,Boston & Sandwich Glass Company,"American, 1825–1888, Sandwich, Massachusetts",1883–90,1883,"Gift of Mrs. Emily Winthrop Miles, 1946",Sandwich,,http://www.metmuseum.org/art/collection/search/5891,
19915,False,The American Wing,2018.0,Vase,Vase,American,Maker,Frederick E. Walrath,1870–1921,ca. 1908–15,1905,"Gift of Robert A. Ellison Jr., 2018",Rochester,,http://www.metmuseum.org/art/collection/search/19915,
5638,True,The American Wing,1968.0,Pier table,Pier Table,American,Maker|Maker|Maker,D. Phyfe & Son|Duncan Phyfe & Sons|Duncan Phyfe,"1840–1847|1837–1840, active New York|American (born Scotland), near Lock Fannich, Ross-Shire, Scotland 1768/1770–1854 New York",1835–40,1835,"Purchase, The Edgar J. Kaufmann Foundation Gift, 1968",New York,,http://www.metmuseum.org/art/collection/search/5638,
350436,False,Drawings and Prints,1968.0,Book,Toi et Moi,,Author|Artist|Publisher,Paul Géraldy|Edouard Vuillard|Georges Crès et Cie.,"French, 1885–1983|French, Cuiseaux 1868–1940 La Baule|",1917,1917,"The Elisha Whittelsey Collection, The Elisha Whittelsey Fund, 1968",Paris,Books,http://www.metmuseum.org/art/collection/search/350436,
349950,False,Drawings and Prints,1970.0,Book,"Official Catalogue 1900, Doors, Glazed Sash, Blinds, Mouldings",,Author,Foster-Munger Co.,"Chicago, Illinois",1900,1900,"Gift of Lincoln Kirstein, 1970",Chicago,Books,http://www.metmuseum.org/art/collection/search/349950,
8143,True,The American Wing,1924.0,Spoon,Table Spoon,American,Maker,Jonathon Reed,active ca. 1730–42,1720–30,1720,"Bequest of Charles Allen Munn, 1924",Boston,,http://www.metmuseum.org/art/collection/search/8143,
349558,False,Drawings and Prints,1923.0,Book,Theorica et Pratica. . .de modo Scribendi,,Author|Publisher|Engraver,Sigismundo Fanti|Johannes Rubeus Vercellensis|Ugo da Carpi,"Italian, born Ferrara, active Venice 16th century|Italian, active 16th century|Italian, Carpi ca. 1480–1532 Bologna","December 1, 1514",1514,"Harris Brisbane Dick Fund, 1923",Venice,Books,http://www.metmuseum.org/art/collection/search/349558,
390353,True,Drawings and Prints,2018.0,Print,Architectural View with an Arch,,Artist|Artist,Antonio Maria Visentini|François Vivares,"Italian, Venice 1688–1782 Venice|French, Saint-Jean-du-Bruel 1709–1780 London",1740,1740,"Bequest of Herbert Mitchell, 2008",London,Prints,http://www.metmuseum.org/art/collection/search/390353,
682012,True,The Libraries,,,Epistole eroiche di P. Ovidio Nasone,,Author|Illustrator|Publisher|Author|Translator,Ovid|Carlo Gregori|Durand|Giovan Stefano Conti|Remigio Nannini,"Roman, Sulmo 43 BCE–17 CE Tomis, Moesia|Italian, Florence 1719–1759 Florence|French, 18th century|Italian, 1720–1791|Italian, 1521?–?1581",1762,1762,"Gift of Jayne Wrightsman, 2008",Paris,,http://www.metmuseum.org/art/collection/search/682012,
678034,False,Drawings and Prints,1942.0,Print,Dressing for the Masquerade – Laetitia flies from reflection to public entertainments,,Engraver|Artist|Publisher,John Raphael Smith|George Morland|John Raphael Smith,"British, baptized Derby 1751–1812 Doncaster|British, London 1763–1804 London|British, baptized Derby 1751–1812 Doncaster","January 1, 1789",1789,"Gertrude and Thomas Jefferson Mumford Collection, Gift of Dorothy Quick Mayer, 1942",Philadelphia,Prints,http://www.metmuseum.org/art/collection/search/678034,
389,True,The American Wing,1933.0,Beaker,Beaker,American,Maker,Joseph Edwards Jr.,1737–1783,ca. 1768,1765,"Bequest of Alphonso T. Clearwater, 1933",Boston,,http://www.metmuseum.org/art/collection/search/389,
14323,False,The American Wing,1991.0,Piece,"Length, Design 104, Printed Silk and Fortisan Casement",American,Designer|Maker,Frank Lloyd Wright|F. Schumacher & Co.,"American, Richland Center, Wisconsin 1867–1959 Phoenix, Arizona|1889–present",1955,1955,"Purchase, Charles L. and Jane D. Kaufmann Gift, 1991",New York,,http://www.metmuseum.org/art/collection/search/14323,
345107,False,Drawings and Prints,1978.0,Book,Art de confectionner les Fleurs artificielles. Nouvelle édition ornée de figures,,Publisher,"Delarue, and Lille, Castiaux",,[1850 (?)],1840,"Gift of Linclon Kirstein, 1978",Paris,Books,http://www.metmuseum.org/art/collection/search/345107,
638281,False,The American Wing,2013.0,Bookend,Bookend,American,Artist,Rebecca Cauman,"American, born Russia, 1882–1964",ca. 1927,1922,"Gift of Jacqueline Loewe Fowler, 2014",Boston,,http://www.metmuseum.org/art/collection/search/638281,Fruit|Trees
20017,False,The American Wing,2018.0,Vase,Vase,American,Designer|Manufacturer,Frederick Hurten Rhead|Roseville Pottery,"American (born England), Hanley, Stoke-on-Trent 1880–1942 New York|1892–1954",ca. 1904–8,1901,"Gift of Robert A. Ellison Jr., 2018",Zanesville,,http://www.metmuseum.org/art/collection/search/20017,
8040,True,The American Wing,1927.0,Ladle,Ladle,American,Maker|Maker,Benjamin Halsted|Myer Myers,1734–1817|1723–1795,ca. 1765,1760,"Gift of Mrs. William Newton Parker, 1927",New York,,http://www.metmuseum.org/art/collection/search/8040,
6932,True,The American Wing,1969.0,Salad plate,Salad Plate,American,Maker,Union Porcelain Works,1863–1922,1885–87,1885,"Gift of Mr. and Mrs. Franklin Chace, 1969",Brooklyn,,http://www.metmuseum.org/art/collection/search/6932,
640465,False,Drawings and Prints,1948.0,Print,"Head of an old man, bound in L'Oeuvre original de Vivant Denon. Collection de eaux-fortes, Volume 1",,Publisher|Artist|Artist,A. Barrand|Guercino (Giovanni Francesco Barbieri)|baron Dominique Vivant Denon,"|Italian, Cento 1591–1666 Bologna|French, Givry 1747–1825 Paris",1873,1873,"Harris Brisbane Dick Fund, 1948",Paris,Books,http://www.metmuseum.org/art/collection/search/640465,
348291,False,Drawings and Prints,1963.0,Book,"Dame Mantel Company, Manufacturers of Mantels",,Author,Dame Mantel Company,"Harriman, Tennesee",20th century,1900,"The Elisha Whittelsey Collection, The Elisha Whittelsey Fund, 1963",Harriman,Books,http://www.metmuseum.org/art/collection/search/348291,
698568,False,Drawings and Prints,1921.0,Book,Plate 52: The last supper; from 'Imagines Veteris Ac Novi Testamenti A Raphaele Sanctio Urbinate in Vaticani Palatii Xystis' after Raphael,,Publisher|Artist|Artist,Giovanni Giacomo De Rossi|Raphael (Raffaello Sanzio or Santi)|Pietro Aquila,"Italian, Rome 1627–1691 Rome|Italian, Urbino 1483–1520 Rome|Italian, Marsala, Sicily 1650–1692/1700 Rome",1675,1675,"Museum Accession, transferred from the Library",Rome,Books,http://www.metmuseum.org/art/collection/search/698568,
416823,False,Drawings and Prints,1972.0,Portfolio,L'Art Décoratif Théâtral Moderne,,Artist|Artist|Publisher,Mikhail Larionov|Natalia Goncharova|La Cible,"Russian, 1881–1964|French (born Russia), Nagaevo 1881–1962 Paris|",1919,1919,"Gift of Nikita D. Lobanov, 1972",Paris,Portfolios,http://www.metmuseum.org/art/collection/search/416823,
5869,True,The American Wing,1984.0,Pitcher,Pitcher,American,Maker,United States Pottery Company,1852–58,1850–58,1850,"Gift of Adelaide Warren, in memory of her mother, Lucy de Jarnett Penn Warren, 1984",Bennington,,http://www.metmuseum.org/art/collection/search/5869,Corn
347586,False,Drawings and Prints,1949.0,Book,Furniture Specialties,,Author,Carroll W. Clark & Co.,"Boston, Massachusetts",after 1877,1877,"The Elisha Whittelsey Collection, The Elisha Whittelsey Fund, 1949",Boston,Books,http://www.metmuseum.org/art/collection/search/347586,
346755,False,Drawings and Prints,1964.0,Book,The Indian Races of North and South America,,Author|Publisher,"Charles DeWolf Brownwell|Hurlbut, Kellog & Co.","American, 1822–1909|Hartford, Connecticut",1860,1860,"Gift of Edward S. Ely, 1964",Hartford,Books,http://www.metmuseum.org/art/collection/search/346755,
506851,False,Musical Instruments,2012,Clarinet in A,Clarinet in A,American,Maker,William S. Haynes Co.,,1930,1925,"Purchase, Robert Alonzo Lehman Bequest, 2012",Boston,Aerophone-Reed Vibrated-single reed cylindrical,http://www.metmuseum.org/art/collection/search/506851,
20316,False,The American Wing,2018.0,Vase,Vase,American,Manufacturer,Fulper Pottery Company,1899–1935,1911–17,1911,"Gift of Robert A. Ellison Jr., 2018",Flemington,,http://www.metmuseum.org/art/collection/search/20316,
349498,False,Drawings and Prints,1970.0,Book,Was der Jahrmarkt bringt,,Author|Illustrator|Publisher|Printer|Illustrator,Moriss Anders|W. Schäfer|Wilhelm Effenberger|F. Löwe's Verlag|C. Offterdinger,"German, late 19th century|German| | |",late 19th century,1875,"Gift of Lincoln Kirstein, 1970",Stuttgart|Leipzig,Books,http://www.metmuseum.org/art/collection/search/349498,
345455,False,Drawings and Prints,1963.0,Book,General Price List and Catalogue,,Publisher,"John Barker & Co., Ltd.","British, 1894–2006",[1910],1910,"Gift of Lincoln Kirstein, 1963",London,Books,http://www.metmuseum.org/art/collection/search/345455,
349865,False,Drawings and Prints,1969.0,Book,I Pregj della Toscana,,Author|Publisher,Fulvio Fontana|Pier Mattia Miccioni & Michele Nestunus,"Italian, 1649–1723|",1701,1701,"The Elisha Whittelsey Collection, The Elisha Whittelsey Fund, 1969",Florence,Books,http://www.metmuseum.org/art/collection/search/349865,
351952,False,Drawings and Prints,1937.0,Book,Poeticon Astronomicon (Hyginus),,Author|Author|Author|Publisher,Gaius Julius Hyginus|Jacobus Sentinus|J. L. Santritter|Erhard Ratdolt,"| |German|German, Augsburg ca. 1447–ca. 1528 Augsburg","October 14, 1482",1482,"Harris Brisbane Dick Fund, 1937",Venice,Books,http://www.metmuseum.org/art/collection/search/351952,
628900,False,Drawings and Prints,1943.0,Print ornament & architecture,"Town square with a three story fountain topped by a woman holding a tazza and drinking cup at center and a woman drying linen at left, from Artis Perspectivæ, plate 9",,Artist|Artist|Artist|Publisher,Hans Vredeman de Vries|Johannes van Doetecum I|Lucas van Doetecum|Gerard de Jode,"Netherlandish, Leeuwarden 1527–1606 (?)  Antwerp (?)|Netherlandish, 1528/32–1605|Netherlandish, active 1554–72, died before 1589|Netherlandish, 1509/17–1591",1568,1568,"Harris Brisbane Dick Fund, 1943",Antwerp,Prints|Ornament & Architecture,http://www.metmuseum.org/art/collection/search/628900,
312029,False,"Arts of Africa, Oceania, and the Americas",1978.0,Bark painting,Painting from a Ceremonial House Ceiling,"Kwoma, Amachi-Kalaba clan",Artist|Artist,"Artists of Mariwai Village|Mburrnggei, Amachi-Kalaba",|,1970,1970,"The Michael C. Rockefeller Memorial Collection, Purchase, Mrs. Gertrud A. Mellon Gift, and Mr. and Mrs. Alan Brandt Gift, in memory of Jacob J. Brandt, 1974",Mariwai village,Bark-Paintings,http://www.metmuseum.org/art/collection/search/312029,
355899,False,Drawings and Prints,1960.0,Book,"Ransom Stove Works, Circular for 1855",,Author|Printer,S. H. Ransom & Company|Van Benthuysen,"Albany, New York|American, 19th century",1855,1855,"The Elisha Whittelsey Collection, The Elisha Whittelsey Fund, 1960",Albany,Books,http://www.metmuseum.org/art/collection/search/355899,
347285,False,Drawings and Prints,1966.0,Book,The History of Don Quixote de la Mancha,,Author|Translator|Illustrator|Publisher|Author|Printer,"Miguel de Cervantes Saavedra|Thomas Shelton|Jean de Bosschère|Constable & Co., Ltd.|J. B. Trend|T. and A. Constable","Spanish, Alcalá 1547–1616 Madrid|British, active 1598–1629|Belgian, Uccle 1878–1953|British, London|British, 1887–1958|Edinburgh",1922,1922,"The Elisha Whittelsey Collection, The Elisha Whittelsey Fund, 1966",London,Books,http://www.metmuseum.org/art/collection/search/347285,
13933,False,The American Wing,1985.0,Braided Rug,Rug,"American, Shaker",Maker|Maker,Sister Sarah Collins|United Society of Believers in Christ’s Second Appearing (“Shakers”),"|American, active ca. 1750–present",ca. 1935,1932,"Gift of Mrs. G. James Fawcett, in memory of John S. Rudd, 1985",New Lebanon,,http://www.metmuseum.org/art/collection/search/13933,
887859,False,Drawings and Prints,1949,Album Print Ornament & Architecture,Vertical Grotesque Panel with a Terminal Figure,,Artist,Cornelis Bos,"Netherlandish, Hertogenbosch ca. 1510?–before 1556 Groningen",1548,1545,"The Elisha Whittelsey Collection, The Elisha Whittelsey Fund, 1949",Antwerp,Albums|Prints|Ornament & Architecture,http://www.metmuseum.org/art/collection/search/887859,
435211,False,Drawings and Prints,1918.0,Print collection ornament & architecture,"Fireplace topped with captives and trophies of arms, from Cheminées et lambris, plate 5, in A Bound Collection of Print Series Including Cheminées et Lambris, Alcoves à la Romaine, Feuillages et autres ornemens..., etc.",,Artist|Publisher|Publisher,Jean Le Pautre|Charles Antoine Jombert|Pierre Mariette le fils,"French, Paris 1618–1682 Paris|French, 1712–1784|French, Paris 1634–1716 Paris",1751,1751,"Rogers Fund, 1918",Paris,Prints|Ornament & Architecture,http://www.metmuseum.org/art/collection/search/435211,
432991,False,Drawings and Prints,1933.0,Print collection ornament & architecture,"Frieze at right with a centaur turning into rinceaux, from Frises et différents ornements à l'italienne, plate 5, bound in Oeuvres. Vol. IV",,Artist|Publisher,Jean Le Pautre|Pierre Mariette le fils,"French, Paris 1618–1682 Paris|French, Paris 1634–1716 Paris",17th century,1633,"Harris Brisbane Dick Fund, 1933",Paris,Prints|Ornament & Architecture,http://www.metmuseum.org/art/collection/search/432991,
312049,False,"Arts of Africa, Oceania, and the Americas",1978.0,Bark painting,Painting from a Ceremonial House Ceiling,"Kwoma, Abgwala Kalaba clan",Artist|Artist,"Artists of Mariwai Village|Yuanei, Abgwala Kalaba",|,1970,1970,"The Michael C. Rockefeller Memorial Collection, Purchase, Mrs. Gertrud A. Mellon Gift, and Mr. and Mrs. Alan Brandt Gift, in memory of Jacob J. Brandt, 1974",Mariwai village,Bark-Paintings,http://www.metmuseum.org/art/collection/search/312049,
310963,False,"Arts of Africa, Oceania, and the Americas",1978.0,Head crest,Head Crest,"Okpoto peoples, Idoma group",Artist,Ochai,,1946,1946,"The Michael C. Rockefeller Memorial Collection, Gift of Nelson A. Rockefeller, 1965",Otobi village,Wood-Sculpture,http://www.metmuseum.org/art/collection/search/310963,
3841,False,The American Wing,1979.0,Frieze,"Frieze from Chicago Stock Exchange Building, Chicago",American,Maker,Louis Henry Sullivan,"American, Boston, Massachusetts 1856–1924 Chicago, Illinois",1893–94,1893,"Museum Purchase, 1979",Chicago,,http://www.metmuseum.org/art/collection/search/3841,
348686,False,Drawings and Prints,1966.0,Book,Knight's Gems or Device Book,,Publisher|Publisher|Publisher|Engraver|Artist|Artist|Artist|Engraver|Artist|Artist|Artist|Engraver|Engraver|Engraver|Engraver|Engraver|Artist|Engraver|Author|Publisher,"J. Williams|Charles Tilt|Ackermann & Co., London|Thomas Dick|Henry Thomas Alken|W. Taylor|Abraham Cooper|John R. Scott|C. Vining|Poyie|Sneider|R. Hebblethwaite|William Forrest|Applebee|George August Periam|T. March|Giovanni Battista Cipriani|Ebenezer Stalker|Frederick Knight|Simpkin & Marshall","London|British, active 1815–53|British, active 1829–55|British, 19th century|British, London 1785–1851 London|British, active 19th century|British, London 1787–1868 Greenwich|British, active 1827–35|British, 19th century|British, 19th century|British, 19th century|British, 19th century|British, Edinburgh, Scotland 1805–1899|British, 19th century|Mexican, born England, active 1838–58|British, 19th century|Italian, Florence 1727–1785 Hammersmith (active London)|British, 1781–1847|British, active 1830s|London",[ca. 1830],1825,"The Elisha Whittesley Collection, The Elisha Whittelsey Fund, 1966",London,Books,http://www.metmuseum.org/art/collection/search/348686,
347061,False,Drawings and Prints,1955.0,Book,Campagnes des Français sous le Consulat et l'Empire,,Artist|Publisher,Carle (Antoine Charles Horace) Vernet|Librairie rue Visconti,"French, Bordeaux 1758–1836 Paris|French",n.d.,1775,"Gift of Eugene L. Garbaty, 1955",Paris,Books,http://www.metmuseum.org/art/collection/search/347061,
435509,False,Drawings and Prints,1918.0,Print collection ornament & architecture,"Variant ornament designs with a seated faun holding a garland at right, from Ornements de panneaux à la romaine, plate 6, in A Bound Collection of Print Series Including Cheminées et Lambris, Alcoves à la Romaine, Feuillages et autres ornemens..., etc.",,Artist|Publisher|Publisher,Jean Le Pautre|Charles Antoine Jombert|Pierre Mariette le fils,"French, Paris 1618–1682 Paris|French, 1712–1784|French, Paris 1634–1716 Paris",1751,1751,"Rogers Fund, 1918",Paris,Prints|Ornament & Architecture,http://www.metmuseum.org/art/collection/search/435509,
503390,True,Musical Instruments,1990,Guitar,Guitar,Spanish,Maker,José Massague,"Spanish, Barcelona 1690–1764 Barcelona",ca. 1755–60,1745,"Purchase, Clara Mertens Bequest, in memory of André Mertens, 1990",Barcelona,Chordophone-Lute-plucked-fretted,http://www.metmuseum.org/art/collection/search/503390,
21932,True,Arms and Armor,1904.0,Cup-hilted rapier,Cup-Hilted Rapier,"hilt, Italian, probably Naples; blade, German, Solingen",Bladesmith,Johann Bongen,"German, Solingen, active 17th century",ca. 1650–75,1625,"Rogers Fund, 1904",probably Naples|Solingen,Swords,http://www.metmuseum.org/art/collection/search/21932,
2658,True,The American Wing,1933.0,Cream pot,Creampot,American,Maker,Benjamin Burt,"American, Boston, Massachusetts 1729–1805 Boston, Massachusetts",1755–70,1755,"Bequest of Alphonso T. Clearwater, 1933",Boston,,http://www.metmuseum.org/art/collection/search/2658,
698055,True,Drawings and Prints,1941.0,Book Ornament & Architecture,"Villa Barbaro, from I quattro libri dell'architettura di Andrea Palladio (Book 2, page 51)",,Illustrator|Illustrator|Publisher|Author|Dedicatee|Dedicatee,Johann Chrieger|Christoph Krieger|Dominico de' Franceschi|Andrea Palladio|Emanuele Filiberto|Giacomo Angarano,"German, active 16th century|German, born Nuremberg, died Venice, ca. 1590|Italian, active 1557–86|Italian, Padua 1508–1580 Vicenza|Italian, 1528–1580|Italian",1570,1570,"Bequest of W. Gedney Beatty, 1941",Venice,Books|Ornament & Architecture,http://www.metmuseum.org/art/collection/search/698055,Architecture
13960,False,The American Wing,1963.0,Rug,Hooked Rug,American,Maker,Elenore Blackstone,,ca. 1880–90,1877,"Gift of Bernice Chrysler Garbisch, 1963",Lacon,,http://www.metmuseum.org/art/collection/search/13960,Bicycles|Cooking|Girls|Men|Women
433180,False,Drawings and Prints,1949.0,Print,"A soldier on guard lifting his musket from his shoulder with his right hand, from the Musketeers series, plate 35, in Waffenhandlung von den Rören Musquetten undt Spiessen / Wapenhandelinghe van Roers Musquetten ende Spiessen (The Exercise of Arms)",,Artist|Artist|Artist,Jacques de Gheyn II|Jacques de Gheyn II|Robert Willemsz de Baudous,"Netherlandish, Antwerp 1565–1629 The Hague|Netherlandish, Antwerp 1565–1629 The Hague|Netherlandish, 1574/5–1659",published 1608,1608,"The Elisha Whittelsey Collection, The Elisha Whittelsey Fund, 1949",The Hague,Prints,http://www.metmuseum.org/art/collection/search/433180,
347017,False,Drawings and Prints,1969.0,Book,Cabot's Creasote Shingle Stains,,Publisher|Author,"Forbes Lithographic Manufacturing Co.|Samuel Cabot, Inc.","Boston, Massachusetts|Boston, Massachusetts",1903,1903,"Gift of Lincoln Kirstein, 1969",Boston,Books,http://www.metmuseum.org/art/collection/search/347017,
491050,false,Modern and Contemporary Art,1943,Textile sample,Sample,American,Maker,Roth-Getzoff and Company,,1940–41,1940,"Gift of Mrs. Andrew Winton Roth, 1943",New York,Textiles-Printed,http://www.metmuseum.org/art/collection/search/491050,Flowers|Leaves
431143,False,Drawings and Prints,1933.0,Print collection ornament & architecture,"Ceiling decoration with an octagon in which cherubs are depicted throwing flowers, from Nouveaux dessins de plafonds, plate 3, bound in Oeuvres. Vol. I",,Artist|Publisher,Jean Le Pautre|Jean Mariette,"French, Paris 1618–1682 Paris|French, Saint Benoît 1660–1742 Paris",17th century,1633,"Harris Brisbane Dick Fund, 1933",Paris,Prints|Ornament & Architecture,http://www.metmuseum.org/art/collection/search/431143,
14080,True,The American Wing,1984.0,Sampler,Embroidered Sampler,American,Maker,Priscilla T. Glover,born ca. 1785,1798,1798,"Gift of Barbara Schiff Sinauer, 1984",Salem,,http://www.metmuseum.org/art/collection/search/14080,Birds|Flowers
506860,True,Musical Instruments,2013,Mandola,Mandola,American,Maker,"Gibson Mandolin-Guitar Manufacturing Co., Ltd.","American, founded Kalamazoo, Michigan 1902",1917,1917,"Purchase, Amati Gifts, 2013",Kalamazoo,Chordophone-Lute-plucked-fretted,http://www.metmuseum.org/art/collection/search/506860,
553,True,The American Wing,1914.0,Flask,Flask,American,Maker,United States Pottery Company,1852–58,ca. 1853–58,1850,"Rogers Fund, 1914",Bennington,,http://www.metmuseum.org/art/collection/search/553,Books
350170,False,Drawings and Prints,1924.0,Book,"Wisdom in Miniature; or the Young Gentleman and Lady's Magazine, Being a Collection of Sentences, Divine & Moral",,Publisher,John Adams,"American, 1765?–1814",1805,1805,"Bequest of Charles Allen Munn, 1924",Philadelphia,Books,http://www.metmuseum.org/art/collection/search/350170,
7200,True,The American Wing,1986.0,Sauceboat,Sauceboat,American,Maker,Elias Boudinot,1706–1770,1740–50,1740,"Gift of Mr. and Mrs. Robert G. Goelet, 1986",Philadelphia,,http://www.metmuseum.org/art/collection/search/7200,
430577,False,Drawings and Prints,1933.0,Print collection ornament & architecture,"A pavillion on a stone bridge, from Portes cochères à la moderne, plate 4, bound in Oeuvres. Vol. I",,Publisher|Artist,Pierre Mariette le fils|Jean Le Pautre,"French, Paris 1634–1716 Paris|French, Paris 1618–1682 Paris",17th century,1633,"Harris Brisbane Dick Fund, 1933",Paris,Prints|Ornament & Architecture,http://www.metmuseum.org/art/collection/search/430577,
8541,True,The American Wing,1942.0,Tile,Tile,British,Maker,John Sadler,1720–1789,1757–61,1757,"Gift of Mrs. J. Insley Blair, 1942",Liverpool,,http://www.metmuseum.org/art/collection/search/8541,Men|Women|Sheep
9745,True,The American Wing,1933.0,Waste Bowl,Waste Bowl,American,Maker,Joseph Lownes,1758–1820,ca. 1800,1797,"Bequest of Alphonso T. Clearwater, 1933",Philadelphia,,http://www.metmuseum.org/art/collection/search/9745,
347255,False,Drawings and Prints,1944.0,Book,Urbis Romae Aedificiorum illustriumquae,,Engraver|Draftsman|Publisher,Giovanni Battista Cavalieri|Giovanni Antonio Dosio|Giovanni Battista Cavalieri,"Italian, near Trent ca. 1525–1601 Rome|Italian, Florence/S. Gimignano 1533–1609 Rome/Naples|Italian, near Trent ca. 1525–1601 Rome",1569,1569,"Harris Brisbane Dick Fund, 1944",Rome,Books,http://www.metmuseum.org/art/collection/search/347255,
17526,False,The American Wing,2002.0,Scrapbook,Scrapbook,American,Maker,Tiffany Studios,1902–32,ca. 1897–1901,1894,"Gift of John D'Agostino, 2002",New York,,http://www.metmuseum.org/art/collection/search/17526,
343980,False,Drawings and Prints,1970.0,Book,Der Moderne Stil,,Publisher|Editor|Printer,Julius Hoffmann|Julius Hoffmann Jr.|Hoffmannsche Buchdruckerei (Felix Krais),active Stuttgart|German|,1899,1899,"Gift of Lincoln Kirstein, 1970",Stuttgart,Books,http://www.metmuseum.org/art/collection/search/343980,
734998,False,Drawings and Prints,1948.0,Book ; Ornament and architecture,"View of a Temple, from Temples in the Ancient Style",,Artist,Jacques Androuet Du Cerceau,"French, Paris 1510/12–1585 Annecy",1550,1550,"The Elisha Whittelsey Collection, The Elisha Whittelsey Fund, 1948",Paris,Books|Ornament & Architecture|Prints,http://www.metmuseum.org/art/collection/search/734998,
433735,False,Drawings and Prints,1933.0,Print collection ornament & architecture,"Apollo kills Diomedes during the Seige of Troy, from a series of twenty-two plates depicting mythological subjects, plate 18, bound in Oeuvres. Vol. IV",,Artist|Publisher,Jean Le Pautre|Jacques II Chereau,"French, Paris 1618–1682 Paris|French, Blois 1688–1776 Paris",17th century,1633,"Harris Brisbane Dick Fund, 1933",Paris,Prints|Ornament & Architecture,http://www.metmuseum.org/art/collection/search/433735,
1704,False,The American Wing,1968.0,Side Chair,Side Chair,American,Maker,John Jelliff,1813–1893,1868–70,1868,"Gift of Josephine M. Fiala, 1968",Newark,,http://www.metmuseum.org/art/collection/search/1704,
639584,True,Drawings and Prints,1958.0,Print,"Mary, Queen of Scots (from ""La Touraine, Anienne et Moderne"")",,Artist|Sitter|Author,"Pierre-Edouard Frère|Mary, Queen of Scots|Stanislas Bellanger","French, Paris 1819–1886 Ecouen|British, Linlithgow 1542–1587 Fotheringhay|French, 1814–1859",1845,1845,"Gift of Susan Dwight Bliss, 1958",Paris,Prints,http://www.metmuseum.org/art/collection/search/639584,Queens|Portraits|Women|Mary Queen of Scots
380610,False,Drawings and Prints,1927.0,Book,"Ornemens ou Placarts pour l'enrichissement des Chambres, et Alcoves",,Artist and engraver|Publisher,Jean Marot|Pierre Mariette,"French, Paris 1619–1679 Paris|French, 1596–1657",1635–57,1635,"Harris Brisbane Dick Fund, 1927",Paris,Books,http://www.metmuseum.org/art/collection/search/380610,
344329,False,Drawings and Prints,1941.0,Book,Cousin Lucy Among the Mountains,,Author|Publisher,"Jacob Abbott|Clark, Austin & Co.","American, Maine 1803–1879|New York, NY",1852,1852,"Anonymous Gift, 1941",New York,Books,http://www.metmuseum.org/art/collection/search/344329,
631046,False,Drawings and Prints,1943.0,Print,"Portrait of Duke Francesco II d'Este, from Maria Vergine Coronata; Descrizione e dichiarazione della Divota Solennita fatta in Reggio li 13 Maggio 1674",,Author|Printer|Artist,Giacomo Certani|Prospero Vedrotti|Giuseppe Maria Mitelli,"Italian| |Italian, Bologna (?) 1634–1718 Bologna",1675,1675,"Harris Brisbane Dick Fund, 1943",Reggio,Prints,http://www.metmuseum.org/art/collection/search/631046,
356925,False,Drawings and Prints,1952.0,Book ; Ornament and architecture,"Recueil D'Architecture, dessiné et mesuré en Italie, dans les années 1791, 92, et 93",,Artist|Publisher|Etcher,François Léonard Seheult|Bance l'ainé|Henri Jean Picou,"French, 1771–1840| |French, Nantes 1784–1865 Nantes",1821,1821,"Rogers Fund, 1952",Paris,Books|Ornament & Architecture,http://www.metmuseum.org/art/collection/search/356925,
32197,False,Arms and Armor,1904.0,Portions of an armor garniture,Portions of an Armor Garniture,"German, Augsburg",Etcher,Jörg Sorg the Younger,"German, Augsburg, ca. 1522–1603","ca. 1550–55, some etched decoration, 19th century",1525,"Rogers Fund, 1904",Augsburg,Armor,http://www.metmuseum.org/art/collection/search/32197,
5864,true,The American Wing,1947.0,Pitcher,Pitcher,American,Maker,United States Pottery Company,1852–58,1852–58,1852,"Gift of Dr. Charles W. Green, 1947",Bennington,,http://www.metmuseum.org/art/collection/search/5864,Flowers
14436,False,The American Wing,1992.0,Andiron,Andiron,American,Maker,Samuel Yellin,"American, born Russian Empire [now Ukraine], Mohyliv Podilskyi (Mogilev Podolsky) 1884–1940 New York City",ca. 1911,1908,"Friends of the American Wing Fund, 1992",Philadelphia,,http://www.metmuseum.org/art/collection/search/14436,
348639,False,Drawings and Prints,1969.0,Book,"Trade Catalogue of Masks, Theatrical Hair Goods, Properties, &c.",,Author,Dessart Brothers,"American, established 1871",1893–94,1893,"Gift of Lincoln Kirstein, 1969",New York,Books,http://www.metmuseum.org/art/collection/search/348639,
1666,True,The American Wing,1954.0,Side Chair,Side Chair,American,Maker,William Buttre,active ca. 1805–15,ca. 1815,1812,"Rogers Fund, 1954",Albany,,http://www.metmuseum.org/art/collection/search/1666,
7120,True,The American Wing,1969.0,Sauce dish,Sauce Dish,American,Maker,Union Porcelain Works,1863–1922,1885–87,1885,"Gift of Mr. and Mrs. Franklin Chace, 1969",Brooklyn,,http://www.metmuseum.org/art/collection/search/7120,
690085,False,Drawings and Prints,1952.0,Print,"Lampes, from Recueil de divers Monumens Anciens répandus en plusieurs endroits de L'Italie",,Artist|Publisher|Printer,Jean Barbault|Bouchard & Gravier|Giunchi Heritiers de Komarek,"French, Viarmes 1718–1762 Rome|Rome|",1770,1770,"Rogers Fund, 1952",Rome,Prints,http://www.metmuseum.org/art/collection/search/690085,
390665,True,Drawings and Prints,1920.0,Drawing Ornament and Architecture,"China Tables, from Chippendale Drawings, Vol. II",,Artist,Thomas Chippendale,"British, baptised Otley, West Yorkshire 1718–1779 London",1754,1754,"Rogers Fund, 1920",London,Drawings|Ornament & Architecture,http://www.metmuseum.org/art/collection/search/390665,Tables
2787,True,The American Wing,1933.0,Cup,Cup,American,Maker,John Dixwell,1680/81–1725,ca.1715,1700,"Bequest of Alphonso T. Clearwater, 1933",Boston,,http://www.metmuseum.org/art/collection/search/2787,
491073,False,Modern and Contemporary Art,1943,Textile sample,Sample,American,Maker|Maker,Louis A. Stirn|Edmund A. Stirn,"American (born Germany), Frankfurt-am-Main 1863–1962 Staten Island, New York|American (born Germany ?), 1868– (?)",1925,1925,"Gift of Miss M. K. Overbeck, 1943",New York,Textiles-Printed,http://www.metmuseum.org/art/collection/search/491073,
348097,False,Drawings and Prints,1962.0,Book,Nothing or the Booklist,,Publisher|Author,Chatto & Windus|Edward Gordon Craig,"London|British, Stevenage, Hertfordshire 1872–1966 Vence, France",1925,1925,"Gift of Gitelson Libraries Foundation, 1962",London,Books,http://www.metmuseum.org/art/collection/search/348097,
347289,False,Drawings and Prints,1973.0,Book,L'Ingenieux hidalgo Don Quichotte de la Manche,,Author|Artist|Engraver|Publisher,Miguel de Cervantes Saavedra|Gustave Doré|Hélidore-Joseph Pisan|Librairie de L. Hachette et Cie,"Spanish, Alcalá 1547–1616 Madrid|French, Strasbourg 1832–1883 Paris|French, Marseille 1822–1890 Bailly|French",1863,1863,"Gift of Mr. & Mrs. Sidney S. Piken, 1973",Paris,Books,http://www.metmuseum.org/art/collection/search/347289,
347879,False,Drawings and Prints,1930.0,Book ; Ornament and architecture,"Plate from 'A New Book of Ornaments with Twelve Leaves Consisting of Chimneys, Sconces, Tables, Spandle Panels, Spring Clock Cases, Stands, a Chandelier and Girandole, etc.'",,Designer|Designer,Matthias Lock|Henry Copland,"British, London ca. 1710–ca. 1765 London|British, ca. 1706–1753","November 13, 1752",1752,"Harris Brisbane Dick Fund, 1930",London,Books|Ornament & Architecture,http://www.metmuseum.org/art/collection/search/347879,
643865,False,Drawings and Prints,1948.0,Print,"A venetian gondolier on the steps of a palazzo, bound in L'Oeuvre original de Vivant Denon. Collection de eaux-fortes, Volume 2",,Artist|Publisher,baron Dominique Vivant Denon|A. Barrand,"French, Givry 1747–1825 Paris|",1873,1873,"Harris Brisbane Dick Fund, 1948",Paris,Books,http://www.metmuseum.org/art/collection/search/643865,
3179,True,The American Wing,1966.0,Dining Table,Dining Table,"American, Shaker",Maker,United Society of Believers in Christ’s Second Appearing (“Shakers”),"American, active ca. 1750–present",1800–1825,1800,"Friends of the American Wing Fund, 1966",Hancock,,http://www.metmuseum.org/art/collection/search/3179,
729948,False,Drawings and Prints,1953.0,Book Prints Ornament & Architecture,Costumes Brodés: Costume Cléopatre,,Designer|Artist,E. M. & Cie.|Pescheux-Paulet,|French,summer 1891,1891,"The Elisha Whittelsey Collection, The Elisha Whittelsey Fund, 1953",Paris,Books|Prints|Ornament & Architecture,http://www.metmuseum.org/art/collection/search/729948,
5535,True,The American Wing,1985.0,Parallel rule with protractor and plotting scale,Parallel Rule with Protractor and Plotting Scale,American,Maker,Lebbeus Dod,1739–1816,1796,1796,"Purchase, Anna Glen B. Vietor Gift, in memory of her husband, Alexander Orr Vietor, 1985",Newark,,http://www.metmuseum.org/art/collection/search/5535,
7138,True,The American Wing,1969.0,Sauce dish,Sauce Dish,American,Maker,Union Porcelain Works,1863–1922,1885–87,1885,"Gift of Mr. and Mrs. Franklin Chace, 1969",Brooklyn,,http://www.metmuseum.org/art/collection/search/7138,
371445,False,Drawings and Prints,1941.0,Book ; Ornament and architecture,"Architecture generale de Vitruve reduite en abregé, par M. Perrault de l'Academie des Sciences à Paris. Dernier edition enrichie de figures en cuivre",,Patron|Publisher|Author|Printer|Translator,Keyser Graft|George Gallet|Marcus Pollio Vitruvius|Les Huguetans|Claude Perrault,"Netherlandish| |Roman, active late 1st century BCE|Netherlandish|French, 1613–1688",1691,1691,"Bequest of W. Gedney Beatty, 1941",Amsterdam,Books|Ornament & Architecture,http://www.metmuseum.org/art/collection/search/371445,
21362,True,The American Wing,2012.0,Armchair,Armchair,American,Maker,Herter Brothers,"German, active New York, 1864–1906",1881–82,1881,"Purchase, Barrie A. and Deedee Wigmore Foundation Gift, 2012",New York,,http://www.metmuseum.org/art/collection/search/21362,
626506,False,Drawings and Prints,1958.0,Print ornament & architecture,"Isis, from Deorum Dearumque Capita : ex vetustis numismatibus in gratiam antiquitatis studiosorum effigiata et edita",,Publisher|Artist|Artist|Artist,Philips Galle|Gerard van Groeningen|Johannes van Doetecum I|Lucas van Doetecum,"Netherlandish, Haarlem 1537–1612 Antwerp|Netherlandish, active Antwerp, 1563–73|Netherlandish, 1528/32–1605|Netherlandish, active 1554–72, died before 1589",1573,1573,"The Elisha Whittelsey Collection, The Elisha Whittelsey Fund, 1958",Antwerp,Ornament & Architecture|Prints,http://www.metmuseum.org/art/collection/search/626506,
746204,False,Drawings and Prints,1944.0,Book Print Ornament & Architecture,Ornamental designs with bundles of stylized flowers and leaves,,Publisher|Designer|Lithographer,Fleury Chavant|Stanilas Nicolas Théodore Buffardin|Georges Schlatter,"French, 19th century|French (?), 19th Century|French",[after 1844],1844,"Gift of Edith P. Blase, 1944",Paris,Books|Prints|Ornament & Architecture,http://www.metmuseum.org/art/collection/search/746204,
895020,False,Drawings and Prints,1924,Print,General Arnold,,Artist|Sitter|Engraver|Publisher,Pierre Eugène du Simitière|Benedict Arnold|Burnet Reading|William Richardson,"American (born Switzerland), Geneva 1737–1784 Philadelphia, Pennsylvania|American, Norwich, Connecticut 1741–1801 London|British, Colchester, Essex active 1780–1820|British, active 1778–1812","May 10, 1783",1783,"Bequest of Charles Allen Munn, 1924",London,Prints,http://www.metmuseum.org/art/collection/search/895020,
700046,True,The Libraries,,,Les cathédrales de France,,Author|Author|Publisher,Charles Morice|Auguste Rodin|Armand Colin et Cie.,"|French, Paris 1840–1917 Meudon|",1914,1914,,Paris,,http://www.metmuseum.org/art/collection/search/700046,
433887,False,Drawings and Prints,1963.0,Print collection ornament & architecture,"Fireplace between two ornamented panels, from Cheminées et lambris, plate 6",,Artist|Publisher,Jean Le Pautre|Jean I Leblond,"French, Paris 1618–1682 Paris|French, ca. 1590–1666 Paris",17th century,1633,"The Elisha Whittelsey Collection, The Elisha Whittelsey Fund, 1963",Paris,Prints|Ornament & Architecture,http://www.metmuseum.org/art/collection/search/433887,
20272,False,The American Wing,2009.0,Dish,Rectangular Dish,American,Maker,D. M.,American,ca. 1925,1920,"Gift, Silver & Metalwork of the Twentieth Century from the Margo Grant Walsh Collection, 2013",Bergenfield|Evanston|Park Ridge,,http://www.metmuseum.org/art/collection/search/20272,
377569,False,Drawings and Prints,1985.0,Print,Advertising Card for a Double Bell: No. 54 Tokio,,Publisher,Charles Rohlfs,"American, Brooklyn, New York 1853–1936 Buffalo, New York",1907,1907,"Gift of Robert Judson Clark, 1985",Buffalo,Prints,http://www.metmuseum.org/art/collection/search/377569,
8109,True,The American Wing,1924.0,Spoon,Table Spoon,American,Maker,Stephen Emery,1749–1801,ca. 1790,1787,"Bequest of Charles Allen Munn, 1924",Boston,,http://www.metmuseum.org/art/collection/search/8109,
354112,False,Drawings and Prints,1953.0,Book,Modell - Magazin für Gold- und Silberarbeiter,,Publisher,Industrie-Comptoir,Leipzig,1802–5,1802,"The Elisha Whittelsey Collection, The Elisha Whittelsey Fund, 1953",Leizpig,Books,http://www.metmuseum.org/art/collection/search/354112,
19850,False,The American Wing,2018.0,Vase,Vase,American,Decorator|Manufacturer,Laura A. Fry|Rookwood Pottery Company,"1857–1943|American, Cincinnati, Ohio 1880–1967",1884,1884,"Gift of Robert A. Ellison Jr., 2018",Cincinnati,,http://www.metmuseum.org/art/collection/search/19850,
351928,False,Drawings and Prints,1932.0,Book,Screens,,Publisher|Artist,Chez Huquier|Gabriel Huquier,"French, 18th century|French, Orléans 1695–1772 Paris",n.d.,1700,"Harris Brisbane Dick Fund, 1932",Paris,Books,http://www.metmuseum.org/art/collection/search/351928,
356184,False,Drawings and Prints,1918.0,Book,Aus der Dichtung und Sage. Ernst und Scherz,,Artist|Publisher|Printer|Editor,Adrian Ludwig Richter|Alphons Dürr|Alexander Edelmann|Georg Scherer,"German, Dresden 1803–1884 Dresden| | |",1878,1878,"Rogers Fund, 1918",Leipzig,Books,http://www.metmuseum.org/art/collection/search/356184,
690812,False,Drawings and Prints,1952.0,Book,"Vue du Port de Ripa grande, from Les Plus Beaux Edifices de Rome Moderne, ou Recueil des plus belles vues des principales eglises, places, palais, fontaines etc. qui sont dans Rome",,Printer|Artist|Publisher|Artist,Komarek|Jean Barbault|Bouchard & Gravier|Dominico Montagu,"|French, Viarmes 1718–1762 Rome|Rome|Italian, active Rome, ca. 1750–76",1763,1763,"Rogers Fund, 1952",Rome,Books,http://www.metmuseum.org/art/collection/search/690812,
712789,False,Drawings and Prints,1922.0,Book Print Ornament and Architecture,"Nouveau Livre de Desseins contenant les Ouvrages de la Joaillerie inventes et dessines par L. van der Cruycen en 1770, No. 5",,Publisher,L. van der Cruycen,"Flemish?, active Brussels and Paris, ca. 1760–80",1770,1770,"Rogers Fund, 1922",Paris,Ornament & Architecture|Prints|Books,http://www.metmuseum.org/art/collection/search/712789,
10018,False,The American Wing,1939.0,Book,"Book: The Works of Virgil (P. Virgilii Maronis Opera, Volume IV of four volumes)",German,Author,Publius Virgilius Maro,70–19 BCE,1767–75 (edition),1767,"Gift of James DeLancey Verplanck and John Bayard Rodgers Verplanck,  1939",Leipzig,,http://www.metmuseum.org/art/collection/search/10018,
348472,False,Drawings and Prints,1960.0,Book,Illustrated Catalogue of Period Ornaments for Furniture,,Author,Decorators Supply Co.,"Chicago, Illinois",1922,1922,"The Elisha Whittelsey Collection, The Elisha Whittelsey Fund, 1960",Chicago,Books,http://www.metmuseum.org/art/collection/search/348472,
20554,False,The American Wing,2013.0,Porringer,Porringer,American,Maker,Edward Everett Oakes,"American, 1891–1960",ca. 1940,1935,"Gift, Silver & Metalwork of the Twentieth Century from the Margo Grant Walsh Collection, 2013",Boston,,http://www.metmuseum.org/art/collection/search/20554,
344965,False,Drawings and Prints,1930.0,Book,Arte de Escribir,,Designer|Publisher,"José de Anduaga y Garimberti|Imprenta Real, Madrid",|,1781,1781,"Harris Brisbane Dick Fund, 1930",Madrid,Books,http://www.metmuseum.org/art/collection/search/344965,
380550,False,Drawings and Prints,1951.0,Albums Prints Ornament & Architecture,"Nouveau Dessein de Cheminées, construittes dans les principaux hotels et Palais de la France (...)",,Designer|Publisher,Antoine de (Girard) Marly|Gérard Jollain,"French|French, active ca. 1660, died 1683",1687,1687,"Harris Brisbane Dick Fund, 1951",Paris,Albums|Prints|Ornament & Architecture,http://www.metmuseum.org/art/collection/search/380550,
349061,False,Drawings and Prints,1966.0,Book,The Origin of the Graces.  Illustrated with the original copperplate engravings after the designs of C.N. Cochin,,Author|Designer|Publisher,Dionis Duséjour|Charles Nicolas Cochin II|Vizetelly & Co.,"|French, Paris 1715–1790 Paris|London",n.d.,1730,"The Elisha Whittelsey Collection, The Elisha Whittelsey Fund, 1966",London,Books,http://www.metmuseum.org/art/collection/search/349061,
690552,False,Drawings and Prints,1952.0,Book,"Eglise de Saint Paul hors des Murs, from Les Plus Beaux Edifices de Rome Moderne, ou Recueil des plus belles vues des principales eglises, places, palais, fontaines etc. qui sont dans Rome",,Publisher|Artist|Printer,Bouchard & Gravier|Jean Barbault|Komarek,"Rome|French, Viarmes 1718–1762 Rome|",1763,1763,"Rogers Fund, 1952",Rome,Books,http://www.metmuseum.org/art/collection/search/690552,
503054,True,Musical Instruments,1969,Shamisen,Shamisen,Japanese,Maker|Maker,Takechi Matsukawa|Wakamura workshop,|,1891,1891,"Gift of the Estate of Mary Flagler Cary, 1969",Kyoto,Chordophone-Lute-plucked-unfretted,http://www.metmuseum.org/art/collection/search/503054,
430753,False,Drawings and Prints,1933.0,Print collection ornament & architecture,"A wood-paneled bedroom without a bed, from Alcôves à l'italienne, plate 4, bound in Oeuvres. Vol. I",,Publisher|Artist,Pierre Mariette le fils|Jean Le Pautre,"French, Paris 1634–1716 Paris|French, Paris 1618–1682 Paris",published ca. 1656–57,1650,"Harris Brisbane Dick Fund, 1933",Paris,Prints|Ornament & Architecture,http://www.metmuseum.org/art/collection/search/430753,
353330,False,Drawings and Prints,1921.0,Book,"1) Titi Livii Patavia Romanae Historiae Principis, libri omnes",,Author|Illustrator|Publisher,"Titus Livius|Jost Amman|Georg Corvinus, Sigmund Feyerabend, heirs of Wygand Galle","Roman, 59 BC–17 AD|Swiss, Zurich before 1539–1591 Nuremberg|German",1568,1568,"Museum Accession, transferred from the Library",Frankfurt am Main,Books,http://www.metmuseum.org/art/collection/search/353330,
346907,False,Drawings and Prints,1952.0,Book,"Busiest House in America Thirtieth Annual Illustrated Catalogue, Jewelry",,Author,"Anonymous, American, 20th century",,1906,1906,"Gift of Carl Dreppard, 1952",Chicago,Books,http://www.metmuseum.org/art/collection/search/346907,
852848,false,The Libraries,,,Surrealist exhibition,,Author|Publisher,Franklin Rosemont|Gallery Bugs Bunny,"American, Chicago 1943–2009 Chicago|",1968,1968,,Chicago,,http://www.metmuseum.org/art/collection/search/852848,
6121,true,The American Wing,1914.0,Plate,Plate,British (American market),Maker,James and Ralph Clews,"British, Cobridge, Stoke-on-Trent, active ca. 1818–36",ca. 1824–34,1821,"Bequest of Mary Mandeville Johnston, from the collection of Mr. and Mrs. Edward W. S. Johnston, 1914",Stoke-on-Trent,,http://www.metmuseum.org/art/collection/search/6121,Flowers|Ships
631724,False,Drawings and Prints,1953.0,Album Prints Ornament & Architecture,"Plate 3: Beati quorum, from ""Septem Psalmi Davidici"" (Seven Psalms of David)",,Calligrapher|Engraver|Publisher,Melchior Model|Hieronymus (Jerome) Wierix|Pierre Firens I,"German, born Munich, active Antwerp, ca. 1594–1608|Netherlandish, ca. 1553–1619 Antwerp|Flemish, Antwerp 1580–1638 Paris",1608,1608,"Harris Brisbane Dick Fund, 1953",Antwerp,Albums|Prints|Ornament & Architecture,http://www.metmuseum.org/art/collection/search/631724,
311380,False,"Arts of Africa, Oceania, and the Americas",1978.0,Shield,Shield,Asmat people,Artist,Pono,,mid-20th century,1940,"The Michael C. Rockefeller Memorial Collection; Gift of Nelson A. Rockefeller and Mrs. Mary C. Rockefeller, 1965",Momogo or Agani village (?),Wood-Implements,http://www.metmuseum.org/art/collection/search/311380,
348123,False,Drawings and Prints,1931.0,Book,"The Quiver of Love, A Collection of Valentines Ancient and Modern",,Illustrator|Illustrator|Publisher,"Walter Crane|Kate Greenaway|Marcus Ward & Company, Ltd.","British, Liverpool 1845–1915 Horsham|British, London 1846–1901 London|",1876,1876,"Harris Brisbane Dick Fund, 1931",London,Books,http://www.metmuseum.org/art/collection/search/348123,
347198,False,Drawings and Prints,1945.0,Book,Fortezza Reale del Cuore Humano,,Publisher|Designer,Giuliano Cassiani|Alb. Ronco,"|Italian, active 17th century",1628,1628,"Harris Brisbane Dick Fund, 1945",Modena,Books,http://www.metmuseum.org/art/collection/search/347198,
347562,False,Drawings and Prints,1972.0,Book,Tarif-Album Extrait. Couverts et Orfévrerie Argentés.,,Designer|Printer,Charles Christofle & Cie.|Typographie Philippe Renoward,French|Paris,1914,1914,"Rogers Fund, 1920, transferred from the Library",Paris,Books,http://www.metmuseum.org/art/collection/search/347562,
350074,False,Drawings and Prints,1977.0,Book,Le Journal de Bébé,,Artist|Publisher,Marie-Madelaine Franc-Nohain|Editions Bernard Grasset,"French, 1878–1942|",1914,1914,"The Elisha Whittelsey Collection, The Elisha Whittelsey Fund, 1977",Paris,Books,http://www.metmuseum.org/art/collection/search/350074,Bears|Children|Beds|Toys
392596,True,Drawings and Prints,1917.0,Print,The Laughing Audience,,Publisher|Artist,Carington Bowles I|William Hogarth,"British, 1724–1793|British, London 1697–1764 London",second half 18th century,1750,"Harris Brisbane Dick Fund, 1917",London,Prints,http://www.metmuseum.org/art/collection/search/392596,Men|Women|Spectators
361887,True,Drawings and Prints,1949.0,Print,Venus and Mars Embracing as Vulcan Works at His Forge,,Artist|Artist,Enea Vico|Parmigianino (Girolamo Francesco Maria Mazzola),"Italian, Parma 1523–1567 Ferrara|Italian, Parma 1503–1540 Casalmaggiore",1543,1543,"The Elisha Whittelsey Collection, The Elisha Whittelsey Fund, 1949",Rome,Prints,http://www.metmuseum.org/art/collection/search/361887,Beds|Mars|Venus|Blacksmiths|Armor|Men
349280,True,Drawings and Prints,1921.0,Book,Orus Apollo de Aegypte,,Publisher|Translator|Artist|Artist,Jacques Kerver|Jean Martin|Jean Goujon|Jean Cousin the Elder,"|French, died 1553|French, ca. 1510–ca. 1565 Bologna (?)|French, Souci (?) ca. 1490–ca. 1560 Paris (?)",1543,1543,"Rogers Fund, 1921",Paris,Books,http://www.metmuseum.org/art/collection/search/349280,
376313,False,Drawings and Prints,1930.0,Book,Engravings by Eric Gill: A Selection of Engravings on Wood and Metal Representative of His Work to the End of the Year 1927...,,Publisher|Printer|Author|Sitter,Douglas Cleverdon|The Fanfare Press|Eric Gill|Eric Gill,"British, Bristol 1903–1987 London|London|British, Brighton, Sussex 1882–1940 Uxbridge, London|British, Brighton, Sussex 1882–1940 Uxbridge, London",1929,1929,"Harris Brisbane Dick Fund, 1930",Bristol,Books,http://www.metmuseum.org/art/collection/search/376313,
22227,True,Arms and Armor,1914.0,Close-helmet,Close-Helmet for the Tournament on Foot,"Italian, Milan",Armorer,the Master of the Castle Mark,"Italian, Milan, active ca. 1590–1620",ca. 1600–1610,1575,"Gift of William H. Riggs, 1913",Milan,Helmets,http://www.metmuseum.org/art/collection/search/22227,
384224,True,Drawings and Prints,2008.0,Print,"Palais de S.A.I.Mgr. Le Duc de Leuchtenberg, from the series Vues pittoresques des palais & jardins impériaux aux environs de St. Petersbourg",,Artist|Artist|Printer|Publisher,J. Meyer|C. Schultz|Lemercier|J. Velten,active mid 19th century| |Paris|,ca. 1850,1845,"Gift of Mrs. Charles Wrightsman, 2008",Paris|Karlsruhe|St. Petersburg,Prints,http://www.metmuseum.org/art/collection/search/384224,Animals |Palaces|Men|Flowers|Trees
370481,False,Drawings and Prints,1967.0,Print,Last Civil War Veteran,,Artist|Publisher,Larry Rivers|Universal Limited Art Editions,"American, Bronx, New York 1923–2002 Southampton, New York|",1961,1961,"Florence and Joseph Singer Collection, 1967",West Islip,Prints,http://www.metmuseum.org/art/collection/search/370481,
856196,False,Drawings and Prints,1962,Print,The Dog in the Manger,,Publisher|Artist,"Carington Bowles I|Anonymous, British, 18th century","British, 1724–1793|","April 17, 1775",1775,"The Elisha Whittelsey Collection, The Elisha Whittelsey Fund, 1962",London,Prints,http://www.metmuseum.org/art/collection/search/856196,
344993,False,Drawings and Prints,1977.0,Book,"The Antiquarian Itinerary, comprising specimens of Architecture, Monastic, Castellated, and Domestic; with other vestiges of antiquity in Great Britain",,Publisher|Printer|Draftsman|Draftsman|Engraver,William Clarke etc.|Howlett and Brimmer|William Deeble|John Charles Varrall|John Greig,"London|London|British, 1791–1861|British, 1795–1855|British, active 1803–53",1816,1816,"Gift of Harvey Smith, 1977",London,Books,http://www.metmuseum.org/art/collection/search/344993,
312054,False,"Arts of Africa, Oceania, and the Americas",1978.0,Bark painting,Painting from a Ceremonial House Ceiling,Kwoma,Artist|Artist,"Artists of Mariwai Village|Abwiyeti, Wanyi",|,1970,1970,"The Michael C. Rockefeller Memorial Collection, Purchase, Mrs. Gertrud A. Mellon Gift, and Mr. and Mrs. Alan Brandt Gift, in memory of Jacob J. Brandt, 1974",Mariwai village,Bark-Paintings,http://www.metmuseum.org/art/collection/search/312054,
346734,False,Drawings and Prints,1941.0,Book ; Ornament and Architecture,"The Mirror of Architecture or the Ground Rules of the Art of Building according to Vincenzo Scamozzi, with the Description and Use of a Joynt Rule by John Brown, Whereunto is Added a Compendium of the Art of Building",,Author|Publisher|Author|Author|Author,Sir Henry Wotton|J. & B. Sprint|Vincenzo Scamozzi|John Browne|William Leyburn,"British, 1568–1639|London|Italian, 1548–1616|British, 17th century|British, early 18th century",1721,1721,"Bequest of W. Gedney Beatty, 1941",London,Books|Ornament & Architecture,http://www.metmuseum.org/art/collection/search/346734,
15933,False,The American Wing,1997.0,Vase,Vase,American,Designer|Manufacturer|Maker,Louis C. Tiffany|Tiffany Glass and Decorating Company|Tiffany Furnaces,"American, New York 1848–1933 New York|American, 1892–1902|New York",ca. 1900–1915,1897,"Gift of Helen Palmer Andrus, in memory of Helen Andrus Pinkham, 1997",New York,,http://www.metmuseum.org/art/collection/search/15933,
734482,False,Drawings and Prints,1963.0,"Book
Ornament & Architecture
Prints","Design for a fountain, from Second Book of Architecture",,Publisher|Artist,André Wechel|Jacques Androuet Du Cerceau,"|French, Paris 1510/12–1585 Annecy",1561,1561,"The Elisha Whittelsey Collection, The Elisha Whittelsey Fund, 1963",Paris,Books|Ornament & Architecture|Prints,http://www.metmuseum.org/art/collection/search/734482,
349894,False,Drawings and Prints,1924.0,Book ; Ornament and architecture,"The Horticulturist and Journal of Rural Art and Rural Taste, vols. 1-11",,Designer|Editor|Publisher|Engraver,Elisha Forbes|Andrew Jackson Downing|Luther Tucker|Alexander Anderson,"American, 19th century|American, Newburgh, New York 1815–1852 Yonkers, New York|Albany, New York|American, New York 1775–1870 Jersey City, New Jersey",1846–56,1846,"Harris Brisbane Dick Fund, 1924",Albany,Books|Ornament & Architecture,http://www.metmuseum.org/art/collection/search/349894,
712570,True,Drawings and Prints,1947.0,Print ; Ornament and architecture,"The entry of Marcantonio Colonna and the Christian army in Rome after victory at the battle of Lepanto, December 11, 1571",,Publisher,Francesco Tramezzino,"Italian, active Rome and Venice, 1526–died 1576",1571,1571,"Harris Brisbane Dick Fund, 1947",Milan,Prints|Ornament & Architecture|Prints-Fete,http://www.metmuseum.org/art/collection/search/712570,Horses|Battles|Army|Weapons|Crowd
380579,False,Drawings and Prints,1950.0,Print,Troisieme Livre de Cartouches,,Artist|Artist,Jacques de La Joue the Younger|Johann Georg Merz,"French, Paris 1686–1761 Paris|",[before 1736],1736,"Gift of Miss Lucy Erdwurm, 1950",Paris,Prints,http://www.metmuseum.org/art/collection/search/380579,
348743,True,Drawings and Prints,1939.0,Book,Le Trasformationi,,Translator|Publisher|Author|Designer,Lodovico Dolce|Gabriele Giolito de Ferrari|Ovid|Giovanni Antonio Rusconi,"Italian, Venice 1508–1568 Venice|Italian, born Ferrara, active Venice from 1538, died 1578|Roman, Sulmo 43 BCE–17 CE Tomis, Moesia|ca. 1520–1587",1558,1558,"Harris Brisbane Dick Fund, 1939",Venice,Books,http://www.metmuseum.org/art/collection/search/348743,
655987,False,Drawings and Prints,1947.0,Print ; book,"Lions, after Rubens",,Publisher|Etcher|Artist|Artist,Henry G. Bohn|Thomas Landseer|Edgar Ashe Spilsbury|Peter Paul Rubens,"|British, London 1795–1880 London|British, active 1800–40|Flemish, Siegen 1577–1640 Antwerp",1853,1853,"Harris Brisbane Dick Fund, 1947",London,Prints|Books,http://www.metmuseum.org/art/collection/search/655987,
344093,False,Drawings and Prints,1991.0,Book,Farbige Blatt-Motive,,Artist|Publisher,"R. Sachs|Christ. Stoll, Inh: H. Schmittner","German, 20th century|German",ca. 1930,1925,"Museum Accession, transferred from the Library",Plauen,Books,http://www.metmuseum.org/art/collection/search/344093,
788271,True,Arms and Armor,2018.0,Pair of flintlock pistols with case and accessories,"Pair of Flintlock Pistols of the Prince of Wales, later George IV (1762–1830), with Case and Accessories","British, London",Gunsmith|Silversmith,Durs Egg|Michael Barnett,"British, born Switzerland, baptized Oberbuchsiten, Switzerland 1748–1831 London|British, Workington, Cumberland 1758–1823 London",hallmarked for 1787–88,1787,"Gift of The Robert M. Lee Foundation, in celebration of the Museum’s 150th Anniversary, 2018",London,Firearms-Pistols-Flintlock,http://www.metmuseum.org/art/collection/search/788271,
393344,False,Drawings and Prints,1947.0,Print,"Portraits of Their Majesty's and the Royal Family Viewing the Exhibition of the Royal Academy, 1788",,Engraver|Artist|Publisher|Sitter|Sitter|Sitter|Sitter,"Pietro Antonio Martini|Johann Heinrich Ramberg|Antonio Cesare Poggi|Benjamin West|George III, King of Great Britain and Ireland|George, Prince of Wales|Queen Charlotte, consort of George III of England","Italian, Trescali 1738–1797 Parma|German, Hanover 1763–1840 Hanover|Italian, Florence 1744–1836 Paris|American, Swarthmore, Pennsylvania 1738–1820 London|British, London 1738–1820 Windsor|British, London 1762–1830 Windsor|1744–1818","March 6, 1789",1789,"Bequest of Mrs. Robert B. Noyes, 1947",London,Prints,http://www.metmuseum.org/art/collection/search/393344,
344629,True,Drawings and Prints,1941.0,Book ; Ornament and Architecture,A Parallel of the Ancient Architecture with the Modern with Leon Battista Alberti's Treatise on Statues,,Author|Author|Author|Author|Translator|Printer,Sir Henry Wotton|John Evelyn|Leon Battista Alberti|Roland Fréart Sieur de Chambray|John Evelyn|T. W.,"British, 1568–1639|British, 1620–1706 Wotton, Surrey|Italian, Genoa 1404–1472 Rome|French, 1606–1676|British, 1620–1706 Wotton, Surrey|British, 18th century",1733,1733,"Bequest of W. Gedney Beatty, 1941",London,Books|Ornament & Architecture,http://www.metmuseum.org/art/collection/search/344629,
491013,False,Modern and Contemporary Art,1942,Textile piece,Piece,American,Maker,Catoir Silk Company,"American, founded New York, 1889–1989",1942,1942,"Gift of Catoir Silk Company, 1942",New York,Textiles-Woven,http://www.metmuseum.org/art/collection/search/491013,
433557,False,Drawings and Prints,1949.0,Print,"Three cavalrymen in full armor with drawn swords, riding to the right, from The Riding School or Exercise of Cavalry",,Publisher|Artist|Artist,Clement de Jonghe|Jacques de Gheyn II|Jacques de Gheyn II,"Dutch, Brunsbüttel (Landkreis Dithmarschen) 1624/1625–1677 Amsterdam|Netherlandish, Antwerp 1565–1629 The Hague|Netherlandish, Antwerp 1565–1629 The Hague",,1652,"The Elisha Whittelsey Collection, The Elisha Whittelsey Fund, 1949",Amsterdam,Prints,http://www.metmuseum.org/art/collection/search/433557,
353064,False,Drawings and Prints,1960.0,Book,La Décoration Moderne à la Manufacture Nationale de Sèvres,,Author|Printer|Publisher,G. Lechevallier-Chevignard|Catala frères|Ch. Massin & Cie.,| |,n.d.,1800,"Gift of Admiral and Mrs. Lewis L. Strauss, 1960",Paris,Books,http://www.metmuseum.org/art/collection/search/353064,
627036,False,Drawings and Prints,1937.0,Print ornament & architecture,"Three compartments, each with three spandrels, plate 21, from Das ander Buech Gemacht auff die zway Colonnen, Corinthia und Composita",,Artist|Artist|Artist|Publisher|Publisher,Hans Vredeman de Vries|Johannes van Doetecum I|Lucas van Doetecum|Hieronymus Cock|Volcxken Dierix,"Netherlandish, Leeuwarden 1527–1606 (?)  Antwerp (?)|Netherlandish, 1528/32–1605|Netherlandish, active 1554–72, died before 1589|Netherlandish, Antwerp ca. 1510–1570 Antwerp|Netherlandish, active Antwerp, second half 16th century",,1565,"Gift of John Sise, 1937",Antwerp,Prints|Ornament & Architecture,http://www.metmuseum.org/art/collection/search/627036,
660920,True,Drawings and Prints,1933.0,Books Prints Ornament & Architecture,"Prima Parte de' Fiori, e Disegni di varie sorti di Ricami Moderni, page 8 (recto)",,Author|Publisher,Giovanni Battista Ciotti|Francesco de' Franceschi,"Italian, born Siena, ca. 1560|Italian, active 16th century",1591,1591,"Harris Brisbane Dick Fund, 1933",Venice,Books|Prints|Ornament & Architecture,http://www.metmuseum.org/art/collection/search/660920,Ornament
450576,true,Islamic Art,1945.0,Folio from an illustrated manuscript,"""The Fire Ordeal of Siyavush"", Folio from a Shahnama (Book of Kings) of Firdausi",,Author,Abu'l Qasim Firdausi,"Iranian, Paj ca. 940/41–1020 Tus",dated A.H. 887/1482 CE,1457,"Rogers Fund, 1945",probably Shiraz,Codices,http://www.metmuseum.org/art/collection/search/450576,Horses|Men|Women|Fire
623571,False,Drawings and Prints,1949.0,Print ornament & architecture,"Courtyard of a palace, the facade with statues in wallniches, with a fountain placed on a square basin set in the center of a garden with parterres and surrounded by a wooden closure, plate 10, from Artis Perspectivæ",,Artist|Artist|Artist|Publisher,Hans Vredeman de Vries|Johannes van Doetecum I|Lucas van Doetecum|Gerard de Jode,"Netherlandish, Leeuwarden 1527–1606 (?)  Antwerp (?)|Netherlandish, 1528/32–1605|Netherlandish, active 1554–72, died before 1589|Netherlandish, 1509/17–1591",1568,1568,"The Elisha Whittelsey Collection, The Elisha Whittelsey Fund, 1949",Antwerp,Ornament & Architecture|Prints,http://www.metmuseum.org/art/collection/search/623571,
421111,False,Drawings and Prints,1957.0,Print,"23rd Plate, from Trattato delle Piante & Immagini de Sacri Edifizi di Terra Santa (Treatise of the Plans & Images of the Sacred Buildings of the Holy Land)",,Artist|Artist|Publisher,Bernardino Amico|Jacques Callot|Pietro Cecconcelli,"Italian, active 1593–1619|French, Nancy 1592–1635 Nancy|Italian, active late 16th–early 17th century",1620,1620,"Bequest of Edwin De T. Bechtel, 1957",Florence,Prints,http://www.metmuseum.org/art/collection/search/421111,
887872,False,Drawings and Prints,1949,Album Print Ornament & Architecture,Flemish Grotesque with a Seated Nymph on a Fantastic Cart,,Artist,Cornelis Bos,"Netherlandish, Hertogenbosch ca. 1510?–before 1556 Groningen",ca. 1550,1545,"The Elisha Whittelsey Collection, The Elisha Whittelsey Fund, 1949",Antwerp,Albums|Prints|Ornament & Architecture,http://www.metmuseum.org/art/collection/search/887872,
390643,True,Drawings and Prints,1920.0,Drawing Ornament and Architecture,"Clothes Press, from Chippendale Drawings, Vol. II",,Artist,Thomas Chippendale,"British, baptised Otley, West Yorkshire 1718–1779 London",1753,1753,"Rogers Fund, 1920",London,Drawings|Ornament & Architecture,http://www.metmuseum.org/art/collection/search/390643,Furniture
2020,True,The American Wing,1972.0,Chest of drawers,Chest of Drawers,American,Maker,John Goddard,1724–1785,1755–85,1755,"Purchase, Emily Crane Chadbourne Bequest,
Gifts of Mrs. J. Amory Haskell and Mrs. Russell
Sage, by exchange, and The Sylmaris Collection,
Gift of George Coe Graves, by exchange, 1972",Newport,,http://www.metmuseum.org/art/collection/search/2020,
718128,False,The American Wing,2020.0,Vase,Vase with flowers,American,Decorator|Manufacturer,Harriet Coulter Joor|Newcomb Pottery,"American, Navarro County, Texas 1875–1965 Lafayette, Louisiana|1894–1940",ca. 1902–04,1898,"Gift of Martin Eidelberg, 2020",New Orleans,,http://www.metmuseum.org/art/collection/search/718128,
20568,false,The American Wing,2000.0,Brooch,Brooch,American,Maker,Tiffany & Co.,1837–present,1854–70,1854,"Purchase, Susan and Jon Rotenstreich Gift, 2000",New York,,http://www.metmuseum.org/art/collection/search/20568,Flowers
701902,True,Drawings and Prints,1960.0,"Print, Fete, Ornament & Architecture",Plate 64: The magistrates of the city of Brussels marching in the funeral procession of Archduke Albert of Austria; from 'Pompa Funebris ... Alberti Pii',,Artist|Artist,Cornelis Galle I|Jacques Francquart,"Netherlandish, Antwerp 1576–1650 Antwerp|French, Brussels 1577–1651 Brussels",1623,1623,"Gift of Harry G. Friedman, 1960",Brussels,Prints|Prints-Fete,http://www.metmuseum.org/art/collection/search/701902,Men|Funerals
347787,False,Drawings and Prints,1970.0,Book,"The Comical Creatures from Wurtemberg with Twenty Illustrations, Drawn from the Stuffed Animals Contributed by Hermann Ploucquet of Stuttgart to the Great Exhibition",,Publisher|Printer|Illustrator,"David Bogue|Levey, Robson and Franklyn|Harrison William Weir","British, active London, 1807/8–56|London|British, Lewes 1824–1906 Appledore, Kent",1851,1851,"Gift of Lincoln Kirstein, 1970",London,Books,http://www.metmuseum.org/art/collection/search/347787,
431487,False,Drawings and Prints,1933.0,Print collection ornament & architecture,"Chapel enclosure with the Holy Family surrounded by Angels at left and the Flight into Egypt at right, from Clôtures de chapelles, plate 2, bound in Oeuvres. Vol. II",,Artist|Publisher,Jean Le Pautre|Pierre Mariette le fils,"French, Paris 1618–1682 Paris|French, Paris 1634–1716 Paris",published 1659,1659,"Harris Brisbane Dick Fund, 1933",Paris,Prints|Ornament & Architecture,http://www.metmuseum.org/art/collection/search/431487,
715550,False,The American Wing,2020.0,Plaque,Plaque with Madonna and Child,American,Maker|Manufacturer,Maija Grotell|Henry Street Settlement,"American (born Finland), Helsinki 1899–1973 Pontiac, Michigan|",ca. 1928–38,1923,"Gift of Martin Eidelberg, 2020",New York City,,http://www.metmuseum.org/art/collection/search/715550,
344567,False,Drawings and Prints,1917.0,Book,Household Stories from the Collection of the Brothers Grimm,,Illustrator|Translator|Publisher|Author|Author,Walter Crane|Lucy Crane|Macmillan & Co.|Jacob Ludwig Carl Grimm|Wilhelm Carl Grimm,"British, Liverpool 1845–1915 Horsham|British, 1842–1882| |German, Hanau, Hesse-Kassel 1785–1863 Berlin|German, Hanau 1786–1859 Berlin",1882,1882,"Harris Brisbane Dick Fund, 1917",London,Books,http://www.metmuseum.org/art/collection/search/344567,Cranes|Men|Women|Lutes|Cats|Dogs|Flowers|Allegory|Sleeping
13675,False,The American Wing,1985.0,Floorcoverings,Floorcoverings,"American, Shaker",Maker,United Society of Believers in Christ’s Second Appearing (“Shakers”),"American, active ca. 1750–present",1800–1900,1800,"Gift of Mrs. G. James Fawcett, in memory of John S. Rudd, 1985",New Lebanon,,http://www.metmuseum.org/art/collection/search/13675,
432889,False,Drawings and Prints,1933.0,Print collection ornament & architecture,"Frieze with a man strangling a sea monster at top, from Ornements pour embellir les chapiteax, architraves, friezes, and cornices, plate 3, bound in Oeuvres. Vol. IV",,Artist|Publisher,Jean Le Pautre|Pierre Mariette le fils,"French, Paris 1618–1682 Paris|French, Paris 1634–1716 Paris",17th century,1633,"Harris Brisbane Dick Fund, 1933",Paris,Prints|Ornament & Architecture,http://www.metmuseum.org/art/collection/search/432889,
311358,False,"Arts of Africa, Oceania, and the Americas",1978.0,Shield,Shield,Asmat people,Artist,Siti,,mid-20th century,1900,"The Michael C. Rockefeller Memorial Collection; Gift of Nelson A. Rockefeller and Mrs. Mary C. Rockefeller, 1965",Erma,Wood-Implements,http://www.metmuseum.org/art/collection/search/311358,
687765,False,"Arts of Africa, Oceania, and the Americas",2015.0,Negative,Couple,,Artist,Seydou Keïta,"Malian, Bamako ca. 1921–2001 Paris",1950s–1960s,1950,"Gift of Susan Mullin Vogel, 2015",Bamako,Negatives,http://www.metmuseum.org/art/collection/search/687765,Couples|Men|Women|Portraits
452113,true,Islamic Art,1970.0,Folio from an illustrated manuscript,"""Zahhak is Told His Fate"", Folio 29v from the Shahnama (Book of Kings) of Shah Tahmasp",,Artist|Author,Sultan Muhammad|Abu'l Qasim Firdausi,"Iranian, active first half 16th century|Iranian, Paj ca. 940/41–1020 Tus",ca. 1524,1498,"Gift of Arthur A. Houghton Jr., 1970",Tabriz,Codices,http://www.metmuseum.org/art/collection/search/452113,Men
2150,True,The American Wing,1933.0,Coffeepot,Coffeepot,American,Maker,John Vernon,1755–1845,ca. 1790,1787,"Bequest of Alphonso T. Clearwater, 1933",New York,,http://www.metmuseum.org/art/collection/search/2150,
389104,True,Drawings and Prints,1970.0,Print,"All on Hobbies, Gee Up, Gee Ho!",,Sitter|Publisher|Artist|Sitter|Sitter|Sitter|Sitter|Sitter|Sitter,Henry Clay|Henry R. Robinson|Edward Williams Clay|Thomas Hart Benton|Martin Van Buren|Daniel Webster|John Quincy Adams|John Caldwell Calhoun|Henry William Harrison,"American, Hanover County, Virginia 1777–1852 Washington, D.C.|American, died 1850|American, Philadelphia, Pennsylvania 1799–1857 New York|American, Neosho, Missouri 1889–1975 Kansas City, Missouri|American, 1782–1862|American, Salisbury, New Hampshire 1782–1852 Marshfield, Massachusetts|American, Braintree, Massachusetts 1767–1848 Washington, D.C.|American, 1782–1850|American, 1773–1841",1838,1838,"The Elisha Whittelsey Collection, The Elisha Whittelsey Fund and Harris Brisbane Dick Fund, by Exchange, 1970",New York,Prints,http://www.metmuseum.org/art/collection/search/389104,Men|Satire|Politics|Horses
639578,True,Drawings and Prints,1958.0,Print,"Mary, Queen of Scots (from ""Histoire de la guerre de Flandre,"" volume 2, folio 598)",,Sitter|Author|Translator,"Mary, Queen of Scots|Famiano Strada|Pierre Du Ryer","British, Linlithgow 1542–1587 Fotheringhay|Italian, Rome 1572–1649|French, 1606–1658",1665,1665,"Gift of Susan Dwight Bliss, 1958",Paris,Prints,http://www.metmuseum.org/art/collection/search/639578,Queens|Portraits|Women|Mary Queen of Scots
503415,True,Musical Instruments,1991,Pochette Bow,Pochette Bow,British,Maker,Dodd workshop,,late 18th century,1767,"Purchase, Suzanne Gauthier Gift, 1991",London,Chordophone-Accessories-bow,http://www.metmuseum.org/art/collection/search/503415,
347471,False,Drawings and Prints,1942.0,Book,"Memoir of John Cheney, Engraver",,Author|Publisher|Engraver|Designer,Ednah Dow Cheney|Lee and Shepard|John Cheney|Seth Wells Cheney,"American, Boston, Massachusetts 1824–1904|Boston, Massachusetts|American, Manchester, Connecticut 1801–1885 Manchester, Connecticut|American, 1810–1856",1881 and 1889,1881,"Harris Brisbane Dick Fund, 1942",Boston,Books,http://www.metmuseum.org/art/collection/search/347471,
432909,False,Drawings and Prints,1933.0,Print collection ornament & architecture,"Frieze at the top with two variant medallion designs, from Différents morceaux d'ornements à la romaine, plate 2, bound in Oeuvres. Vol. IV",,Artist|Publisher,Jean Le Pautre|Pierre Mariette le fils,"French, Paris 1618–1682 Paris|French, Paris 1634–1716 Paris",17th century,1633,"Harris Brisbane Dick Fund, 1933",Paris,Prints|Ornament & Architecture,http://www.metmuseum.org/art/collection/search/432909,
8200,True,The American Wing,1933.0,Tankard,Tankard,American,Maker,Daniel Christian Fueter,1720–1785,ca. 1760,1757,"Bequest of Alphonso T. Clearwater, 1933",New York,,http://www.metmuseum.org/art/collection/search/8200,
727053,False,Drawings and Prints,1991.0,Book Prints Ornaments & Architecture,"Prismes: 40 Planches de Dessins et Coloris Nouveaux, Pl. 22",,Designer|Publisher,Emile-Allain Séguy|Editions d'Art Charles Moreau,"French, 1877–1951|French",[ca. 1930],1925,"Jane E. Andrews Fund, in memory of William Loring Andrews, 1933, transferred from the Library",Paris,Books|Prints|Ornament & Architecture,http://www.metmuseum.org/art/collection/search/727053,
407365,True,Drawings and Prints,1933.0,Print,Love in the East,,Artist,Thomas Rowlandson,"British, London 1757–1827 London",1787,1787,"Harris Brisbane Dick Fund, 1933",London,Prints,http://www.metmuseum.org/art/collection/search/407365,Couples|Men|Women
383276,False,Drawings and Prints,2008.0,Print,Tomb of Pope Adrian VI,,Sitter|Artist,Pope Adrian VI|Matthaeus Greuter,"Netherlandish, 1459–1523|German, Strassburg ca. 1566–1638 Rome",1630,1630,"Purchase, Bequest of W. Gedney Beatty, by exchange, 2008",Rome,Prints,http://www.metmuseum.org/art/collection/search/383276,
709277,False,Drawings and Prints,1952.0,Book,"The Delineator, A Monthly Magazine Illustrating European and American Fashions, Vol. XI, No. 6",,Publisher,E. Butterick and Co.,"New York, NY",June 1878,1878,"The Elisha Whittelsey Collection, The Elisha Whittelsey Fund, 1952",New York,Books,http://www.metmuseum.org/art/collection/search/709277,
7369,True,The American Wing,1966.0,Seed stand,Seed Stand,"American, Shaker",Maker,United Society of Believers in Christ’s Second Appearing (“Shakers”),"American, active ca. 1750–present",1800–1825,1800,"Friends of the American Wing Fund, 1966",New Lebanon,,http://www.metmuseum.org/art/collection/search/7369,
661775,False,Drawings and Prints,1952.0,Print,"Plan des Thermes de Tite, from Les Plus Beaux Monuments de Rome Ancienne ou Recueil des plus beaux Morceaux de l'Antiquité Romaine qui existent encore",,Artist|Publisher|Printer|Engraver,Leonardo di Giovanni Pietro Bufalini|Bouchard & Gravier|Giunchi Heritiers de Komarek|Dominico Montagu,"Italian, Udine ca. 1486–1552 Rome|Rome| |Italian, active Rome, ca. 1750–76",1761,1761,"Rogers Fund, 1952",Rome,Prints,http://www.metmuseum.org/art/collection/search/661775,
347459,False,Drawings and Prints,1968.0,Book,Les Histoires du Petit Renaud,,Author|Illustrator|Publisher,Leopold Chauveau|Pierre Bonnard|Librairie Gallimard,"French, Lyon 1870–1940 Paris|French, Fontenay-aux-Roses 1867–1947 Le Cannet|",1927,1927,"The Elisha Whittelsey Collection, The Elisha Whittelsey Fund, 1968",Paris,Books,http://www.metmuseum.org/art/collection/search/347459,
345443,False,Drawings and Prints,1956.0,Book,Traité Encyclopédique de l'Art du Tailleur,,Author|Printer,F. A. Barde|Hippolyte Tillilard,"French, active 19th century|",1834,1834,"The Elisha Whittelsey Collection, The Elisha Whittelsey Fund, 1956",Paris,Books,http://www.metmuseum.org/art/collection/search/345443,
5775,True,The American Wing,1967.0,Pitcher,Pitcher,American,Manufacturer,Boston & Sandwich Glass Company,"American, 1825–1888, Sandwich, Massachusetts",ca. 1843–67,1840,"Funds from various donors, 1967",Sandwich,,http://www.metmuseum.org/art/collection/search/5775,
432614,False,Drawings and Prints,1933.0,Print collection ornament & architecture,"Title Page depicting a monstrance before which the faithfull kneel, within a rich border, from Ostensoirs, reliquaires et appliques, plate 1, bound in Oeuvres. Vol. III",,Artist|Publisher,Jean Le Pautre|Pierre Mariette le fils,"French, Paris 1618–1682 Paris|French, Paris 1634–1716 Paris",17th century,1633,"Harris Brisbane Dick Fund, 1933",Paris,Prints|Ornament & Architecture,http://www.metmuseum.org/art/collection/search/432614,
347147,False,Drawings and Prints,1931.0,Book,Il Funerale d'Agostin Carroccio fatto in Bologna sua Patria da gl'Incaminati Academici del Disegno,,Dedicatee|Publisher|Etcher|Engraver,Agostino Carracci|Vittorio Benacci|Guido Reni|Francesco Brizio,"Italian, Bologna 1557–1602 Parma|Italian, active 16th century|Italian, Bologna 1575–1642 Bologna|Italian, Bologna ca. 1574–1623 Bologna",1603,1603,"Harris Brisbane Dick Fund, 1931",Bologna,Books,http://www.metmuseum.org/art/collection/search/347147,
690785,False,Drawings and Prints,1952.0,Book,"Propaganda Fide, from Les Plus Beaux Edifices de Rome Moderne, ou Recueil des plus belles vues des principales eglises, places, palais, fontaines etc. qui sont dans Rome",,Artist|Publisher|Artist|Printer,Jean Barbault|Bouchard & Gravier|Freicenet|Komarek,"French, Viarmes 1718–1762 Rome|Rome|Italian, active Rome, mid-18th century|",1763,1763,"Rogers Fund, 1952",Rome,Books,http://www.metmuseum.org/art/collection/search/690785,
433473,False,Drawings and Prints,1949.0,Print,"The soldier lifting the pike, from the Lansquenets series, plate 18, in Waffenhandlung von den Rören Musquetten undt Spiessen / Wapenhandelinghe van Roers Musquetten ende Spiessen (The Exercise of Arms)",,Artist|Artist|Artist,Jacques de Gheyn II|Jacques de Gheyn II|Robert Willemsz de Baudous,"Netherlandish, Antwerp 1565–1629 The Hague|Netherlandish, Antwerp 1565–1629 The Hague|Netherlandish, 1574/5–1659",published 1608,1608,"The Elisha Whittelsey Collection, The Elisha Whittelsey Fund, 1949",The Hague,Prints,http://www.metmuseum.org/art/collection/search/433473,
628929,False,Drawings and Prints,1948.0,Print ornament & architecture,"Cartouche with a recumbent river god and river goddess holding fruit at bottom left and right, from Strapwork Cartouches with Grotesques, plate 7",,Artist|Publisher,Hans Vredeman de Vries|Hieronymus Cock,"Netherlandish, Leeuwarden 1527–1606 (?)  Antwerp (?)|Netherlandish, Antwerp ca. 1510–1570 Antwerp",ca. 1555–70,1550,"The Elisha Whittelsey Collection, The Elisha Whittelsey Fund, 1948",Antwerp,Prints|Ornament & Architecture,http://www.metmuseum.org/art/collection/search/628929,
368379,False,Drawings and Prints,1941.0,Book ; Ornament and architecture,Hoc in volumine haec opera continentur Cleonidae harmonicum introductorium interprete Georgio Valla Placentino. L. Vitruvii Pollionis de Architectura libri decem. Sexti Iulii Frontini de Aquaeductibus liber unus. Angeli policiani opusculum: quod Panepi...,,Designer|Author|Author|Editor|Printer|Author|Author|Author,Pico Master|Cleonides|Marcus Pollio Vitruvius|Giorgio Valla|Simon Bevilaqua|Angelo Poliziano|Sextus Julius Frontinus|Julius Firmicus Maternus,"Italian|2nd century CE|Roman, active late 1st century BCE|Italian, 1430–1500|active 1485–1518|Italian, Montepulciano 1454–1494 Florence|ca. 30–104|Roman, 4th century CE",1497,1497,"Bequest of W. Gedney Beatty, 1941",Venice,Books|Ornament & Architecture,http://www.metmuseum.org/art/collection/search/368379,
659764,True,Drawings and Prints,1922.0,Books Prints Ornament & Architecture,"Convivio delle Belle Donne, page 8 (verso)",,Publisher|Designer,Nicolò Zoppino|Matteo da Treviso,"Italian, Ferrara 1478/80–1544 Venice|Italian, active 16th century",August 1532,1532,"Rogers Fund, 1922",Venice,Books|Prints|Ornament & Architecture,http://www.metmuseum.org/art/collection/search/659764,Ornament|Dogs|Rabbits|Birds|Lions
347827,False,Drawings and Prints,1959.0,Book,"Catalog A; Costumers, Medicine Cabinets, Office Tables, Cafe Tables, Butlers Trays and Stands. . .",,Author,Conrey-Davis Manufacturing Co.,"Shelbyville, Indiana",1909,1909,"The Elisha Whittelsey Collection, The Elisha Whittelsey Fund, 1959",Shelbyville,Books,http://www.metmuseum.org/art/collection/search/347827,
421038,False,Drawings and Prints,1957.0,Print,"St. James Major, from Les Grands Apôtres Debout, Représentant Le Sauveur, La Bienheureuse Marie et Les Saints Apôtres (The Large Standing Apostles, Representing The Savior, The Blessed Mary and The Apostles)",,Publisher|Artist,Israël Henriet|Jacques Callot,"French, Nancy ca. 1590–1661 Paris|French, Nancy 1592–1635 Nancy",1631,1631,"Bequest of Edwin De T. Bechtel, 1957",Paris,Prints,http://www.metmuseum.org/art/collection/search/421038,
732214,False,The American Wing,2016.0,Vase,Vase,American,Manufacturer,Gorham Manufacturing Company,"American, Providence, Rhode Island, 1831–present",1898,1898,"Friends of the American Wing Fund, 2016",Providence,,http://www.metmuseum.org/art/collection/search/732214,
470328,True,The Cloisters,1953.0,Painting,The Intercession of Christ and the Virgin,Italian,Artist,Lorenzo Monaco (Piero di Giovanni),"Italian, Florence (?) ca. 1370–1425 Florence (?)",before 1402,1402,"The Cloisters Collection, 1953",Florence,Paintings-Canvas,http://www.metmuseum.org/art/collection/search/470328,Christ|Virgin Mary|Doves|God the Father
734391,False,Drawings and Prints,1963.0,"Book
Ornament & Architecture
Prints","Chimney, from Second Book of Architecture",,Publisher|Artist,André Wechel|Jacques Androuet Du Cerceau,"|French, Paris 1510/12–1585 Annecy",1561,1561,"The Elisha Whittelsey Collection, The Elisha Whittelsey Fund, 1963",Paris,Books|Ornament & Architecture|Prints,http://www.metmuseum.org/art/collection/search/734391,
3682,True,The American Wing,2000.0,Firescreen,Firescreen,American,Maker,John La Farge,"American, New York 1835–1910 Providence, Rhode Island",1884,1884,"Purchase, Barrie A. and Deedee Wigmore Foundation Gift, 2000",New York,,http://www.metmuseum.org/art/collection/search/3682,
729579,False,Drawings and Prints,1927.0,"Print
Ornament & Architecture",Bed-hanging design,,Publisher|Artist,Nicolas Gautrot|Guillaume Gabriel Androuet Ducerceau,"French, active 18th century|French, died Paris, 1743",ca. 1700–10,1695,"Harris Brisbane Dick Fund, 1927",Paris,Prints|Ornament & Architecture|Books,http://www.metmuseum.org/art/collection/search/729579,
7435,True,The American Wing,1933.0,Coin,Shilling,American,Maker|Maker,John Hull|Robert Sanderson Sr.,1624–1683|ca. 1608–1693,1652,1652,"Bequest of Alphonso T. Clearwater, 1933",Boston,,http://www.metmuseum.org/art/collection/search/7435,
433402,False,Drawings and Prints,1933.0,Print collection ornament & architecture,"Two designs with Bacchus seated at left, from Montants à la romaine, plate 6, bound in Oeuvres. Vol. IV",,Artist|Publisher,Jean Le Pautre|Pierre Mariette le fils,"French, Paris 1618–1682 Paris|French, Paris 1634–1716 Paris",17th century,1633,"Harris Brisbane Dick Fund, 1933",Paris,Prints|Ornament & Architecture,http://www.metmuseum.org/art/collection/search/433402,
16757,False,The American Wing,2000.0,Marrow Scoop,Marrow Scoop,American,Maker,Ephraim Brasher,"American, baptized 1744–1810",ca. 1770,1770,"Purchase, Mr. and Mrs. Robert G. Goelet Gift, 2000",New York,,http://www.metmuseum.org/art/collection/search/16757,
504157,True,Musical Instruments,1989,Alto Recorder in F,Alto Recorder in F,British,Maker,Goulding & Co.,"British, founded London 1785",ca. 1800–1810,1800,"Rogers Fund, 1989",London,Aerophone-Whistle Flute-recorder,http://www.metmuseum.org/art/collection/search/504157,
348711,False,Drawings and Prints,1961.0,Book,Pirotecnia Moderna,,Author|Publisher,Fiorina Di Maio|Ulrico Hoepli,|Milan,1891,1891,"The Elisha Whittelsey Collection, The Elisha Whittelsey Fund, 1961",Milan,Books,http://www.metmuseum.org/art/collection/search/348711,
345007,False,Drawings and Prints,1970.0,Book,"Aperçu et Nouveaux Modèles sur l'Art de Composer, de Distribuer et de Décorer Toute Espéce de Jardins, Extraits de Divers Ouvrage",,Publisher,C. J. Mat,,1829,1829,"Gift of Lincoln Kirstein, 1970",Bruxelles,Books,http://www.metmuseum.org/art/collection/search/345007,
479000,True,The Cloisters,2010.0,Stained glass panel,Two Sections of a Border,French,Artist,Rémois Atelier,"French, active Reims, late 12th–early 13th century",1175–1200,1175,"The Cloisters Collection, 2010",Reims,Glass-Stained,http://www.metmuseum.org/art/collection/search/479000,
4581,True,The American Wing,1933.0,Jug,Jug,American,Maker,John W. Forbes,1781–1864,ca. 1810,1807,"Bequest of Alphonso T. Clearwater, 1933",New York,,http://www.metmuseum.org/art/collection/search/4581,Hunting|Dogs|Men
425844,True,Drawings and Prints,1953.0,Print ornament & architecture,"Horizontal Panel with a Row of Flowers Above a Frieze with a Hunting Scene in a Landscape, from Livre Nouveau de Fleurs Tres-Util",,Artist|Publisher,Nicolas Cochin|Balthazar Moncornet,"French, Troyes 1610–1686 Paris|French, Rouen 1600–1668 Paris",1645,1645,"Harris Brisbane Dick Fund, 1953",Paris,Ornament & Architecture|Prints,http://www.metmuseum.org/art/collection/search/425844,Horses|Flowers
1868,False,The American Wing,1966.0,Side Chair,Side Chair,"American, Shaker",Maker,United Society of Believers in Christ’s Second Appearing (“Shakers”),"American, active ca. 1750–present",1840–60,1840,"Friends of the American Wing Fund, 1966",Watervliet|New Lebanon,,http://www.metmuseum.org/art/collection/search/1868,
710721,False,Drawings and Prints,1974.0,Print,Us,,Publisher|Poet|Printer|Artist,Universal Limited Art Editions|Frank O'Hara|Robert Blackburn|Larry Rivers,"|American, 1926–1966|American, Summit, New Jersey 1920–2003 New York|American, Bronx, New York 1923–2002 Southampton, New York",1957,1957,"Stewart S. MacDermott and John B. Turner Funds, 1974",West Islip,Portfolios|Prints,http://www.metmuseum.org/art/collection/search/710721,
505329,False,Musical Instruments,1963,Alpine Zither,Alpine Zither,German,Maker,Johann Haslwanter,"German, Mittenwald 1824–1884 Munich",ca. 1825–1900,1825,"Gift of Burl Ives, 1963",Munich,Chordophone-Zither-plucked,http://www.metmuseum.org/art/collection/search/505329,
112,True,The American Wing,1985.0,Andiron,Andiron,American,Maker,John Molineux,active ca. 1800–1820,ca. 1810,1807,"Gift of The Wunsch Americana Foundation Inc., 1985",Boston,,http://www.metmuseum.org/art/collection/search/112,
15862,False,The American Wing,1969.0,Vase,Vase,American,Manufacturer,Van Briggle Pottery Company,1901–present,1906,1906,"The Edward C. Moore Jr. Gift Fund, 1969",Colorado Springs,,http://www.metmuseum.org/art/collection/search/15862,
14140,False,The American Wing,1987.0,Tablecloth,Embroidered Table Scarf,American,Maker,Gustav Stickley,"American, Osceola, Wisconsin 1858–1942 Syracuse, New York",ca. 1906,1903,"Purchase, Mrs. Roger Brunschwig Gift, 1987",Fayetteville,,http://www.metmuseum.org/art/collection/search/14140,
349346,False,Drawings and Prints,1975.0,Book,Woman Alive,,Author|Illustrator|Publisher,Susan Ertz|Bip Pares|D. Appleton & Co.,"British, 1894–1985|British, 1904–1975|New York, NY",1936,1936,"Gift of David W. Kiehl, in memory of John J. McKendry, 1975",New York|London,Books,http://www.metmuseum.org/art/collection/search/349346,
628939,False,Drawings and Prints,1948.0,Print ornament & architecture,"Cartouche with an oval central compartment topped by the head of a monkey, from Strapwork Cartouches with Grotesques, plate 15",,Artist|Publisher,Hans Vredeman de Vries|Hieronymus Cock,"Netherlandish, Leeuwarden 1527–1606 (?)  Antwerp (?)|Netherlandish, Antwerp ca. 1510–1570 Antwerp",ca. 1555–70,1550,"The Elisha Whittelsey Collection, The Elisha Whittelsey Fund, 1948",Antwerp,Prints|Ornament & Architecture,http://www.metmuseum.org/art/collection/search/628939,
760414,False,Drawings and Prints,1931.0,Book Print Ornament and Architecture,"Plate 84: Six Various Pannels, from ""A New Book of Chinese Designs""",,Artist and publisher|Artist and publisher,Matthew Darly|George Edwards,"British, ca. 1720–1780 London|British, Stratford 1694–1773 Plaistow",1754,1754,"Harris Brisbane Dick Fund, 1931",London,Ornament & Architecture|Books|Prints,http://www.metmuseum.org/art/collection/search/760414,
6931,True,The American Wing,1969.0,Salad plate,Salad Plate,American,Maker,Union Porcelain Works,1863–1922,1885–87,1885,"Gift of Mr. and Mrs. Franklin Chace, 1969",Brooklyn,,http://www.metmuseum.org/art/collection/search/6931,
760083,False,Drawings and Prints,1931.0,Book Print Ornament and Architecture,"Plate 25: Palisade, from ""A New Book of Chinese Designs""",,Artist and publisher|Artist and publisher,George Edwards|Matthew Darly,"British, Stratford 1694–1773 Plaistow|British, ca. 1720–1780 London",1754,1754,"Harris Brisbane Dick Fund, 1931",London,Ornament & Architecture|Books|Prints,http://www.metmuseum.org/art/collection/search/760083,
381022,False,Drawings and Prints,1954.0,Print,"The Rigging House, 120 William Street, New York",,Lithographer,Henry R. Robinson,"American, died 1850",1846,1846,"The Edward W. C. Arnold Collection of New York Prints, Maps and Pictures, Bequest of Edward W. C. Arnold, 1954",New York,Prints,http://www.metmuseum.org/art/collection/search/381022,
351495,False,Drawings and Prints,1934.0,Book ; Ornament and architecture,A New Book of Shields useful for all sorts of Artificers,,Designer|Engraver|Publisher,A. Heckell|Henry Roberts|Carington Bowles I,"British, active mid 18th century|British, before 1710–after 1790|British, 1724–1793",18th century,1710,"Harris Brisbane Dick Fund, 1934",London,Books|Ornament & Architecture,http://www.metmuseum.org/art/collection/search/351495,
695556,False,Drawings and Prints,1951.0,Print,"Plate 3: Allegorical representation of papal authority flanked by Prudence on the left and Glory on the right; to the far left are Vulcan and a Cyclops; from 'Barberinae aulae fornix', after the frescoes by Pietro da Cortona on the ceiling of the salone of the Palazzo Barberini, Rome",,Publisher|Artist,Giovanni Giacomo De Rossi|Pietro da Cortona (Pietro Berrettini),"Italian, Rome 1627–1691 Rome|Italian, Cortona 1596–1669 Rome",ca. 1677,1674,"The Elisha Whittelsey Collection, The Elisha Whittelsey Fund, 1951",Rome,Prints|Ornament & Architecture,http://www.metmuseum.org/art/collection/search/695556,
348518,False,Drawings and Prints,1953.0,Book,Die Schöne Andalusierin,,Author|Illustrator,Francisco Delicado|Franz von Bayros,"Spanish, ca. 1480– ca. 1535|Austrian, Zagreb 1866–1924 Vienna",1907,1907,"Gift of Eugene L. Garbaty, 1953",Munich,Books,http://www.metmuseum.org/art/collection/search/348518,
5320,True,The American Wing,1941.0,Mug,Mug,American,Maker,Frederick Bassett,1740–1800,1761–99,1761,"Gift of Mrs. J. Insley Blair, in memory of her husband, 1941",Hartford|New York,,http://www.metmuseum.org/art/collection/search/5320,
727100,False,Drawings and Prints,1991.0,Book Prints Ornament & Architecture,"Collection ""Décors et Couleurs"" Album No. 2, Planche 1",,Publisher|Artist|Artist,Editions Albert Lévy|Jean Saudé|Jean Burkhalter,|French|,[ca. 1930],1925,"Rogers Fund, 1931, transferred from the Library",Paris,Books|Prints|Ornament & Architecture,http://www.metmuseum.org/art/collection/search/727100,
346942,False,Drawings and Prints,1969.0,Book,The Artist and Tradesman's Companion with Illustrations,,Editor|Publisher,M. Lafayette Byrn|Stringer & Townsend,"American, 1826–1903|New York, NY",1857,1857,"Gift of A. Hyatt Mayor, 1969",New York,Books,http://www.metmuseum.org/art/collection/search/346942,
776653,False,Drawings and Prints,1937.0,"Print, Ornament & Architecture",Design for a Covered Cup with a Cherubs' Head,,Publisher|Artist,Friedrich Dürer|Paul Flindt,"German, Lübeck ca. 1548–1633 Nuremberg|German, Nuremberg before 1567–after 1631 Nuremberg",1594,1594,"Harris Brisbane Dick Fund, 1937",Nuremberg,Prints|Ornament & Architecture,http://www.metmuseum.org/art/collection/search/776653,
21186,True,The American Wing,2012.0,Oil study,Studies of Native American Leaders Made at Fort Laramie,American,Artist,Albert Bierstadt,"American, Solingen 1830–1902 New York",ca. 1859,1854,"Purchase, Adrienne Arsht, Stainman Family Foundation Inc., and Charles and Jane Klein Family Fund Gifts, 2012",Fort Laramie,,http://www.metmuseum.org/art/collection/search/21186,Heads|Men|Portraits|Profiles
729250,False,Drawings and Prints,1991.0,Book Prints Ornament & Architecture,"Idées 1, Plate 11",,Artist|Publisher|Printer,Maurice-Jacques-Yvan Camus|Librairie des Arts Décoratifs|A. Calavas,"French, born Angers 1893| |French",ca. 1933,1928,"Jane E. Andrews Fund, in memory of William Loring Andrews, 1933, transferred from the Library",Paris,Books|Prints|Ornament & Architecture,http://www.metmuseum.org/art/collection/search/729250,
430945,False,Drawings and Prints,1933.0,Print collection ornament & architecture,"Fireplace with closed shutters, surrounded by lavish architecture, from Cheminées à la romaine, plate 3, bound in Oeuvres. Vol. I",,Artist|Publisher,Jean Le Pautre|Pierre Mariette le fils,"French, Paris 1618–1682 Paris|French, Paris 1634–1716 Paris",published ca. 1656–57,1656,"Harris Brisbane Dick Fund, 1933",Paris,Prints|Ornament & Architecture,http://www.metmuseum.org/art/collection/search/430945,
2252,True,The American Wing,1980.0,Console table,Console Table,American,Maker|Maker,J. H. Belter & Co.|John Henry Belter,"1854–1865|American, born Germany 1804-1863 New York",ca. 1855,1852,"Gift of Gloria and Richard Manney, 1980",New York,,http://www.metmuseum.org/art/collection/search/2252,
626164,False,Drawings and Prints,1947.0,Print ornament & architecture,"Penates, from Deorum Dearumque Capita : ex vetustis numismatibus in gratiam antiquitatis studiosorum effigiata et edita",,Publisher|Artist|Artist|Artist,Philips Galle|Hans Vredeman de Vries|Johannes van Doetecum I|Lucas van Doetecum,"Netherlandish, Haarlem 1537–1612 Antwerp|Netherlandish, Leeuwarden 1527–1606 (?)  Antwerp (?)|Netherlandish, 1528/32–1605|Netherlandish, active 1554–72, died before 1589",1573,1573,"Harris Brisbane Dick Fund, 1947",Antwerp,Prints|Ornament & Architecture,http://www.metmuseum.org/art/collection/search/626164,
18988,false,The American Wing,1985.0,Drawing,Design Drawing,American,Artist,Tiffany & Co.,1837–present,ca. 1893,1893,"Gift of Tiffany & Co., 1985",New York,,http://www.metmuseum.org/art/collection/search/18988,Flowers
638381,False,Drawings and Prints,1957.0,Print,"Vincenzo Gonzaga with His Head Turned Forward, from Effigie naturali dei maggior prencipi et piu valorosi capitani di questa eta con l'arme loro",,Artist|Publisher|Sitter,Giacomo Franco|Giacomo Franco|Duke Vincenzo I Gonzaga,"Italian, Venice 1550–1620 Venice|Italian, Venice 1550–1620 Venice|r. 1587–1612",1596,1596,"The Elisha Whittelsey Collection, The Elisha Whittelsey Fund, 1957",Venice,Prints,http://www.metmuseum.org/art/collection/search/638381,
503010,True,Musical Instruments,1934,Violin,"""The Francesca"" Violin",Italian (Cremona),Maker,Antonio Stradivari,"Italian, Cremona 1644–1737 Cremona",1694,1694,"Bequest of Annie Bolton Matthews Bryant, 1933",Cremona,Chordophone-Lute-bowed-unfretted,http://www.metmuseum.org/art/collection/search/503010,
346894,False,Drawings and Prints,1926.0,Book,Münchner Bilderbogen No. 28. A-B-C Buch aus dem Thierreich in Reimen und Bildern,,Illustrator|Publisher,Wilhelm Busch|Braun & Schneider,"German, 1832–1908|Munich",ca. 1890,1885,"Harris Brisbane Dick Fund, 1926",Munich,Books,http://www.metmuseum.org/art/collection/search/346894,
681018,False,The American Wing,2015.0,Painting,Atmospheric landscape at sunset,American,Artist,Lockwood de Forest,"American, New York 1850–1932 Santa Barbara, California",1904,1904,"Gift of Jacqueline Loewe Fowler, 2015",Santa Barbara,,http://www.metmuseum.org/art/collection/search/681018,
349232,False,Drawings and Prints,1956.0,Book,Elite Color Inserts for Distinctive Yearbooks,,Publisher,The Elite School Publishing Co.,"Chicago, Illinois",ca. 1928,1923,"Gift of A. Hyatt Mayor, 1956",Chicago,Books,http://www.metmuseum.org/art/collection/search/349232,
368596,False,Drawings and Prints,1949.0,Print,Two Pilgrims in a Landscape,,Artist|Artist,Enea Vico|Giorgio Vasari,"Italian, Parma 1523–1567 Ferrara|Italian, Arezzo 1511–1574 Florence",1542,1542,"The Elisha Whittelsey Collection, The Elisha Whittelsey Fund, 1949",Rome,Prints,http://www.metmuseum.org/art/collection/search/368596,
382574,False,Drawings and Prints,1933.0,Book,"Recueil de Planches, sur les Sciences, Les Arts Libéraux, et Les Arts Méchaniques, avec leur explication. Neuvieme Volume",,Illustrator|Illustrator|Editor|Editor|Publisher|Engraver|Illustrator,J. R. Lucotte|Louis Jacques Goussier|Denis Diderot|Jean Le Rond d' Alembert|Briasson|Robert Bénard|Louis François Petit Radel,"French, active 18th century|French, 1722–1799|French, 1713–1784|French, 1717–1783| |French, Paris 1734–after 1777|French, Paris 1740–1818 Paris",1771,1771,"Harris Brisbane Dick Fund, 1933",Paris,Books,http://www.metmuseum.org/art/collection/search/382574,
503808,True,Musical Instruments,1889,Valve Trumpet in F,Valve Trumpet in F,British,Maker,John Augustus Köhler,"British, London ca. 1810–1878 London",ca. 1839,1838,"The Crosby Brown Collection of Musical Instruments, 1889",London,Aerophone-Lip Vibrated-trumpet / trombone,http://www.metmuseum.org/art/collection/search/503808,
344933,False,Drawings and Prints,1967.0,Book,Ancient Spanish Ballads; Historical and Romantic,,Illustrator|Illustrator|Illustrator|Translator|Illustrator|Illustrator|Illustrator|Publisher|Artist|Printer,David Roberts|William Harvey|Henry Warren|John Gibson Lockhart|William Allan|William Simson|C. E. Aubrey|John Murray|Owen Jones|Vizetelly Brothers & Co.,"British, Stockbridge, Scotland 1796–1864 London|British, Newcastle-upon-Tyne 1796–1866 Richmond, Surrey|British, London 1794–1879 London|British, Wishaw, Lanarkshire, Scotland 1794–1854 Abbotsford, Roxburghshire|British, Edinburgh, Scotland 1782–1850 Edinburgh|British, Dundee, Scotland 1798/1799–1847 London|British, active 1840–50|London|British, London 1809–1874 London|London",1842,1842,"The Elisha Whittelsey Collection, The Elisha Whittelsey Fund, 1967",London,Books,http://www.metmuseum.org/art/collection/search/344933,
354223,False,Drawings and Prints,1933.0,Book,"The Search After Happiness: A Pastoral Drama. To Which is Added, Joseph Made Known to His Brethern: A Sacred Drama.",,Author|Publisher|Publisher|Artist|Engraver,Hannah More|Johnson & Warner|Lydia R. Bailey|Thomas Stothard|Benjamin Tanner,"British, Bristol 1745–1833 Bristol|Philadelphia, Pennsylvania|American, Lancaster County, Pennsylvania 1779–1869 Philadelphia|British, London 1755–1834 London|American, New York 1775–1848 Baltimore, Maryland",1811,1811,"Harris Brisbane Dick Fund, 1933",Philadelphia,Books,http://www.metmuseum.org/art/collection/search/354223,
771736,True,Drawings and Prints,1935.0,Print,Portrait of a praying nun,,Artist|Artist,Peter Paul Rubens|Carl Guttenberg,"Flemish, Siegen 1577–1640 Antwerp|German, Wöhrd bei Nürnberg 1743–1790 Paris",ca. 1771,1766,"Gift of Walter H. Smith, 1935",Paris,Prints,http://www.metmuseum.org/art/collection/search/771736,Portraits|Women
467781,True,Medieval Art,1941.0,Plaque,Plaque with the Crucifixion,French,Artist,Nardon Pénicaud,"French, 1470–1542/43",16th century,1500,"Gift of George Blumenthal, 1941",Limoges,Enamels-Painted,http://www.metmuseum.org/art/collection/search/467781,Virgin Mary|Crucifixion|Mary Magdalene
5806,True,The American Wing,1946.0,Pitcher,Hobnail Pitcher,American,Maker,"Hobbs, Brockunier and Company",1863–1891,after 1886,1887,"Gift of Mrs. Emily Winthrop Miles, 1946",Wheeling,,http://www.metmuseum.org/art/collection/search/5806,
2523,True,The American Wing,1983.0,Sugar bowl,Covered Sugar Bowl,American,Maker,Ott and Brewer,"American, Trenton, New Jersey, 1871–1893",1876–83,1876,"Purchase, Mr. and Mrs. H. O. H. Frelinghuysen Gift, 1983",Trenton,,http://www.metmuseum.org/art/collection/search/2523,Plants
1881,False,The American Wing,1968.0,Side Chair,Side Chair,American,Maker,Tobey Furniture Company,1875–1954,ca. 1890,1887,"Gift of Mrs. Frank W. McCabe, 1968",Chicago,,http://www.metmuseum.org/art/collection/search/1881,
623317,False,Drawings and Prints,1949.0,Print ornament & architecture,"Town square with a three story fountain topped by a woman holding a tazza and drinking cup at center and a woman drying linen at left, plate 9, from Artis Perspectivæ",,Artist|Artist|Artist|Publisher,Hans Vredeman de Vries|Johannes van Doetecum I|Lucas van Doetecum|Gerard de Jode,"Netherlandish, Leeuwarden 1527–1606 (?)  Antwerp (?)|Netherlandish, 1528/32–1605|Netherlandish, active 1554–72, died before 1589|Netherlandish, 1509/17–1591",1568,1568,"The Elisha Whittelsey Collection, The Elisha Whittelsey Fund, 1949",Antwerp,Ornament & Architecture|Prints,http://www.metmuseum.org/art/collection/search/623317,
435324,False,Drawings and Prints,1918.0,Print collection ornament & architecture,"Title Page with a frieze at top ornamented with a variant design for a medallion containing the figure of Hope, from Frises et différents ornements à l'italienne, plate 1, in A Bound Collection of Print Series Including Cheminées et Lambris, Alcoves à la Romaine, Feuillages et autres ornemens..., etc.",,Artist|Publisher|Publisher,Jean Le Pautre|Charles Antoine Jombert|Pierre Mariette le fils,"French, Paris 1618–1682 Paris|French, 1712–1784|French, Paris 1634–1716 Paris",1751,1751,"Rogers Fund, 1918",Paris,Prints|Ornament & Architecture,http://www.metmuseum.org/art/collection/search/435324,
687436,False,Drawings and Prints,1922.0,Book ; periodical,"Les Artistes Anciens et Modernes, Volume III",,Artist|Publisher|Artist|Artist|Artist|Artist|Artist|Artist,Henri-Charles-Antoine Baron|Bertauts|Célestin Nanteuil|François-Louis Français|Eugène Leroux|Adolphe Mouilleron|Karl Bodmer|Charles Jacque,"French, Besançon 1816–1885 Geneva| |French (born Italy), Rome 1813–1873 Bourron-Marlotte|French, Plombières-les-Bains 1814–1897 Plombières-les-Bains|French, Caen 1807–1863 Paris|French, Paris 1820–1881 Paris|Swiss, Riesbach 1809–1893 Barbizon|French, Paris 1813–1894 Paris",1848–62,1848,"Museum Accession, transferred from the Library",Paris,Books|Periodicals,http://www.metmuseum.org/art/collection/search/687436,
345254,False,Drawings and Prints,1949.0,Book,Ir Cahier de Vases,,Artist,"Jean Jacques Avril, the Elder","French, Paris 1744–1831 Paris",n.d.,1760,"The Elisha Whittelsey Collection, The Elisha Whittelsey Fund, 1949",Paris,Books,http://www.metmuseum.org/art/collection/search/345254,
670263,False,Drawings and Prints,1952.0,Print,"Autels, from Recueil de divers Monumens Anciens répandus en plusieurs endroits de L'Italie",,Artist|Publisher|Printer,Jean Barbault|Bouchard & Gravier|Giunchi Heritiers de Komarek,"French, Viarmes 1718–1762 Rome|Rome|",1770,1770,"Rogers Fund, 1952",Rome,Prints,http://www.metmuseum.org/art/collection/search/670263,
435027,False,Drawings and Prints,1917.0,Print collection ornament & architecture,"Altarpiece ornamented with Mary and Saints weeping over the dead Christ, from Trois projets de retables d'autels, plate 3",,Artist|Publisher,Jean Le Pautre|Jacques II Chereau,"French, Paris 1618–1682 Paris|French, Blois 1688–1776 Paris",17th century,1633,"Purchase, Joseph Pulitzer Bequest, 1917",Paris,Prints|Ornament & Architecture,http://www.metmuseum.org/art/collection/search/435027,
666207,False,Drawings and Prints,1952.0,Print,"Mort de Melagre Basrelief antique. Les trois Parques qui mettent le Tison dans le feu, au quel etoit attaché la vie de Meleagre, from Les Plus Beaux Monuments de Rome Ancienne ou Recueil des plus beaux Morceaux de l'Antiquité Romaine qui existent encore",,Artist|Publisher|Printer,Jean Barbault|Bouchard & Gravier|Giunchi Heritiers de Komarek,"French, Viarmes 1718–1762 Rome|Rome|",1761,1761,"Rogers Fund, 1952",Rome,Prints,http://www.metmuseum.org/art/collection/search/666207,
431136,False,Drawings and Prints,1933.0,Print collection ornament & architecture,"Ceiling decoration with a female figure holding a demi-cartouche ornamented with a bust, from Quarts de plafons, plate 6, bound in Oeuvres. Vol. I",,Artist|Publisher,Jean Le Pautre|Pierre Mariette le fils,"French, Paris 1618–1682 Paris|French, Paris 1634–1716 Paris",17th century,1633,"Harris Brisbane Dick Fund, 1933",Paris,Prints|Ornament & Architecture,http://www.metmuseum.org/art/collection/search/431136,
423466,False,Drawings and Prints,1967.0,Print,"The Storming of the First-Class Turkish Fortress Kars, 6 November 1877",,Lithographer|Publisher,I. M. Meshkov|E. I. Konovavovoi,"Russian, active late 19th century|Russian, active late 19th century",1897,1897,"Purchase, Harry G. Friedman Bequest, 1967",Moscow,Prints,http://www.metmuseum.org/art/collection/search/423466,
760517,False,Drawings and Prints,1931.0,Book Print Ornament and Architecture,"Plate 106: Various birds, from ""A New Book of Chinese Designs""",,Artist and publisher|Artist and publisher,Matthew Darly|George Edwards,"British, ca. 1720–1780 London|British, Stratford 1694–1773 Plaistow",1754,1754,"Harris Brisbane Dick Fund, 1931",London,Ornament & Architecture|Books|Prints,http://www.metmuseum.org/art/collection/search/760517,
9383,False,The American Wing,2019.0,Vase,Vase with moths,American,Maker,Adelaide Alsop Robineau,"American, Middletown, Connecticut, 1865–1929 Syracuse, New York",1905,1905,"Gift of Martin Eidelberg, 2019",Syracuse,,http://www.metmuseum.org/art/collection/search/9383,
718136,False,The American Wing,2020.0,Vase,Vase,American,Maker|Manufacturer,Adelaide Alsop Robineau|University City Pottery,"American, Middletown, Connecticut, 1865–1929 Syracuse, New York|1909–14",1910,1910,"Gift of Martin Eidelberg, 2020",University City,,http://www.metmuseum.org/art/collection/search/718136,
371581,False,Drawings and Prints,1991.0,Book,"On the Use of Improved Papier Mâché in Furniture, in the Interior Decoration of Buildings, and in Works of Art",,Author|Printer,Charles Frederick Bielefeld|J. B. Nichols and Son,"British, active 1836–50|London",1840,1840,"Rogers Fund, 1941, transferred from the Library",London,Books,http://www.metmuseum.org/art/collection/search/371581,
355050,False,Drawings and Prints,1941.0,Book Ornament & Architecture,I quattro libri dell'architettura di Andrea Palladio,,Patron|Engraver|Author|Publisher,Joseph Smith|Pietro Monaco|Andrea Palladio|Giambattista Pasquali,"British, ca. 1674–1770|Italian, Belluno 1707–1772 Venice|Italian, Padua 1508–1580 Vicenza|active 1730–90",ca. 1770,1767,"Bequest of W. Gedney Beatty, 1941",Venice,Books|Ornament & Architecture,http://www.metmuseum.org/art/collection/search/355050,
345654,False,Drawings and Prints,1960.0,Book,Catalogue spécial des nouveautés en fantaisies ornements et caractères de texte moderne,,Author,Fonderie Bauer,,1911 (?),1911,"The Elisha Whittelsey Collection, The Elisha Whittelsey Fund, 1960",Frankfurt am Main and Barcelona,Books,http://www.metmuseum.org/art/collection/search/345654,
463602,True,Medieval Art,1912.0,Antiphonary; Manuscript cutting,"Manuscript Illumination with Scenes of Easter in an Initial A, from an Antiphonary",Italian,Artist,Nerius,"Italian, Bolognese, active 1310–1325",ca. 1320,1320,"Rogers Fund, 1912",Bologna,Manuscripts and Illuminations,http://www.metmuseum.org/art/collection/search/463602,Men|Women|Angels|Christ
17504,True,The American Wing,2005.0,Drawing,Design Drawing,American,Artist,Tiffany Glass and Decorating Company,"American, 1892–1902",ca. 1898–99,1895,"Gift of Drs. Bruce Barnes and Joseph Cunningham, in memory of Catherine Hoover Voorsanger, 2005",New York,,http://www.metmuseum.org/art/collection/search/17504,Fruit
696211,False,Drawings and Prints,1951.0,Print,"Plate 1: Composition with a large vase of flowers framed by two male nudes at left, to the right two putti play with a hare, all framed by grotesque friezes and architectural elements; from 'David trionfante di Golia e de' filistei', after the frescoes by Pietro da Cortona in the Palazzo del Pigneto, Rome",,Artist|Publisher|Artist,Filippo Carrocci|Domenico De Rossi|Pietro da Cortona (Pietro Berrettini),"Italian, active ca. 1660–70|Italian, 1647–1729|Italian, Cortona 1596–1669 Rome",ca. 1660–70,1657,"The Elisha Whittelsey Collection, The Elisha Whittelsey Fund, 1951",Rome,Prints|Ornament & Architecture,http://www.metmuseum.org/art/collection/search/696211,
652718,False,Drawings and Prints,1951.0,Print,"Plate 7: Man in profile with a Maltese Cross pin and with a hat under his left arm, from Raccolta di XXIV Caricature Disegnate colla penna dell Celebre Cavallier Piet: Leon: Ghezzi [...]",,Artist|Artist,Pier Leone Ghezzi|Matthias Oesterreich,"Italian, Comunanza near Ascoli Piceno 1674–1755 Rome|German, 1716–1778",1750,1750,"The Elisha Whittelsey Collection, The Elisha Whittelsey Fund, 1951",Vienna,Prints,http://www.metmuseum.org/art/collection/search/652718,
384650,True,Drawings and Prints,1928.0,Print,L'Inconnu,,Artist|Publisher|Printer,Félix Bracquemond|Alfred Cadart|Auguste Delâtre,"French, Paris 1833–1914 Sèvres|French, 1825–1875|French, Paris 1822–1907 Paris",1862,1862,"Gift of Mrs. Leonard E. Opdycke, 1928",Paris,Prints,http://www.metmuseum.org/art/collection/search/384650,Ducks|Turtles
395511,True,Drawings and Prints,2011.0,Print,Monsieur Le Medicin,,Publisher|Publisher|Artist,Matthew Darly|Mary Darly|Henry William Bunbury,"British, ca. 1720–1780 London|British, 1760–1781|British, Mildenhall, Suffolk 1750–1811 Keswick, Cumberland","June 13, 1771",1771,"The Elisha Whittelsey Collection, The Elisha Whittelsey Fund, 2011",London,Prints,http://www.metmuseum.org/art/collection/search/395511,Men
665822,False,Drawings and Prints,1952.0,Print,"Baccantes d'apres l'Antique, from Les Plus Beaux Monuments de Rome Ancienne ou Recueil des plus beaux Morceaux de l'Antiquité Romaine qui existent encore",,Artist|Publisher|Printer,Jean Barbault|Bouchard & Gravier|Giunchi Heritiers de Komarek,"French, Viarmes 1718–1762 Rome|Rome|",1761,1761,"Rogers Fund, 1952",Rome,Prints,http://www.metmuseum.org/art/collection/search/665822,
356551,False,Drawings and Prints,1920.0,Book ; Ornament and architecture,"Della architettura di Gio. Antonio Rusconi, con centosessanta figure dissegnate dal medesimo, secondo i precetti di Vitruvio, e con chiarezza, e breuità di chiarate libri dieci.",,Illustrator|Author|Publisher|Dedicatee|Author,"Giovanni Antonio Rusconi|Giovanni Antonio Rusconi|I Gioliti|Francesco Maria II Montefeltro della Rovere, Duke of Urbino|Marcus Pollio Vitruvius","ca. 1520–1587|ca. 1520–1587| |Italian, 1574–1631|Roman, active late 1st century BCE",1590,1590,"Rogers Fund, 1920",Venice,Books|Ornament & Architecture,http://www.metmuseum.org/art/collection/search/356551,
350086,False,Drawings and Prints,1981.0,Book,Woodcuts,,Artist|Printer|Publisher,Antonio Frasconi|The Spiral Press|E. Weyhe,"Uruguayan-American (born Argentina), Buenos Aires 1919–2013 New York|New York, NY|",1957,1957,"Gift of Mrs. A. Hyatt Mayor, 1981",New York,Books,http://www.metmuseum.org/art/collection/search/350086,
348816,False,Drawings and Prints,1963.0,Book,Notre ami Pierrot,,Author|Illustrator|Publisher,Jérôme Doucet|Louis Morin|Paul Ollendorff,"French, born 1865|French, Paris 1855–1938 Migennes|Paris",n.d.,1870,"The Elisha Whittelsey Collection, The Elisha Whittelsey Fund, 1963",Paris,Books,http://www.metmuseum.org/art/collection/search/348816,
785220,False,The American Wing,2018.0,Plate,Plate,French,Retailer|Manufacturer,"Airé & Cie, Paris|G. Baruch Weil","|1799–1828 Paris, France",ca. 1801–04,1796,"Gift of Page Williams Dwyer, 2018",Paris,,http://www.metmuseum.org/art/collection/search/785220,
344455,False,Drawings and Prints,1921.0,Book,"Toy Books: My Mother, Valentine and Orson, The Sleeping Beauty",,Illustrator|Publisher|Engraver,"Walter Crane|George Routledge & Sons, London|Edmund Evans","British, Liverpool 1845–1915 Horsham| |British, Southwark, London 1826–1905 Ventnor, Isle of Wight","1873, 1874, 1876",1873,"Museum Accession, transferred from the Library",London,Books,http://www.metmuseum.org/art/collection/search/344455,
433882,False,Drawings and Prints,1949.0,Print,"Matthew, from Christ, the Apostles, and Saint Paul",,Artist|Artist|Publisher,Jacques de Gheyn II|Zacharias Dolendo|Jacques de Gheyn II,"Netherlandish, Antwerp 1565–1629 The Hague|Netherlandish, 1561–ca. 1604|Netherlandish, Antwerp 1565–1629 The Hague",,1591,"The Elisha Whittelsey Collection, The Elisha Whittelsey Fund, 1949",Leiden,Prints,http://www.metmuseum.org/art/collection/search/433882,
760511,False,Drawings and Prints,1931.0,Book Print Ornament and Architecture,"Plate 101: Heads, from ""A New Book of Chinese Designs""",,Artist and publisher|Artist and publisher,George Edwards|Matthew Darly,"British, Stratford 1694–1773 Plaistow|British, ca. 1720–1780 London",1754,1754,"Harris Brisbane Dick Fund, 1931",London,Ornament & Architecture|Books|Prints,http://www.metmuseum.org/art/collection/search/760511,
5812,True,The American Wing,1933.0,Cream pot,Creamer,American,Maker,Isaac Hutton,"American, New York 1766–1855 Albany, New York",1810–30,1810,"Bequest of Alphonso T. Clearwater, 1933",Albany,,http://www.metmuseum.org/art/collection/search/5812,
727935,False,Drawings and Prints,1991.0,Book Prints Ornament & Architecture,"Fleurs (Flowers), Plate 11",,Publisher|Designer|Printer,"Editions ""Synth""|Serge Gladky|G. Kadar","|French, active 1920–30s|",1929,1929,"Jane E. Andrews Fund, in memory of William Loring Andrews, 1943, transfered from the Library (1991.1073.124)",Paris,Books|Prints|Ornament & Architecture,http://www.metmuseum.org/art/collection/search/727935,
653016,True,Arms and Armor,2004.0,Drawings,Designs for the Decoration of Firearms,"French, Versailles",Designer,Nicolas Noël Boutet,"French, Versailles and Paris, 1761–1833",ca. 1797–1805,1772,"Purchase, Clay P. Bedford Gift, 2004",Versailles,Works on Paper-Drawings,http://www.metmuseum.org/art/collection/search/653016,Eagles|Crocodiles
638282,False,The American Wing,2013.0,Bookend,Bookend,American,Artist,Rebecca Cauman,"American, born Russia, 1882–1964",ca. 1927,1922,"Gift of Jacqueline Loewe Fowler, 2014",Boston,,http://www.metmuseum.org/art/collection/search/638282,Fruit|Trees
640294,False,Drawings and Prints,1948.0,Print,"Another head of an Angel, bound in L'Oeuvre original de Vivant Denon. Collection de eaux-fortes, Volume 1",,Publisher|Artist|Artist,A. Barrand|Correggio (Antonio Allegri)|baron Dominique Vivant Denon,"|Italian, Correggio, active by 1514–died 1534 Correggio|French, Givry 1747–1825 Paris",1873,1873,"Harris Brisbane Dick Fund, 1948",Paris,Books,http://www.metmuseum.org/art/collection/search/640294,
2734,True,The American Wing,1946.0,Cream pot,Creamer,American,Maker,Richards and Hartley Flint Glass Co.,ca. 1870–1890,ca. 1888,1885,"Gift of Mrs. Emily Winthrop Miles, 1946",Tarentum,,http://www.metmuseum.org/art/collection/search/2734,
345266,False,Drawings and Prints,1930.0,Book,Arte Nuevo de Escribir por Preceptos Geometricos y reglas matematicas,,Author|Publisher,Juan Claudio Aznar de Polanco|The Heirs of Manuel Ruiz de Murga,|,1719,1719,"Harris Brisbane Dick Fund, 1930",Madrid,Books,http://www.metmuseum.org/art/collection/search/345266,
371607,False,Drawings and Prints,1941.0,Book ; Ornament and architecture,M. Vitruvii Pollionis Architectura; textu ex recensione codicum emendato cum exercitationibus notisque novissimis Joannis Poleni et commentariis variorum additis nunc primum studiis Simonis Stratico.,,Printer|Author|Author|Author|Author|Publisher,Officiana Peciliana|Giovanni Poleni|Simone Stratico|Giulio Pontedera|Marcus Pollio Vitruvius|Fratelli Mattiuzzi,"Italian, active 19th century|Italian, Venice 1683–1761 Padua|Italian, 1733–1824|Italian|Roman, active late 1st century BCE|Italian, active 19th century",1825–30,1825,"Bequest of W. Gedney Beatty, 1941",Udine,Books|Ornament & Architecture,http://www.metmuseum.org/art/collection/search/371607,
427171,True,Drawings and Prints,1959.0,Print,"German and Spanish Forts Near Bohemia Were Taken with Great Force Near Bohemia, from L'Idea di un Principe ed Eroe Cristiano in Francesco I d'Este, di Modena e Reggio Duca VIII [...]",,Artist|Author,Bartolomeo Fenice (Fénis)|Domenico Gamberti,|,1659,1659,"The Elisha Whittelsey Collection, The Elisha Whittelsey Fund, 1959",Modena,Prints,http://www.metmuseum.org/art/collection/search/427171,Wars|Soldiers|Cannons|Trees
503352,False,Musical Instruments,1988,Mezzo Violin,Mezzo Violin,American,Maker,Carleen M. Hutchins,"Springfield, Massachusetts, 1911–2007 Wolfeboro, New Hampshire",1976,1976,"Gift of Carleen M. and Morton A. Hutchins and the Harriet M. Bartlett Fund of the Catgut Acoustical Society, Inc., 1988",Montclair,Chordophone-Lute-bowed-unfretted,http://www.metmuseum.org/art/collection/search/503352,
503564,False,Musical Instruments,2002,Vertical Viola Top,Vertical Viola Top,American,Maker,Carleen M. Hutchins,"Springfield, Massachusetts, 1911–2007 Wolfeboro, New Hampshire",1998,1998,"Gift of Carleen Maley Hutchins, 2002",Montclair,Chordophone-Lute-bowed-unfretted,http://www.metmuseum.org/art/collection/search/503564,
627035,False,Drawings and Prints,1937.0,Print ornament & architecture,"Shaft, capital and entablature of the Corinthian order and six consoles and one mutules, plate 20, from Das ander Buech Gemacht auff die zway Colonnen, Corinthia und Composita",,Artist|Artist|Artist|Publisher|Publisher,Hans Vredeman de Vries|Johannes van Doetecum I|Lucas van Doetecum|Hieronymus Cock|Volcxken Dierix,"Netherlandish, Leeuwarden 1527–1606 (?)  Antwerp (?)|Netherlandish, 1528/32–1605|Netherlandish, active 1554–72, died before 1589|Netherlandish, Antwerp ca. 1510–1570 Antwerp|Netherlandish, active Antwerp, second half 16th century",,1565,"Gift of John Sise, 1937",Antwerp,Prints|Ornament & Architecture,http://www.metmuseum.org/art/collection/search/627035,
504250,False,Musical Instruments,1982,Violin Bow,Violin Bow,French,Maker,Francois Nicolas Voirin,1833–1885,ca. 1860–80,1850,"Gift of Louise Rorimer Dushkin, in memory of Samuel Dushkin, 1982",Paris,Chordophone-Accessories-bow,http://www.metmuseum.org/art/collection/search/504250,
20532,True,The American Wing,2010.0,Clock,Clock with Bust of Washington and Relief of Cornwallis Resigning his Sword to Washington,American,Maker,Armingaud L’Ainé,1806–1813,ca. 1815,1810,"Gift of Judith F. Hernstadt, 2012",Paris,,http://www.metmuseum.org/art/collection/search/20532,George Washington
381606,False,Drawings and Prints,1951.0,Print,"Cahier de Baromètres, Cartels de Pendules, Chenets, etc.",,Artist|Engraver|Publisher,Richard de Lalonde|Augustin Foin|Chereau,"French, active Paris, 1780–90|French, 1726–after 1759|French",second half 18th century,1750,"Gift of Estate of Ogden Codman, 1951",Paris,Prints,http://www.metmuseum.org/art/collection/search/381606,
727891,False,Drawings and Prints,1991.0,Book Prints Ornament & Architecture,"Fleurs (Flowers), Title Page",,Publisher|Designer|Printer,"Editions ""Synth""|Serge Gladky|G. Kadar","|French, active 1920–30s|",1929,1929,"Jane E. Andrews Fund, in memory of William Loring Andrews, 1943, transfered from the Library (1991.1073.124)",Paris,Books|Prints|Ornament & Architecture,http://www.metmuseum.org/art/collection/search/727891,
433062,False,Drawings and Prints,1949.0,Print,"A soldier blowing out sparks, from the Marksmen series, plate 15, in Waffenhandlung von den Rören Musquetten undt Spiessen / Wapenhandelinghe van Roers Musquetten ende Spiessen (The Exercise of Arms)",,Artist|Artist|Artist,Jacques de Gheyn II|Jacques de Gheyn II|Robert Willemsz de Baudous,"Netherlandish, Antwerp 1565–1629 The Hague|Netherlandish, Antwerp 1565–1629 The Hague|Netherlandish, 1574/5–1659",published 1608,1608,"The Elisha Whittelsey Collection, The Elisha Whittelsey Fund, 1949",The Hague,Prints,http://www.metmuseum.org/art/collection/search/433062,
657691,False,Drawings and Prints,1952.0,Print,"Centaure jouant de la Lire d'aprés l'Antique, from Les Plus Beaux Monuments de Rome Ancienne ou Recueil des plus beaux Morceaux de l'Antiquité Romaine qui existent encore",,Artist|Publisher|Printer,Jean Barbault|Bouchard & Gravier|Giunchi Heritiers de Komarek,"French, Viarmes 1718–1762 Rome|Rome|",1761,1761,"Rogers Fund, 1952",Rome,Prints,http://www.metmuseum.org/art/collection/search/657691,
503369,False,Musical Instruments,1989,Kimkim,Kimkim,American,Maker,Dr. Abbas Magaji Ahuwan,"Nigerian, born 1947",1989,1989,"Rogers Fund, 1989",Freehold,Aerophone and Idiophone-flue blown / vessel rattle,http://www.metmuseum.org/art/collection/search/503369,
508076,False,"Arts of Africa, Oceania, and the Americas",1997,Photograph,Man Leaning on Radio,,Artist,Seydou Keïta,"Malian, Bamako ca. 1921–2001 Paris",1955,1955,"Purchase, Joseph and Ceil Mazer Foundation Inc. Gift, 1997",Bamako,Photographs,http://www.metmuseum.org/art/collection/search/508076,Men|Portraits
501495,True,Musical Instruments,1889,Bassoon in C,Bassoon in C,American,Maker,John Meacham,"American, Enfield, Connecticut 1785–1844 Albany, New York",ca. 1811,1800,"The Crosby Brown Collection of Musical Instruments, 1889",Albany,Aerophone-Reed Vibrated-double reed,http://www.metmuseum.org/art/collection/search/501495,
501477,True,Musical Instruments,1889,Cabrette,Cabrette,French,Maker,Joseph Bechonnet,"Effiat, Puy de Dome, 1820–1900",19th century,1801,"The Crosby Brown Collection of Musical Instruments, 1889","Effiat, Puy-de-Dôme",Aerophone-Reed Vibrated-bagpipe,http://www.metmuseum.org/art/collection/search/501477,Animals
9480,True,The American Wing,1896.0,Vase,Vase,American,Designer|Maker,Louis C. Tiffany|Tiffany Glass and Decorating Company,"American, New York 1848–1933 New York|American, 1892–1902",1893–96,1893,"Gift of H. O. Havemeyer, 1896",New York,,http://www.metmuseum.org/art/collection/search/9480,Feathers
629867,True,Drawings and Prints,1958.0,Print,"Mary Stuart, At the age of Sixteen (from Memoirs of Eminent Englishwomen)",,Artist|Artist|Publisher|Sitter|Author,"Louisa Stuart Costello|Joseph Brown|Richard Bentley|Mary, Queen of Scots|Louisa Stuart Costello","British, 1799–1870|British, 1809–1887|British, London|British, Linlithgow 1542–1587 Fotheringhay|British, 1799–1870",1844,1844,"Gift of Susan Dwight Bliss, 1958",London,Prints,http://www.metmuseum.org/art/collection/search/629867,Portraits|Women|Mary Queen of Scots
5551,False,The American Wing,1985.0,Pattern,Pattern for applied gold floral motifs on the Magnolia Vase,American,Maker,Tiffany & Co.,1837–present,ca. 1893,1890,"Gift of Tiffany & Company, 1985",New York,,http://www.metmuseum.org/art/collection/search/5551,
431591,False,Drawings and Prints,1933.0,Print collection ornament & architecture,"Confessional with a penitent at left, wearing contemporary clothing, from Confessionnaux nouvellement inventés, plate 5, bound in Oeuvres. Vol. II",,Artist|Publisher,Jean Le Pautre|Pierre Mariette le fils,"French, Paris 1618–1682 Paris|French, Paris 1634–1716 Paris",17th century,1633,"Harris Brisbane Dick Fund, 1933",Paris,Prints|Ornament & Architecture,http://www.metmuseum.org/art/collection/search/431591,
367801,False,Drawings and Prints,1941.0,Book,"Exercitationes Vitruvianae primae. Hoc est: Ioannis Poleni commentarius criticus de M. Vitruvii Pollionis Architecti X librorum editionibus, necnon de eorundem editoribus, atque de aliis, qui Vitruvium quocumque modo explicarunt, aut illustrarunt",,Author|Editor|Printer|Publisher|Artist and engraver|Author|Author|Author|Author,"Marcus Pollio Vitruvius|Giovanni Poleni|Giovanni Manfre|Francesco Pitteri|Antonio Maria Visentini|Giambattista Morgagni|Bernardino Baldi|Giovanni Battista Bertano|Giuseppe Salviati (Giuseppe Porta, called Il Salviati)","Roman, active late 1st century BCE|Italian, Venice 1683–1761 Padua|Italian, active 17th century|Italian, active 17th century|Italian, Venice 1688–1782 Venice|Italian, 1682–1771|Italian, 1553–1617|Mantua 1516–1576 Mantua|Italian, Castelnuovo di Garfagnana ca. 1520–ca. 1575 Venice",1739,1739,"Bequest of W. Gedney Beatty, 1941",Venice,Books,http://www.metmuseum.org/art/collection/search/367801,
346688,False,Drawings and Prints,1957.0,Book,"Graphic Illustrations with Historical Descriptive Accounts of Toddington, Gloucestershire, The Seat of the Lord Sudley",,Author|Artist,John Britton|R. Kitton,"British, Kington St. Michael, 1771–1857 London (?)|British, active 1840",1840,1840,"The Elisha Whittelsey Collection, The Elisha Whittelsey Fund, 1957",London,Books,http://www.metmuseum.org/art/collection/search/346688,
431118,False,Drawings and Prints,1933.0,Print collection ornament & architecture,"Ceiling decoration with a central square flanked by olive branches, from Desseins de Plaphons, plate 3, bound in Oeuvres. Vol. I",,Artist|Publisher,Jean Le Pautre|Pierre Mariette le fils,"French, Paris 1618–1682 Paris|French, Paris 1634–1716 Paris",17th century,1633,"Harris Brisbane Dick Fund, 1933",Paris,Prints|Ornament & Architecture,http://www.metmuseum.org/art/collection/search/431118,
431525,False,Drawings and Prints,1933.0,Print collection ornament & architecture,"Chapel enclosure with an open door and Capuchin friar at left, from Clôtures de chapelles, plate 5, bound in Oeuvres. Vol. II",,Artist|Publisher,Jean Le Pautre|Pierre Mariette le fils,"French, Paris 1618–1682 Paris|French, Paris 1634–1716 Paris",17th century,1633,"Harris Brisbane Dick Fund, 1933",Paris,Prints|Ornament & Architecture,http://www.metmuseum.org/art/collection/search/431525,
19007,False,The American Wing,2014.0,Armchair,Armchair,American,Maker,Gustav Stickley,"American, Osceola, Wisconsin 1858–1942 Syracuse, New York",ca. 1903,1898,"Gift of Leeds Art Foundation, in honor of Morrison H. Heckscher, 2014",Eastwood,,http://www.metmuseum.org/art/collection/search/19007,
376251,False,Drawings and Prints,1962.0,Print,"Saint John the Evangelist; head and shoulders, writing with a quill; from the series of The Holy Family and Apostles after Giovanni Battista Piazzetta",,Artist|Artist,Marco Alvise Pitteri|Giovanni Battista Piazzetta,"Italian, Venice 1702–1786 Venice|Italian, Venice 1682–1754 Venice",ca. 1730–86,1727,"The Elisha Whittelsey Collection, The Elisha Whittelsey Fund, 1962",Venice,Prints,http://www.metmuseum.org/art/collection/search/376251,
354352,False,Drawings and Prints,1921.0,Book,Musaei Iovani Imagines Artifice manu ad vivum  expressae,,Author|Printer|Draftsman,Theobaldus Müller|Peter Perna|Tobias Stimmer,"|1522–1582|Swiss, Schaffhausen 1539–1584 Strasbourg",March 1577,1577,"Rogers Fund, transferred from the Library",Basel,Books,http://www.metmuseum.org/art/collection/search/354352,
4796,True,The American Wing,1941.0,Figure,Standing lion,American,Designer|Manufacturer|Manufacturer,"Daniel Greatbatch|Lyman, Fenton & Co.|United States Pottery Company",active 1838–ca. 1861|1849–52|1852–58,1849–52,1849,"Rogers Fund, 1941",Bennington,,http://www.metmuseum.org/art/collection/search/4796,Lions
698683,False,The American Wing,2015.0,Vase,Vase with mistletoe,American,Maker|Designer|Manufacturer,Yosakichi Asano|Artus Van Briggle|Van Briggle Pottery Company,"Japanese, active United States 1894 – ca. 1904.|American, Felicity, Ohio 1869–1904 Colorado Springs, Colorado|1901–present",1904,1904,"Gift of Martin Eidelberg, 2015",Colorado Springs,,http://www.metmuseum.org/art/collection/search/698683,
347044,False,Drawings and Prints,1976.0,Book,The Best of H.T. Webster--A Memorial Collection,,Author|Designer|Publisher|Author,Philo Clarke Calhoun|Harold Tucker Webster|Simon & Schuster|Robert E. Sherwood,"American, 1889–1947|American, Parkersville, West Virginia, 1885–1952|New York, NY|American, New Rochelle, New York 1896–1955 New York",1953,1953,"Gift of A. Hyatt Mayor, 1976",New York,Books,http://www.metmuseum.org/art/collection/search/347044,
32380,False,Arms and Armor,1931.0,Powder flask,Powder Flask,"British, probably London; spout, Sheffield",Silversmith,James Dixon & Sons,"British, founded Sheffield, 1806","flask, before 1801; spout, after 1835",1750,"Gift of Mrs. Edward S. Harkness, 1931",probably London,Firearms Accessories-Powder Horns,http://www.metmuseum.org/art/collection/search/32380,
355220,True,Drawings and Prints,1924.0,Book,Pennsylvania Magazine or American Monthly Museum,,Engraver|Engraver|Engraver|Engraver|Publisher|Engraver|Artist,James Poupard|Caleb Lownes|Christopher Tully|James Smither|Robert Aitken|Robert Aitken|Pierre Eugène du Simitière,"American, 18th century|American, ca. 1754–ca. 1828|American, 18th century|American (born England), 1741–1797 Philadelphia, Pennsylvania|American (born Scotland), Dalkeith 1735–1802 Philadelphia, Pennsylvania|American (born Scotland), Dalkeith 1735–1802 Philadelphia, Pennsylvania|American (born Switzerland), Geneva 1737–1784 Philadelphia, Pennsylvania",January–December 1775,1775,"Bequest of Charles Allen Munn, 1924",Philadelphia,Books,http://www.metmuseum.org/art/collection/search/355220,Houses|Trees|Ships|Horses
9575,False,The American Wing,1968.0,Vase,Vase,British (American market),Designer|Manufacturer,Marc-Louis Emanuel Solon|Minton and Company,1835–1913|1793–present,1870,1870,"Gift of Mrs. D. Chester Noyes, 1968",Stoke-on-Trent,,http://www.metmuseum.org/art/collection/search/9575,Bow and Arrow|Children|Women|Fishing
447798,true,Islamic Art,1925.0,Illustrated single work,The Old man and the Youth,,Calligrapher|Artist,Nur al-Din Muhammad Lahiji|Riza-yi 'Abbasi,"|Iranian, ca. 1565–d. 1635",second quarter 17th century,1625,"Fletcher Fund, 1925",Isfahan,Codices,http://www.metmuseum.org/art/collection/search/447798,Men
366269,False,Drawings and Prints,1941.0,Book ; Ornament and architecture,Architecttura con il suo co[m]mento et figure Vitruvio in volgar lingua raportato per M. Gianbatista Caporali di Perugia,,Author|Translator|Publisher,Marcus Pollio Vitruvius|Giovanni Battista Caporali|Giano Bigazzini,"Roman, active late 1st century BCE|Italian, 1476–1560|",1536,1536,"Bequest of W. Gedney Beatty, 1941",Perugia,Books|Ornament & Architecture,http://www.metmuseum.org/art/collection/search/366269,
9772,False,The American Wing,1946.0,Water pitcher,Water Pitcher,American,Maker,"Bakewell, Pears and Company",1836–1882,1850–70,1850,"Gift of Mrs. Emily Winthrop Miles, 1946",Pittsburgh,,http://www.metmuseum.org/art/collection/search/9772,
727951,False,Drawings and Prints,1991.0,Book Prints Ornament & Architecture,"Fleurs (Flowers), Plate 25",,Printer|Designer|Publisher,"G. Kadar|Serge Gladky|Editions ""Synth""","|French, active 1920–30s|",1929,1929,"Jane E. Andrews Fund, in memory of William Loring Andrews, 1943, transfered from the Library (1991.1073.124)",Paris,Books|Prints|Ornament & Architecture,http://www.metmuseum.org/art/collection/search/727951,
334055,False,Drawings and Prints,1939.0,Book ; Ornament and architecture,Art Furniture,,Publisher|Lithographer|Manufacturer|Illustrator|Illustrator|Dedicatee|Designer,"B. T. Batsford, Ltd.|Thomas Way|William Watt|Theodore Howard|Maurice Bingham Adams|Princess Louise, Duchess of Argyll|Edward William Godwin","British, founded London 1843|British, London 1837–1915 London|London|British, active 19th century|British, Lewes, Sussex 1849–1933 Brentford, Middlesex|British, London 1848–1939 London|British, Bristol 1833–1886 London",1877,1877,"Harris Brisbane Dick Fund, 1939",London,Books|Ornament & Architecture,http://www.metmuseum.org/art/collection/search/334055,Screens|Chairs|Mirrors
349812,False,Drawings and Prints,1967.0,Book,Fables,,Lithographer|Publisher|Author,G. Chopard|Gonin & Cie.|Jean Pierre Claris de Florian,"| |French, 1775–1814 Seaux",1937,1937,"The Elisha Whittelsey Collection, The Elisha Whittelsey Fund, 1967",Lausanne,Books,http://www.metmuseum.org/art/collection/search/349812,
347247,True,Drawings and Prints,1920.0,Book,Recueil d'Ornemens A l'Usage des Jeunes Artistes qui se destinent à la décoration des bâtimens,,Artist and publisher|Etcher|Etcher|Engraver|Engraver|Etcher|Engraver|Engraver|Engraver|Dedicatee,Gilles Paul Cauvet|Simon Charles Miger|Hemery|Jacques Le Roy|Pietro Antonio Martini|Françoise Charlotte Liottier|Petit|Pierre Viel|Mme. Darby|Louis Stanislas Xavier de Bourbon,"French, Aix 1731–1788 Paris|French, Nemours 1736–1820 Paris|French, 18th century|French|Italian, Trescali 1738–1797 Parma|French|French|French, Paris 1755–1810 Paris|French|French, Versailles 1755–1824 Paris",1777,1777,"Rogers Fund, 1920",Paris,Books,http://www.metmuseum.org/art/collection/search/347247,Garlands|Ornament|Female Nudes|Vases
431713,False,Drawings and Prints,1933.0,Print collection ornament & architecture,"Fountain formed by three tritons, from Jets d'eau, plate 1, bound in Oeuvres. Vol. II",,Artist|Publisher,Jean Le Pautre|Pierre Mariette le fils,"French, Paris 1618–1682 Paris|French, Paris 1634–1716 Paris",17th century,1633,"Harris Brisbane Dick Fund, 1933",Paris,Prints|Ornament & Architecture,http://www.metmuseum.org/art/collection/search/431713,
351685,False,Drawings and Prints,1963.0,Book,Im Kranze des Jahres. Ein Gedenk= und Gedichtbuch fürs Haus,,Illustrator|Publisher|Printer,Julius Höppner|Arnoldische Buchhandlung|Giesecke & Devrient,"German, Lichtenberg, Saxony 1839–1893 Dresden| |German",ca. 1877–90,1872,"Gift of Robert H. Roth, 1963",Leipzig,Books,http://www.metmuseum.org/art/collection/search/351685,
350505,False,Drawings and Prints,1941.0,Book,"Gift For All Seasons, A Juvenile Annual",,Publisher|Artist and engraver|Illustrator,Henry F. Anners|John Sartain|P. A. Woolnoth,"Philadelphia, Pennsylvania|American (born London, England) 1808–1897 Philadelphia, Pennsylvania|19th century",1844,1844,"Anonymous Gift, 1941",Philadelphia,Books,http://www.metmuseum.org/art/collection/search/350505,
346413,False,Drawings and Prints,1947.0,Book,Chiron Achillis,,Designer,G. Francesco Bonomi,,1661,1661,"Harris Brisbane Dick Fund, 1947",Bologna,Books,http://www.metmuseum.org/art/collection/search/346413,
344786,False,Drawings and Prints,1954.0,Book,"The Alphabetical Drawing Book, and Pictorial Natural History of Quadrupeds",,Printer|Publisher,Henry R. Robinson|Wiley & Putnam,"American, died 1850|New York",1847,1847,"Harris Brisbane Dick Fund, 1954",New York,Books,http://www.metmuseum.org/art/collection/search/344786,
746855,False,Drawings and Prints,1944.0,Book Print Ornament & Architecture,Printed papers with abstract designs of different colors,,Editor,Fleury Chavant,"French, 19th century",[after 1844],1844,"Gift of Edith P. Blase, 1944",Paris,Books|Prints|Ornament & Architecture,http://www.metmuseum.org/art/collection/search/746855,
2116,True,The American Wing,1969.0,Coffee cup and saucer,Coffee Cup and Saucer,American,Maker,Union Porcelain Works,1863–1922,1885,1885,"Gift of Mr. and Mrs. Franklin Chace, 1969",Brooklyn,,http://www.metmuseum.org/art/collection/search/2116,
453673,true,Islamic Art,1999.0,Illustrated manuscript,Nan va Halva (Breads and Sweets),,Author,Muhammad Baha' al-Din al-'Amili,"Iranian, born Syria, Baalbek 1547–1621 Isfahan",ca. 1690,1665,"Purchase, Friends of Islamic Art Gifts, 1999",Aurangabad,Codices,http://www.metmuseum.org/art/collection/search/453673,Birds|Men|Dogs
505376,True,Musical Instruments,1889,Glassichord,Glassichord,Austrian?,Maker,F J Lendel,Austrian,late 18th–early 19th century,1798,"The Crosby Brown Collection of Musical Instruments, 1889",Vienna?,Idiophone-Struck-bar-glass,http://www.metmuseum.org/art/collection/search/505376,
20339,True,The American Wing,2018.0,Pilgrim flask,Pilgrim flask,American,Artist|Manufacturer,Hugh C. Robertson|Chelsea Keramic Art Works,1844–1908|1872–1889,ca. 1878–80,1875,"Gift of Robert A. Ellison Jr., 2018",Chelsea,,http://www.metmuseum.org/art/collection/search/20339,
348732,False,Drawings and Prints,1942.0,Book ; ornament and architecture,"A Book of Cyphers Shewing Great Variety, Neatly Contriv'd and Compos'd...",,Designer,H. Dod,"British, active early 18th century",ca. 1710,1705,"Harris Brisbane Dick Fund, 1942",London,Books|Ornament & Architecture,http://www.metmuseum.org/art/collection/search/348732,
348270,False,Drawings and Prints,1965.0,Book,Denkmale einer sehr ausgebildeten Holzbaukunst aus den frühesten Jahrhunderten in den innern Landschaften Norwegens,,Author,Johan Christian Dahl,"Norwegian, Bergen 1788–1857 Dresden",1837,1837,"The Elisha Whittelsey Collection, The Elisha Whittelsey Fund, 1965",Dresden,Books,http://www.metmuseum.org/art/collection/search/348270,
20894,False,The American Wing,2011.0,Vase,Vase,American,Maker|Designer,Herbert Taylor|Arthur J. Stone,1892–1942|1847–1938,1915,1915,"Purchase, Acquisitions Fund; Page and Otto Marx Jr. Foundation and Cranshaw Corporation Gifts, 2011",Gardner,,http://www.metmuseum.org/art/collection/search/20894,
716874,False,The American Wing,2020.0,Vase,Della Robbia vase with daffodils,American,Manufacturer|Designer|Decorator,Roseville Pottery|Frederick Hurten Rhead|W. Meyers,"1892–1954|American (born England), Hanley, Stoke-on-Trent 1880–1942 New York|",1906–8,1906,"Gift of Martin Eidelberg, 2020",Zanesville,,http://www.metmuseum.org/art/collection/search/716874,
455056,true,Islamic Art,1913.0,Folio from an illustrated manuscript,"""Bahram Gur's Skill with the Bow"", Folio 17v from a Haft Paikar (Seven Portraits) of the Khamsa (Quintet) of Nizami of Ganja",,Author|Calligrapher,Nizami|Maulana Azhar,"present-day Azerbaijan, Ganja 1141–1209 Ganja|died 1475/76",ca. 1430,1405,"Gift of Alexander Smith Cochran, 1913",Herat,Codices,http://www.metmuseum.org/art/collection/search/455056,Horses|Bow and Arrow|Men|Hunting|Deer
8327,True,The American Wing,1912.0,Teapot,Teapot,British (American market),Maker,John Rogers & Son,active ca. 1815–42,ca. 1823–ca. 1842,1820,"Gift of Mrs. Abraham Lansing, 1912",Stoke-on-Trent,,http://www.metmuseum.org/art/collection/search/8327,Eagles
14002,true,The American Wing,1928.0,Sample,Apple-blossom textile,American,Manufacturer|Designer,Cheney Brothers|Associated Artists,"American, 1838–1955|1883–1907",1883–1900,1883,"Gift of Mrs. Boudinot Keith, 1928",South Manchester,,http://www.metmuseum.org/art/collection/search/14002,Flowers
789012,True,Drawings and Prints,1917.0,Print,"Plate 38, from ""World in Miniature""",,Artist|Publisher,"Thomas Rowlandson|Rudolph Ackermann, London","British, London 1757–1827 London|British, active 1794–1829",1816,1816,"Rogers Fund, 1917",London,Prints,http://www.metmuseum.org/art/collection/search/789012,Interiors|Churches|Men|Women
343708,False,Drawings and Prints,1929.0,Book,Neue jnvention oder entwurff von Schnupftoback Dosen,,Publisher|Artist,"Christoph Weigel|Anonymous, German, late 17th to early 18th century","German, Redwitz 1654–1725 Nuremberg|",ca. 1700,1690,"Harris Brisbane Dick Fund, 1929",[Nuremberg],Books|Ornament & Architecture,http://www.metmuseum.org/art/collection/search/343708,
347114,False,Drawings and Prints,1966.0,Book,"Catalogue (Third Issue), Importations of decorative Arts",,Author,"Carbone, Inc.","Boston, Massachusetts",1927,1927,"The Elisha Whittelsey Collection, The Elisha Whittelsey Fund, 1966",Boston,Books,http://www.metmuseum.org/art/collection/search/347114,
502639,False,Musical Instruments,1889,Tenor Slide Trombone,Tenor Slide Trombone,American,Maker,"C. A. Zoebisch & Sons, New York",,late 19th century,1867,"The Crosby Brown Collection of Musical Instruments, 1889",New York,Aerophone-Lip Vibrated-trumpet / trombone,http://www.metmuseum.org/art/collection/search/502639,
449535,true,Islamic Art,1938.0,Banner,Inscribed Banner,,Maker,Isma'il Kashani,Iranian,dated A.H. 1107/1695–96 CE,1670,"Rogers Fund, 1938",probably Kashan,Textiles-Woven,http://www.metmuseum.org/art/collection/search/449535,Arabic|Persian|Banners
663782,False,Drawings and Prints,1952.0,Print,"Relief fragment with a reclining figure holding a cornucopia, from Les Plus Beaux Monuments de Rome Ancienne ou Recueil des plus beaux Morceaux de l'Antiquité Romaine qui existent encore",,Artist|Publisher|Printer,Jean Barbault|Bouchard & Gravier|Giunchi Heritiers de Komarek,"French, Viarmes 1718–1762 Rome|Rome|",1761,1761,"Rogers Fund, 1952",Rome,Prints,http://www.metmuseum.org/art/collection/search/663782,
431370,False,Drawings and Prints,1933.0,Print collection ornament & architecture,"Title page with an altar mounted with a statue of Salvator Mundi, from Nouveaux dessins d'autels à la romaine, plate 1, bound in Oeuvres. Vol. II",,Artist|Publisher,Jean Le Pautre|Pierre Mariette le fils,"French, Paris 1618–1682 Paris|French, Paris 1634–1716 Paris",17th century,1633,"Harris Brisbane Dick Fund, 1933",Paris,Prints|Ornament & Architecture,http://www.metmuseum.org/art/collection/search/431370,
6864,True,The American Wing,1883.0,Ring,Ring,British,Maker,William Brown,"British, 1784–1825",1800–30,1800,"Gift of William H. Huntington, 1883",London,,http://www.metmuseum.org/art/collection/search/6864,Profiles|George Washington|Men
640600,False,Drawings and Prints,1948.0,Print,"Fragment of a figure, bound in L'Oeuvre original de Vivant Denon. Collection de eaux-fortes, Volume 1",,Artist|Publisher|Artist,baron Dominique Vivant Denon|A. Barrand|Parmigianino (Girolamo Francesco Maria Mazzola),"French, Givry 1747–1825 Paris| |Italian, Parma 1503–1540 Casalmaggiore",1873,1873,"Harris Brisbane Dick Fund, 1948",Paris,Books,http://www.metmuseum.org/art/collection/search/640600,
1988,True,The American Wing,1910.0,Chest,Chest,American,Artist,the Searle-Dennis shop tradition,,1685–1700,1685,"Gift of Mrs. Russell Sage, 1909",Ipswich,,http://www.metmuseum.org/art/collection/search/1988,
688824,False,Drawings and Prints,1924.0,Book,Title page from Fiori di Ricami (page 12r),,Publisher,Matteo Florimi,"Italian, active Siena, ca. 1581–died 1613",1604,1604,"Harris Brisbane Dick Fund, 1924",Siena,Books,http://www.metmuseum.org/art/collection/search/688824,
347584,False,Drawings and Prints,1967.0,Book,The Grass Mountain Mouse (Sioux series),,Author|Publisher|Author|Illustrator,"Ann Nolan Clark|Branch of Education, United States Bureau of Indian Affairs|Emil Afraid-of-Hawk|Andrew Standing Soldier","American, born 1898| |American, active 1920–1950|American (Dakota Sioux), 20th century",1943,1943,"Gift of Robert Dunnigan, 1967",Lawrence,Books,http://www.metmuseum.org/art/collection/search/347584,
19876,True,The American Wing,2018.0,Vase,Vase,American,Maker,George E. Ohr,"American, Biloxi, Mississippi 1857–1918  Biloxi, Mississippi",ca. 1895–96,1892,"Gift of Robert A. Ellison Jr., 2018",Biloxi,,http://www.metmuseum.org/art/collection/search/19876,
680708,True,The Libraries,2009.0,,Almanach royal : année bissextile M.DCC.LXXXIV. présenté a Sa Majesté pour la premiere fois en 1699 par Laurent d'Houry ...,,Publisher,Laurent Charles d' Houry,"French, 1717?–1786",1783,1783,"Gift of Jayne Wrightsman, 2009",Paris,,http://www.metmuseum.org/art/collection/search/680708,
7557,True,The American Wing,1944.0,Waste Bowl,Slop Bowl,American,Retailer|Maker,"Ball, Tompkins and Black|Charters, Cann & Dunn",active 1839–51|active 1848–1854,1848–51,1848,"Gift of Mr. and Mrs. Henry Mali, 1944",New York,,http://www.metmuseum.org/art/collection/search/7557,
311630,False,"Arts of Africa, Oceania, and the Americas",1978.0,Bowl,Bowl,Asmat people,Artist,Uda,,mid-20th century,1900,"The Michael C. Rockefeller Memorial Collection; Gift of Nelson A. Rockefeller and Mrs. Mary C. Rockefeller, 1965",Tomor (Tjemor) village,Wood-Containers,http://www.metmuseum.org/art/collection/search/311630,Heads
735103,False,Drawings and Prints,1948.0,"Book
Ornament and architecture
Print","View of a Temple, from ""Temples in the Ancient Style""",,Artist,Jacques Androuet Du Cerceau,"French, Paris 1510/12–1585 Annecy",1550,1550,"The Elisha Whittelsey Collection, The Elisha Whittelsey Fund, 1948",Paris,Books|Ornament & Architecture|Prints,http://www.metmuseum.org/art/collection/search/735103,
1107,False,The American Wing,1965.0,Brooch,Cameo,American,Maker|Designer,Beth Benton Sutherland|Izabel M. Coles,1898–1972|born ca. 1890,1929,1929,"Gift of Malcolm P. Aldrich, 1965",New York,,http://www.metmuseum.org/art/collection/search/1107,Portraits|Men|Profiles
852664,false,The Libraries,,,Leitmotiv : boletin de hechos & ideas,,Editor|Editor|Artist|Editor|Editor,David Hare|Marcel Duchamp|Roberto Matta|Max Ernst|André Breton,"American, New York 1917–1992 Jackson, Wyoming|American (born France), Blanville 1887–1968 Neuilly-sur-Seine|Chilean, Santiago 1911–2002 Civitavecchia, Italy|French (born Germany), Brühl 1891–1976 Paris|French, Tinchebray 1896–1966 Paris",1942-,1942,Gift of Friends of the Thomas J. Watson Library,Santiago,,http://www.metmuseum.org/art/collection/search/852664,
4123,True,The American Wing,1946.0,Goblet,Goblet,American,Maker,"Challinor, Taylor and Company",1866–1891,1870–90,1870,"Gift of Mrs. Emily Winthrop Miles, 1946",Tarentum,,http://www.metmuseum.org/art/collection/search/4123,
23307,True,Arms and Armor,1929.0,Top lames of vambraces (arm defenses) from a costume armor,Top Lames of Vambraces (Arm Defenses) from a Costume Armor,"German, Augsburg",Armorer,Kolman Helmschmid,"German, Augsburg 1471–1532",ca. 1525,1500,"Bashford Dean Memorial Collection, Funds from various donors, 1929",Augsburg,Armor Parts,http://www.metmuseum.org/art/collection/search/23307,
345941,False,Drawings and Prints,1967.0,Book,Idylles; Romances,,Artist|Publisher,Arnaud Berquin|Ruault,"French, 1747–1791|","1775, 1776",1775,"Gift of Mr. and Mrs. Daniel P. Davison, 1967",Paris,Books,http://www.metmuseum.org/art/collection/search/345941,
349010,False,Drawings and Prints,1952.0,Book,"Society Pictures...selected from ""Punch""",,Artist|Publisher,"George Du Maurier|Bradbury, Agnew, & Co.","British, Paris 1834–1896 London|London",[1890–91],1890,"Gift of the Estate of Mrs. Edward Robinson, 1952",London,Books,http://www.metmuseum.org/art/collection/search/349010,
642873,False,"Arts of Africa, Oceania, and the Americas",2014.0,Cloth,Bogolanfini Display Cloth,Bamana peoples,Artist,Gneli Traoré,"Malian, ca. 1923–2002",1969,1969,"Gift of Dr. and Mrs. Pascal James Imperato, 2014",Beledougou,Textiles-Dyed,http://www.metmuseum.org/art/collection/search/642873,
491193,False,Modern and Contemporary Art,1943,Textile sample,Sample,American,Maker|Maker,Louis A. Stirn|Edmund A. Stirn,"American (born Germany), Frankfurt-am-Main 1863–1962 Staten Island, New York|American (born Germany ?), 1868– (?)",1925,1925,"Gift of Miss M. K. Overbeck, 1943",New York,Textiles-Printed,http://www.metmuseum.org/art/collection/search/491193,
345417,False,Drawings and Prints,1924.0,Book,Interesting Events in the History of the United States,,Author,John Warner Barber,"American, Windsor, Connecticut 1798–1885 New Haven, Connecticut",1829,1829,"Bequest of Charles Allen Munn, 1924",New Haven,Books,http://www.metmuseum.org/art/collection/search/345417,
19001,True,The American Wing,2005.0,Honey pot,Covered honey pot,American,Manufacturer,Ott and Brewer,"American, Trenton, New Jersey, 1871–1893",1882–90,1882,"Purchase, The Lucy Washington and Renwick Clifton Hurry Fund Gift, 2005",Trenton,,http://www.metmuseum.org/art/collection/search/19001,Plants|Insects
715540,False,The American Wing,2020.0,Vase,Vase,American,Maker,Frederick E. Walrath,1870–1921,1905,1905,"Gift of Martin Eidelberg, 2020",Rochester,,http://www.metmuseum.org/art/collection/search/715540,
4704,True,The American Wing,1946.0,Lamp,Lamp,American,Maker,Adams and Company,,1870–80,1870,"Gift of Mrs. Emily Winthrop Miles, 1946",Pittsburgh,,http://www.metmuseum.org/art/collection/search/4704,
348188,False,Drawings and Prints,1957.0,Book,Wanderings and Pencillings amongst Ruins of the Olden Time,,Publisher|Draftsman|Printer,Nattali and Bond|George Cuitt the Younger|Crossley & Clarke,"London|British, baptized Richmond, Yorkshire 1779–1854 Masham|Leicester",1855,1855,"Gift of Mrs. Edwin H. Denby, 1957",London,Books,http://www.metmuseum.org/art/collection/search/348188,
13998,True,The American Wing,1928.0,Sample,Ivy textile,American,Designer,Associated Artists,1883–1907,1883–1900,1883,"Gift of Mrs. Boudinot Keith, 1928",New York,,http://www.metmuseum.org/art/collection/search/13998,Leaves|Vines
312016,False,"Arts of Africa, Oceania, and the Americas",1978.0,Bark painting,Painting from a Ceremonial House Ceiling,Kwoma,Artist|Artist,"Artists of Mariwai Village|Abwiyeti, Wanyi",|,1970,1970,"The Michael C. Rockefeller Memorial Collection, Purchase, Mrs. Gertrud A. Mellon Gift, and Mr. and Mrs. Alan Brandt Gift, in memory of Jacob J. Brandt, 1974",Mariwai village,Bark-Paintings,http://www.metmuseum.org/art/collection/search/312016,
872021,false,The Libraries,,,Afloat and ashore on the Mediterranean,,Publisher|Artist,Charles Scribner's Sons|Margaret Neilson Armstrong,"|American, New York 1867–1944 New York",1892,1892,,New York,,http://www.metmuseum.org/art/collection/search/872021,
427327,True,Drawings and Prints,1959.0,Print,"After a Long Seige, Francesco I d'Este, with the Aid of the French Army, Takes Valencia, from L'Idea di un Principe ed Eroe Cristiano in Francesco I d'Este, di Modena e Reggio Duca VIII [...]",,Artist|Author,Bartolomeo Fenice (Fénis)|Domenico Gamberti,|,1659,1659,"The Elisha Whittelsey Collection, The Elisha Whittelsey Fund, 1959",Modena,Prints,http://www.metmuseum.org/art/collection/search/427327,Cities|Army|Horses
347567,False,Drawings and Prints,1950.0,Book,Silhouettes. Second Series,,Publisher,Estes and Lauriat,"Boston, Massachusetts",1878,1878,"The Glenn Tilley Morse Collection, Bequest of Glenn Tilley Morse, 1950",Boston,Books,http://www.metmuseum.org/art/collection/search/347567,
20750,True,The American Wing,2011.0,Tankard,Tankard,American,Maker,Chesapeake Pottery,"Baltimore, Maryland, 1882–1914",ca. 1883–85,1878,"Gift of Emma and Jay Lewis, 2011",Baltimore,,http://www.metmuseum.org/art/collection/search/20750,
1026,False,The American Wing,1953.0,Brooch,Brooch,American,Maker,Tiffany & Co.,1837–present,ca. 1910,1907,"Gift of Susan Dwight Bliss, 1953",New York,,http://www.metmuseum.org/art/collection/search/1026,
343874,False,Drawings and Prints,1947.0,Book,Gründliche Anweisung zu richtichen Entwürffen und zierlichen Auszeichnungen der Blmen Denen Liebhabern der Zeichen-Kunst mitgetheilet,,Artist|Publisher,Johann Daniel Preissler|Johann Daniel Preissler,"German, Nuremberg 1666–1737 Nuremberg|German, Nuremberg 1666–1737 Nuremberg",before 1737,1720,"Harris Brisbane Dick Fund, 1947",Nuremberg,Books,http://www.metmuseum.org/art/collection/search/343874,
659703,False,Drawings and Prints,1952.0,Print,"Biges et Quadriges telles quelles couroient dans le Cirque, from Les Plus Beaux Monuments de Rome Ancienne ou Recueil des plus beaux Morceaux de l'Antiquité Romaine qui existent encore",,Artist|Publisher|Printer,Jean Barbault|Bouchard & Gravier|Giunchi Heritiers de Komarek,"French, Viarmes 1718–1762 Rome|Rome|",1761,1761,"Rogers Fund, 1952",Rome,Prints,http://www.metmuseum.org/art/collection/search/659703,
358018,False,Drawings and Prints,1970.0,Book,Album de Fleuriste,,Designer|Publisher,James Tissot|MM. Tissot & Cie.,"French, Nantes 1836–1902 Chenecey-Buillon|",1900,1900,"Gift of Lincoln Kirstein, 1970",Paris,Books,http://www.metmuseum.org/art/collection/search/358018,
446544,true,Islamic Art,1913.0,Illustrated manuscript,Illuminated Double Page of a Yusuf and Zulaikha of Jami,,Author,Maulana Nur al-Din `Abd al-Rahman Jami,"Iranian, Jam 1414–92 Herat",ca. 1580,1555,"Gift of Alexander Smith Cochran, 1913",Shiraz,Codices,http://www.metmuseum.org/art/collection/search/446544,
8517,True,The American Wing,1970.0,Tile,Tile,American,Maker,J. and J. G. Low Art Tile Works,"American, Chelsea, Massachusetts, 1877–1903",1881–85,1881,"Funds from various donors, 1970",Chelsea,,http://www.metmuseum.org/art/collection/search/8517,
353443,False,Drawings and Prints,1954.0,Book,Lucas' Progressive Drawing Book,,Publisher,"Fielding Lucas, Jr.","American, Fredericksburg, Virginia 1781–1854 Baltimore, Maryland",[1827],1827,"Harris Brisbane Dick Fund, 1954",Baltimore,Books,http://www.metmuseum.org/art/collection/search/353443,
349194,False,Drawings and Prints,1966.0,Book,Keynotes,,Author|Artist|Publisher|Publisher,"George Egerton [Mary Chavelita Dunne]|Aubrey Vincent Beardsley|Elkin Mathews & John Lane, The Bodley Head, London|Roberts Brothers","Australian, Melbourne 1859–1945 Crawley, Sussex|British, Brighton, Sussex 1872–1898 Menton|British, London 1887–1894|Boston, Massachusetts",1893,1893,"The Elisha Whittelsey Collection, The Elisha Whittelsey Fund, 1966",Boston|London,Books,http://www.metmuseum.org/art/collection/search/349194,
2380,True,The American Wing,1946.0,Dish,Figure Dish,American,Maker,McKee and Brothers,1856–89,1880–90,1880,"Gift of Mrs. Emily Winthrop Miles, 1946",Pittsburgh,,http://www.metmuseum.org/art/collection/search/2380,Elephants
349218,False,Drawings and Prints,1933.0,Book,Essai de Desseins de Bas-Relief Servant a l'Embelissement des Carosses de Ceremonie,,Artist|Publisher,Caspar Gottlieb Eisler|Christoph Weigel's Widow,German|,1746,1740,"Harris Brisbane Dick Fund, 1933",Nuremberg,Books,http://www.metmuseum.org/art/collection/search/349218,
380662,False,Drawings and Prints,1980.0,Book,Le Métal,,Author|Publisher,Jean Prouvé|Editions d'Art Charles Moreau,"French, Paris 1901–1984 Nancy|French",1915–80,1915,"Edward Pearce Casey Fund, 1980",Paris,Books,http://www.metmuseum.org/art/collection/search/380662,
382119,False,Drawings and Prints,1991.0,Book Prints Ornament & Architecture,Studio d'Arts Décoratifs: 1e Série-4e Série,,Publisher|Publisher|Designer|Designer,Armand Guérinet|Librairie d'Architecture et d'Art Décoratif|Nicolas Sorokine|Hennequin-Rêveur,"French, active ca. 1890–1920| | |French",[ca. 1930],1925,"Rogers Fund, 1925 and 1931, transferred from the Library",Paris,Books|Prints|Ornament & Architecture,http://www.metmuseum.org/art/collection/search/382119,
366600,True,Drawings and Prints,1927.0,Print,Lucretia Preparing to Kill Herself,,Artist|Artist,Enea Vico|Parmigianino (Girolamo Francesco Maria Mazzola),"Italian, Parma 1523–1567 Ferrara|Italian, Parma 1503–1540 Casalmaggiore",ca. 1542–43,1537,"Harris Brisbane Dick Fund, 1927",Rome,Prints,http://www.metmuseum.org/art/collection/search/366600,Female Nudes
366362,False,Drawings and Prints,1941.0,Book ; Ornament and architecture,M.L. Vitruuio Pollione Di architettura dal vero esemplare latino nella volgar lingua tradotto: a con le figure a suoi luoghi con mirãdo ordine insignito.,,Author|Editor|Publisher,Marcus Pollio Vitruvius|Francesco Durantino|Nicolò Zoppino,"Roman, active late 1st century BCE|Italian, active 16th century|Italian, Ferrara 1478/80–1544 Venice",1535,1535,"Bequest of W. Gedney Beatty, 1941",Venice,Books|Ornament & Architecture,http://www.metmuseum.org/art/collection/search/366362,
643208,True,Drawings and Prints,1958.0,Print,"Mary, Queen of Scots (frontispiece, from ""Graham's Magazine,"" volume 46, number 4)",,Sitter|Artist|Publisher,"Mary, Queen of Scots|Thomas William Hunt|George R. Graham","British, Linlithgow 1542–1587 Fotheringhay|British, active 1840–84|Philadelphia, Pennsylvania",April 1855,1855,"Gift of Susan Dwight Bliss, 1958",Philadelphia,Prints,http://www.metmuseum.org/art/collection/search/643208,Queens|Portraits|Women|Mary Queen of Scots
350078,True,Drawings and Prints,1949.0,"Book, Print","'Regole per Imparar a Disegnar i corpi humani ... Giacomo Palma' Libro Primo (title page and 7 plates), bound together with Libro Secondo (title page and 11 plates)",,Artist|Publisher|Publisher,Jacopo Palma the Younger|Stefano Scolari|Marcus Sadeler,"Italian, Venice ca. 1548–1628 Venice|Italian, born Brescia, active Venice, ca. 1640–1691|German, Munich before 1614–in or after 1650",1636 (republished 1659),1636,"The Elisha Whittelsey Collection, The Elisha Whittelsey Fund, 1949",Venice,Books|Prints,http://www.metmuseum.org/art/collection/search/350078,
351935,False,Drawings and Prints,1933.0,Book,New Book of Trophies of Flowers and Foreign Fruit,,Artist and engraver,Gabriel Huquier,"French, Orléans 1695–1772 Paris",1715–72,1715,"Harris Brisbane Dick Fund, 1933",Paris,Books,http://www.metmuseum.org/art/collection/search/351935,
368495,False,Drawings and Prints,1917.0,Print,Lucretia's Suicide,,Artist|Artist|Artist|Publisher,Enea Vico|Raphael (Raffaello Sanzio or Santi)|Marcantonio Raimondi|Tommaso Barlacchi,"Italian, Parma 1523–1567 Ferrara|Italian, Urbino 1483–1520 Rome|Italian, Argini (?) ca. 1480–before 1534 Bologna (?)|Italian, active Rome, 1540/41–1550",1541,1541,"Purchase, Joseph Pulitzer Bequest, 1917",Rome,Prints,http://www.metmuseum.org/art/collection/search/368495,
1082,True,The American Wing,1968.0,Cabinet,Cabinet,American,Maker,Léon Marcotte,1824–1887,ca. 1860,1857,"Gift of Mrs. Douglas M. Moffat, 1968",New York,,http://www.metmuseum.org/art/collection/search/1082,
7879,False,The American Wing,1962.0,Stamp box,Stamp Box,American,Designer|Maker,Louis C. Tiffany|Tiffany Studios,"American, New York 1848–1933 New York|1902–32",ca. 1910–20,1907,"Gift of Mrs. H. S. Mesick, 1962",New York,,http://www.metmuseum.org/art/collection/search/7879,
760070,False,Drawings and Prints,1931.0,Book Print Ornament and Architecture,"Plate 18: Six Varied Pannels, from ""A New Book of Chinese Designs""",,Artist and publisher|Artist and publisher,George Edwards|Matthew Darly,"British, Stratford 1694–1773 Plaistow|British, ca. 1720–1780 London",1754,1754,"Harris Brisbane Dick Fund, 1931",London,Ornament & Architecture|Books|Prints,http://www.metmuseum.org/art/collection/search/760070,
347106,False,Drawings and Prints,1969.0,Book,Estasi e Rapimento sopra la Luna,,Author|Publisher,Antonio Caputi|Vincenzo Pauria,"Italian, 18th century|",1763,1763,"The Elisha Whittelsey Collection, The Elisha Whittelsey Fund, 1969",Naples,Books,http://www.metmuseum.org/art/collection/search/347106,
348798,False,Drawings and Prints,1926.0,Book,Geschichte der rheinischen Städtkultur von ihren Unfängen bis zur Gegenwart mit befonderer Berücklichtigung der Stadt Worms. Vol. II,,Artist|Publisher|Author,"Joseph Zeichner Sattler|J. A. Stargardt, Berlin|Heinrich Boos","German, 1867–1931| |Swiss, Cannstatt 1851–1917 Basel",1897,1897,"Gift of Edward D. Adams, 1926",Berlin,Books,http://www.metmuseum.org/art/collection/search/348798,
503509,True,Musical Instruments,1998,Keyed Bugle in E-flat,Keyed Bugle in E-flat,British,Maker,Clementi & Co.,"British, London 1798–1828",ca. 1830,1820,"Purchase, Gift of Barnard College, by exchange, 1998",London,Aerophone-Lip Vibrated-horn,http://www.metmuseum.org/art/collection/search/503509,
345262,False,Drawings and Prints,1934.0,Book,Emblems of Love in Four Languages Dedicated to the Ladies,,Publisher|Author|Engraver,J. Osborn|Philip Ayres|S. Nicholls,"London|British, 1638–1712|British, 17th–18th century",18th century,1700,"Harris Brisbane Dick Fund, 1934",London,Books,http://www.metmuseum.org/art/collection/search/345262,
383381,False,Drawings and Prints,1977.0,Book ; Ornament and architecture,"Designs for Needlework, Embroidery, Curtains, Church Work, Stained Glass Painting",,Artist and publisher|Printer,John Aldam Heaton|Waterlow & Sons,"British, 1830?–1897|London",1850–1900,1850,"Gift of Harvey Smith, 1977",London,Books|Ornament & Architecture,http://www.metmuseum.org/art/collection/search/383381,
348858,False,Drawings and Prints,1927.0,Book,Dreams & Derisions,,Printer|Publisher|Designer,The Pynson Printers Inc.|John Burke New York|Rockwell Kent,"New York, NY| |American, Tarrytown, New York 1882–1971 Plattsburgh, New York",1927,1927,"Harris Brisbane Dick Fund, 1927",New York,Books,http://www.metmuseum.org/art/collection/search/348858,
2118,True,The American Wing,1969.0,Coffee cup and saucer,Coffee Cup and Saucer,American,Maker,Union Porcelain Works,1863–1922,1885,1885,"Gift of Mr. and Mrs. Franklin Chace, 1969",Brooklyn,,http://www.metmuseum.org/art/collection/search/2118,
711549,False,The American Wing,2016.0,"Woodcut, print",Nabby's Point,American,Artist,Arthur Wesley Dow,"American, Ipswich, Massachusetts 1857–1922 New York State",ca. 1913,1913,"Gift of the Dowd-Gallogly Family and Allan E. Dowd, 2016",Ipswich,,http://www.metmuseum.org/art/collection/search/711549,Landscapes
433035,False,Drawings and Prints,1933.0,Print collection ornament & architecture,"Two friezes with a cortege of Neptune and Amphitrite at the top, from Frises, feuillages ou tritons marins, antiques et moderns, plate 4, bound in Oeuvres. Vol. IV",,Artist|Publisher,Jean Le Pautre|Pierre Mariette le fils,"French, Paris 1618–1682 Paris|French, Paris 1634–1716 Paris",17th century,1633,"Harris Brisbane Dick Fund, 1933",Paris,Prints|Ornament & Architecture,http://www.metmuseum.org/art/collection/search/433035,
625115,False,Drawings and Prints,1966.0,Print ornament & architecture,"Six terms, four female and two male, with the central pair as warriors and the female term at left encased in strapwork, plate 4, from Caryatidum [...] sive Athlantidum multiformium ad quemlibet Architecture ordinem Accommodatarum centuria prima [...]",,Artist|Artist|Artist|Publisher,Hans Vredeman de Vries|Johannes van Doetecum I|Lucas van Doetecum|Gerard de Jode,"Netherlandish, Leeuwarden 1527–1606 (?)  Antwerp (?)|Netherlandish, 1528/32–1605|Netherlandish, active 1554–72, died before 1589|Netherlandish, 1509/17–1591",ca. 1565,1560,"The Elisha Whittelsey Collection, The Elisha Whittelsey Fund, 1966",Antwerp,Ornament & Architecture|Prints,http://www.metmuseum.org/art/collection/search/625115,
33311,True,Arms and Armor,1919.0,Flintlock pistol,Over-and-Under Flintlock Pistol,"British, London",Gunsmith,George Sturman,"British, London, recorded 1827–70",1841–48,1820,"Gift of Charles M. Schott Jr., 1917",London,Firearms-Pistols-Flintlock,http://www.metmuseum.org/art/collection/search/33311,
5833,True,The American Wing,1981.0,Pitcher,Pitcher,American,Maker|Manufacturer,George E. Ohr|Biloxi Art Pottery,"American, Biloxi, Mississippi 1857–1918  Biloxi, Mississippi|1883–1906",ca. 1893–1909,1890,"Gift of Florence I. Balasny-Barnes, in honor of her brother, Raymond L. Balasny, and children, Susan, Jill and Neal, 1981",Biloxi,,http://www.metmuseum.org/art/collection/search/5833,
641053,False,Drawings and Prints,1948.0,Print,"The Philosopher bringing the light to Ignorance, bound in L'Oeuvre original de Vivant Denon. Collection de eaux-fortes, Volume 1",,Publisher|Artist|Artist,A. Barrand|Giovanni Suntach|baron Dominique Vivant Denon,"|Italian, 1776–1842|French, Givry 1747–1825 Paris",1873,1873,"Harris Brisbane Dick Fund, 1948",Paris,Books,http://www.metmuseum.org/art/collection/search/641053,
451400,true,Islamic Art,1957.0,Folio from an illustrated manuscript,"""Preparing Medicine from Honey"", from a Dispersed Manuscript of an Arabic Translation of De Materia Medica of Dioscorides",,Calligrapher,'Abdullah ibn al-Fadl,,dated A.H. 621 / 1224 CE,1199,"Bequest of Cora Timken Burnett, 1956",Baghdad,Codices,http://www.metmuseum.org/art/collection/search/451400,Men|Medicine
366279,True,Drawings and Prints,1941.0,Book ; Ornament and architecture,M. Vitruvius per Iocundum solito castigatior factus cum figuris et tabula ut iam legi et intelligi possit,,Artist|Editor|Publisher|Author,Fra Giovanni Giocondo da Verona|Fra Giovanni Giocondo da Verona|Giovanni Taccuino|Marcus Pollio Vitruvius,"Italian, Verona 1433–1515 Rome|Italian, Verona 1433–1515 Rome|Italian, active 1492–1536|Roman, active late 1st century BCE",1511,1511,"Bequest of W. Gedney Beatty, 1941",Venice,Books|Ornament & Architecture,http://www.metmuseum.org/art/collection/search/366279,Architecture
349429,False,Drawings and Prints,1963.0,Book,Illustrations from the Art Gallery of the World's Columbian Exposition,,Editor,Charles M. Kurtz,"American, 1885–1909",1893,1893,"Gift of Lincoln Kirstein, 1963",Philadelphia,Books,http://www.metmuseum.org/art/collection/search/349429,
349212,False,Drawings and Prints,1949.0,Book,Emblematic Cartouches,,Artist|Publisher,Emmanuel Eichel|Johann Georg Hertel,"German, 1717–1782|German, Augsburg ca. 1700–1775 Augsburg",[between 1750–82],1750,"The Elisha Whittelsey Collection, The Elisha Whittelsey Fund, 1949",Augsburg,Books,http://www.metmuseum.org/art/collection/search/349212,
707777,True,Drawings and Prints,1942.0,Print,"Falstaff, Prince Henry and Poins at the Boar's Head Tavern (Shakespeare, King Henry the Fourth, Part 1, Act 2, Scene 4)",,Subject|Artist|Publisher|Engraver,William Shakespeare|Robert Smirke|John & Josiah Boydell|Robert Thew,"British, Stratford-upon-Avon 1564–1616 Stratford-upon-Avon|British, Wigton, Cumberland 1752/53–1845 London|British, 1786–1804|British, Patrington 1758–1802 Stevenage",1796,1796,"Gertrude and Thomas Jefferson Mumford Collection, Gift of Dorothy Quick Mayer, 1942",London,Prints,http://www.metmuseum.org/art/collection/search/707777,Taverns|Princes|Men|Shakespeare
736858,false,The Libraries,,,"Hsi-hsiang chi, chinesische Farbholzschnitte von Min Chʻi-chi 1640",,Author|Author|Artist,Edith Dittrich|Shifu Wang|Min Qiji,"|Chinese, 1260-1316|Chinese, 1575 or 1580–?",1977,1977,Gift of Friends of the Thomas J. Watson Library,Köln,,http://www.metmuseum.org/art/collection/search/736858,
348110,False,Drawings and Prints,1972.0,Book,A Flower Wedding Described by Two Wallflowers,,Illustrator|Publisher,"Walter Crane|Cassell & Co., Ltd.","British, Liverpool 1845–1915 Horsham|",1905,1905,"The Elisha Whittelsey Collection, The Elisha Whittelsey Fund, 1972",London,Books,http://www.metmuseum.org/art/collection/search/348110,
366296,False,Drawings and Prints,1941.0,Book ; Ornament and architecture,M. L. Vitrvuio Pollione De architectura traducto di latino in vulgare del vero exemplare con le figure a li soi loci con mirando ordine insignito,,Author|Editor|Publisher|Translator|Translator,Marcus Pollio Vitruvius|Francesco Durantino|Giovanni Antonio di Nicolini da Sabio e i fratelli|Benedetto Giovio|Bono Mauro,"Roman, active late 1st century BCE|Italian, active 16th century|Italian, active Venice, ca. 1522–1545|Italian, 1471–1545|Italian, active 16th century",1524,1524,"Bequest of W. Gedney Beatty, 1941",Venice,Books|Ornament & Architecture,http://www.metmuseum.org/art/collection/search/366296,
350522,False,Drawings and Prints,1933.0,Book,"Book of Ornaments of Trophies, Lamp Bottoms...",,Artist|Publisher|Etcher|Publisher,Claude Gillot|Marguerite Caillou Chéreau|Gabriel Huquier|Chez Huquier,"French, Langres 1673–1722 Paris|French, active Paris, 1714–57|French, Orléans 1695–1772 Paris|French, 18th century",1732,1732,"Harris Brisbane Dick Fund, 1933",Paris,Books,http://www.metmuseum.org/art/collection/search/350522,
20101,False,The American Wing,2008.0,Dish with handles,Oval dish with handles (broken),British,Maker,Pellatt & Green,,1818,1818,"Purchase, William Cullen Bryant Fellows Gifts, 2008",London,,http://www.metmuseum.org/art/collection/search/20101,
347051,False,Drawings and Prints,1957.0,Book,Trattato delle Piante & Immagini de Sacri Edifizi di Terra Santa (Treatise of the Plans & Images of the Sacred Buildings of the Holy Land),,Artist|Publisher|Artist,Jacques Callot|Pietro Cecconcelli|Bernardino Amico,"French, Nancy 1592–1635 Nancy|Italian, active late 16th–early 17th century|Italian, active 1593–1619",1620,1620,"Bequest of Edwin De T. Bechtel, 1957",Florence,Books,http://www.metmuseum.org/art/collection/search/347051,
660986,True,Drawings and Prints,1953.0,Books Prints Ornament & Archiecture,"Fiori di Ricami Nuovamente Posti in Luce, page 17 (recto)",,Designer|Publisher,Matteo Florimi|Francesco de' Franceschi,"Italian, active Siena, ca. 1581–died 1613|Italian, active 16th century",1591,1591,"The Elisha Whittelsey Collection, The Elisha Whittelsey Fund, 1953",Venice,Books|Prints|Ornament & Architecture,http://www.metmuseum.org/art/collection/search/660986,Ornament
895277,False,Drawings and Prints,1924,Print,Horatio Gates Esqr.,,Publisher|Sitter|Artist|Publisher,"Johann Martin Will|Horatio Gates|Anonymous, 18th century|John Morris","German, 1727–1806|American (born England), Maldon, Essex 1727–1806 New York| |British, active 1777–78","May 10, 1778",1778,"Bequest of Charles Allen Munn, 1924",Augsburg|Londno,Prints,http://www.metmuseum.org/art/collection/search/895277,
347291,False,Drawings and Prints,1969.0,Book,El Ingenioso Hidalgo Don Quixote de la Mancha,,Author|Publisher,Miguel de Cervantes Saavedra|Imprenta de Tomas Grochs,"Spanish, Alcalá 1547–1616 Madrid|",1859,1859,"Gift of Grace M. Belt, 1969",Barcelona,Books,http://www.metmuseum.org/art/collection/search/347291,
345616,False,Drawings and Prints,1949.0,Book ; Ornament and architecture,Alfabetto Pittorico,,Artist,Antonio Basoli,"Italian, Castel Guelfo di Bologna 1774–1843 Bologna",1843,1843,"The Elisha Whittelsey Collection, The Elisha Whittelsey Fund, 1949",Bologna,Books|Ornament & Architecture,http://www.metmuseum.org/art/collection/search/345616,
382888,False,Drawings and Prints,1972.0,Print,Flight into Egypt,,Artist and engraver,Aleksei Egorov,"Russian, 1776–1851",1814,1814,"Gift of the Humanities Fund Inc., The Boris Bakhmeteff Collection, 1972",St. Petersburg,Prints,http://www.metmuseum.org/art/collection/search/382888,
504827,True,Musical Instruments,1889,Tenor (Alto) Ophicleide in E-flat,Tenor (Alto) Ophicleide in E-flat,French,Maker,Couturier,"French, Lyons active 1812–after 1900 Lyons",ca. 1830–50,1830,"The Crosby Brown Collection of Musical Instruments, 1889",Lyon,Aerophone-Lip Vibrated-horn,http://www.metmuseum.org/art/collection/search/504827,
7057,True,The American Wing,1946.0,Salt,Salt,American,Maker,Boston & Sandwich Glass Company,"American, 1825–1888, Sandwich, Massachusetts",1827–35,1827,"Gift of Mrs. Emily Winthrop Miles, 1946",Sandwich,,http://www.metmuseum.org/art/collection/search/7057,
381800,False,Drawings and Prints,1983.0,Book,Dictionnaire raisonné du mobilier français de l'Epoque Carlovingienne à la Renaissance,,Author|Publisher|Printer,Eugène-Emmanuel Viollet-le-Duc|Veuve A. Morel et Cie.|Comte-Jacquet,"French, Paris 1814–1879 Lausanne|Paris|",1873,1873,"Gift of Mrs. Hoffman Nickerson, transferred from the Library",Paris,Books,http://www.metmuseum.org/art/collection/search/381800,
346460,False,Drawings and Prints,1965.0,Book,Dealers Catalogue no. 18–1909 Born Steel Ranges,,Author,Born Steel Range Co.,"Cleveland, Ohio",1909,1909,"The Elisha Whittelsey Collection, The Elisha Whittelsey Fund, 1965",Cleveland,Books,http://www.metmuseum.org/art/collection/search/346460,
776661,False,Drawings and Prints,1937.0,"Print, Ornament & Architecture",Design for a Cup with an Amorous Couple,,Artist|Publisher,Paul Flindt|Friedrich Dürer,"German, Nuremberg before 1567–after 1631 Nuremberg|German, Lübeck ca. 1548–1633 Nuremberg",1594,1594,"Harris Brisbane Dick Fund, 1937",Nuremberg,Prints|Ornament & Architecture,http://www.metmuseum.org/art/collection/search/776661,
311560,False,"Arts of Africa, Oceania, and the Americas",1978.0,Canoe prow,Canoe Prow,Asmat people,Artist,Osu,,mid-20th century,1940,"The Michael C. Rockefeller Memorial Collection; Gift of Nelson A. Rockefeller and Mrs. Mary C. Rockefeller, 1965",Erma,Wood-Sculpture,http://www.metmuseum.org/art/collection/search/311560,Animals
490981,False,Modern and Contemporary Art,1945,Sample,Piece,American,Maker|Designer,"Wesley Simpson, Inc.|Marcel Vertès","New York|Hungarian, Ujpcst 1895–1961 Paris",1944,1944,"Gift of Wesley Simpson Inc., 1945",New York,Textiles-Printed,http://www.metmuseum.org/art/collection/search/490981,
701709,True,Drawings and Prints,1960.0,"Print, Fete, Ornament & Architecture",Plate 53: Eight figures marching in the funeral procession of Archduke Albert of Austria; from 'Pompa Funebris ... Alberti Pii',,Artist|Artist,Jacques Francquart|Cornelis Galle I,"French, Brussels 1577–1651 Brussels|Netherlandish, Antwerp 1576–1650 Antwerp",1623,1623,"Gift of Harry G. Friedman, 1960",Brussels,Prints|Prints-Fete,http://www.metmuseum.org/art/collection/search/701709,Men
9645,False,The American Wing,1974.0,Wall sconce,Wall Sconce,American,Designer|Maker,Louis C. Tiffany|Tiffany Studios,"American, New York 1848–1933 New York|1902–32",ca. 1910,1907,"Gift of Mr. and Mrs. Hugh J. Grant, 1974",New York,,http://www.metmuseum.org/art/collection/search/9645,
311582,False,"Arts of Africa, Oceania, and the Americas",1978.0,Male figure,Male Figure,Asmat people,Artist,Vor,,ca. 1961,1900,"The Michael C. Rockefeller Memorial Collection; Gift of Nelson A. Rockefeller and Mrs. Mary C. Rockefeller, 1965",Agani village,Wood-Sculpture,http://www.metmuseum.org/art/collection/search/311582,Men
370679,True,Drawings and Prints,1941.0,Book,Le due regole della prospettiva pratica di M. Iacomo Barozzi da Vignola,,Author|Editor|Publisher|Engraver,Jacopo [Giacomo] Barozzi da Vignola|Ignazio Danti|Francesco Zanetti|Cherubino Alberti (Zaccaria Mattia),"Italian, Vignola 1507–1573 Rome|Italian, Perugia 1536–1586 Alstri| |Italian, Borgo Sansepolcro 1553–1615 Rome",1583,1583,"Bequest of W. Gedney Beatty, 1941",Rome,Books,http://www.metmuseum.org/art/collection/search/370679,
14780,False,The American Wing,1993.0,Tongs,Tongs,American,Maker,D. Philips,active 1800–1818,1818,1818,"Purchase, Wunsch Foundation Gift, 1993",New York,,http://www.metmuseum.org/art/collection/search/14780,
390631,True,Drawings and Prints,1920.0,Drawing Ornament and Architecture,"French Commode, from Chippendale Drawings, Vol. II",,Artist,Thomas Chippendale,"British, baptised Otley, West Yorkshire 1718–1779 London",1762,1762,"Rogers Fund, 1920",London,Drawings|Ornament & Architecture,http://www.metmuseum.org/art/collection/search/390631,Furniture
853951,false,The Libraries,,,Old rose and silver,,Artist|Author|Publisher|Printer,"Margaret Neilson Armstrong|Myrtle Reed|G.P. Putnam & Co., New York|Knickerbocker Press","American, New York 1867–1944 New York|American, 1874–1911| |New York, NY",1909,1909,,New York,,http://www.metmuseum.org/art/collection/search/853951,
355230,False,Drawings and Prints,1941.0,Book,IIe Suitte de Vases,,Artist|Publisher,L.N. Percenet|Marguerite Caillou Chéreau,"French, born 1736|French, active Paris, 1714–57",1762,1762,"Harris Brisbane Dick Fund, 1941",Paris,Books,http://www.metmuseum.org/art/collection/search/355230,
345212,False,Drawings and Prints,1925.0,Book,Soliloquii del divo padre sancto Augustino volgari,,Author|Publisher,Saint Augustine|Ser Piero Pacini da Pescia,"Souq Ahras, Algeria 354–430 Annaba, Algeria|Italian, active Florence ca. 1495-1514","June 7, 1505",1505,"Harris Brisbane Dick Fund, 1925",Florence,Books,http://www.metmuseum.org/art/collection/search/345212,
381760,False,Drawings and Prints,1972.0,Print,"Perspective of the country house for Mr. C. Thaxter Shaw, Montreal, Canada",,Publisher|Architect|Draftsman,Ernst Wasmuth|Frank Lloyd Wright|Marion Mahony Griffin,"Berlin|American, Richland Center, Wisconsin 1867–1959 Phoenix, Arizona|American, 1871–1962",ca. 1922,1910,"Purchase, Emily Crane Chadbourne Bequest, 1972",Berlin,Prints,http://www.metmuseum.org/art/collection/search/381760,
431726,False,Drawings and Prints,1933.0,Print collection ornament & architecture,"Fountain with two tritons taking control of sea monster, from Jets d'eau, plate 3, bound in Oeuvres. Vol. II",,Artist|Publisher,Jean Le Pautre|Pierre Mariette le fils,"French, Paris 1618–1682 Paris|French, Paris 1634–1716 Paris",17th century,1633,"Harris Brisbane Dick Fund, 1933",Paris,Prints|Ornament & Architecture,http://www.metmuseum.org/art/collection/search/431726,
431198,False,Drawings and Prints,1933.0,Print collection ornament & architecture,"Two variants for a fireplace with a mantle ornamented with a vase, from Cheminées à la moderne, plate 5, bound in Oeuvres. Vol. I",,Artist|Publisher,Jean Le Pautre|Jean Le Pautre,"French, Paris 1618–1682 Paris|French, Paris 1618–1682 Paris",17th century,1633,"Harris Brisbane Dick Fund, 1933",Paris,Prints|Ornament & Architecture,http://www.metmuseum.org/art/collection/search/431198,
681545,True,The Libraries,,,Contes et nouvelles en vers par Jean de la Fontaine,,Author|Printer|Author|Draftsman,Nicolas Boileau Despréaux|Pierre Didot l'ainé|Jean de La Fontaine|Charles Dominique Joseph Eisen,"French, 1636–1711|French, 1761–1853|French, Château-Thierry 1621–1695 Paris|French, Valenciennes 1720–1778 Brussels",1795,1795,"Gift of Jayne Wrightsman, 2009",Paris,,http://www.metmuseum.org/art/collection/search/681545,
644539,False,Drawings and Prints,1948.0,Print,"Men defecating back to back, bound in L'Oeuvre original de Vivant Denon. Collection de eaux-fortes, Volume 2",,Artist|Publisher,baron Dominique Vivant Denon|A. Barrand,"French, Givry 1747–1825 Paris|",1873,1873,"Harris Brisbane Dick Fund, 1948",Paris,Books,http://www.metmuseum.org/art/collection/search/644539,
347547,True,Drawings and Prints,1926.0,Book,Christenfreude in Lied und Bild,,Publisher|Artist|Artist|Artist,Georg Wigand|Carl Andreae|Julius Schnorr von Carolsfeld|Adrian Ludwig Richter,"German, Göttingen 1808–1858|German|German, Leipzig 1794–1872 Dresden|German, Dresden 1803–1884 Dresden",1855,1855,"Harris Brisbane Dick Fund, 1926",Leipzig,Books,http://www.metmuseum.org/art/collection/search/347547,Madonna and Child|Angels
373663,False,Drawings and Prints,1941.0,Book ; Ornament and architecture,Francisci Marii Grapaldi De partibus aedium cum additamentis quod vides opusculum formis excussum,,Author|Publisher|Dedicatee|Author|Author,Francesco Mario Grapaldi|Francisco Ugoleto|Orlando Pallavicino|Filippo Beroaldo|Giorgio Anselmo,"Italian, 1465–1515|Italian|Italian|Italian, 1472–1518|Italian, 1459–1528",1506,1506,"Bequest of W. Gedney Beatty, 1941",Parma,Books|Ornament & Architecture,http://www.metmuseum.org/art/collection/search/373663,
640545,False,Drawings and Prints,1948.0,Print,"Adam, Eve and Moses, bound in L'Oeuvre original de Vivant Denon. Collection de eaux-fortes, Volume 1",,Publisher|Artist|Artist,A. Barrand|Parmigianino (Girolamo Francesco Maria Mazzola)|baron Dominique Vivant Denon,"|Italian, Parma 1503–1540 Casalmaggiore|French, Givry 1747–1825 Paris",1873,1873,"Harris Brisbane Dick Fund, 1948",Paris,Books,http://www.metmuseum.org/art/collection/search/640545,
381797,False,Drawings and Prints,1983.0,Book,Dictionnaire raisonné du mobilier français de l'Epoque Carlovingienne à la Renaissance,,Author|Publisher|Printer,Eugène-Emmanuel Viollet-le-Duc|Librairie Centrale d'Architecture|Motteroz et Martinet,"French, Paris 1814–1879 Lausanne|French|",[1873],1873,"Gift of Mrs. Hoffman Nickerson, transferred from the Library",Paris,Books,http://www.metmuseum.org/art/collection/search/381797,
348034,False,Drawings and Prints,1917.0,Book,The Complete Angler or The Contemplative Man's Recreation,,Author|Author|Publisher|Illustrator,"Charles Cotton|Izaak Walton|Little, Brown and Company|John Wykenham Archer","British, Staffordshire 1630–1687 London|British, baptized Stafford 1593–1683 Winchester| |British, Newcastle-upon-Tyne 1806–1864 London",1870,1870,"Gift of S. C. Hildburgh, 1917",Boston,Books,http://www.metmuseum.org/art/collection/search/348034,
347381,False,Drawings and Prints,1933.0,Book,"Plusieurs Sortes d'Ornemens comme Paneaux ou Montans, Scabellons, Platfonds",,Artist|Publisher|Engraver,Georges Charmeton|Girard Audran|Nicolas Robert,"French, baptised Lyon 1623–1674 Paris|French, Lyons 1640–1703 Paris|French, Langres 1614–1685 Paris",1635–74,1635,"Harris Brisbane Dick Fund, 1933",Paris,Books,http://www.metmuseum.org/art/collection/search/347381,
487495,False,Modern and Contemporary Art,1926,Bowl,Bowl,,Designer,Adelaide Alsop Robineau,"American, Middletown, Connecticut, 1865–1929 Syracuse, New York",1924,1924,"Purchase, Edward C. Moore Jr. Gift, 1926",Syracuse,Ceramics-Porcelain,http://www.metmuseum.org/art/collection/search/487495,
350060,False,Drawings and Prints,1966.0,Book,Histoire de doña Maria d'Avalos et de don Fabricio duc d'Andria.  Manuscrite et enluminée par Leon Lebègue,,Author|Publisher|Artist,Anatole France|Librairie des Bibliophiles|Léon Lebègue,"French, Paris 1884–1924 Saint-Cyr-sur-Loire|French|French, Orléans 1863–1944",1902,1902,"The Elisha Whittelsey Collection, The Elisha Whittelsey Fund, 1966",Paris,Books,http://www.metmuseum.org/art/collection/search/350060,
376240,False,Drawings and Prints,1959.0,Print,"Plate 3: Saint James Major, head and shoulders with a staff in his right hand; from the series of Apostles",,Artist|Artist,Giovanni Battista Piazzetta|Marco Alvise Pitteri,"Italian, Venice 1682–1754 Venice|Italian, Venice 1702–1786 Venice",1742,1742,"The Elisha Whittelsey Collection, The Elisha Whittelsey Fund, 1959",Venice,Prints,http://www.metmuseum.org/art/collection/search/376240,
435056,False,Drawings and Prints,1957.0,Print collection ornament & architecture,"Epitaph for a prelate, plate 3 from ""Sépultures et épitaphes""",,Artist|Publisher,Jean Le Pautre|Nicolas Langlois,"French, Paris 1618–1682 Paris|French, Paris 1640–1703",17th century,1633,"The Elisha Whittelsey Collection, The Elisha Whittelsey Fund, 1957",Paris,Prints|Ornament & Architecture,http://www.metmuseum.org/art/collection/search/435056,
658830,True,Drawings and Prints,1921.0,Books Prints Ornament & Architecture,"Esemplario di lavori, page 17 (recto)",,Publisher,Nicolò Zoppino,"Italian, Ferrara 1478/80–1544 Venice",August 1529,1529,"Rogers Fund, 1921",Venice,Books|Prints|Ornament & Architecture,http://www.metmuseum.org/art/collection/search/658830,Ornament
4441,True,The American Wing,1943.0,Inkwell,Inkwell,American,Maker,"Thomas Danforth, III",1756–1840,1807–13,1807,"Gift of Joseph France, 1943",Philadelphia,,http://www.metmuseum.org/art/collection/search/4441,
640554,False,Drawings and Prints,1948.0,Print,"Figures by a broken bridge, bound in L'Oeuvre original de Vivant Denon. Collection de eaux-fortes, Volume 1",,Publisher|Artist|Artist,A. Barrand|Titian Ramsey Peale|baron Dominique Vivant Denon,"|American, 1799–1885|French, Givry 1747–1825 Paris",1873,1873,"Harris Brisbane Dick Fund, 1948",Paris,Books,http://www.metmuseum.org/art/collection/search/640554,
5128,True,The American Wing,1907.0,Medal,George Washington Commemorative Medal,,Maker,Joseph S. and Alfred Wyon,active 18th–19th century,1800–1907,1800,"Gift of Mr. and Mrs. Frederick S. Wait, 1907",Bristol,,http://www.metmuseum.org/art/collection/search/5128,George Washington|Profiles
8025,True,The American Wing,1933.0,Sugar Bowl,Sugar Bowl,American,Maker,Joseph Lownes,1758–1820,ca. 1800,1797,"Bequest of Alphonso T. Clearwater, 1933",Philadelphia,,http://www.metmuseum.org/art/collection/search/8025,
348561,False,Drawings and Prints,1930.0,Book,L'Enlevement sans Clair de Lune ou Les Propos et les Amours de Mr. Theodore Decalandre,,Author|Publisher|Sitter|Engraver,Tristan Derème|Emile-Paul Freres|Tristan Derème|Jules Pascin,"French, 1889–1941| |French, 1889–1941|American (born Bulgaria), Vidin 1885–1930 Paris",1924,1924,"Harris Brisbane Dick Fund, 1930",Paris,Books,http://www.metmuseum.org/art/collection/search/348561,
9355,False,The American Wing,1945.0,Vase,Chief Joseph of the Nez Perce,American,Designer|Manufacturer,William Purcell McDonald|Rookwood Pottery Company,"American, Cincinnati, Ohio 1864–1931 Cincinnati, Ohio|American, Cincinnati, Ohio 1880–1967",1898,1898,"Gift of Wells M. Sawyer, 1945",Cincinnati,,http://www.metmuseum.org/art/collection/search/9355,Portraits|Men
350612,False,Drawings and Prints,1961.0,Book,Catalogue of Glassware for Illuminating Purposes. . .,,Author,E. P. Gleason Manufacturing Co.,"New York, NY",September 1892,1892,"The Elisha Whittelsey Collection, The Elisha Whittelsey Fund, 1961",New York,Books,http://www.metmuseum.org/art/collection/search/350612,
626461,False,Drawings and Prints,1958.0,Print ornament & architecture,"Concordia, from Deorum Dearumque Capita : ex vetustis numismatibus in gratiam antiquitatis studiosorum effigiata et edita",,Publisher|Artist,Philips Galle|Hans Vredeman de Vries,"Netherlandish, Haarlem 1537–1612 Antwerp|Netherlandish, Leeuwarden 1527–1606 (?)  Antwerp (?)",1573,1573,"The Elisha Whittelsey Collection, The Elisha Whittelsey Fund, 1958",Antwerp,Ornament & Architecture|Prints,http://www.metmuseum.org/art/collection/search/626461,
350297,False,Drawings and Prints,1944.0,Book,Gaskell's Guide to Writing,,Author,George Arthur Gaskell,"American, Penn Yan, New York 1844–1885 Jersey City, New Jersey",1884,1884,"Harris Brisbane Dick Fund, 1944",New York,Books,http://www.metmuseum.org/art/collection/search/350297,
344581,False,Drawings and Prints,1963.0,Book ; Ornament and Architecture,"Archtectural Ornaments, or a Collection of Capitals, Friezes, Roses, Entablatures, Mouldings, &c.",,Artist|Publisher|Lithographer,"Augostino Aglio, the elder|Priestly and Weale|Charles Joseph Hullmandel","Italian, Cremona 1777–1857 London|London|British, London 1789–1850 London",1820–21,1820,"Gift of Lincoln Kirstein, 1963",London,Books|Ornament & Architecture,http://www.metmuseum.org/art/collection/search/344581,
348637,False,Drawings and Prints,1921.0,Book,Les Etrangers à Paris,,Author|Author|Author|Author|Author|Author|Illustrator|Illustrator|Illustrator|Illustrator|Publisher|Author|Illustrator,Louis Desnoyers|Jules-Gabriel Janin|Paul-Emile-Daurand Forgues|Marco de Saint-Hilaire|Drouineau|Roger de Beauvoir|Paul Gavarni [Chevalier]|Charles-Théodore Frère|Henri Emy|Th. Guérin|Charles Warée|Stanislas Bellanger|Pierre-Edouard Frère,"|French, 1804–1874|French, Paris 1813–1883 Cannes| | | |French, Paris 1804–1866 Paris|French, Paris 1814–1888 Paris| | | |French, 1814–1859|French, Paris 1819–1886 Ecouen",1844,1844,"Museum Accession, transferred from the Library",Paris,Books,http://www.metmuseum.org/art/collection/search/348637,
631011,True,Drawings and Prints,1958.0,Print,Maria Stuart Regina Scotiae,,Sitter|Artist|Artist,"Mary, Queen of Scots|John Faber, the Younger|François Clouet","British, Linlithgow 1542–1587 Fotheringhay|British, ca. 1695–1756|French, Tours (?), active by 1536–died 1572 Paris",1720–56,1720,"Gift of Susan Dwight Bliss, 1958",London,Prints,http://www.metmuseum.org/art/collection/search/631011,Portraits|Women|Mary Queen of Scots
349082,False,Drawings and Prints,1956.0,Book,Beacon Lights,,Author,T. Early and Son,"Boston, Massachusetts",1886,1886,"The Elisha Whittelsey Collection, The Elisha Whittelsey Fund, 1956",Boston,Books,http://www.metmuseum.org/art/collection/search/349082,
427078,True,Drawings and Prints,1959.0,Print,"Francesco I d'Este Combines Forces with The Republic of Venice and Genoa Against the Ottoman Turks, from L'Idea di un Principe ed Eroe Cristiano in Francesco I d'Este, di Modena e Reggio Duca VIII [...]",,Artist|Author,Bartolomeo Fenice (Fénis)|Domenico Gamberti,|,1659,1659,"The Elisha Whittelsey Collection, The Elisha Whittelsey Fund, 1959",Modena,Prints,http://www.metmuseum.org/art/collection/search/427078,Men|Buildings|Ships|Venice
349345,False,Drawings and Prints,1926.0,Book,Eruditorium penitentiale,,Publisher,Caillaut,,1487–1500,1487,"Harris Brisbane Dick Fund, 1926",Paris,Books,http://www.metmuseum.org/art/collection/search/349345,
628942,False,Drawings and Prints,1948.0,Print ornament & architecture,"Cartouche with two seated children holding trumpets at bottom center, from Strapwork Cartouches with Grotesques, plate 18",,Artist|Publisher,Hans Vredeman de Vries|Hieronymus Cock,"Netherlandish, Leeuwarden 1527–1606 (?)  Antwerp (?)|Netherlandish, Antwerp ca. 1510–1570 Antwerp",ca. 1555–70,1550,"The Elisha Whittelsey Collection, The Elisha Whittelsey Fund, 1948",Antwerp,Prints|Ornament & Architecture,http://www.metmuseum.org/art/collection/search/628942,
348755,False,Drawings and Prints,1958.0,Book,Japanische Vorbilder. Ein Sammelwerk zur Veranschaulichung japanischer Kunstprodukte,,Author|Publisher|Printer|Printer|Printer,Heinrich Dolmetsch|Julius Hoffmann|M. Rommel & Co|Ebenhusen & Eckstein|Emil Hochdanz,"German, Stuttgart 1846–1908|active Stuttgart|German|German|Stuttgart",1886,1886,"Gift of Mrs. Henry J. Bernheim, 1958",Stuttgart,Books,http://www.metmuseum.org/art/collection/search/348755,
695537,False,Drawings and Prints,1951.0,Print,"Human Knowledge assisted by Chastity, Piety, and Divine Love as they triumph over Earthly Love; from 'Barberinae aulae fornix', after the frescoes by Pietro da Cortona on the ceiling of the salone of the Palazzo Barberini, Rome",,Publisher|Artist,Giovanni Giacomo De Rossi|Pietro da Cortona (Pietro Berrettini),"Italian, Rome 1627–1691 Rome|Italian, Cortona 1596–1669 Rome",ca. 1677,1674,"The Elisha Whittelsey Collection, The Elisha Whittelsey Fund, 1951",Rome,Prints|Ornament & Architecture,http://www.metmuseum.org/art/collection/search/695537,
7571,True,The American Wing,1924.0,Snuffer Stand,Snuffer Stand,American,Maker,Philip Syng Jr.,1703–1789,1755–65,1755,"Bequest of Charles Allen Munn, 1924",Philadelphia,,http://www.metmuseum.org/art/collection/search/7571,
337787,False,Drawings and Prints,1994.0,Book,The Golden Basket,,Author|Publisher,Ludwig Bemelmans|Viking Press,"American (born Austria-Hungary), Merano, Italy (Meran) 1898–1962 New York|",1936,1936,"Museum Accession, transferred from the Uris Library and Resource Center",New York,Books,http://www.metmuseum.org/art/collection/search/337787,
725643,False,Drawings and Prints,1977.0,Book,"Sketches Drawn from the Life, vol. 2",,Sitter|Sitter|Engraver|Sitter|Sitter|Artist|Sitter|Sitter|Sitter|Sitter|Sitter|Sitter|Sitter|Sitter|Sitter|Sitter|Sitter|Sitter|Sitter|Sitter|Sitter|Sitter|Sitter|Sitter|Sitter|Sitter|Sitter|Sitter|Sitter|Sitter|Sitter|Sitter|Sitter|Sitter|Sitter|Printer|Sitter|Sitter|Sitter|Publisher,"Joseph Munden|John Eardley Wilmot|William Daniell|Dr. Thomas Barnard|John Rennie F.R.S.|George Dance|Johan Joseph Zoffany|William Thomas Lewis|Patrick Russell M.D.|Charles Kynvett|John Carr|William Hodges|Charles Geneviève Louise Auguste André Timothée d'Eon de Beaumont|Thomas Girtin|Thomas Hardwick|Sir Joseph Banks|William Sawrey Gilpin|William Sharpe|James Caulfield, 1st Earl of Charlemont|Richard Cosway|Richard Budd, M.D.|Robert Bensley|Prince Hoare II|John Francis Rigaud|John Philip Kemble|John Latham M.D., F. R.S.|John Hoppner|John Hoole|Charles Armstrong|Joseph Wilton|John Peter Salomon|Robert Batty, M.D.|Nicholas Revett|Robert Mylne the younger|Jonas Carlsson Dryander|William Matthew Thiselton|Samuel Harrison|Miles Partington|Samuel Arnold|Longman, Hurst, Rees, Orme and Brown","British, born London, active 18th century|British, 1750–1815|British, 1769–1837 London|Irish, 1728–1806 Wimbledon|British, born East Lothian, 1761|British, London 1741–1825 London|German, near Frankfurt 1733–1810 London|British, 1748–1811|British, Edinburgh, Scotland 1726–1805 London|British, 1752–1822|British, Horbury, West Yorkshire 1723–1807 Askham Richard, North Yorkshire|British, London 1744–1797 Brixham, Devon|French, Tonnerre, 1728–1810|British, London 1775–1802 London|British, London 1752–1829 London|British, London 1743–1820 London|British, 1762–1843 Sedbury Park, Yorkshire|British, Rothby, Northumberland 1729–1810|Irish, Dublin, 1728–1799|British, Oakford, Devon 1742–1821 London|British, born Newbury 1746|British, ca. 1738–1817|British, Bath 1755–1834 Brighton|British (born Italy), Turin 1742–1810 Packington|British, Prescot, Lancashire 1757–1823 Lausanne|British, born Cheshire, 1761|British, London 1758–1810 London|British, London 1727–1803|British, 1750–1815|British, London 1722–1803 London|German, born Bonn, active 18th century|British, Kirkby Lonsdale 1763?–1849|British, Brandeston Hall, Suffolk 1720–1804 London|British, Edinburgh, Scotland 1733–1811 London|Swedish, Gottenberg 1748–1810 London|London|British, Belper 1760–1812|British, born 1751|British, London 1740–1802 London|",1814,1814,"Gift of Harvey Smith, 1977",London,Books,http://www.metmuseum.org/art/collection/search/725643,
659759,True,Drawings and Prints,1922.0,Books Prints Ornament & Architecture,"Convivio delle Belle Donne, page 6 (recto)",,Publisher|Designer,Nicolò Zoppino|Matteo da Treviso,"Italian, Ferrara 1478/80–1544 Venice|Italian, active 16th century",August 1532,1532,"Rogers Fund, 1922",Venice,Books|Prints|Ornament & Architecture,http://www.metmuseum.org/art/collection/search/659759,Dragons
463570,True,Medieval Art,1912.0,Relief,Adoration of the Magi,British,Artist,School of Nottingham,British,15th century,1400,"Rogers Fund, 1911",Nottingham,Sculpture-Stone|Sculpture-Alabaster,http://www.metmuseum.org/art/collection/search/463570,Men|Jesus|Virgin Mary
895011,False,Drawings and Prints,1924,Print,"General Reed, Member of Congress",,Sitter|Publisher|Artist|Engraver,Joseph Reed|William Richardson|Pierre Eugène du Simitière|Burnet Reading,"American, Trenton, New Jersey 1741–1785 Philadelphia, Pennsylvania|British, active 1778–1812|American (born Switzerland), Geneva 1737–1784 Philadelphia, Pennsylvania|British, Colchester, Essex active 1780–1820","May 10, 1783",1783,"Bequest of Charles Allen Munn, 1924",London,Prints,http://www.metmuseum.org/art/collection/search/895011,
746205,False,Drawings and Prints,1944.0,Book Print Ornament & Architecture,Ornamental designs with bundles of stylized flowers and leaves,,Publisher,Fleury Chavant,"French, 19th century",[after 1844],1844,"Gift of Edith P. Blase, 1944",Paris,Books|Prints|Ornament & Architecture,http://www.metmuseum.org/art/collection/search/746205,
640503,False,Drawings and Prints,1948.0,Print,"Woman carrying a vase on her head, bound in L'Oeuvre original de Vivant Denon. Collection de eaux-fortes, Volume 1",,Artist|Publisher|Artist,baron Dominique Vivant Denon|A. Barrand|Parmigianino (Girolamo Francesco Maria Mazzola),"French, Givry 1747–1825 Paris| |Italian, Parma 1503–1540 Casalmaggiore",1873,1873,"Harris Brisbane Dick Fund, 1948",Paris,Books,http://www.metmuseum.org/art/collection/search/640503,
433459,False,Drawings and Prints,1933.0,Print collection ornament & architecture,"Trophies of arms with bound captives in the foreground at left and right, from Trophées d'armes à la romaine, plate 2, bound in Oeuvres. Vol. IV",,Artist|Publisher,Jean Le Pautre|Pierre Mariette le fils,"French, Paris 1618–1682 Paris|French, Paris 1634–1716 Paris",17th century,1633,"Harris Brisbane Dick Fund, 1933",Paris,Prints|Ornament & Architecture,http://www.metmuseum.org/art/collection/search/433459,
504482,True,Musical Instruments,1889,Folding Harpsichord,Folding Harpsichord,Italian,Maker,Christian Nonnemacker,"German, active Genoa ca. 1757",1757,1700,"The Crosby Brown Collection of Musical Instruments, 1889",Genoa?,Chordophone-Zither-plucked-harpsichord,http://www.metmuseum.org/art/collection/search/504482,
632037,True,Drawings and Prints,1958.0,Print,"Mary, Queen of Scots",,Sitter|Artist|Artist|Publisher|Artist,"Mary, Queen of Scots|Nicholas Hilliard|Robert Hicks|Thomas Kelly|George Vertue","British, Linlithgow 1542–1587 Fotheringhay|British, Exeter ca. 1547–1619 London|British, active early 19th century|British, active London, ca. 1815–40|British, London 1684–1756 London",1829,1829,"Gift of Susan Dwight Bliss, 1958",London,Prints,http://www.metmuseum.org/art/collection/search/632037,Portraits|Women|Mary Queen of Scots
345783,False,Drawings and Prints,1930.0,Book,Jérôme,,Author|Illustrator|Publisher|Publisher,Maurice Bedel|Per Krohg|Aulard & Cie.|Librairie Gallimard,"|Norwegian, Åsgårdstrand, Vestfold 1889–1965| |","January 30, 1929",1929,"Harris Brisbane Dick Fund, 1930",Paris,Books,http://www.metmuseum.org/art/collection/search/345783,
659613,False,Drawings and Prints,1918.0,Books Prints Ornament & Architecture,"Esemplario di Lauori..., page 22 (recto)",,Designer|Publisher,Florio Vavassore|Giovanni Andrea Vavassore,"Italian, active 16th century|Italian, active Venice 1530–1573","August 1, 1532",1532,"Rogers Fund, 1918",Venice,Books|Prints|Ornament & Architecture,http://www.metmuseum.org/art/collection/search/659613,
348922,False,Drawings and Prints,1966.0,Book,Les Chants de Maldoror,,Author|Illustrator|Publisher,Le Comte de Lautréamont Isidore Ducasse|René Magritte|La Boetie,"Belgian (born Uruguay), Montevideo 1846–1870 Paris|Belgian, Lessines 1898–1967 Brussels|",1948,1948,"The Elisha Whittelsey Collection, The Elisha Whittelsey Fund, 1966",Brussells,Books,http://www.metmuseum.org/art/collection/search/348922,
1877,True,The American Wing,1968.0,Side Chair,Side Chair,American,Maker,Léon Marcotte,1824–1887,ca. 1860,1857,"Gift of Mrs. D. Chester Noyes, 1968",New York,,http://www.metmuseum.org/art/collection/search/1877,
5367,True,The American Wing,1924.0,Cann,Cann,American,Maker,Thomas Skinner,1712–1761,1737–50,1737,"Bequest of Charles Allen Munn, 1924",Marblehead,,http://www.metmuseum.org/art/collection/search/5367,
237,True,The American Wing,1970.0,Armchair,Armchair,American,Maker,Pottier and Stymus Manufacturing Company,active ca. 1858–1918/19,ca. 1870–75,1867,"Funds from various donors, 1970",New York,,http://www.metmuseum.org/art/collection/search/237,Sphinx
350490,False,Drawings and Prints,1953.0,Book,The Adventures of the Pig Family Illustrated,,Author|Publisher,Arthur S. Gibson|Griffith & Farran,"British, active 1880s|London",ca. 1882,1877,"The Elisha Whittelsey Collection, The Elisha Whittelsey Fund, 1953",London,Books,http://www.metmuseum.org/art/collection/search/350490,
312079,False,"Arts of Africa, Oceania, and the Americas",1978.0,Bark painting,Painting from a Ceremonial House Ceiling,Kwoma,Artist|Artist,"Artists of Mariwai Village|Mundik, Kalaba",|,1970,1970,"The Michael C. Rockefeller Memorial Collection, Purchase, Mrs. Gertrud A. Mellon Gift, and Mr. and Mrs. Alan Brandt Gift, in memory of Jacob J. Brandt, 1974",Mariwai village,Bark-Paintings,http://www.metmuseum.org/art/collection/search/312079,
347560,False,Drawings and Prints,1966.0,Book,Modèles d'Orfèvrerie Moderne de la fabrique d'argenture & dorure électro-chimique,,Designer|Lithographer|Dedicatee|Printer,Charles Christofle & Cie.|Charles-Louis Malapeau|Jean-Baptiste Dumas|Thierry Frères,"French|French, 1795–after 1867|French, Alès (Alais) 1800–1884 Cannes|",[ca. 1850],1845,"Rogers Fund, 1966",Paris,Books,http://www.metmuseum.org/art/collection/search/347560,
691030,False,Drawings and Prints,1924.0,Book ; Ornament and architecture,"The Horticulturist and Journal of Rural Art and Rural Taste, vol. 1",,Editor|Publisher|Engraver|Designer|Sitter,Andrew Jackson Downing|Luther Tucker|Alexander Anderson|Elisha Forbes|Andrew Jackson Downing,"American, Newburgh, New York 1815–1852 Yonkers, New York|Albany, New York|American, New York 1775–1870 Jersey City, New Jersey|American, 19th century|American, Newburgh, New York 1815–1852 Yonkers, New York",July 1846–June 1847,1846,"Harris Brisbane Dick Fund, 1924",Albany,Books|Ornament & Architecture,http://www.metmuseum.org/art/collection/search/691030,
345308,False,Drawings and Prints,1953.0,Book,Furniture Catalogue No. 34,,Author,Bagby Furniture Co.,"Baltimore, Maryland",Spring 1904,1904,"The Elisha Whittelsey Collection, The Elisha Whittelsey Fund, 1953",Baltimore,Books,http://www.metmuseum.org/art/collection/search/345308,
381966,False,Drawings and Prints,1937.0,Book Prints Ornament & Architecture,Nouvelle Iconologie Historique ou Attributes Hierogliphyques... Tome 3.,,Artist|Engraver|Engraver|Engraver|Publisher|Engraver|Etcher|Publisher|Publisher,Jean Charles Delafosse|Charles Beurlier|Thouvenin|Jean Dominique Etienne Le Canu|Le Pere et Avaulet|Etienne Claude Voysard|Jean François Janinet|Jean François Daumont|Jacques François Chereau,"French, Paris 1734–1789 Paris|French, first cited 1768, last cited 1775|French|French, active Paris, 1750–70| |French, Paris 1746–1812 Paris|French, Paris 1752–1814 Paris|French, active ca. 1750–before 1775|French, Paris 1742–1794 Paris",1771–[1782] (?),1771,"Harris Brisbane Dick Fund, 1937",Paris,Books|Prints|Ornament & Architecture,http://www.metmuseum.org/art/collection/search/381966,
8680,True,The American Wing,1984.0,Toby snuff jar,Toby snuff jar,American,Manufacturer,United States Pottery Company,1852–58,1852–58,1852,"Gift of Mrs. Stanley Herzman, 1984",Bennington,,http://www.metmuseum.org/art/collection/search/8680,Men
3138,False,The American Wing,1968.O,Desk,Desk,American,Maker,R. J. Horner and Company,,ca. 1885,1882,"Purchase, Anonymous Gift, 1968",New York,,http://www.metmuseum.org/art/collection/search/3138,
2333,True,The American Wing,1945.0,Box,Covered Box,American,Maker|Maker,Joseph Leddel Sr.|Joseph Leddel Jr.,ca. 1690–1754|1718–1754,1712–54,1712,"Rogers Fund, 1945",New York,,http://www.metmuseum.org/art/collection/search/2333,
418772,False,Drawings and Prints,1928.0,Prints Collection Ornament and Architecture,Collegio Romano,,Draftsman|Publisher|Architect,Pietro Ferrerio|Giovanni Giacomo De Rossi|Bartolomeo Ammanati (Ammannati),"Italian, Rome 1600–1654 Rome|Italian, Rome 1627–1691 Rome|Italian, Settignano near Florence 1511–1592 Florence",1655,1655,"Harris Brisbane Dick Fund, 1928",Cologne,Prints|Ornament & Architecture,http://www.metmuseum.org/art/collection/search/418772,
652988,True,Arms and Armor,2004.0,Drawings,Design for the Decoration of the Surround of the Barrel Tang of a Firearm,"French, Versailles",Designer,Nicolas Noël Boutet,"French, Versailles and Paris, 1761–1833",ca. 1797–1805,1772,"Purchase, Clay P. Bedford Gift, 2004",Versailles,Works on Paper-Drawings,http://www.metmuseum.org/art/collection/search/652988,Ornament|Squirrels
681149,True,The Libraries,2009.0,,Bibliorum Sacrorum Vulgatae versionis,,Printer|Author,François Ambroise Didot|Josiah W. (Josiah Willard) Gibbs,"French, 1730–1804|American, 1790–1861",1785,1785,"Gift of Jayne Wrightsman, 2008",Paris,,http://www.metmuseum.org/art/collection/search/681149,
9569,true,The American Wing,1926.0,Vase,Vase,Dutch,Designer|Manufacturer,Justus Brouwer|The Porcelain Axe,"Dutch, active 1739–1775|",1739–75,1739,"Rogers Fund, 1926",Delft,,http://www.metmuseum.org/art/collection/search/9569,Flowers
3195,False,The American Wing,1969.0,Dinner plate,Dinner Plate,American,Maker,Union Porcelain Works,1863–1922,1885,1885,"Gift of Mr. and Mrs. Franklin Chace, 1969",Brooklyn,,http://www.metmuseum.org/art/collection/search/3195,
336398,False,Drawings and Prints,1926.0,Book,Madrigaux,,Artist|Author|Publisher,"Raoul Dufy|Stéphane Mallarmé|Editions de la Sirene, Collection des Tractes","French, Le Havre 1877–1953 Forcalquier|French, 1842–1898|French",1920,1920,"Harris Brisbane Dick Fund, 1926",Paris,Books,http://www.metmuseum.org/art/collection/search/336398,
729220,False,Drawings and Prints,1991.0,Book Prints Ornament & Architecture,"Nouvelles Compositions Décoratives, 1re Série, Pl. 47",,Author|Designer|Publisher,Georges Rémon|Serge Gladky|Editions d'Art Charles Moreau,"French|French, active 1920–30s|French",[ca. 1930],1925,"Jane E. Andrews Fund, in memory of William Loring Andrews, 1943, transfered from the Library (1991.1073.125)",Paris,Books|Prints|Ornament & Architecture,http://www.metmuseum.org/art/collection/search/729220,
346493,True,Drawings and Prints,1938.0,Book ; Ornament and architecture,Book of Designs [for Ironwork],,Designer|Designer|Publisher,J. Bottomley|J. & W. Welldon|Henry Webley,"British, active ca. 1793|British, active 18th century|British, active London 1760s",1765 and 1793,1765,"Harris Brisbane Dick Fund, 1938",London,Books|Ornament & Architecture,http://www.metmuseum.org/art/collection/search/346493,Architecture
371443,False,Drawings and Prints,1941.0,Book ; Ornament and architecture,"Architecture generale de Vitruve reduite en abregé, par M. Perrault de l'Academie des Sciences à Paris. Dernier edition enrichie de figures en cuivre",,Author|Publisher|Translator|Printer|Patron,Marcus Pollio Vitruvius|George Gallet|Claude Perrault|Les Huguetans|Keyser Graft,"Roman, active late 1st century BCE| |French, 1613–1688|Netherlandish|Netherlandish",1691,1691,"Bequest of W. Gedney Beatty, 1941",Amsterdam,Books|Ornament & Architecture,http://www.metmuseum.org/art/collection/search/371443,
19818,true,The American Wing,2008.0,Quilt,Floral Applique Quilt,American,Artist,Emeline Travis Ludington,1820–1887,ca. 1850,1847,"Purchase, William Cullen Bryant Fellows Gifts, 2008",Carmel,,http://www.metmuseum.org/art/collection/search/19818,Flowers
661869,True,Drawings and Prints,1918.0,Books Prints Ornament & Architecture,"Corona delle Nobili et Virtuose Donne: Libro I-IV, page 58 (verso)",,Publisher,Cesare Vecellio,"Italian, Pieve di Cadore 1521–1601 Venice",1601,1601,"Rogers Fund, 1918",Venice,Books|Prints|Ornament & Architecture,http://www.metmuseum.org/art/collection/search/661869,
6950,True,The American Wing,1946.0,Salt caster,Salt Caster,American,Maker,Richards and Hartley Flint Glass Co.,ca. 1870–1890,ca. 1888,1885,"Gift of Mrs. Emily Winthrop Miles, 1946",Tarentum,,http://www.metmuseum.org/art/collection/search/6950,
9827,True,The American Wing,1953.0,Window Stool,Window Stool,American,Maker,Duncan Phyfe,"American (born Scotland), near Lock Fannich, Ross-Shire, Scotland 1768/1770–1854 New York",1805–15,1805,"Gift of Mrs. Screven Lorillard, 1953",New York,,http://www.metmuseum.org/art/collection/search/9827,
350239,False,Drawings and Prints,1935.0,Book,Mois de Marie. Composé et Orné. . .Avec Prières,,Artist|Publisher,E. Lepelle de Bois Gallais|Gruel et Engelmann,|,1856,1856,"Bequest of Mary Strong Shattuck, 1935",Paris,Books,http://www.metmuseum.org/art/collection/search/350239,
7616,True,The American Wing,1969.0,Soup bowl,Soup Bowl,American,Maker,Union Porcelain Works,1863–1922,1885,1885,"Gift of Mr. and Mrs. Franklin Chace, 1969",Brooklyn,,http://www.metmuseum.org/art/collection/search/7616,
357612,False,Drawings and Prints,1950.0,Book ; Ornament and architecture,Designs for Ornamental Glass,,Author|Lithographer,Stock & Sharp|Martin and Hood,London|London,[1847] (?),1847,"The Elisha Whittelsey Collection, The Elisha Whittelsey Fund, 1950",London,Books|Ornament & Architecture,http://www.metmuseum.org/art/collection/search/357612,
503577,True,Musical Instruments,2003,Cornet Omnitonique,Cornet Omnitonique,French,Maker,Gautrot aîné,"French, Paris active 1845–84",1847,1847,"Rogers Fund, 2003",Paris,Aerophone-Lip Vibrated-horn,http://www.metmuseum.org/art/collection/search/503577,
356051,False,Drawings and Prints,1935.0,Book,"Relation De ce qui s'est passé devant et dans la Negotiation de la Paix à Rysvic, avec pieces authentiques, 2 vols.",,Publisher,"Boucquet, à La Haye","Netherlandish, late 17th century",1697,1697,"Bequest of Mary Strong Shattuck, 1935",The Hague,Books,http://www.metmuseum.org/art/collection/search/356051,
889451,False,Drawings and Prints,1954,Print ; ephemera,"Invitation to a Celebration of the Completion of the Erie Canal, November 4, 1825",,Printer|Author,"A. B. & C. Durand, Wright & Co|Corporation of the City of New York","American, active 1824–32|",1825,1825,"The Edward W. C. Arnold Collection of New York Prints, Maps and Pictures, Bequest of Edward W. C. Arnold, 1954",New York,Prints|Ephemera,http://www.metmuseum.org/art/collection/search/889451,
381653,False,Drawings and Prints,1972.0,Print,"Perspective of a suburban dwelling for Mrs. Emma L. Martin, Oak Park, Illinois",,Architect|Publisher,Frank Lloyd Wright|Ernst Wasmuth,"American, Richland Center, Wisconsin 1867–1959 Phoenix, Arizona|Berlin",1910,1910,"Purchase, Emily Crane Chadbourne Bequest, 1972",Berlin,Prints,http://www.metmuseum.org/art/collection/search/381653,
349794,False,Drawings and Prints,1940.0,Book,"Édifices de Pise: Releves, Dessinés et Décrits",,Artist|Publisher,George Rohault de Fleury|Bance,|,1862,1862,"Harris Brisbane Dick Fund, 1940",Paris,Books,http://www.metmuseum.org/art/collection/search/349794,
491154,False,Modern and Contemporary Art,1943,Textile sample,Sample,American,Maker|Maker,Louis A. Stirn|Edmund A. Stirn,"American (born Germany), Frankfurt-am-Main 1863–1962 Staten Island, New York|American (born Germany ?), 1868– (?)",1925,1925,"Gift of Miss M. K. Overbeck, 1943",New York,Textiles-Printed,http://www.metmuseum.org/art/collection/search/491154,
349768,False,Drawings and Prints,1968.0,Book,Trois Contes,,Author|Illustrator|Engraver|Publisher,Gustave Flaubert|André-Edouard Marty|Gérard Angiolini|Editions de la Maison Français,"French, Rouen 1821–1880 Croisset|French, Paris 1882–1974 Paris|French, 20th century|",1948,1948,"The Elisha Whittelsey Collection, The Elisha Whittelsey Fund, 1968",Paris,Books,http://www.metmuseum.org/art/collection/search/349768,
432956,False,Drawings and Prints,1933.0,Print collection ornament & architecture,"Rinceaux with putti, from Rinceaux de différents feuillages, plate 6, bound in Oeuvres. Vol. IV",,Artist|Publisher,Jean Le Pautre|Pierre Mariette le fils,"French, Paris 1618–1682 Paris|French, Paris 1634–1716 Paris",17th century,1633,"Harris Brisbane Dick Fund, 1933",Paris,Prints|Ornament & Architecture,http://www.metmuseum.org/art/collection/search/432956,
504542,True,Musical Instruments,1889,Basset Horn in F,Basset Horn in F,Slovenian,Maker,Simon Unglerth,,ca. 1800,1795,"The Crosby Brown Collection of Musical Instruments, 1889",Laybach (Ljubljana),Aerophone-Reed Vibrated-single reed cylindrical,http://www.metmuseum.org/art/collection/search/504542,
453164,true,Islamic Art,1982.0,Non-illustrated manuscript,Divan of Sultan Husayn Baiqara,,Calligrapher,Sultan 'Ali al-Mashhadi,"Iranian, Mashhad 1453–1520 Mashhad",dated  A.H. 905/ 1500 CE,1475,"Purchase, Richard S. Perkins and Margaret Mushekian Gifts, 1982",Herat,Codices,http://www.metmuseum.org/art/collection/search/453164,Animals
334060,False,Drawings and Prints,1940.0,Book,"An Easy Introduction to Dancing: or, the Movements in the Minuet full explained.",,Artist|Publisher,"George Bickham, Jr.|T. Cooper","British, London ca. 1704–1771 Richmond, Surrey|London",1738,1738,"Harris Brisbane Dick Fund, 1940",London,Books,http://www.metmuseum.org/art/collection/search/334060,
702193,True,Drawings and Prints,1960.0,"Print, Fete, Ornament & Architecture",Plate 32: Men with heraldic flags and horses from Overijssel and Utrecht marching in the funeral procession of Archduke Albert of Austria; from 'Pompa Funebris ... Alberti Pii',,Artist|Artist,Cornelis Galle I|Jacques Francquart,"Netherlandish, Antwerp 1576–1650 Antwerp|French, Brussels 1577–1651 Brussels",1623,1623,"Gift of Harry G. Friedman, 1960",Brussels,Prints-Fete|Prints,http://www.metmuseum.org/art/collection/search/702193,Men|Horses|Funerals|Coat of Arms|Flags
347976,False,Drawings and Prints,1972.0,Book,Corbitt Motor Trucks,,Author,Corbitt Motor Truck Company,"Henderson, North Carolina",20th century,1900,"Gift of Weston Naef, 1972",Henderson,Books,http://www.metmuseum.org/art/collection/search/347976,
433523,False,Drawings and Prints,1949.0,Print,"The cavalry-commander, from The Riding School or Exercise of Cavalry",,Publisher|Artist|Artist,Clement de Jonghe|Jacques de Gheyn II|Jacques de Gheyn II,"Dutch, Brunsbüttel (Landkreis Dithmarschen) 1624/1625–1677 Amsterdam|Netherlandish, Antwerp 1565–1629 The Hague|Netherlandish, Antwerp 1565–1629 The Hague",,1652,"The Elisha Whittelsey Collection, The Elisha Whittelsey Fund, 1949",Amsterdam,Prints,http://www.metmuseum.org/art/collection/search/433523,
345533,False,Drawings and Prints,1951.0,Book,"Medicea Hospes, sive descriptio publicae gratulationis, qua Ser. et August. Reginam, Mariam de Medicis excepit  Senatus Populusque Amstelodamensis",,Author|Artist|Artist|Artist|Artist|Publisher,Caspar Barlaeus|Roelandt Savery|Simon de Vlieger|I. de Jonghe|Pieter Nolpe|Joan and Cornelius Blaeu,"Dutch|Flemish, Kortrijk 1576–1639 Utrecht|Dutch, Rotterdam (?) ca. 1600/1601–1653 Weesp|Netherlandish, 17th century|Dutch, 1613/1614–1652/1653|",1638,1638,"The Elisha Whittelsey Collection, The Elisha Whittelsey Fund, 1951",Amsterdam,Prints,http://www.metmuseum.org/art/collection/search/345533,
501687,True,Musical Instruments,1889,Orchestral Horn,Orchestral Horn,French,Maker,Tabard,,1830–40,1830,"The Crosby Brown Collection of Musical Instruments, 1889",Lyons,Aerophone-Lip Vibrated-horn,http://www.metmuseum.org/art/collection/search/501687,
682084,False,Drawings and Prints,1923.0,Book ; Ornament and architecture,"Cours d'Architecture ou Traité de la Décoration, Distribution & Construction des Bâtiments (Volume 9)",,Architect|Publisher,Jacques François Blondel|La Veuve Desaint,"French, Rouen 1705–1774 Paris|",1771–77,1771,"Harris Brisbane Dick Fund, 1923",Paris,Books|Ornament & Architecture,http://www.metmuseum.org/art/collection/search/682084,
345258,False,Drawings and Prints,1952.0,Book,Pobres y ricos o la Bruja de Madrid,,Author|Publisher|Illustrator|Illustrator|Illustrator,Wenceslao Ayguals de Izco|Ayguals de Izco Hermanos|Coderch|Vallejo|Urrabieta,"1801–1873| |active Spain 19th century|Spanish, 19th century|",March 1856,1856,"Gift of Miss Leona E. Prasse, 1952",Madrid,Books,http://www.metmuseum.org/art/collection/search/345258,
407361,True,Drawings and Prints,1933.0,Print,A Laden Stage Coach Outside a Post House,,Artist and publisher,Thomas Rowlandson,"British, London 1757–1827 London","October 15, 1787",1787,"Harris Brisbane Dick Fund, 1933",London,Prints,http://www.metmuseum.org/art/collection/search/407361,Men|Carriages
660660,True,Drawings and Prints,1921.0,Books Prints Ornament & Architecture,"Splendore delle virtuose giovani, page 10 (recto)",,Designer|Publisher,Iseppo Foresto|Jeronimo Calepino,"Italian, active Venice, 1557|",1564,1564,"Rogers Fund, 1921",Venice,Books|Prints|Ornament & Architecture,http://www.metmuseum.org/art/collection/search/660660,Ornament
356973,False,Drawings and Prints,1941.0,Book ; Ornament and architecture,Tercero y quatro libro de architectura de Sebastian Serlio Boloñes,,Author|Publisher|Translator,Sebastiano Serlio|Juan de Ayala|Francisco Villalpando,"Italian, Bologna 1475–1554 Fontainebleau|Spanish|",1573,1573,"Bequest of W. Gedney Beatty, 1941",Toledo,Books|Ornament & Architecture,http://www.metmuseum.org/art/collection/search/356973,
434921,False,Drawings and Prints,1953.0,Print collection ornament & architecture,"Second Title Page depicting the death of Cato of Utica, from Grandes alcôves à la romaine, ou à la royale, plate 2",,Artist|Publisher,Jean Le Pautre|Pierre Mariette le fils,"French, Paris 1618–1682 Paris|French, Paris 1634–1716 Paris",17th century,1633,"Harris Brisbane Dick Fund, 1953",Paris,Prints|Ornament & Architecture,http://www.metmuseum.org/art/collection/search/434921,
701370,True,The American Wing,2015.0,Pitcher,"Pitcher, ""Alsatian"" line",American,Manufacturer,Chesapeake Pottery,"Baltimore, Maryland, 1882–1914",ca. 1891–92,1886,"Gift of Emma and Jay A. Lewis, 2015",Baltimore,,http://www.metmuseum.org/art/collection/search/701370,Portraits|Women
10015,True,The American Wing,1939.0,Book,"Book: The Works of Virgil (P. Virgilii Maronis Opera, Volume I of four volumes)",German,Author,Publius Virgilius Maro,70–19 BCE,1767–75 (edition),1767,"Gift of James DeLancey Verplanck and John Bayard Rodgers Verplanck,  1939",Leipzig,,http://www.metmuseum.org/art/collection/search/10015,
491022,False,Modern and Contemporary Art,1928,Textile sample,Sample,American,Maker|Maker,M. D. C. Crawford|Converse and Company,"American, 1861–1949|",ca. 1928,1925,"Gift of Converse and Company, 1928",New York,Textiles-Printed,http://www.metmuseum.org/art/collection/search/491022,Animals |Carriages|Human Figures
640994,True,Drawings and Prints,1958.0,Print,"Mary, Queen of Scots, from ""The History of England""",,Sitter|Artist|Artist|Author|Publisher,"Mary, Queen of Scots|Isaac Oliver|Robert Sheppard|Paul de Rapin de Thoyras|James Mechell","British, Linlithgow 1542–1587 Fotheringhay|British, ca. 1565–1617|British, active ca. 1712–40|French, Castres 1661–1725 Wesel, Germany|British, active London, 1730–45",1773,1773,"Gift of Susan Dwight Bliss, 1958",London,Prints,http://www.metmuseum.org/art/collection/search/640994,Queens|Portraits|Women|Coat of Arms|Mary Queen of Scots
774845,True,Musical Instruments,2018.0,Arnolo (violaline),Arnolo,French,Maker,Georges Contal,"French, Mirecourt 1874–after 1910, Paris",1901,1901,"Gift of Jay Dias, 2018",Paris,Chordophone-Lute-plucked-fretted,http://www.metmuseum.org/art/collection/search/774845,
347246,False,Drawings and Prints,1935.0,Book,De Koninglycke Hovenier,,Author|Publisher|Dedicatee,"D. H. Cause|Marcus Doornick|William III, King of England and Ireland, and Prince of Orange","Netherlands, 17th century|Dutch, active ca. 1676|Dutch, The Hague 1650–1702",1676,1676,"Harris Brisbane Dick Fund, 1935",Amsterdam,Books,http://www.metmuseum.org/art/collection/search/347246,
682998,True,The American Wing,2015.0,Drinking vessel,Large drinking vessel,American,Manufacturer,Brooklyn Flint Glass Company,"American, Brooklyn, New York, 1824–1868",ca. 1855,1850,"Purchase, Bequest of Emma A. Sheafer, by exchange, 2015",New York,,http://www.metmuseum.org/art/collection/search/682998,
463679,True,Medieval Art,1914.0,Triptych,"Three plaques from a triptych with the Adoration of the Shepherds, Flanked by the Angel Gabriel and the Virgin Annunciate",French,Artist,Master of the Triptych of Louis XII,ca. 1490–ca. 1515,early 16th century,1500,"Bequest of Benjamin Altman, 1913",Limoges,Enamels-Painted,http://www.metmuseum.org/art/collection/search/463679,Archangel Gabriel|Annunciation|Adoration of the Shepherds|Angels|Virgin Mary
345719,False,Drawings and Prints,1949.0,Book,Metamorphosis oder: Verwandlungen Bücher,,Engraver|Publisher|Author|Artist,Abraham Aubry|Paul Fürst Widow and Heirs|Ovid|Johann Wilhelm Baur,"French, died 1682|German|Roman, Sulmo 43 BCE–17 CE Tomis, Moesia|German, Strasbourg 1607–1642 Vienna",1687,1687,"The Elisha Whittelsey Collection, The Elisha Whittelsey Fund, 1949",Nuremberg,Books,http://www.metmuseum.org/art/collection/search/345719,
1479,True,The American Wing,1972.0,Caster,Caster,American,Maker,Adrian Bancker,1703–1772,ca. 1735,1730,"Sansbury-Mills Fund, 1972",New York,,http://www.metmuseum.org/art/collection/search/1479,
7978,true,The American Wing,1987.0,Sugar bowl,Sugar bowl,American,Maker,Andrew Ellicott Warner,1786–1870,1845,1845,"Friends of the American Wing Fund, 1987",Baltimore,,http://www.metmuseum.org/art/collection/search/7978,Flowers
7751,True,The American Wing,1966.0,Spool stand,Spool Stand,"American, Shaker",Maker,United Society of Believers in Christ’s Second Appearing (“Shakers”),"American, active ca. 1750–present",1830–50,1830,"Rogers Fund, 1966",Pittsfield,,http://www.metmuseum.org/art/collection/search/7751,
349355,False,Drawings and Prints,1934.0,Book,Los Españoles Pintados por si Mismos. Segunda Ediciòn. Tome I-II,,Publisher,I. Boix,,1843–44,1843,"Gift of Philip Hofer, 1934",Madrid,Books,http://www.metmuseum.org/art/collection/search/349355,
349594,False,Drawings and Prints,1963.0,Block,"Catalogue of the W.J. Feeley Company, Jewelers and Silversmiths, Ecclesiastical and Metal Workers",,Author,W. J. Feeley Co.,"Providence, Rhode Island",ca. 1895,1890,"The Elisha Whittelsey Collection, The Elisha Whittelsey Fund, 1963",Providence,Books,http://www.metmuseum.org/art/collection/search/349594,
392916,True,Drawings and Prints,1970.0,Print,A French Ordinary,,Artist|Publisher,Thomas Rowlandson|Samuel Howitt,"British, London 1757–1827 London|British, Nottinghamshire 1756–1823 London","July 20, 1802",1802,"The Elisha Whittelsey Collection, The Elisha Whittelsey Fund and Harris Brisbane Dick Fund, by Exchange, 1970",London,Prints,http://www.metmuseum.org/art/collection/search/392916,Men|Cats|Food|Satire|Dining|Cooking
938,true,The American Wing,1934.0,Trinket box,Trinket Box,American,Maker,Henry Bucher,,ca. 1780,1777,"Gift of Mrs. Robert W. de Forest, 1933",Denver,,http://www.metmuseum.org/art/collection/search/938,Flowers
348393,False,Drawings and Prints,1948.0,Book,"Esequie della Maestà Christianissima di Luigi XIII il Giusto, Ré di Francia e di Navarra.  Celebrate in Firenze, descritte da Carlo Dati ... 1644",,Author|Publisher|Author|Etcher|Designer,Carlo Dati|S. A. S.|Francesco Rinuccini|Francesco Cecchi Conti|Paolo Parigi,"| | |Italian, active 17th century|Italian","1644, 1645",1644,"The Elisha Whittelsey Collection, The Elisha Whittelsey Fund, 1948",Florence,Books,http://www.metmuseum.org/art/collection/search/348393,
412732,False,Drawings and Prints,1949.0,Print collection ornament & architecture,"Frontispiece, from Livre de Cartouches (Book of Cartouches)",,Artist|Artist|Publisher,François Boucher|Gabriel Huquier|Gabriel Huquier,"French, Paris 1703–1770 Paris|French, Orléans 1695–1772 Paris|French, Orléans 1695–1772 Paris",1730–70,1730,"The Elisha Whittelsey Collection, The Elisha Whittelsey Fund, 1949",Paris,Prints|Ornament & Architecture,http://www.metmuseum.org/art/collection/search/412732,
18205,False,The American Wing,2004.0,Bowl,Bowl,American,Maker,Tiffany & Co.,1837–present,1888,1888,"Purchase, Cranshaw Corporation Gift, 2004",New York,,http://www.metmuseum.org/art/collection/search/18205,Triton|Seahorses
455046,true,Islamic Art,1952.0,Folio from an illustrated manuscript,Page of Calligraphy from a Shahnama (Book of Kings),,Calligrapher,Muhammad ibn Taj al-Din Haidar Muzahhib Shirazi,"Iranian, active 1560s–80s",1562–83,1537,"Purchase, Joseph Pulitzer Bequest, 1952",Shiraz,Codices,http://www.metmuseum.org/art/collection/search/455046,Calligraphy
638386,False,Drawings and Prints,1957.0,Print,"Karl von Mansfeld, from Effigie naturali dei maggior prencipi et piu valorosi capitani di questa eta con l'arme loro",,Artist|Publisher,Giacomo Franco|Giacomo Franco,"Italian, Venice 1550–1620 Venice|Italian, Venice 1550–1620 Venice",1596,1596,"The Elisha Whittelsey Collection, The Elisha Whittelsey Fund, 1957",Venice,Prints,http://www.metmuseum.org/art/collection/search/638386,
356568,False,Drawings and Prints,1953.0,Book,A Complete and Useful Book of Cyphers,,Publisher|Author,Laurie & Whittle|John Russell,"British, active 1794–1836|British, active 18th century",1794,1794,"The Elisha Whittelsey Collection, The Elisha Whittelsey Fund, 1953",London,Books,http://www.metmuseum.org/art/collection/search/356568,
426898,False,Drawings and Prints,1930.0,Prints Collection Ornament & Architecture,"Water, from a Series of Vertical Panels with Modern Grotesques and the Four Elements, part of Œuvres du Sr. D. Marot",,Artist|Publisher,Daniel Marot the Elder|Pierre Husson,"French, Paris 1661–1752 The Hague|",published 1703 or 1712,1703,"Harris Brisbane Dick Fund, 1930",The Hague,Prints|Ornament & Architecture,http://www.metmuseum.org/art/collection/search/426898,
431827,False,Drawings and Prints,1933.0,Print collection ornament & architecture,"Mausoleum topped with two personifications of Fame, from Mausolées, plate 9, bound in Oeuvres. Vol. II",,Artist|Publisher,Jean Le Pautre|Jean I Leblond,"French, Paris 1618–1682 Paris|French, ca. 1590–1666 Paris",published ca. 1651,1646,"Harris Brisbane Dick Fund, 1933",Paris,Prints|Ornament & Architecture,http://www.metmuseum.org/art/collection/search/431827,
354665,False,Drawings and Prints,1967.0,Book,The New Trail: a book of creative writing by Indian students,,Publisher,Phoenix Indian School,,"1941, revised 1953",1941,"Gift of Robert Dunnigan, 1967",Phoenix,Books,http://www.metmuseum.org/art/collection/search/354665,
7206,True,The American Wing,1912.0,Sauceboat,Sauceboat,British (American market),Maker,Enoch Wood & Sons,"British, active Burslem, 1818–46",ca. 1818–ca. 1846,1815,"Gift of Mrs. Abraham Lansing, 1912",Stoke-on-Trent,,http://www.metmuseum.org/art/collection/search/7206,
432647,False,Drawings and Prints,1933.0,Print collection ornament & architecture,"Allegorical depiction of Hercules, Pallas, and Mercury battling the Hydra, from a series of Allegories after Paolo Farinati, bound in Oeuvres. Vol. III",,Artist|Artist|Publisher,Jean Le Pautre|Paolo Farinati|Pierre Mariette le fils,"French, Paris 1618–1682 Paris|Italian, Verona 1524–1606 Verona|French, Paris 1634–1716 Paris",17th century,1633,"Harris Brisbane Dick Fund, 1933",Paris,Prints|Ornament & Architecture,http://www.metmuseum.org/art/collection/search/432647,
7146,True,The American Wing,1967.0,Sauce dish,Sauce Dish,American,Maker,Boston & Sandwich Glass Company,"American, 1825–1888, Sandwich, Massachusetts",before 1867,1857,"Funds from various donors, 1967",Sandwich,,http://www.metmuseum.org/art/collection/search/7146,
4913,False,The American Wing,1969.0,Luncheon plate,Luncheon Plate,American,Maker,Union Porcelain Works,1863–1922,1885,1885,"Gift of Mr. and Mrs. Franklin Chace, 1969",Brooklyn,,http://www.metmuseum.org/art/collection/search/4913,
6924,True,The American Wing,1969.0,Salad plate,Salad Plate,American,Maker,Union Porcelain Works,1863–1922,1885–87,1885,"Gift of Mr. and Mrs. Franklin Chace, 1969",Brooklyn,,http://www.metmuseum.org/art/collection/search/6924,
350003,False,Drawings and Prints,1984.0,Book,Thirty Old-Time Nursery Songs,,Author|Printer|Illustrator|Publisher,Joseph Samuel Moorat|Stoddart & Malcolm|Paul Vincent Woodroffe|T. C. & E. C. Jack,"British, 1864–1938|Edinburgh|British (born India), Madras 1875–1954 Eastbourne|",[1912],1912,"Gift of Mr. and Mrs. Bryan Holme, 1984",London,Books,http://www.metmuseum.org/art/collection/search/350003,
349534,False,Drawings and Prints,1953.0,Book,Novelties,,Author,Leroy W. Fairchild & Sons,"New York, NY",after 1885,1885,"The Elisha Whittelsey Collection, The Elisha Whittelsey Fund, 1953",New York,Books,http://www.metmuseum.org/art/collection/search/349534,
660774,True,Drawings and Prints,1921.0,Books Prints Ornament & Architecture,"Splendore delle virtuose giovani, page 13 (verso)",,Designer|Publisher,Iseppo Foresto|Jeronimo Calepino,"Italian, active Venice, 1557|",1564,1564,"Rogers Fund, 1921",Venice,Books|Prints|Ornament & Architecture,http://www.metmuseum.org/art/collection/search/660774,Vines|Urns
432963,False,Drawings and Prints,1933.0,Print collection ornament & architecture,"Cartouche ornamented with a shield and surrounded by a trophy of arms, from Nouveau livre de cartouches, plate 5, bound in Oeuvres. Vol. IV",,Artist|Publisher,Jean Le Pautre|Jean Mariette,"French, Paris 1618–1682 Paris|French, Saint Benoît 1660–1742 Paris",17th century,1633,"Harris Brisbane Dick Fund, 1933",Paris,Prints|Ornament & Architecture,http://www.metmuseum.org/art/collection/search/432963,
346902,False,Drawings and Prints,1962.0,Book,Maler Klecksel,,Publisher|Author|Printer,Fr. Wassermann|Wilhelm Busch|Knorr & Hirth,"|German, 1832–1908|German",1884,1884,"The Elisha Whittelsey Collection, The Elisha Whittelsey Fund, 1962",Munich,Books,http://www.metmuseum.org/art/collection/search/346902,
6418,True,The American Wing,1946.0,Plate,Plate,American,Maker,Adams and Company,,1870–90,1870,"Gift of Mrs. Emily Winthrop Miles, 1946",Pittsburgh,,http://www.metmuseum.org/art/collection/search/6418,
371784,False,Drawings and Prints,1941.0,Book ; Ornament and architecture,"L'Architettura di Vitruvio esposta in Italiana favella ed illustrata, con comenti e tavole centro quaranta in tre volumi da Luigi Marini",,Publisher|Engraver|Engraver|Engraver|Engraver|Engraver|Engraver|Engraver|Author|Editor,Marchese Luigi Marini|Pietro Fontana|Giacomo Fontana|Philippo Ferrari|Carol. Ruspi|A. Fornari|Francesco Troiani|A. Pesenti|Marcus Pollio Vitruvius|Marchese Luigi Marini,"Italian|Italian, 1762–1837|Italian, 1807–1880|Italian, 19th century|Italian, 19th century|Italian, 19th century|Italian, 19th century|Italian, 19th century|Roman, active late 1st century BCE|Italian",1836–37,1836,"Bequest of W. Gedney Beatty, 1941",Rome,Books|Ornament & Architecture,http://www.metmuseum.org/art/collection/search/371784,
734380,False,Drawings and Prints,1963.0,"Book
Ornament & Architecture
Prints","Chimney, from Second Book of Architecture",,Artist|Publisher,Jacques Androuet Du Cerceau|André Wechel,"French, Paris 1510/12–1585 Annecy|",1561,1561,"The Elisha Whittelsey Collection, The Elisha Whittelsey Fund, 1963",Paris,Books|Ornament & Architecture|Prints,http://www.metmuseum.org/art/collection/search/734380,
17174,False,The American Wing,2000.0,Watch,Watch,British,Maker,Charles Cabrier,"British, ca. 1740–60",1750–75,1750,"Purchase, Susan and Jon Rotenstreich Gift, 2000",London,,http://www.metmuseum.org/art/collection/search/17174,
6098,True,The American Wing,1943.0,Plate,Plate,American,Maker|Maker,Thomas Danforth Boardman|Sherman Boardman,1784–1873|1787–1861,1827–50,1827,"Gift of Joseph France, 1943",Hartford,,http://www.metmuseum.org/art/collection/search/6098,
15548,False,The American Wing,1996.0,Stove plate,Stove Plate,American,Maker,Henry William Stiegel,"American (born Germany), Cologne 1729–1785 Charming Forge, Pennsylvania",1769,1769,"Gift of Keno Inc., 1996",Elizabeth Furnace,,http://www.metmuseum.org/art/collection/search/15548,
7434,True,The American Wing,1946.0,Sherry glass,Sherry Glass,American,Maker,New England Glass Company,"American, East Cambridge, Massachusetts, 1818–1888",ca. 1888,1885,"Gift of Mrs. Emily Winthrop Miles, 1946",East Cambridge,,http://www.metmuseum.org/art/collection/search/7434,
9568,True,The American Wing,1946.0,Vase,Vase,American,Maker,Boston & Sandwich Glass Company,"American, 1825–1888, Sandwich, Massachusetts",1835–45,1835,"Gift of Mrs. Emily Winthrop Miles, 1946",Sandwich,,http://www.metmuseum.org/art/collection/search/9568,
430794,False,Drawings and Prints,1933.0,Print collection ornament & architecture,"Bedroom in which Scylla cuts the lock of hair from her father Nisus' head, from Alcôves à la romaine, plate 6, bound in Oeuvres. Vol. I",,Artist|Publisher,Jean Le Pautre|Jean Mariette,"French, Paris 1618–1682 Paris|French, Saint Benoît 1660–1742 Paris",17th century,1633,"Harris Brisbane Dick Fund, 1933",Paris,Prints|Ornament & Architecture,http://www.metmuseum.org/art/collection/search/430794,
8019,True,The American Wing,1933.0,Tongs,Sugar Tongs,American,Maker,Bernard Wenman,ca. 1789–1833,ca. 1800,1795,"Bequest of Alphonso T. Clearwater, 1933",New York,,http://www.metmuseum.org/art/collection/search/8019,
660652,true,Drawings and Prints,1921.0,Books Prints Ornament & Architecture,"Splendore delle virtuose giovani, page 5 (recto)",,Designer|Publisher,Iseppo Foresto|Jeronimo Calepino,"Italian, active Venice, 1557|",1564,1564,"Rogers Fund, 1921",Venice,Books|Prints|Ornament & Architecture,http://www.metmuseum.org/art/collection/search/660652,Flowers
412829,False,Drawings and Prints,1952.0,Print,"Vignette opposite page 74, Fairy Ninette gives Acajou the scarf of Zirphile, from Acajou et Zirphile",,Artist|Artist,Quentin Pierre Chedel|François Boucher,"French, Châlons-en-Champagne 1705–1763 Châlons-en-Champagne|French, Paris 1703–1770 Paris",1744,1744,"Purchase, Steuben Glass Gift, 1952",Paris,Prints,http://www.metmuseum.org/art/collection/search/412829,
670602,False,The American Wing,2014.0,Ribbon,Ribbon calendar,American,Manufacturer,Warner Woven Label Co.,1903,ca. 1961,1956,"Gift of Rebecca Tribull Weber, 2014",New York,,http://www.metmuseum.org/art/collection/search/670602,Churches|Calendars
5499,False,The American Wing,1978.0,Stained glass window,Grapevine Panel,American,Designer|Maker,Louis C. Tiffany|Tiffany Studios,"American, New York 1848–1933 New York|1902–32",ca. 1902–15,1899,"Gift of Ruth and Frank Stanton, 1978",New York,,http://www.metmuseum.org/art/collection/search/5499,Grapes|Vines
349819,False,Drawings and Prints,1940.0,Book,"De Arte Dicendi-June 15, 1502",,Artist|Publisher,Georgius Florus|Michael & Bernardinus de Garaldis,|,1502,1502,"Harris Brisbane Dick Fund, 1940",Pavia,Books,http://www.metmuseum.org/art/collection/search/349819,
350214,False,Drawings and Prints,1970.0,Book,"Catalog of Blocks, Toy Books, Games",,Publisher,Samuel Gabriel Sons & Company,"New York, NY",late 19th–20th century,1850,"Gift of Lincoln Kirstein, 1970",New York,Books,http://www.metmuseum.org/art/collection/search/350214,
20075,True,The American Wing,2018.0,Vase,Vase,American,Designer|Manufacturer,Hugh C. Robertson|Chelsea Keramic Art Works,1844–1908|1872–1889,ca. 1885–89,1882,"Gift of Robert A. Ellison Jr., 2018",Chelsea,,http://www.metmuseum.org/art/collection/search/20075,
5550,False,The American Wing,1985.0,Pattern,Pattern for applied gold floral motifs on the Magnolia Vase,American,Maker,Tiffany & Co.,1837–present,ca. 1893,1890,"Gift of Tiffany & Company, 1985",New York,,http://www.metmuseum.org/art/collection/search/5550,
348965,True,Drawings and Prints,1925.0,Book,Discours de la Religion des Anciens Romains... Discours sur la Castramentation et Discipline Militaire des Anciens Romains...,,Author|Publisher,Guglielmo Du Choul|Guillaume Rouille,"16th century|French, active Lyon, 16th century",1581,1581,"Harris Brisbane Dick Fund, 1925",Lyon,Books,http://www.metmuseum.org/art/collection/search/348965,Eagles|Men|Horses
656610,True,Drawings and Prints,1962.0,Print,"The Murder of David Rizzio (Mary, Queen of Scots witnessing the murder of David Rizzio)",,Sitter|Artist|Publisher|Artist,"Mary, Queen of Scots|William Dickinson|William Dickinson|John Graham","British, Linlithgow 1542–1587 Fotheringhay|British, London? 1746/47?–1823 Paris|British, London? 1746/47?–1823 Paris|British, Edinburgh 1754/5–1817 Edinburgh","July 1, 1791",1791,"Rogers Fund, 1962",London,Prints,http://www.metmuseum.org/art/collection/search/656610,Swords|Queens|Men|Women|Mary Queen of Scots
434049,False,Drawings and Prints,1953.0,Print collection ornament & architecture,"Three variants for a fireplace with landscapes on the shutters and topped with a bus of an imperator, from Grandes cheminées, plate 4",,Artist|Publisher,Jean Le Pautre|Jean I Leblond,"French, Paris 1618–1682 Paris|French, ca. 1590–1666 Paris",17th century,1633,"Harris Brisbane Dick Fund, 1953",Paris,Prints|Ornament & Architecture,http://www.metmuseum.org/art/collection/search/434049,
8376,True,The American Wing,1933.0,Teapot,Teapot,American,Maker,Joseph Lownes,1758–1820,ca. 1815,1812,"Bequest of Alphonso T. Clearwater, 1933",Philadelphia,,http://www.metmuseum.org/art/collection/search/8376,
344899,False,Drawings and Prints,1967.0,Book,"L'amour dans la globe, ou l'Alamanach volant avec un précis historique de l'origine du globe aérostatique. . .le tout enrichie de figures",,Publisher,Chez Jubert,,1784,1784,"Gift of Mr. and Mrs. Daniel P. Davison, 1967",Paris,Books,http://www.metmuseum.org/art/collection/search/344899,
20297,False,The American Wing,2018.0,Plate,Plate,American,Manufacturer|Decorator,Hamilton Road Pottery|M. Louise McLaughlin,"1856–1882|American, Cincinnati, Ohio 1847–1939 Cincinnati, Ohio",1880,1880,"Gift of Robert A. Ellison Jr., 2018",Cincinnati,,http://www.metmuseum.org/art/collection/search/20297,
698563,False,Drawings and Prints,1921.0,Book,Plate 50: The adoration of the Magi; from 'Imagines Veteris Ac Novi Testamenti A Raphaele Sanctio Urbinate in Vaticani Palatii Xystis' after Raphael,,Artist|Artist|Publisher,Pietro Aquila|Raphael (Raffaello Sanzio or Santi)|Giovanni Giacomo De Rossi,"Italian, Marsala, Sicily 1650–1692/1700 Rome|Italian, Urbino 1483–1520 Rome|Italian, Rome 1627–1691 Rome",1675,1675,"Museum Accession, transferred from the Library",Rome,Books,http://www.metmuseum.org/art/collection/search/698563,
644328,True,Drawings and Prints,1958.0,Print,"Seaton House, pl. 2, Edinburghshire (from Antiquities of Scotland, volume 1)",,Author|Publisher|Artist,Francis Grose|Samuel Hooper|James Newton,"British, baptised 1731–1791|British, active London, 1771–88|British, London 1748–ca. 1804","April 28, 1790",1790,"Gift of Susan Dwight Bliss, 1958",London,Prints,http://www.metmuseum.org/art/collection/search/644328,
358593,False,Drawings and Prints,1963.0,Book,The Old man and the Crane,,Author|Illustrator|Publisher,B. Voronov|V. Sobolev|Detskiy Mir,Russian|Russian|Moscow,1961,1961,"Gift of Mrs. Joseph Y. Smith, 1963",St. Petersburg,Books,http://www.metmuseum.org/art/collection/search/358593,
353223,False,Drawings and Prints,1946.0,Book Prints Ornament & Architetcure,Livre d'Ornements a l'Usage Des Artistes,,Artist|Publisher|Engraver|Artist|Artist,Nicolas François Daniel l'Huilier|Jean|Simon Charles Miger|Jean Charles Baquoy|Etienne (?) Doublay,"French, 1736–1793|French, active Paris (Rue Saint Jean de Beauvais) ca. 1770–1810|French, Nemours 1736–1820 Paris|French, 1721–1777|French, active Rome and Paris ca. 1750–90",1772–73,1765,"Harris Brisbane Dick Fund, 1946",Paris,Books|Prints|Ornament & Architecture,http://www.metmuseum.org/art/collection/search/353223,
34,True,The American Wing,1970.0,Clock,Acorn Clock,American,Maker,Forestville Manufacturing Company,1835–1853,1847–50,1847,"Gift of Mrs. Paul Moore, 1970",Bristol,,http://www.metmuseum.org/art/collection/search/34,Landscapes|Boats
345082,False,Drawings and Prints,1962.0,Book,The Auxiliary Supplementary Circular,,Author,The Army & Navy,British,1899,1899,"Gift of Lincoln Kirstein, 1962",London,Books,http://www.metmuseum.org/art/collection/search/345082,
505322,True,Musical Instruments,1953,Violin,Violin,German,Maker,Johann Anton Gedler,"German, Würzburg 1725–1790 Füssen",ca. 1752–1800,1752,"Funds from various donors, 1953",Fussen,Chordophone-Lute-bowed-unfretted,http://www.metmuseum.org/art/collection/search/505322,
351262,False,Drawings and Prints,1972.0,Book,Le Porte-Feuilles Pratique du Tapissier Parisien,,Publisher|Printer|Designer|Designer|Designer,Désiré Guilmard|Lemercier & Cie.|Maison Bernier et Cie. -- G. Boyer Sr.|Maison C. Weber|Maison H. Faguer,"French, died Paris, ca. 1889|French, Paris| | |",19th century,1800,"Rogers Fund, 1917, transferred from the Library",Paris,Books,http://www.metmuseum.org/art/collection/search/351262,
23146,True,Arms and Armor,1929.0,Breastplate,Breastplate,"Austrian, Innsbruck",Armorer,Hans Prunner,"Austrian, Innsbruck, died before 1503",ca. 1485–95,1460,"Bashford Dean Memorial Collection, Bequest of Bashford Dean, 1928",Innsbruck,Armor Parts-Breastplates,http://www.metmuseum.org/art/collection/search/23146,
431212,False,Drawings and Prints,1933.0,Print collection ornament & architecture,"Frontispiece, from Alcôves, plate 1, bound in Oeuvres. Vol. I",,Artist|Publisher,Jean Le Pautre|Jean I Leblond,"French, Paris 1618–1682 Paris|French, ca. 1590–1666 Paris",17th century,1633,"Harris Brisbane Dick Fund, 1933",Paris,Prints|Ornament & Architecture,http://www.metmuseum.org/art/collection/search/431212,
729868,False,Drawings and Prints,1991.0,Book Prints Ornamet & Architecture,"Papiers Peints et Tentures Modernes, Pl. 27, Papier peint, composition de Mme Raisin",,Publisher|Printer|Author|Artist,Ch. Massin & Cie.|Catala frères|Henri Clouzot|Mme Raisin,| |French|French,[1929],1929,"Rogers Fund, 1929, transferred from the Library",Paris,Books|Prints|Ornament & Architecture,http://www.metmuseum.org/art/collection/search/729868,
718130,False,The American Wing,2020.0,Vase,Vase with peacock feathers,American,Manufacturer|Designer,Rookwood Pottery Company|Sara Sax,"American, Cincinnati, Ohio 1880–1967|1870–1949",1913,1913,"Gift of Martin Eidelberg, 2020",Cincinnati,,http://www.metmuseum.org/art/collection/search/718130,
503271,True,Musical Instruments,1986,Clavichord,Clavichord,German,Maker,Christian Kintzing,"German, Neuwied 1707–1804 Neuwied",1763,1763,"Purchase, The Crosby Brown Collection of Musical Instruments, by exchange; Rogers Fund; The Barrington Foundation Inc. Gift; Gifts of Risa and David Bernstein, Carroll C., Beverly and Garry S. Bratman, Miss Alice Getty, and Erica D. White, by exchange; and funds from various donors, by exchange, 1986",Neuwied,Chordophone-Zither-struck-clavichord,http://www.metmuseum.org/art/collection/search/503271,Men|Women|Landscapes
8476,True,The American Wing,1923.0,Spoon,Tea Spoon,American,Maker,Daniel Van Voorhis,1751–1824,1775–1800,1775,"Gift of Mr. and Mrs. William A. Moore, 1923",New York,,http://www.metmuseum.org/art/collection/search/8476,
345283,False,Drawings and Prints,1937.0,Book,Recueil D'Ornemens et Fleurs,,Designer|Publisher|Dedicatee,Pierre Edmé Babel|François|Monsieur Dumarest,"French, Paris 1720–1775 Paris|Paris|French",1735–75,1735,"Harris Brisbane Dick Fund, 1937",Paris,Books,http://www.metmuseum.org/art/collection/search/345283,
626543,False,Drawings and Prints,1958.0,Print ornament & architecture,"Pax, from Deorum Dearumque Capita : ex vetustis numismatibus in gratiam antiquitatis studiosorum effigiata et edita",,Publisher|Artist|Artist|Artist,Philips Galle|Johannes van Doetecum I|Lucas van Doetecum|Gerard van Groeningen,"Netherlandish, Haarlem 1537–1612 Antwerp|Netherlandish, 1528/32–1605|Netherlandish, active 1554–72, died before 1589|Netherlandish, active Antwerp, 1563–73",1573,1573,"The Elisha Whittelsey Collection, The Elisha Whittelsey Fund, 1958",Antwerp,Prints|Ornament & Architecture,http://www.metmuseum.org/art/collection/search/626543,
317195,False,"Arts of Africa, Oceania, and the Americas",1999.0,Mantle,Mantle (Lamba Mpanjakas),Merina peoples,Artist,Martin Rakotoarimanana,"born Madagascar (Malagasy),1963",1998,1998,"Purchase, Rogers Fund and William B. Goldstein Gift, 1999",Imerina village,Textiles-Woven,http://www.metmuseum.org/art/collection/search/317195,
358090,False,Drawings and Prints,1923.0,Book,Tractato bellissimo & deuoto composto da Ugo Pariera...,,Publisher|Author,Lorenzo da Morgiani and Giovanni Thedesco da Maganza|Ugo Panthiera,"Italian, active 15th century|",1492,1492,"Harris Brisbane Dick Fund, 1923",Florence,Books,http://www.metmuseum.org/art/collection/search/358090,
390599,True,Drawings and Prints,1920.0,Drawing Ornament and Architecture,"Library Tables, from Chippendale Drawings, Vol. II",,Artist,Thomas Chippendale,"British, baptised Otley, West Yorkshire 1718–1779 London",1759,1759,"Rogers Fund, 1920",London,Drawings|Ornament & Architecture,http://www.metmuseum.org/art/collection/search/390599,Tables
418716,False,Drawings and Prints,1928.0,Prints Collection Ornament and Architecture,Palazzo Farnese,,Draftsman|Publisher|Architect|Artist|Artist,"Pietro Ferrerio|Giovanni Giacomo De Rossi|Antonio da Sangallo, the Younger|Michelangelo Buonarroti|Jacopo [Giacomo] Barozzi da Vignola","Italian, Rome 1600–1654 Rome|Italian, Rome 1627–1691 Rome|Italian, Florence 1484–1546 Terni|Italian, Caprese 1475–1564 Rome|Italian, Vignola 1507–1573 Rome",1655,1655,"Harris Brisbane Dick Fund, 1928",Cologne,Prints|Ornament & Architecture,http://www.metmuseum.org/art/collection/search/418716,
433844,False,Drawings and Prints,1953.0,Print collection ornament & architecture,"Large ceiling design with an Assembly of the Gods receiving Hercules, from Deux plafonds, plate 1",,Artist|Publisher,Jean Le Pautre|Jean I Leblond,"French, Paris 1618–1682 Paris|French, ca. 1590–1666 Paris",17th century,1633,"Harris Brisbane Dick Fund, 1953",Paris,Prints|Ornament & Architecture,http://www.metmuseum.org/art/collection/search/433844,
663233,False,Drawings and Prints,1939.0,Books Prints Ornament & Architecture,"Ornemens et Fleurs pour la Broderie, page 4",,Designer|Publisher,Paul Androuet Ducerceau|Nicolas Langlois,"French, 1623–1710|French, Paris 1640–1703",1690,1690,"Harris Brisbane Dick Fund, 1939",Paris,Books|Prints|Ornament & Architecture,http://www.metmuseum.org/art/collection/search/663233,
358139,False,Drawings and Prints,1937.0,Book,Paradossi Per Pratticare La Prospettiva Senza Saperla...,,Author|Publisher,Giulio Troili|Gioseffo Longhi,"Italian, 1613?–after 1683|Italian, 1620–1691",1683,1683,"Harris Brisbane Dick Fund, 1937",Bologna,Books,http://www.metmuseum.org/art/collection/search/358139,
687744,False,"Arts of Africa, Oceania, and the Americas",2015.0,Negative,Chief in top hat surrounded by women and children,,Photographer,Alex Agbaglo Acolatse,"Togolese, Kedzi 1880–1975 Lomé",1909(?),1909,"Gift of Susan Mullin Vogel, 2015",Lomé,Negatives|Glass,http://www.metmuseum.org/art/collection/search/687744,Children|Women|Men
34812,True,Arms and Armor,2006.0,Engravings,Nouveaux Ornemens D'Arquebuseries,"French, Paris",Engraver,Gilles Demarteau,"French, Liège 1722–1776 Paris",ca. 1750–55,1725,"Purchase, Gift of Russell B. Aitken, by exchange, 2006",Paris,Works on Paper-Prints,http://www.metmuseum.org/art/collection/search/34812,Ornament
382025,False,Drawings and Prints,1962.0,Book,XI (-XII) Cahier d'Ornement. Pour la Boiserie d'Appartement,,Engraver|Artist|Publisher,Jacques Juillet|Pierre Ranson|La Veuve Avaulez,"French, 1739–last cited 1784|French, Paris 1736–1786 Paris|",[about 1770s],1760,"The Elisha Whittelsey Collection, The Elisha Whittelsey Fund, 1962",Paris,Books,http://www.metmuseum.org/art/collection/search/382025,
370871,False,Drawings and Prints,1934.0,Album Print Ornament & Architecture,"Two Armorial Trophies marked by the inclusion of a Greave in the right Trophy, plate 5 from ""Libro de' Trofei""",,Engraver|Former Attribution|Publisher|Artist,"Anonymous, Italian, 16th century|Enea Vico|Antonio Lafreri|Polidoro da Caravaggio","|Italian, Parma 1523–1567 Ferrara|French, Orgelet, Franche-Comte ca. 1512–1577 Rome|Italian, Caravaggio ca. 1499–ca. 1543 Messina",ca. 1550–53,1545,"Harris Brisbane Dick Fund, 1934",Rome,Prints|Ornament & Architecture|Albums,http://www.metmuseum.org/art/collection/search/370871,
789185,True,Drawings and Prints,1959.0,Print,Domestic Arrangements in Prison,,Publisher|Printer|Author|Artist,"Rudolph Ackermann, London|William Clowes|Oliver Goldsmith|Thomas Rowlandson","British, active 1794–1829|London|Irish, Pallas, Longford ca. 1728–1774 London|British, London 1757–1827 London","May 1, 1817",1817,"The Elisha Whittelsey Collection, The Elisha Whittelsey Fund, 1959",London,Prints,http://www.metmuseum.org/art/collection/search/789185,Prisons|Children|Men|Women
734021,False,Drawings and Prints,1920.0,"Book
Ornament and architecture
Print","Details of Architectural Orders, after Veneziano and others",,Artist|Artist,Jacques Androuet Du Cerceau|Antonio Veneziano,"French, Paris 1510/12–1585 Annecy|Italian, active 1509–1536",1550,1550,"Rogers Fund, 1920",Orleans,Books|Ornament & Architecture|Prints,http://www.metmuseum.org/art/collection/search/734021,
630073,False,Drawings and Prints,1945.0,Print,"Frontispiece depicting a View of Bologna, from Di Bologna l'Arti per via D'An.ibal' Ca.rac, plate 1",,Artist|Artist|Publisher|Printer,Giuseppe Maria Mitelli|Annibale Carracci|Giovanni Giacomo De Rossi|La Calcografia Camerale,"Italian, Bologna (?) 1634–1718 Bologna|Italian, Bologna 1560–1609 Rome|Italian, Rome 1627–1691 Rome|",printed 1740,1740,"Harris Brisbane Dick Fund, 1945",Rome,Prints,http://www.metmuseum.org/art/collection/search/630073,
336325,False,Drawings and Prints,1975.0,Book,"Correspondances, Paris, Tériade, 1944",,Artist|Publisher,Pierre Bonnard|Tériade,"French, Fontenay-aux-Roses 1867–1947 Le Cannet|",1944,1944,"The Elisha Whittelsey Collection, The Elisha Whittelsey Fund, 1975",Paris,Books,http://www.metmuseum.org/art/collection/search/336325,
778084,False,Drawings and Prints,1949.0,Print,The wedding feast at Cana in Galilee,,Artist|Artist,Giovanni Volpato|Jacopo Tintoretto (Jacopo Robusti),"Italian, Bassano 1732–1803 Rome|Italian, Venice 1518/19–1594 Venice",1772,1772,"The Elisha Whittelsey Collection, The Elisha Whittelsey Fund, 1949",Venice,Prints,http://www.metmuseum.org/art/collection/search/778084,
348163,False,Drawings and Prints,1972.0,Book,The Salt Herring,,Author|Translator|Illustrator|Publisher,"Charles Cros|Alphonse Allais|Edward Gorey|Gotham Book Mart & Gallery, Inc.","French, 1842–1888|French, 1854–1905|American, Chicago 1925–2000 Cape Cod|New York, NY",1971,1971,"John B. Turner Fund, 1972",New York,Books,http://www.metmuseum.org/art/collection/search/348163,
9828,False,The American Wing,1966.0,Window seat,Window Seat,American,Maker|Maker,Duncan Phyfe & Sons|Duncan Phyfe,"1837–1840, active New York|American (born Scotland), near Lock Fannich, Ross-Shire, Scotland 1768/1770–1854 New York",ca. 1837,1832,"Purchase, L. E. Katzenbach Fund Gift, 1966",New York,,http://www.metmuseum.org/art/collection/search/9828,
14072,True,The American Wing,1957.0,Sampler,Embroidered sampler,American,Maker,Elizabeth Coons,born ca. 1828,1840,1840,Bequest of Mabel Herbert Harper,Halfmoon,,http://www.metmuseum.org/art/collection/search/14072,
345451,False,Drawings and Prints,1935.0,Book,"The Country-mans Recreation or the Art of Planting, Grafting and Gardening in three Books.",,Printer|Author,T. Mabb|Thomas Barker,"|British, active 1650s",1654,1654,"Harris Brisbane Dick Fund, 1935",London,Books,http://www.metmuseum.org/art/collection/search/345451,
345314,False,Drawings and Prints,1981.0,Book,"New Pocket Valentine Writer For the Present Year; Adapted to all Trades, Professions, &c., With Answers Favourable and Unfavourable",,Printer,J. Bailey,London,1808–24,1808,"Gift of Mrs. Richard Riddell, 1981",London,Books,http://www.metmuseum.org/art/collection/search/345314,
742628,False,Drawings and Prints,1959.0,Print Ornament & Architecture,Archaeological Plate from Collection for Book Illustrations with a Neoclassical Subject,,Artist,"Anonymous, French, 18th century",,18th century,1700,"Gift of Georges Selz, 1959",Leipzig,Prints|Ornament & Architecture,http://www.metmuseum.org/art/collection/search/742628,
344232,False,Drawings and Prints,1949.0,Book,Theatre d'Amour,,Artist,Crispijn de Passe the Elder,"Netherlandish, Arnemuiden 1564–1637 Utrecht",ca. 1606,1601,"The Elisha Whittelsey Collection, The Elisha Whittelsey Fund, 1949","no place, no date",Books,http://www.metmuseum.org/art/collection/search/344232,
356707,False,Drawings and Prints,1925.0,Book,Sermone della oratione,,Author,Girolamo Savonarola,"Italian, 1452–1498",ca. 1490–1500,1485,"Harris Brisbane Dick Fund, 1925",Florence,Books,http://www.metmuseum.org/art/collection/search/356707,
334215,False,Drawings and Prints,1960.0,Book ; Ornament and architecture,"Church Vestments: their origin, use, and ornament",,Lithographer|Printer|Publisher|Author|Printer,"Edwin Thomas Dolby|William Clowes and Sons|Chapman and Hall|Anastasia Dolby|M. & N. Hanhart, London","British, active 1849–95|London|London|British, 19th century|",1868,1868,"The Elisha Whittelsey Collection, The Elisha Whittelsey Fund, 1960",London,Books|Ornament & Architecture,http://www.metmuseum.org/art/collection/search/334215,
452652,true,Islamic Art,1974.0,Folio from an illustrated manuscript,"""Isfandiyar's Fourth Course: He Slays a Sorceress"", Folio from a Shahnama (Book of Kings) of Firdausi",,Author,Abu'l Qasim Firdausi,"Iranian, Paj ca. 940/41–1020 Tus",ca. 1330–40,1305,"Bequest of Monroe C. Gutman, 1974",probably Isfahan,Codices,http://www.metmuseum.org/art/collection/search/452652,Ducks|Men|Women|Lutes|Horses
727097,False,Drawings and Prints,1991.0,Book Prints Ornaments & Architecture,"Prismes: 40 Planches de Dessins et Coloris Nouveaux, Pl. 38",,Publisher|Designer,Editions d'Art Charles Moreau|Emile-Allain Séguy,"French|French, 1877–1951",[ca. 1930],1925,"Jane E. Andrews Fund, in memory of William Loring Andrews, 1933, transferred from the Library",Paris,Books|Prints|Ornament & Architecture,http://www.metmuseum.org/art/collection/search/727097,
434964,False,Drawings and Prints,1929.0,Print collection ornament & architecture,"Two variants for tables and mirrors with Boreas and Orithiya on the mirror, from Livre de miroirs, tables, et guéridons, plate 6",,Artist|Publisher,Jean Le Pautre|Jean Le Pautre,"French, Paris 1618–1682 Paris|French, Paris 1618–1682 Paris",17th century,1633,"Harris Brisbane Dick Fund, 1929",Paris,Prints|Ornament & Architecture,http://www.metmuseum.org/art/collection/search/434964,
655924,False,Drawings and Prints,1947.0,Print ; book,"Lion & Tiger, after Stubbs",,Publisher|Etcher|Artist|Artist,Henry G. Bohn|Thomas Landseer|Edgar Ashe Spilsbury|George Stubbs,"|British, London 1795–1880 London|British, active 1800–40|British, Liverpool 1724–1806 London",1853,1853,"Harris Brisbane Dick Fund, 1947",London,Prints|Books,http://www.metmuseum.org/art/collection/search/655924,
628925,False,Drawings and Prints,1948.0,Print ornament & architecture,"Cartouche with two monkeys at bottom center, from Strapwork Cartouches with Grotesques, plate 3",,Artist|Publisher,Hans Vredeman de Vries|Hieronymus Cock,"Netherlandish, Leeuwarden 1527–1606 (?)  Antwerp (?)|Netherlandish, Antwerp ca. 1510–1570 Antwerp",ca. 1555–70,1550,"The Elisha Whittelsey Collection, The Elisha Whittelsey Fund, 1948",Antwerp,Prints|Ornament & Architecture,http://www.metmuseum.org/art/collection/search/628925,
736310,True,Drawings and Prints,1959.0,Print,"Country Cart Horses, from A New Book of Horses and Carriages",,Publisher|Artist,Elizabeth Jackson|Thomas Rowlandson,"British, active 1785–87|British, London 1757–1827 London",1784,1784,"The Elisha Whittelsey Collection, The Elisha Whittelsey Fund, 1959",London,Prints,http://www.metmuseum.org/art/collection/search/736310,Horses|Carriages
716890,False,The American Wing,2019.0,Vase,Vase,American,Maker,Adelaide Alsop Robineau,"American, Middletown, Connecticut, 1865–1929 Syracuse, New York",1905,1905,"Gift of Martin Eidelberg, 2019",Syracuse,,http://www.metmuseum.org/art/collection/search/716890,
345613,False,Drawings and Prints,1986.0,Book,A Little Book of Natural History,,Engraver,Leonard Baskin,"American, New Brunswick, New Jersey 1922–2000 Northampton, Massachusetts",1951,1951,"Gift of David A. Prager, 1986",Worcester,Books,http://www.metmuseum.org/art/collection/search/345613,
897165,False,Drawings and Prints,1924,Print,"Commodore Hopkins, Commander in Chief of the American Fleet",,Sitter|Engraver|Publisher,"Commodore Esek Hopkins|Anonymous, British, 18th century|Thomas Hart","American, 1718–1802| |British, active London ca. 1776","August 22, 1776",1776,"Bequest of Charles Allen Munn, 1924",Augsburg,Prints,http://www.metmuseum.org/art/collection/search/897165,
8116,True,The American Wing,1947.O,Spoon,Table Spoon,American,Maker,Henry Pratt,1709–1749,ca. 1725,1722,"Gift of Angelica Livingston, 1947",Philadelphia,,http://www.metmuseum.org/art/collection/search/8116,
852644,false,The Libraries,,,"Collection of exhibition announcement, invitation, and broadside to the International Surrealist Exhibition, New Burlington Galleries, 1936",,Publisher,New Burlington Galleries,,1936,1936,Gift of Friends of the Thomas J. Watson Library,London,,http://www.metmuseum.org/art/collection/search/852644,
3527,False,The American Wing,1973.0,Elevator grille,Elevator grille from the Chicago Stock Exchange Building,American,Maker|Maker,Louis Henry Sullivan|Dankmar Adler,"American, Boston, Massachusetts 1856–1924 Chicago, Illinois|American, 1844–1900",ca. 1893,1890,"Purchase, Emily Crane Chadbourne Bequest, 1973",Chicago,,http://www.metmuseum.org/art/collection/search/3527,
823331,False,The American Wing,2020.0,Bowl,Shallow bowl,American,Designer|Designer|Manufacturer,Gale Turnbull|Rockwell Kent|Vernon Kilns,"American, 1889–1962|American, Tarrytown, New York 1882–1971 Plattsburgh, New York|Vernon, California, 1931–1958",1939,1939,"Gift of Martin Eidelberg, 2020",Vernon,,http://www.metmuseum.org/art/collection/search/823331,
690562,False,Drawings and Prints,1952.0,Book,"Vue de l'Eglise de St Ignace, from Les Plus Beaux Edifices de Rome Moderne, ou Recueil des plus belles vues des principales eglises, places, palais, fontaines etc. qui sont dans Rome",,Printer|Publisher|Artist,Komarek|Bouchard & Gravier|Jean Barbault,"|Rome|French, Viarmes 1718–1762 Rome",1763,1763,"Rogers Fund, 1952",Rome,Books,http://www.metmuseum.org/art/collection/search/690562,
348479,False,Drawings and Prints,1952.0,Book,William Deering and Co. Harvesting Machinery,,Author,"William Deering & Co., Manufacturers of Harvesting Machinery","Chicago, Illinois",after 1886,1886,"The Elisha Whittelsey Collection, The Elisha Whittelsey Fund, 1952",Chicago,Books,http://www.metmuseum.org/art/collection/search/348479,
345623,False,Drawings and Prints,1958.0,Book,Vedute Pittoresche della Città di Bologna,,Artist,Antonio Basoli,"Italian, Castel Guelfo di Bologna 1774–1843 Bologna",1833,1833,"Rogers, Harris Brisbane Dick, and The Elisha Whittelsey Funds; and Gift of John Sise, by exchange, 1958",Bologna,Books,http://www.metmuseum.org/art/collection/search/345623,
788977,True,Drawings and Prints,1917.0,Print,"Plate 4: A Lying-in Visit, A Round Dance, from ""World in Miniature""",,Artist|Publisher,"Thomas Rowlandson|Rudolph Ackermann, London","British, London 1757–1827 London|British, active 1794–1829",1816,1816,"Rogers Fund, 1917",London,Prints,http://www.metmuseum.org/art/collection/search/788977,Infants|Men|Women|Dancing|Boats
4660,True,The American Wing,1941.0,Ladle,Ladle,American,Maker,Samuel Edwards,1705–1762,1745–60,1745,"Rogers Fund, 1941",Boston,,http://www.metmuseum.org/art/collection/search/4660,
24892,True,Arms and Armor,1983.0,Percussion revolver with case and accessories,"Cased Colt Model 1860 Army Percussion Revolver, Serial no. 7569, with Accessories","American, Hartford, Connecticut",Manufacturer,Samuel Colt,"American, Hartford, Connecticut 1814–1862",1861,1861,"Gift of Mr. and Mrs. Jerry D. Berger, 1983",Hartford,Firearms-Pistols-Revolvers,http://www.metmuseum.org/art/collection/search/24892,
503477,True,Musical Instruments,1997,Clarinet in B-flat,Clarinet in B-flat,British,Maker,Clementi & Co.,"British, London 1798–1828",ca. 1805,1795,"Gift of William J. Maynard, 1997",London,Aerophone-Reed Vibrated-single reed cylindrical,http://www.metmuseum.org/art/collection/search/503477,
8230,True,The American Wing,1924.0,Tankard,Tankard,American,Maker,Jacob Marius Groen,"American,  Holland 1678 –1750 New York",1700–1730,1700,"Bequest of Charles Allen Munn, 1924",New York,,http://www.metmuseum.org/art/collection/search/8230,
219,True,The American Wing,1981.0,Armchair,Armchair,American,Maker,"J. S. Ford, Johnson and Company","American, 1867–1902",ca. 1904,1901,"Purchase, Mr. and Mrs. David Lubart Gift, in memory of Katherine J. Lubart, 1944–1975, 1981",Chicago,,http://www.metmuseum.org/art/collection/search/219,
19111,False,The American Wing,1987.0,Drawing,Design Drawing for Adams Vase,American,Artist,Tiffany & Co.,1837–present,possibly ca. 1893,1890,"Gift of Tiffany and Co., 1987",New York,,http://www.metmuseum.org/art/collection/search/19111,Vases
13516,False,The American Wing,1990.0,Pen brush,Pen Brush,American,Designer|Maker,Louis C. Tiffany|Tiffany Studios,"American, New York 1848–1933 New York|1902–32",ca. 1905–20,1902,"Gift of Estate of John F. Scharffenberger, 1990",New York,,http://www.metmuseum.org/art/collection/search/13516,Animals
661853,True,Drawings and Prints,1918.0,Books Prints Ornament & Architecture,"Corona delle Nobili et Virtuose Donne: Libro I-IV, page 50 (recto)",,Publisher,Cesare Vecellio,"Italian, Pieve di Cadore 1521–1601 Venice",1601,1601,"Rogers Fund, 1918",Venice,Books|Prints|Ornament & Architecture,http://www.metmuseum.org/art/collection/search/661853,Ornament
729873,False,Drawings and Prints,1991.0,Book Prints Ornamet & Architecture,"Papiers Peints et Tentures Modernes, Pl. 32, Papier peint ""Mon chapeau s’envole"", composition de Robert Mahias",,Publisher|Printer|Author|Artist,Ch. Massin & Cie.|Catala frères|Henri Clouzot|Robert Mahias,| |French|,[1929],1929,"Rogers Fund, 1929, transferred from the Library",Paris,Books|Prints|Ornament & Architecture,http://www.metmuseum.org/art/collection/search/729873,
418799,False,Drawings and Prints,1928.0,Prints Collection Ornament and Architecture,Palazzo del Duca di Ceri (Palazzo Poli),,Draftsman|Publisher|Architect,Pietro Ferrerio|Giovanni Giacomo De Rossi|Martino Longhi Il Vecchio,"Italian, Rome 1600–1654 Rome|Italian, Rome 1627–1691 Rome|Italian, Viggiù 1534–1591 Rome",1655,1655,"Harris Brisbane Dick Fund, 1928",Cologne,Prints|Ornament & Architecture,http://www.metmuseum.org/art/collection/search/418799,
347043,False,Drawings and Prints,1945.0,Book,Elementi d'Architettura,,Architect,Nicolino Calepio,"Italian, 18th century",1784,1784,"Harris Brisbane Dick Fund, 1945",Bergamo,Books,http://www.metmuseum.org/art/collection/search/347043,
412552,False,Drawings and Prints,1968.0,Portfolio,"Plate 5 from Sonia Delaunay: ses peintures, ses objets, ses tissus simultanés, ses modes",,Artist|Publisher,Sonia Delaunay|Librairie des Arts Décoratifs,"French (born Ukraine), Gradizhsk 1885–1979 Paris|",[1925],1925,"The Elisha Whittelsey Collection, The Elisha Whittelsey Fund, 1968",Paris,Portfolios,http://www.metmuseum.org/art/collection/search/412552,Women|Fashion
6834,True,The American Wing,1943.0,Quart mug,Quart Mug,American,Maker,Joseph Danforth,1758–1788,1780–88,1780,"Gift of Joseph France, 1943",Middletown,,http://www.metmuseum.org/art/collection/search/6834,
356838,False,Drawings and Prints,1960.0,Book,Ausgab seines vorhabenden wercks,,Designer|Publisher,Johann Jakob Schübler|Jeremias Wolff,"German, Nuremberg 1689–1741 Nuremberg|German, 1663–1724",n.d.,1700,"The Elisha Whittelsey Collection, The Elisha Whittelsey Fund, 1960",Augsburg,Books,http://www.metmuseum.org/art/collection/search/356838,
449689,true,Islamic Art,1940.0,Folio from an illustrated manuscript,"""Sultan Listening to a Man Reading from a Manuscript"", Folio from a Manuscript by Mir Ali Shir Nava'i",,Author,Mir Ali Shir Nava'i,"present-day Afghanistan, Herat 1441–1501 Herat",early 16th century,1500,"Samuel D. Lee Fund, 1940",Bukhara,Codices,http://www.metmuseum.org/art/collection/search/449689,Men|Reading|Trees
347344,False,Drawings and Prints,1957.0,Book,"Scientific Amusements; for The Old and The Young, The Grave and The Gay; Part I and II",,Author,C. C. Chapman,"American, mid-19th century",1844,1844,"The Elisha Whittelsey Collection, The Elisha Whittelsey Fund, 1957",Philadelphia,Books,http://www.metmuseum.org/art/collection/search/347344,
4596,True,The American Wing,1969.0,Teakettle,Teakettle,American,Retailer|Maker,"Ball, Tompkins and Black|John C. Moore",active 1839–51|ca. 1802–1874,1850,1850,"Gift of Mrs. F. R. Lefferts, 1969",New York,,http://www.metmuseum.org/art/collection/search/4596,Eagles|Grapes|Men
626999,False,Drawings and Prints,1937.0,Print ornament & architecture,"Two gable tops, one above the other, each with a variant for the right half, and two spandrels, plate 10, from Das ander Buech Gemacht auff die zway Colonnen, Corinthia und Composita",,Artist|Artist|Artist|Publisher|Publisher,Hans Vredeman de Vries|Johannes van Doetecum I|Lucas van Doetecum|Hieronymus Cock|Volcxken Dierix,"Netherlandish, Leeuwarden 1527–1606 (?)  Antwerp (?)|Netherlandish, 1528/32–1605|Netherlandish, active 1554–72, died before 1589|Netherlandish, Antwerp ca. 1510–1570 Antwerp|Netherlandish, active Antwerp, second half 16th century",,1565,"Gift of John Sise, 1937",Antwerp,Prints|Ornament & Architecture,http://www.metmuseum.org/art/collection/search/626999,
431174,False,Drawings and Prints,1933.0,Print collection ornament & architecture,"Title Page depicting two variants for a table with a man seated, reading at right, from Livre de miroirs, tables, et guéridons, plate 1, bound in Oeuvres. Vol. I",,Artist|Publisher,Jean Le Pautre|Jean Le Pautre,"French, Paris 1618–1682 Paris|French, Paris 1618–1682 Paris",17th century,1633,"Harris Brisbane Dick Fund, 1933",Paris,Prints|Ornament & Architecture,http://www.metmuseum.org/art/collection/search/431174,
20741,True,The American Wing,2011.0,Pitcher,Pitcher,American,Maker|Designer,Norwich Pottery|Sidney Risley,|ca. 1814–1875,1845–75,1845,"Gift of Emma and Jay Lewis, 2011",Norwich,,http://www.metmuseum.org/art/collection/search/20741,
433531,False,Drawings and Prints,1949.0,Print,"A cavalryman firing a gun, from The Riding School or Exercise of Cavalry",,Publisher|Artist|Artist,Clement de Jonghe|Jacques de Gheyn II|Jacques de Gheyn II,"Dutch, Brunsbüttel (Landkreis Dithmarschen) 1624/1625–1677 Amsterdam|Netherlandish, Antwerp 1565–1629 The Hague|Netherlandish, Antwerp 1565–1629 The Hague",,1652,"The Elisha Whittelsey Collection, The Elisha Whittelsey Fund, 1949",Amsterdam,Prints,http://www.metmuseum.org/art/collection/search/433531,
726424,False,Drawings and Prints,1991.0,Book Prints Ornament & Architecture,"Studio d'Arts Décoratifs..., Pl. 7, Dessins de fantaisie d’un caractère ultra-moderne",,Designer|Publisher|Publisher,Nicolas Sorokine|Armand Guérinet|Librairie d'Architecture et d'Art Décoratif,"|French, active ca. 1890–1920|",n.d. (1930s?),1920,"Rogers Fund, 1925, transferred from the Library",Paris,Books|Prints|Ornament & Architecture,http://www.metmuseum.org/art/collection/search/726424,
690648,False,Drawings and Prints,1952.0,Book,"Vuë de la Place de Montecavallo, from Les Plus Beaux Edifices de Rome Moderne, ou Recueil des plus belles vues des principales eglises, places, palais, fontaines etc. qui sont dans Rome",,Artist|Printer|Publisher|Artist,"Jean Barbault|Komarek|Bouchard & Gravier|Giraud, Paris","French, Viarmes 1718–1762 Rome| |Rome|",1763,1763,"Rogers Fund, 1952",Rome,Books,http://www.metmuseum.org/art/collection/search/690648,
377544,False,Drawings and Prints,1985.0,Print,Advertising Card for a Candleholder: No. 17 Chinese,,Publisher,Charles Rohlfs,"American, Brooklyn, New York 1853–1936 Buffalo, New York",1907,1907,"Gift of Robert Judson Clark, 1985",Buffalo,Prints,http://www.metmuseum.org/art/collection/search/377544,
2949,True,The American Wing,1940.0,Cup plate,Cup Plate,American,Maker,Boston & Sandwich Glass Company,"American, 1825–1888, Sandwich, Massachusetts",19th century,1800,"Bequest of Constance R. Brown, 1939",Sandwich,,http://www.metmuseum.org/art/collection/search/2949,Lyres|Arrows
646921,False,Drawings and Prints,1958.0,Print,"Chapel and Tomb of Mary, Queen of Scots, Westminster Abbey",,Subject|Artist|Publisher,"Mary, Queen of Scots|Auguste Ballin|Alfred Cadart","British, Linlithgow 1542–1587 Fotheringhay|French, Boulogne-sur-Mer 1842–1909|French, 1825–1875",1874,1874,"Gift of Susan Dwight Bliss, 1958",Paris,Prints,http://www.metmuseum.org/art/collection/search/646921,Tombs|Interiors|Chapels|Mary Queen of Scots
346249,False,Drawings and Prints,1949.0,Book,Theatrum Temporaneum Aeternitati Caesaris Montii,,Author|Designer,Octavio Boldoni|Giovanni Paolo Bianchi,"|Italian, active 17th century",1636,1636,"The Elisha Whittelsey Collection, The Elisha Whittelsey Fund, 1949",Milan,Books,http://www.metmuseum.org/art/collection/search/346249,
381691,False,Drawings and Prints,1972.0,Print,"Perspective of Como Orchard Summer Colony, Darby, Montana",,Architect|Publisher|Draftsman,Frank Lloyd Wright|Ernst Wasmuth|Marion Mahony Griffin,"American, Richland Center, Wisconsin 1867–1959 Phoenix, Arizona|Berlin|American, 1871–1962",1910,1910,"Purchase, Emily Crane Chadbourne Bequest, 1972",Berlin,Prints,http://www.metmuseum.org/art/collection/search/381691,
2677,False,The American Wing,1946.0,Cream pot,Creamer,American,Maker,James Gillinder and Sons,"American, 1861–ca. 1930",before 1876,1866,"Gift of Mrs. Emily Winthrop Miles, 1946",Philadelphia|Greensburg,,http://www.metmuseum.org/art/collection/search/2677,
2243,True,The American Wing,1969.0,Condiment dish,Condiment Dish,American,Maker,Union Porcelain Works,1863–1922,1885,1885,"Gift of Mr. and Mrs. Franklin Chace, 1969",Brooklyn,,http://www.metmuseum.org/art/collection/search/2243,
811186,false,The Libraries,,,"Art by telephone : an exhibition organized by the Museum of Contemporary Art under the sponsorship of the American National Bank and Trust Company of Chicago, November 1 to December 14, 1969",,Publisher|Author,"Museum of Contemporary Art, Chicago|Jan van der Marck",|,1969,1969,,Chicago,,http://www.metmuseum.org/art/collection/search/811186,
684353,True,The American Wing,2015.0,Decanter,Decanter,American,Maker,Brooklyn Flint Glass Company,"American, Brooklyn, New York, 1824–1868",ca. 1855,1850,"Purchase, Bequest of Emma A. Sheafer, by exchange, 2015",New York,,http://www.metmuseum.org/art/collection/search/684353,
9969,False,The American Wing,1972.0,Wine glass,Wine glass,American,Manufacturer,Jersey Glass Company of George Dummer,1824–1862,ca. 1824–40,1824,"Gift of Berry B. Tracy, 1972",Jersey City,,http://www.metmuseum.org/art/collection/search/9969,
698419,False,Drawings and Prints,1921.0,Book,"Frontispiece to the Images from the New Testament after Raphael 'Imagines Veteris Ac Novi Testamenti A Raphaele Sanctio Urbinate in Vaticani Palatii Xystis'. Oval portrait of Raphael, crowned with a laurel wreath by Fame, below three allegorical figures personifying the Arts support a tablet with the epigraph of Raphael",,Artist|Publisher|Artist,Carlo Maratti|Giovanni Giacomo De Rossi|Pietro Aquila,"Italian, Camerano 1625–1713 Rome|Italian, Rome 1627–1691 Rome|Italian, Marsala, Sicily 1650–1692/1700 Rome",1675,1675,"Museum Accession, transferred from the Library",Rome,Books,http://www.metmuseum.org/art/collection/search/698419,
19444,True,The American Wing,2007.0,Sampler,Embroidered sampler,American,Maker,Margaret Cassady,,1826,1826,"Purchase, Mr. and Mrs. William Mitchell Jennings Jr. Gift, 2007","Washington, DC",,http://www.metmuseum.org/art/collection/search/19444,Houses|Animals
20063,True,The American Wing,2018.0,Vase,Vase,American,Manufacturer|Designer,Chelsea Keramic Art Works|Hugh C. Robertson,1872–1889|1844–1908,ca. 1882–89,1879,"Gift of Robert A. Ellison Jr., 2018",Chelsea,,http://www.metmuseum.org/art/collection/search/20063,
760481,False,Drawings and Prints,1931.0,Book Print Ornament and Architecture,"Plate 92: Landskip, from ""A New Book of Chinese Designs""",,Artist and publisher|Artist and publisher,George Edwards|Matthew Darly,"British, Stratford 1694–1773 Plaistow|British, ca. 1720–1780 London",1754,1754,"Harris Brisbane Dick Fund, 1931",London,Ornament & Architecture|Books|Prints,http://www.metmuseum.org/art/collection/search/760481,
627099,False,Drawings and Prints,1937.0,Print ornament & architecture,"Two halves of rusticated arches and four consoles, plate 12, from Architectura 3e Stuck de oorden Tuschana",,Artist|Artist|Artist|Publisher,Hans Vredeman de Vries|Johannes van Doetecum I|Lucas van Doetecum|Volcxken Dierix,"Netherlandish, Leeuwarden 1527–1606 (?)  Antwerp (?)|Netherlandish, 1528/32–1605|Netherlandish, active 1554–72, died before 1589|Netherlandish, active Antwerp, second half 16th century",1578,1578,"Gift of John Sise, 1937",Antwerp,Prints|Ornament & Architecture,http://www.metmuseum.org/art/collection/search/627099,
348641,False,Drawings and Prints,1958.0,Book,Beschryving van Oud en Niew Rome (2),,Author|Designer|Designer|Engraver|Engraver|Publisher,François [Jacques] Desseine|Jan Goeree|Livinus Cruyel|Jan van Vianen|Lorenz Scherm|François Halma,"French|Dutch, Middelburg 1670–1731 Amsterdam|Flemish, ca. 1640–ca. 1720|Dutch, 1660–1726|Dutch, active 1619–1707|",1704,1704,"Gift of Helen and Janos Scholz, 1958",Amsterdam,Books,http://www.metmuseum.org/art/collection/search/348641,
349626,False,Drawings and Prints,1945.0,Book,Festival of Song: A Series of Evenings with the Poets,,Editor|Illustrator|Illustrator|Illustrator|Engraver,Frederick Saunders|Winslow Homer|William John Hennessy|Felix Octavius Carr Darley|Bobbett & Hooper,"American, 1807–1902|American, Boston, Massachusetts 1836–1910 Prouts Neck, Maine|Irish, Thomastown, Kilkenny 1839–1917 Rudgwick, Sussex|American, Philadelphia, Pennsylvania 1822–1888 Claymont, Delaware|New York, NY",1866,1866,"Gift of Sinclair Hamilton, 1945",New York,Books,http://www.metmuseum.org/art/collection/search/349626,
718156,False,The American Wing,2020.0,Vase,Vase with nude,American,Designer|Manufacturer,Anna Marie Valentien|Rookwood Pottery Company,"American, 1862–1947|American, Cincinnati, Ohio 1880–1967",1901,1901,"Gift of Martin Eidelberg, 2020",Cincinnati,,http://www.metmuseum.org/art/collection/search/718156,
344773,False,Drawings and Prints,1970.0,Book,"The Fairies, A Child's Song",,Author|Illustrator|Printer|Publisher,William Allingham|E. Gertrude Thomson|Thomas De La Rue and Company|Scribner and Welford,"Irish, Ballyshannon, Donegal 1824–1889 Hampstead, London|British, 19th century|London|New York, NY",[1883],1883,"Gift of Lincoln Kirstein, 1970",New York,Books,http://www.metmuseum.org/art/collection/search/344773,
435222,False,Drawings and Prints,1918.0,Print collection ornament & architecture,"Two variants for a bedroom with three figures at right, from Alcôves à la française, plate 5, in A Bound Collection of Print Series Including Cheminées et Lambris, Alcoves à la Romaine, Feuillages et autres ornemens..., etc.",,Artist|Publisher|Publisher,Jean Le Pautre|Charles Antoine Jombert|Nicolas Langlois,"French, Paris 1618–1682 Paris|French, 1712–1784|French, Paris 1640–1703",1751,1751,"Rogers Fund, 1918",Paris,Prints|Ornament & Architecture,http://www.metmuseum.org/art/collection/search/435222,
381719,False,Drawings and Prints,1972.0,Print,"Plan and perspective of house for Mrs. Aline Devin, Chicago, Illinois",,Architect|Publisher,Frank Lloyd Wright|Ernst Wasmuth,"American, Richland Center, Wisconsin 1867–1959 Phoenix, Arizona|Berlin",ca. 1922,1910,"Purchase, Emily Crane Chadbourne Bequest, 1972",Berlin,Prints,http://www.metmuseum.org/art/collection/search/381719,
889452,False,Drawings and Prints,1954,Print ; ephemera,"Satin badge: ""The Completion of the Croton Aqueduct Celebrated, New York, October 14, 1842",,Publisher,Waterman Lilly Ormsby,"American, Hampton, Connecticut 1809–1883 Brooklyn, New York",1842,1842,"The Edward W. C. Arnold Collection of New York Prints, Maps and Pictures, Bequest of Edward W. C. Arnold, 1954",New York,Prints|Ephemera,http://www.metmuseum.org/art/collection/search/889452,
348367,False,Drawings and Prints,1949.0,Book,Paradiso,,Author|Illustrator,Dante Alighieri|Bartolomeo Pinelli,"Italian, Florence ca. 1265–1321 Ravenna|Italian, Rome 1781–1835 Rome",1826,1826,"Gift of Janos Scholz, 1949",Rome,Books,http://www.metmuseum.org/art/collection/search/348367,
418758,False,Drawings and Prints,1928.0,Print Collection Ornament and Architecture,Verscheidene Schreinwercke,,Artist|Publisher|Artist,Hans Vredeman de Vries|Peter Overadt|Paul Vredeman de Vries,"Netherlandish, Leeuwarden 1527–1606 (?)  Antwerp (?)|German, active Cologne, ca. 1600–1649|Netherlandish,  Antwerp 1567–1630",1658,1658,"Harris Brisbane Dick Fund, 1928",Cologne,Prints|Ornament & Architecture,http://www.metmuseum.org/art/collection/search/418758,
432033,False,Drawings and Prints,1933.0,Print collection ornament & architecture,"Title Page depicting a panel of architecture flanked by two terms, one of which has the head of a Turk, from Termes, plate 1, bound in Oeuvres. Vol. II",,Artist|Publisher,Jean Le Pautre|Jean Le Pautre,"French, Paris 1618–1682 Paris|French, Paris 1618–1682 Paris",17th century,1633,"Harris Brisbane Dick Fund, 1933",Paris,Prints|Ornament & Architecture,http://www.metmuseum.org/art/collection/search/432033,
345895,False,Drawings and Prints,1955.0,Book,"Animal, Vegetable and South Kensington: A Book of Nicolas Bentley's Pictures",,Artist|Publisher|Printer,"Nicolas Clerihew Bentley|Methuen & Co., Ltd.|Kimble & Bradford","British, London 1907–1978 Bath|London|London",1940,1940,"Bequest of Helen W. D. Mileham, 1955",London,Books,http://www.metmuseum.org/art/collection/search/345895,
735021,False,Drawings and Prints,1948.0,"Book
Ornament and architecture
Print","View of a Temple, from Temples in the Ancient Style",,Artist,Jacques Androuet Du Cerceau,"French, Paris 1510/12–1585 Annecy",1550,1550,"The Elisha Whittelsey Collection, The Elisha Whittelsey Fund, 1948",Paris,Books|Ornament & Architecture|Prints,http://www.metmuseum.org/art/collection/search/735021,
502847,True,Musical Instruments,1889,Transverse Flute in D,Transverse Flute in D,French,Maker,Buhner & Keller,,ca. 1780–1837,1790,"The Crosby Brown Collection of Musical Instruments, 1889",Strasbourg,Aerophone-Blow Hole-side-blown flute (transverse),http://www.metmuseum.org/art/collection/search/502847,
14272,False,The American Wing,1991.0,Dessert dish,Dessert Dish,American,Maker,James Gillinder and Sons,"American, 1861–ca. 1930",ca. 1876–86,1873,"Bequest of Marguerite Raeder Laporte, 1991",Philadelphia,,http://www.metmuseum.org/art/collection/search/14272,
726849,False,Drawings and Prints,1991.0,Book Prints Ornaments & Architecture,"Prismes: 40 Planches de Dessins et Coloris Nouveaux, Pl. 3",,Publisher|Designer,Editions d'Art Charles Moreau|Emile-Allain Séguy,"French|French, 1877–1951",[ca. 1930],1925,"Jane E. Andrews Fund, in memory of William Loring Andrews, 1933, transferred from the Library",Paris,Books|Prints|Ornament & Architecture,http://www.metmuseum.org/art/collection/search/726849,
344612,False,Drawings and Prints,1941.0,Book ; Ornament and Architecture,A Parallel of the Ancient Architecture with the Modern...to which is added an account of Architects and Architecture...with Leon Baptista Alberti's Treatise of Statues,,Author|Translator|Printer|Publisher|Author|Author,Leon Battista Alberti|John Evelyn|Thomas Roycroft|John Place|John Evelyn|Roland Fréart Sieur de Chambray,"Italian, Genoa 1404–1472 Rome|British, 1620–1706 Wotton, Surrey|London|London|British, 1620–1706 Wotton, Surrey|French, 1606–1676",1664,1664,"Bequest of W. Gedney Beatty, 1941",London,Books|Ornament & Architecture,http://www.metmuseum.org/art/collection/search/344612,
7098,True,The American Wing,1933.0,Salver,Salver,American,Maker,Thomas Hamersley,1727–1781,ca. 1760,1750,"Bequest of Alphonso T. Clearwater, 1933",New York,,http://www.metmuseum.org/art/collection/search/7098,
736306,True,Drawings and Prints,1959.0,Print,"Drayhorses, Draymen & Malsters, from A New Book of Horses and Carriages",,Publisher|Artist,Elizabeth Jackson|Thomas Rowlandson,"British, active 1785–87|British, London 1757–1827 London",1784,1784,"The Elisha Whittelsey Collection, The Elisha Whittelsey Fund, 1959",London,Prints,http://www.metmuseum.org/art/collection/search/736306,Carts|Men|Dogs|Horses
681017,False,The American Wing,2015.0,Painting,"""Tehuacan"" Mexican landscape",American,Artist,Lockwood de Forest,"American, New York 1850–1932 Santa Barbara, California",1904,1904,"Gift of Jacqueline Loewe Fowler, 2015",Santa Barbara,,http://www.metmuseum.org/art/collection/search/681017,
347859,False,Drawings and Prints,1987.0,Book,Miss Rumphius,,Artist|Publisher,Barbara Cooney|Viking Press,"American, Brooklyn, New York 1917–2000 Damariscotta, Maine|",1982,1982,"Gift of Lucy Barrett Ives, 1987",New York,Books,http://www.metmuseum.org/art/collection/search/347859,
889455,False,Drawings and Prints,1954,Print ; ephemera,Commencement Ticket for New York University,,Artist,"Anonymous, American, 19th century",,1845,1845,"The Edward W. C. Arnold Collection of New York Prints, Maps and Pictures, Bequest of Edward W. C. Arnold, 1954",New York,Prints|Ephemera,http://www.metmuseum.org/art/collection/search/889455,
1317,True,The American Wing,1933.0,Candlestick,Candlestick,American,Maker,Isaac Hutton,"American, New York 1766–1855 Albany, New York",1800–1815,1800,"Bequest of Alphonso T. Clearwater, 1933",Albany,,http://www.metmuseum.org/art/collection/search/1317,
7989,True,The American Wing,1933.0,Sugar Bowl,Sugar Bowl,American,Maker,Garrett Eoff,1779–1845,ca. 1825,1822,"Bequest of Alphonso T. Clearwater, 1933",New York,,http://www.metmuseum.org/art/collection/search/7989,
5825,True,The American Wing,1984.0,Pitcher,Pitcher,American,Maker,"Millington, Astbury and Poulson","American, 1860–1865",ca. 1861,1858,"Gift of Florence I. Balasny-Barnes, in memory of her sister, Yvette B. Gould, 1984",Trenton,,http://www.metmuseum.org/art/collection/search/5825,Soldiers|Firearms|Flags|Eagles|Snakes
354158,true,Drawings and Prints,1920.0,Book,Upright Baskets of Flowers,,Designer|Publisher,Jean-Baptiste Monnoyer|Nicolas de Poilly,"French, Lille 1636–1699 London|French, baptized Abbeville 1627–1696 Paris",before 1690,1680,"Rogers Fund, 1920",Paris,Books,http://www.metmuseum.org/art/collection/search/354158,Flowers
454874,true,Islamic Art,2003.0,Folio from an illustrated manuscript,"""Rustam Fights the Dragon (Rustam's Third Course)"", Folio from a Shahnama (Book of Kings)",,Author,Abu'l Qasim Firdausi,"Iranian, Paj ca. 940/41–1020 Tus",ca. 1330–40,1305,"Purchase, Gifts in memory of Richard S. Perkins, and funds from various donors, 2003",probably Isfahan,Codices,http://www.metmuseum.org/art/collection/search/454874,Men|Dragons
778709,False,Drawings and Prints,1937.0,"Print, Ornament & Architecture",Design for Two Curved Strips with Fishermen and Flowers,,Publisher|Artist,Friedrich Dürer|Paul Flindt,"German, Lübeck ca. 1548–1633 Nuremberg|German, Nuremberg before 1567–after 1631 Nuremberg",1594,1594,"Harris Brisbane Dick Fund, 1937",Nuremberg,Prints|Ornament & Architecture,http://www.metmuseum.org/art/collection/search/778709,
347030,True,Drawings and Prints,1918.0,Book,"Gleanings, from ""The Graphic""",,Illustrator|Publisher|Sitter,"Randolph Caldecott|George Routledge & Sons, London|Randolph Caldecott","British, Chester 1846–1886 St. Augustine, Florida| |British, Chester 1846–1886 St. Augustine, Florida",1889,1889,"Gift of Miss Juliet W. Robinson, 1918",London|New York|Glasgow,Books,http://www.metmuseum.org/art/collection/search/347030,Men|Women|Drinking|Chairs|Tables
839174,True,The Libraries,,,"The union of architecture, sculpture, and painting; exemplified by a series of illustrations, with descriptive accounts of the house and galleries of John Soane ... / by John Britton",,Author|Purveyor,John Britton|Longman and Co.,"British, Kington St. Michael, 1771–1857 London (?)|",1827,1827,"Bequest of Mrs. Charles Wrightsman, 2019",London,,http://www.metmuseum.org/art/collection/search/839174,
311744,False,"Arts of Africa, Oceania, and the Americas",1978.0,Mask,Body Mask (Manawas),Asmat people,Artist,Aihaur,,mid-20th century,1900,"The Michael C. Rockefeller Memorial Collection; Gift of Nelson A. Rockefeller and Mrs. Mary C. Rockefeller, 1965",Biwar village,Basketry-Sculpture,http://www.metmuseum.org/art/collection/search/311744,Ceremonial Objects
504262,True,Musical Instruments,1889,Bass Drum,Bass Drum,American,Maker,John G. Pike,"American, Plymouth, New York 1815–1884 Norwich, New York",1860–80,1860,"The Crosby Brown Collection of Musical Instruments, 1889",Norwich,Membranophone,http://www.metmuseum.org/art/collection/search/504262,
354833,True,Drawings and Prints,1917.0,Book ; print,"The Works of Publius Virgilius Maro: Translated, Adorned with Sculpture, and illustrated with Annotations",,Engraver|Author|Translator|Printer|Engraver|Designer|Publisher|Sitter|Artist|Engraver|Artist,Wenceslaus Hollar|Virgil|John Ogilby|Thomas Warren|Pierre Lombart|Franz Cleyn|John Ogilby|John Ogilby|Sir Peter Lely (Pieter van der Faes)|William Faithorne the Elder|L. Richer,"Bohemian, Prague 1607–1677 London|Roman, Andes 70 BCE–19 BCE Brundisium|British, Forfarshire 1600–1676 London|London|French, 1612/13–1682 Paris (active Britain)|German, Rostock 1582–1658 London|British, Forfarshire 1600–1676 London|British, Forfarshire 1600–1676 London|British, Soest 1618–1680 London|British, London ca. 1620–1691 London|active 17th century",1654,1654,"Harris Brisbane Dick Fund, 1917",London,Books|Prints,http://www.metmuseum.org/art/collection/search/354833,Men|Women|Coat of Arms
384045,False,Drawings and Prints,1924.0,Book,"Royal American Magazine, or Universal Repository of Instruction and Amusement",,Printer|Engraver|Publisher,Greenleaf's Printing Office|Paul Revere Jr.|Isaiah Thomas,"Boston, Massachusetts|American, Boston, Massachusetts 1734–1818 Boston, Massachusetts|American, born Boston, Massachusetts 1749",January 1774,1774,"Bequest of Charles Allen Munn, 1924",Boston,Books,http://www.metmuseum.org/art/collection/search/384045,
732575,False,Musical Instruments,2016.0,Gravikord,Gravikord,American,Maker,Bob Grawi,"American, born 1947",late 20th century,20,"Gift of Bob Grawi, 2016",Florida,Chordophone-Harp,http://www.metmuseum.org/art/collection/search/732575,
16302,True,The American Wing,1997.0,Beaker,Beaker,American,Maker,William B. Heyer,active ca. 1807–22,1810–28,1810,"Gift of Suzanne dePeyster and Valerie dePeyster, 1997",New York,,http://www.metmuseum.org/art/collection/search/16302,
626377,False,Drawings and Prints,1958.0,Print ornament & architecture,"Aesclepius, from Deorum Dearumque Capita : ex vetustis numismatibus in gratiam antiquitatis studiosorum effigiata et edita",,Artist|Artist|Publisher|Artist,Johannes van Doetecum I|Lucas van Doetecum|Philips Galle|Gerard van Groeningen,"Netherlandish, 1528/32–1605|Netherlandish, active 1554–72, died before 1589|Netherlandish, Haarlem 1537–1612 Antwerp|Netherlandish, active Antwerp, 1563–73",1573,1573,"The Elisha Whittelsey Collection, The Elisha Whittelsey Fund, 1958",Antwerp,Ornament & Architecture|Prints,http://www.metmuseum.org/art/collection/search/626377,
353350,False,Drawings and Prints,1929.0,Book Ornament and architecture,Six Tables,,Designer,Matthias Lock,"British, London ca. 1710–ca. 1765 London","April 10, 1746",1746,"Harris Brisbane Dick Fund, 1929",London,Books|Ornament & Architecture,http://www.metmuseum.org/art/collection/search/353350,
9983,True,The American Wing,1970.0,Cup,Dram Cup,American,Maker,John Coney,1655/56–1722,ca. 1680,1675,"Gift of Robert S. Grinnell, 1970",Boston,,http://www.metmuseum.org/art/collection/search/9983,
14172,False,The American Wing,1985.0,Towel,Towel,"American, Shaker",Maker,United Society of Believers in Christ’s Second Appearing (“Shakers”),"American, active ca. 1750–present",1800–1900,1800,"Gift of Mrs. G. James Fawcett, in memory of John S. Rudd, 1985",New Lebanon,,http://www.metmuseum.org/art/collection/search/14172,
734417,False,Drawings and Prints,1963.0,"Book
Ornament & Architecture
Prints","Design for a Door, from Second Book of Architecture",,Publisher|Artist,André Wechel|Jacques Androuet Du Cerceau,"|French, Paris 1510/12–1585 Annecy",1561,1561,"The Elisha Whittelsey Collection, The Elisha Whittelsey Fund, 1963",Paris,Books|Ornament & Architecture|Prints,http://www.metmuseum.org/art/collection/search/734417,
1683,True,The American Wing,1970.0,Side Chair,Side Chair,American,Maker,Pottier and Stymus Manufacturing Company,active ca. 1858–1918/19,1870–75,1870,"Funds from various donors, 1970",New York,,http://www.metmuseum.org/art/collection/search/1683,
354126,False,Drawings and Prints,1972.0,Book,Tell Me a Story,,Author|Illustrator|Publisher|Engraver|Printer,Mary Louisa Molesworth|Walter Crane|Macmillan & Co.|Joseph Swain|R. & R. Clark,"British, Rotterdam, Netherlands 1839–1921 London|British, Liverpool 1845–1915 Horsham| |British, Oxford 1820–1909 London|Edinburgh",1908,1908,"The Elisha Whittelsey Collection, The Elisha Whittelsey Fund, 1972",London|New York,Books,http://www.metmuseum.org/art/collection/search/354126,
746905,False,Drawings and Prints,1944.0,Book Print Ornament & Architecture,"Pensées & Renoncules, d’après Nature",,Artist|Publisher|Lithographer,Jules Sette|Fleury Chavant|Lithographie J. Rigo & Cie,"French, before 1836–after 1846|French, 19th century|",[after 1844],1844,"Gift of Edith P. Blase, 1944",Paris,Books|Prints|Ornament & Architecture,http://www.metmuseum.org/art/collection/search/746905,
7190,True,The American Wing,1946.0,Sauce dish,Sauce Dish,American,Maker,Richards and Hartley Flint Glass Co.,ca. 1870–1890,ca. 1888,1885,"Gift of Mrs. Emily Winthrop Miles, 1946",Tarentum,,http://www.metmuseum.org/art/collection/search/7190,
698536,False,Drawings and Prints,1921.0,Book,Plate 40: The distribution of the promised land; from 'Imagines Veteris Ac Novi Testamenti A Raphaele Sanctio Urbinate in Vaticani Palatii Xystis' after Raphael,,Artist|Publisher|Artist,Raphael (Raffaello Sanzio or Santi)|Giovanni Giacomo De Rossi|Pietro Aquila,"Italian, Urbino 1483–1520 Rome|Italian, Rome 1627–1691 Rome|Italian, Marsala, Sicily 1650–1692/1700 Rome",1675,1675,"Museum Accession, transferred from the Library",Rome,Books,http://www.metmuseum.org/art/collection/search/698536,
502241,True,Musical Instruments,1889,Harpsichord,Harpsichord,British,Maker|Maker,Abraham Kirkman|Jacob Kirkman,"British, born Bischwiller, Alsace, France, 1737–1794 Hammersmith, England|British, born Bischwiller, Alsace, France 1710–1792 Greenwich, England",1781,1781,"The Crosby Brown Collection of Musical Instruments, 1889",London,Chordophone-Zither-plucked-harpsichord,http://www.metmuseum.org/art/collection/search/502241,
643965,False,Drawings and Prints,1948.0,Print,"Egyptian woman wearing a headdress, bound in L'Oeuvre original de Vivant Denon. Collection de eaux-fortes, Volume 2",,Artist|Publisher,baron Dominique Vivant Denon|A. Barrand,"French, Givry 1747–1825 Paris|",1873,1873,"Harris Brisbane Dick Fund, 1948",Paris,Books,http://www.metmuseum.org/art/collection/search/643965,
623563,False,Drawings and Prints,1949.0,Print ornament & architecture,"Town square with a large circular fountain at center surrounded by a balustrade with two portals, the basin supported by children's torsos' ending in dolphin's tails, the top with waterspouting sphere, a shell shaped umbrella with two frogs and a strapwork vase, plate 8, from Artis Perspectivæ",,Artist|Artist|Artist|Publisher,Hans Vredeman de Vries|Johannes van Doetecum I|Lucas van Doetecum|Gerard de Jode,"Netherlandish, Leeuwarden 1527–1606 (?)  Antwerp (?)|Netherlandish, 1528/32–1605|Netherlandish, active 1554–72, died before 1589|Netherlandish, 1509/17–1591",1568,1568,"The Elisha Whittelsey Collection, The Elisha Whittelsey Fund, 1949",Antwerp,Ornament & Architecture|Prints,http://www.metmuseum.org/art/collection/search/623563,
690087,False,Drawings and Prints,1952.0,Print,"Lampes, from Recueil de divers Monumens Anciens répandus en plusieurs endroits de L'Italie",,Artist|Publisher|Printer,Jean Barbault|Bouchard & Gravier|Giunchi Heritiers de Komarek,"French, Viarmes 1718–1762 Rome|Rome|",1770,1770,"Rogers Fund, 1952",Rome,Prints,http://www.metmuseum.org/art/collection/search/690087,
20038,True,The American Wing,2018.0,Vase,Vase,American,Manufacturer|Artist,Dedham Pottery|Hugh C. Robertson,1895–1943|1844–1908,ca. 1896–1908,1893,"Gift of Robert A. Ellison Jr., 2018",Dedham,,http://www.metmuseum.org/art/collection/search/20038,
661833,True,Drawings and Prints,1918.0,Books Prints Ornament & Architecture,"Corona delle Nobili et Virtuose Donne: Libro I-IV, page 33 (recto)",,Publisher,Cesare Vecellio,"Italian, Pieve di Cadore 1521–1601 Venice",1601,1601,"Rogers Fund, 1918",Venice,Books|Prints|Ornament & Architecture,http://www.metmuseum.org/art/collection/search/661833,Ornament
689862,False,Drawings and Prints,1954.0,Book ; Ornament and architecture,The American Architect: Comprising Original Designs of Cheap Country and Village Residences,,Publisher|Author|Author|Architect,C. M. Saxton|Edward Jones|George Newman|John Warren Ritch,"New York, NY|American, 19th century|American, active 1850s|American, born 1822",1850–51,1850,"The Elisha Whittelsey Collection, The Elisha Whittelsey Fund, 1954",New York,Books|Ornament & Architecture,http://www.metmuseum.org/art/collection/search/689862,
435296,False,Drawings and Prints,1918.0,Print collection ornament & architecture,"Frieze with an eagle holding a serpent in its mouth at top, from Frises et ornements à la moderne, plate 5, in A Bound Collection of Print Series Including Cheminées et Lambris, Alcoves à la Romaine, Feuillages et autres ornemens..., etc.",,Artist|Publisher|Publisher,Jean Le Pautre|Charles Antoine Jombert|Pierre Mariette le fils,"French, Paris 1618–1682 Paris|French, 1712–1784|French, Paris 1634–1716 Paris",1751,1751,"Rogers Fund, 1918",Paris,Prints|Ornament & Architecture,http://www.metmuseum.org/art/collection/search/435296,
7415,True,The American Wing,1933.0,Sheath,Sheath,American,Maker,Hart and Wilcox,active ca. 1805–7,1805–7,1805,"Bequest of Alphonso T. Clearwater, 1933",Norwich,,http://www.metmuseum.org/art/collection/search/7415,
725754,False,Drawings and Prints,1991.0,Book Print Ornament and Architecture,"""Kaléidoscope: Ornements Abstraits""; Plate 4, Four Abstract Design Motifs",,Designer|Artist|Designer|Publisher,Maurice-Pillard Verneuil|Jean Saudé|Ad. Verneuil|Editions Albert Lévy,"French, 1869–1942|French|French|",1926,1926,"Rogers Fund, 1927, transferred from the Library",Paris,Books|Prints|Ornament & Architecture,http://www.metmuseum.org/art/collection/search/725754,
724719,False,Drawings and Prints,2016.0,Book,Pets and Playmates,,Publisher,Saalfield Publishing Company,"American, 1899–1977",1906,1906,"Gift of Lev Tsitrin, 2016",Akron,Books,http://www.metmuseum.org/art/collection/search/724719,Girls|Dogs
746158,False,Drawings and Prints,1944.0,Book Print Ornament & Architecture,Designs for textiles with stylized flowers and scrolling leaves,,Lithographer|Designer|Publisher,Georges Schlatter|Herault|Fleury Chavant,"French|French, 19th Century|French, 19th century",[after 1844],1844,"Gift of Edith P. Blase, 1944",Paris,Books|Prints|Ornament & Architecture,http://www.metmuseum.org/art/collection/search/746158,
487234,False,Modern and Contemporary Art,1922,Vase,Vase,,Designer,Adelaide Alsop Robineau,"American, Middletown, Connecticut, 1865–1929 Syracuse, New York",1919,1919,"Purchase, Edward C. Moore Jr. Gift, 1922",Syracuse,Ceramics-Porcelain,http://www.metmuseum.org/art/collection/search/487234,
711018,False,Drawings and Prints,1969.0,Print,The Bike Girl I,,Publisher|Artist,Universal Limited Art Editions|Larry Rivers,"|American, Bronx, New York 1923–2002 Southampton, New York",1958,1958,"John B. Turner Fund, 1969",West Islip,Prints,http://www.metmuseum.org/art/collection/search/711018,Bicycles|Girls
350207,False,Drawings and Prints,1925.0,Book,Florentia Obvians,,Artist,Ambrose Furtati,,ca. 1500–1520,1495,"Harris Brisbane Dick Fund, 1925",Florence,Books,http://www.metmuseum.org/art/collection/search/350207,
735037,False,Drawings and Prints,1948.0,"Book
Ornament and architecture
Print","View of a Temple, from Temples in the Ancient Style",,Artist,Jacques Androuet Du Cerceau,"French, Paris 1510/12–1585 Annecy",1550,1550,"The Elisha Whittelsey Collection, The Elisha Whittelsey Fund, 1948",Paris,Books|Ornament & Architecture|Prints,http://www.metmuseum.org/art/collection/search/735037,
19973,True,The American Wing,2018.0,Vase,Vase,American,Artist,William J. Walley,1852–1919,ca. 1898–1918,1895,"Gift of Robert A. Ellison Jr., 2018",West Sterling,,http://www.metmuseum.org/art/collection/search/19973,
336934,False,Drawings and Prints,1968.0,Print,Flowers,,Artist,Ch. F. Autenrieth,"German, Stuttgart, early 19th century",early 19th Century,1798,"The Elisha Whittelsey Collection, The Elisha Whittelsey Fund, 1968",Stuttgart,Prints,http://www.metmuseum.org/art/collection/search/336934,
352679,False,Drawings and Prints,1924.0,Book,Kunst und Leben 1924,,Publisher,Fritz Heyder,German,1924,1924,"Gift of Wilbur Macey Stone, l924",Berlin,Books,http://www.metmuseum.org/art/collection/search/352679,
787926,True,Drawings and Prints,1959.0,Print,The Anatomist,,Artist|Publisher,Thomas Rowlandson|Thomas Tegg,"British, London 1757–1827 London|British, London 1776–1846 London","March 12, 1811",1811,"The Elisha Whittelsey Collection, The Elisha Whittelsey Fund, 1959",London,Prints,http://www.metmuseum.org/art/collection/search/787926,Satire|Fear|Men|Women
446590,true,Islamic Art,1913.0,Illustrated manuscript,Overflap and Inside Cover of a Khamsa (Quintet) of Nizami of Ganja,,Calligrapher|Calligrapher|Artist|Author,Sultan Muhammad Nur|Mahmud Muzahib|Shaikh Zada|Nizami,"Iranian, ca. 1472–ca. 1536|Iranian, ca. 1500–1560|Iranian, active 1510–1550|present-day Azerbaijan, Ganja 1141–1209 Ganja",dated A.H. 931/1524–25 CE,1500,"Gift of Alexander Smith Cochran, 1913",Herat,Codices,http://www.metmuseum.org/art/collection/search/446590,
476566,True,The Cloisters,2006.0,Laudario; Manuscript leaf,"Manuscript Leaf with the Martyrdom of Saint Bartholomew, from a Laudario",Italian,Artist,Pacino di Bonaguida,"Italian, active Florence 1302–ca. 1340",ca. 1340,1340,"The Cloisters Collection, 2006",Florence,Manuscripts and Illuminations,http://www.metmuseum.org/art/collection/search/476566,Angels|Saints|Men
427164,True,Drawings and Prints,1959.0,Print,"Francesco d'Este Leads the French Army After the Difficult Resolution of Cremona without Losing Men or Belongings due to the Duke's Prudence and Corageous Strength, from L'Idea di un Principe ed Eroe Cristiano in Francesco I d'Este, di Modena e Reggio Duca VIII [...]",,Artist|Author,Bartolomeo Fenice (Fénis)|Domenico Gamberti,|,1659,1659,"The Elisha Whittelsey Collection, The Elisha Whittelsey Fund, 1959",Modena,Prints,http://www.metmuseum.org/art/collection/search/427164,Horses|Army|Trees
433323,False,Drawings and Prints,1933.0,Print collection ornament & architecture,"At lower left, a griffin and at lower right, a lion, from Grotesques et mauresques, plate 5, bound in Oeuvres. Vol. IV",,Artist|Publisher,Jean Le Pautre|Pierre Mariette le fils,"French, Paris 1618–1682 Paris|French, Paris 1634–1716 Paris",17th century,1633,"Harris Brisbane Dick Fund, 1933",Paris,Prints|Ornament & Architecture,http://www.metmuseum.org/art/collection/search/433323,
491054,False,Modern and Contemporary Art,1943,Textile sample,Sample,American,Maker,Roth-Getzoff and Company,,1940–41,1940,"Gift of Mrs. Andrew Winton Roth, 1943",New York,Textiles-Printed,http://www.metmuseum.org/art/collection/search/491054,
738559,False,Drawings and Prints,1930.0,Album ; print,"A New Method of Assisting the Invention in Drawing Original Compositions of Landscape, Plates 38-43",,Artist|Engraver,Alexander Cozens|William Pether,"British, Russia 1717–1786 London|British, Carlisle ca. 1738–1821 Bristol",1786,1786,"Harris Brisbane Dick Fund, 1930",London,Albums|Prints,http://www.metmuseum.org/art/collection/search/738559,
345341,False,Drawings and Prints,1982.0,Book,Close-Cropped Tales,,Artist|Publisher|Publisher,John Baldessari|CEPA Gallery|Albright-Knox Art Gallery,"American, National City, California 1931–2020 Los Angeles|Buffalo, New York|",1981,1981,"Administrative Fund, 1982",Buffalo,Books,http://www.metmuseum.org/art/collection/search/345341,
659539,True,Drawings and Prints,1918.0,Books Prints Ornament & Architecture,"Esemplario di Lauori..., page 9 (recto)",,Designer|Publisher,Florio Vavassore|Giovanni Andrea Vavassore,"Italian, active 16th century|Italian, active Venice 1530–1573","August 1, 1532",1532,"Rogers Fund, 1918",Venice,Books|Prints|Ornament & Architecture,http://www.metmuseum.org/art/collection/search/659539,Ornament
4661,True,The American Wing,1933.0,Ladle,Ladle,American,Maker,James Gaskins,ca. 1761–1827,1790–1800,1790,"Bequest of Alphonso T. Clearwater, 1933",Norfolk|Portsmouth,,http://www.metmuseum.org/art/collection/search/4661,
631340,False,Drawings and Prints,1949.0,Print,"Eleven Studies of Men's Legs, from Principles of Drawing",,Artist|Publisher,Jacopo Palma the Younger|Stefano Scolari,"Italian, Venice ca. 1548–1628 Venice|Italian, born Brescia, active Venice, ca. 1640–1691",republished in 1659,1659,"The Elisha Whittelsey Collection, The Elisha Whittelsey Fund, 1949",Venice,Prints,http://www.metmuseum.org/art/collection/search/631340,
788985,True,Drawings and Prints,1917.0,Print,"Plate 11, from ""World in Miniature""",,Publisher|Artist,"Rudolph Ackermann, London|Thomas Rowlandson","British, active 1794–1829|British, London 1757–1827 London",1816,1816,"Rogers Fund, 1917",London,Prints,http://www.metmuseum.org/art/collection/search/788985,Men|Women|Cows|Dogs
727577,False,Drawings and Prints,1991.0,Book Prints Ornament & Architecture,"Studio d'Arts Décoratifs, 2e Série, Pl. 3, Quatre Dessins, Etoiles et Fleurs, Fonds et Bordures",,Designer|Publisher,Nicolas Sorokine|Armand Guérinet,"|French, active ca. 1890–1920",[ca. 1930],1925,"Rogers Fund, 1925 and 1931, transferred from the Library",Paris,Books|Prints|Ornament & Architecture,http://www.metmuseum.org/art/collection/search/727577,
884970,False,Drawings and Prints,1906,Print,Revd. William Pennicott,,Sitter|Source|Artist|Engraver,"William Pennicott|Reverend Thomas Streatfeild|Sir Thomas Lawrence|Samuel William Reynolds, the elder","British, 1726–1811|British, 1777–1848|British, Bristol 1769–1830 London|British, London 1773–1835 London",1799–1838,1794,"Rogers Fund, 1906",London,Prints,http://www.metmuseum.org/art/collection/search/884970,
321237,True,"Arts of Africa, Oceania, and the Americas",2022.0,Tusk,Tusk with Figurative Relief,"Kongo, Vili group",Artist,Kongo artist,,ca. 1880–1890,1875,"Gift of Marian Malcolm, in loving memory of her husband, Daniel Malcolm, 2022",Loango Coast,Bone/Ivory-Sculpture,http://www.metmuseum.org/art/collection/search/321237,
274,False,The American Wing,1968.0,Armchair,Armchair,American,Maker,Tobey Furniture Company,1875–1954,ca. 1890,1887,"Gift of Mrs. Frank W. McCabe, 1968",Chicago,,http://www.metmuseum.org/art/collection/search/274,
368441,True,Drawings and Prints,1949.0,Print,St George Killing the Dragon,,Artist|Artist|Publisher,Enea Vico|Giulio Clovio|Antonio Salamanca,"Italian, Parma 1523–1567 Ferrara|Italian, Brizane 1498–1578 Rome|Salamanca 1478–1562 Rome",1542,1542,"The Elisha Whittelsey Collection, The Elisha Whittelsey Fund, 1949",Rome,Prints,http://www.metmuseum.org/art/collection/search/368441,Spears|Women|Dragons|Saint George|Horses
434234,False,Drawings and Prints,1953.0,Print collection ornament & architecture,"Aeneas, arriving in Carthage, is received by Dido, from a series of twenty-two plates depicting mythological subjects, plate 20",,Artist|Publisher,Jean Le Pautre|Jean I Leblond,"French, Paris 1618–1682 Paris|French, ca. 1590–1666 Paris",17th century,1633,"Harris Brisbane Dick Fund, 1953",Paris,Prints|Ornament & Architecture,http://www.metmuseum.org/art/collection/search/434234,
653012,True,Arms and Armor,2004.0,Drawings,Designs for the Decoration of Firearms,"French, Versailles",Designer,Nicolas Noël Boutet,"French, Versailles and Paris, 1761–1833",ca. 1797–1805,1772,"Purchase, Clay P. Bedford Gift, 2004",Versailles,Works on Paper-Drawings,http://www.metmuseum.org/art/collection/search/653012,Ornament|Mythical Creatures
350075,False,Drawings and Prints,1943.0,Book,Franco Antio Picchiatti Napolitano Regio Marciano: Pompe Funebri di Filippo IV Monarca Belle Spagna,,Author|Publisher,Marcello Marciano|Egidio Longo,|,1666,1666,"Harris Brisbane Dick Fund, 1943",Naples,Books,http://www.metmuseum.org/art/collection/search/350075,
736314,True,Drawings and Prints,1959.0,Print,"1784, or The Fashions of the Day",,Publisher|Artist|Artist,E. Bull|Humphry Repton|Thomas Rowlandson,"British, active ca. 1784|British, Bury St. Edmonds, Suffolk 1752–1818 Romford, Essex|British, London 1757–1827 London","July 24, 1784",1784,"The Elisha Whittelsey Collection, The Elisha Whittelsey Fund, 1959",London,Prints,http://www.metmuseum.org/art/collection/search/736314,Dogs|Crowd|Fashion
347373,False,Drawings and Prints,1934.0,Book,Picture Book. Progressive Proofs Plates 1-32 in 4 vols.,,Artist,Jean Charlot,"French, Paris 1898–1979 Honolulu, Hawaii",1933,1933,"Gift of Jean Charlot, 1934",New York,Books,http://www.metmuseum.org/art/collection/search/347373,
491167,False,Modern and Contemporary Art,1943,Textile sample,Sample,American,Maker|Maker,Louis A. Stirn|Edmund A. Stirn,"American (born Germany), Frankfurt-am-Main 1863–1962 Staten Island, New York|American (born Germany ?), 1868– (?)",1925,1925,"Gift of Miss M. K. Overbeck, 1943",New York,Textiles-Printed,http://www.metmuseum.org/art/collection/search/491167,
430864,False,Drawings and Prints,1933.0,Print collection ornament & architecture,"Fireplace ornamented with a painting of the daughters of Pelias preparing to kill their father, from Grandes cheminées à la romaine, plate 2, bound in Oeuvres. Vol. I",,Publisher|Artist,Pierre Mariette le fils|Jean Le Pautre,"French, Paris 1634–1716 Paris|French, Paris 1618–1682 Paris",published 1663,1663,"Harris Brisbane Dick Fund, 1933",Paris,Prints|Ornament & Architecture,http://www.metmuseum.org/art/collection/search/430864,
707790,True,Drawings and Prints,1917.0,Print,"David Garrick as Richard III (Shakespeare, King Richard III, Act 5, Scene 8)",,Sitter|Subject|Engraver|Artist|Publisher,"David Garrick|William Shakespeare|Samuel William Reynolds, the elder|Nathaniel Dance-Holland|P. & D. Colnaghi & Co.","British, Hereford 1717–1779 London|British, Stratford-upon-Avon 1564–1616 Stratford-upon-Avon|British, London 1773–1835 London|British, London 1735–1811 Winchester|",1825,1825,"Harris Brisbane Dick Fund, 1917",London,Prints,http://www.metmuseum.org/art/collection/search/707790,Men|Portraits|Actors|Shakespeare
822464,False,The American Wing,2019.0,Chest,Carved chest,American,Maker,Robert Laurent,"American (born France), Concarneau 1890–1970 Cape Neddick, Maine",1911,1911,"Purchase, Ronald S. Kane Bequest, in memory of Berry B. Tracy, and Louis V. Bell Fund, 2019",Brooklyn,,http://www.metmuseum.org/art/collection/search/822464,
347556,False,Drawings and Prints,1948.0,Book,A Christmas Time,,Publisher|Author,D. Lothrop and Co.|Isabella Macdonald Alden,"Boston, Massachusetts|American, Rochester 1841–1930",1875,1875,"Harris Brisbane Dick Fund, 1948",Boston,Books,http://www.metmuseum.org/art/collection/search/347556,
653023,True,Arms and Armor,2004.0,Drawings,Design for the Decoration of Firearms,"French, Versailles",Designer,Nicolas Noël Boutet,"French, Versailles and Paris, 1761–1833",ca. 1797–1805,1772,"Purchase, Clay P. Bedford Gift, 2004",Versailles,Works on Paper-Drawings,http://www.metmuseum.org/art/collection/search/653023,Ornament
21926,True,Arms and Armor,1904.0,Jousting armor,Jousting Armor,"German; restorations, French, Paris",Armorer,Daniel Tachaux,"French, 1857–1928, active in France and America",ca. 1500 and later,1475,"Rogers Fund, 1904",Paris,Armor for Horse and Man,http://www.metmuseum.org/art/collection/search/21926,
504203,False,Musical Instruments,1964,Bassoon in C,Bassoon in C,German,Maker,Wilhelm Hermann Heckel,"German, Biebrich 1879–1952 Biebrich",1932,1900,"Gift of Mrs. Percy W. Gatz, 1964",Biebrich,Aerophone-Reed Vibrated-double reed,http://www.metmuseum.org/art/collection/search/504203,
426415,False,Drawings and Prints,1930.0,Prints Collection Ornament & Architecture,"Panel with Two Overdoor Paintings, Above an Overmantel Painting of Two Nude Female Figures and Two Putti Before a Vase, from Nouveau Liuvre de Taleaux de Portes, et cheminée utiles aux peintres en floeurs, part of Œuvres du Sr. D. Marot",,Artist|Publisher,Daniel Marot the Elder|Pierre Husson,"French, Paris 1661–1752 The Hague|",after 1703–12,1712,"Harris Brisbane Dick Fund, 1930",The Hague,Prints|Ornament & Architecture,http://www.metmuseum.org/art/collection/search/426415,
662961,True,Arms and Armor,2014.0,Sword (<i>Rudus</i>) and scabbard,Sword (&lt;i&gt;Rudus&lt;/i&gt;) and Scabbard,"Malaysian, Kampung Payang and Sumatran, Aceh",Inlayer,Muhammad Salih of Terumon,"Malaysian, active Kampung Payang, ca. 1835",dated 1835,1835,"Purchase, Arthur Ochs Sulzberger Gift, 2014",Kuala Berang,Swords,http://www.metmuseum.org/art/collection/search/662961,
20190,True,The American Wing,2018.0,Vase,Vase,American,Artist,William J. Walley,1852–1919,ca. 1898–1918,1895,"Gift of Robert A. Ellison Jr., 2018",West Sterling,,http://www.metmuseum.org/art/collection/search/20190,
787925,False,Drawings and Prints,1942.0,"Print, Ornament & Architecture",Nine Birds,,Artist,Georg Hermann,"German, born Ansbach, 1579",1596,1596,"Harris Brisbane Dick Fund, 1942",Ansbach,Prints|Ornament & Architecture,http://www.metmuseum.org/art/collection/search/787925,
7152,False,The American Wing,1967.0,Sauce dish,Sauce Dish,American,Maker,Boston & Sandwich Glass Company,"American, 1825–1888, Sandwich, Massachusetts",before 1867,1857,"Funds from various donors, 1967",Sandwich,,http://www.metmuseum.org/art/collection/search/7152,
24891,True,Arms and Armor,1982.0,Hunting sword,Hunting Sword of Prince Camillo Borghese (1775–1832),"French, Paris",Goldsmith|Maker,Antoine-Modeste Fournera|François Pirmet,"French, Paris, documented 1806–17|French, Paris, recorded 1779–1818",1809–13,1809,"Purchase, The Sulzberger Foundation Inc. and David G. Alexander Gifts, and Bequest of Stephen V. Grancsay, by exchange, 1982",Paris,Swords-Hunting,http://www.metmuseum.org/art/collection/search/24891,
21998,True,Arms and Armor,1904.0,Composed armor,Composed Armor,"German, Landshut and Augsburg; gorget, Italian",Armorer|Armorer,Wolfgang Grosschedel|Franz Grosschedel,"German, Landshut, active ca. 1517–62|German, Landshut, recorded 1555–79",ca. 1550–80,1525,"Rogers Fund, 1904",Landshut|Augsburg,Armor for Man,http://www.metmuseum.org/art/collection/search/21998,
355299,False,Drawings and Prints,1966.0,Book,"Elephantographia curiosa, seu  Elephanti descriptio",,Author|Printer|Engraver|Artist|Publisher,Georg Christoph Peter von Hartenfels|Johann Heinrich Grosch|Jakob Petrus|T. F. Hiltebrandt|Georg Christoph Peter von Hartenfels,"|1684–1721|German, active 1701–50| |",1715,1715,"The Elisha Whittelsey Collection, The Elisha Whittelsey Fund, 1966",Erfurt,Books,http://www.metmuseum.org/art/collection/search/355299,
5342,True,The American Wing,1951.0,Cann,Cann,American,Maker|Maker,George Hanners Sr.|George Hanners Jr.,ca. 1696–1740|1721–1760,ca. 1735,1730,"Gift of Robert Ogden Bishop, 1951",Boston,,http://www.metmuseum.org/art/collection/search/5342,
345197,False,Drawings and Prints,1991.0,Book,The Art of Chromolithography,,Publisher|Author|Artist,Charles Scribner's Sons|George Ashdown Audsley|Goulard,"New York, NY|British, Elgin, Scotland 1838–1925 Bloomfield, New Jersey|active 19th century",1883,1883,"Rogers Fund, 1909, transferred from the Library",New York,Books,http://www.metmuseum.org/art/collection/search/345197,
371605,False,Drawings and Prints,1941.0,Book ; Ornament and architecture,M. Vitruvii Pollionis Architectura; textu ex recensione codicum emendato cum exercitationibus notisque novissimis Joannis Poleni et commentariis variorum additis nunc primum studiis Simonis Stratico.,,Author|Publisher|Printer|Author|Author|Author,Marcus Pollio Vitruvius|Fratelli Mattiuzzi|Officiana Peciliana|Giovanni Poleni|Simone Stratico|Giulio Pontedera,"Roman, active late 1st century BCE|Italian, active 19th century|Italian, active 19th century|Italian, Venice 1683–1761 Padua|Italian, 1733–1824|Italian",1825–30,1825,"Bequest of W. Gedney Beatty, 1941",Udine,Books|Ornament & Architecture,http://www.metmuseum.org/art/collection/search/371605,
7994,True,The American Wing,1933.0,Sugar Bowl,Sugar Bowl,American,Maker,Paul Revere Jr.,"American, Boston, Massachusetts 1734–1818 Boston, Massachusetts",ca. 1795,1790,"Bequest of Alphonso T. Clearwater, 1933",Boston,,http://www.metmuseum.org/art/collection/search/7994,
503546,True,Musical Instruments,2002,Cornet à Pistons in B-flat,Cornet à Pistons in B-flat,French,Maker,Courtois frères,,1833,1833,"Purchase, Amati Gifts, 2002",Paris,Aerophone-Lip Vibrated-horn,http://www.metmuseum.org/art/collection/search/503546,
433974,False,Drawings and Prints,1963.0,Print collection ornament & architecture,"Cartouche with two variant borders, ornamented with a river god at lower right, from Panneaux d'ornements, plate 5",,Artist|Publisher,Jean Le Pautre|Jean I Leblond,"French, Paris 1618–1682 Paris|French, ca. 1590–1666 Paris",17th century,1633,"The Elisha Whittelsey Collection, The Elisha Whittelsey Fund, 1963",Paris,Prints|Ornament & Architecture,http://www.metmuseum.org/art/collection/search/433974,
425737,False,Drawings and Prints,1924.0,Print,Ukrainische Geister,,Artist,Mikola Butovich,"Ukrainian, 1895–1961",1924,1924,"Gift of Stephen Matchak, 1924",Leipzig,Prints,http://www.metmuseum.org/art/collection/search/425737,
9337,True,The American Wing,1946.0,Vase,Vase,American,Maker,"Hobbs, Brockunier and Company",1863–1891,ca. 1886,1883,"Gift of Mrs. Emily Winthrop Miles, 1946",Wheeling,,http://www.metmuseum.org/art/collection/search/9337,
2416,True,The American Wing,1926.0,Jar,Covered Jar,Dutch,Designer|Manufacturer,Justus Brouwer|The Porcelain Axe,"Dutch, active 1739–1775|",1739–75,1739,"Rogers Fund, 1926",Delft,,http://www.metmuseum.org/art/collection/search/2416,Birds|Flowers
350235,False,Drawings and Prints,1941.0,Book ; Ornament and architecture,L'Architettura di Marco Vitruvio Pollione Tradotto e Commentato Dal Marchese Berardo Galiani,,Translator|Engraver|Author|Publisher|Engraver,Berardo Galiani|Francesco Lamarra|Marcus Pollio Vitruvius|Stamperia di Luigi e Benedetto Bendi|Francesco Cepparuli,"Italian, died 1771|Italian, Martina ca. 1710–1780 Naples (?)|Roman, active late 1st century BCE| |Italian, active 18th century",1790,1790,"Bequest of W. Gedney Beatty, 1941",Siena,Books|Ornament & Architecture,http://www.metmuseum.org/art/collection/search/350235,
347335,False,Drawings and Prints,1952.0,Book,Engraver on Wood,,Artist,Victor L. Chandler,"American, 19th century",1886,1886,"The Elisha Whittelsey Collection, The Elisha Whittelsey Fund, 1952",Boston,Books,http://www.metmuseum.org/art/collection/search/347335,
433567,False,Drawings and Prints,1933.0,Print collection ornament & architecture,"Two variant designs with a sea god riding a sea horse at left and with a griffin and a putto at right, from Ornements de panneaux à la romaine, plate 12, bound in Oeuvres. Vol. IV",,Artist|Publisher,Jean Le Pautre|Jean I Leblond,"French, Paris 1618–1682 Paris|French, ca. 1590–1666 Paris",published ca. 1651,1646,"Harris Brisbane Dick Fund, 1933",Paris,Prints|Ornament & Architecture,http://www.metmuseum.org/art/collection/search/433567,
491098,False,Modern and Contemporary Art,1943,Textile sample,Sample,American,Maker|Maker,Louis A. Stirn|Edmund A. Stirn,"American (born Germany), Frankfurt-am-Main 1863–1962 Staten Island, New York|American (born Germany ?), 1868– (?)",1925,1925,"Gift of Miss M. K. Overbeck, 1943",New York,Textiles-Printed,http://www.metmuseum.org/art/collection/search/491098,
14517,False,The American Wing,1992.0,Label,Label,American,Maker,American Silk Label Manufacturing Company,1875–ca. 1990,,1875,"Gift of Joan and Rollin Sontag, 1992",New York,,http://www.metmuseum.org/art/collection/search/14517,
433315,False,Drawings and Prints,1933.0,Print collection ornament & architecture,"Male figures, putti, and eagles amidst rinceaux, from Grotesques et mauresques, plate 2, bound in Oeuvres. Vol. IV",,Artist|Publisher,Jean Le Pautre|Pierre Mariette le fils,"French, Paris 1618–1682 Paris|French, Paris 1634–1716 Paris",17th century,1633,"Harris Brisbane Dick Fund, 1933",Paris,Prints|Ornament & Architecture,http://www.metmuseum.org/art/collection/search/433315,
345089,False,Drawings and Prints,1976.0,Book,"12 (douze) Chansons, tirees des Recueils Anciens par les soins d'un Amateurs",,Artist,Guy Arnoux,"French, Paris 1886–1951 Paris",ca. 1920,1915,"Gift of Elizabeth Sahling, 1976",Paris,Books,http://www.metmuseum.org/art/collection/search/345089,
431452,False,Drawings and Prints,1922.0,Print,"Saint Elizabeth of Hungary Spinning, from Das Buch Granatapfel, im latin genant Melogranatus [...]",,Author|Artist|Printer|Publisher,Johann Geiler von Kaisersberg|Hans Burgkmair|Johann Otmar|Georg Diemar,"German (born Switzerland), Schaffhausen 1445–1510 Strasbourg|German, Augsburg 1473–1531 Augsburg|German, Augsburg, 1502–1514|German, Augsburg",1510,1510,"Purchase, Jacob H. Schiff Bequest, 1922",Augsburg,Prints,http://www.metmuseum.org/art/collection/search/431452,
388732,True,Drawings and Prints,1954.0,Print,"Vive la France, ""French"" Style in Broadway",,Publisher,Alfred E. Baker,"American, active 1833–42",1840,1840,"The Edward W. C. Arnold Collection of New York Prints, Maps and Pictures, Bequest of Edward W. C. Arnold, 1954",New York,Prints,http://www.metmuseum.org/art/collection/search/388732,Men|Women|Fashion
388074,True,Drawings and Prints,1954.0,Print,"Vive la France, ""French"" Style in Broadway",,Publisher,Alfred E. Baker,"American, active 1833–42",1840,1840,"The Edward W. C. Arnold Collection of New York Prints, Maps and Pictures, Bequest of Edward W. C. Arnold, 1954",New York,Prints,http://www.metmuseum.org/art/collection/search/388074,Men|Women
503389,False,Musical Instruments,1990,Yankee Bass Viol,Yankee Bass Viol,American,Maker,Abraham Prescott,"American, Deerfield, New Hampshire 1789–1858 Concord, New Hampshire",1831–50,1831,"Purchase, Louis C. and Craig P. Baker Gift, Clara Mertens Bequest, in memory of André Mertens, Rogers Fund and The Crosby Brown Collection of Musical Instruments, by exchange, 1990",Concord,Chordophone-Lute-bowed-unfretted,http://www.metmuseum.org/art/collection/search/503389,
432624,False,Drawings and Prints,1933.0,Print collection ornament & architecture,"Reliquary topped with a bust of a Bishop, from Ostensoirs, reliquaires et appliques, plate 4, bound in Oeuvres. Vol. III",,Artist|Publisher,Jean Le Pautre|Pierre Mariette le fils,"French, Paris 1618–1682 Paris|French, Paris 1634–1716 Paris",17th century,1633,"Harris Brisbane Dick Fund, 1933",Paris,Prints|Ornament & Architecture,http://www.metmuseum.org/art/collection/search/432624,
502496,False,Musical Instruments,1889,Bandurria,Bandurria,Spanish,Maker,"Hermanos, Sentchordi","Spanish, Valencia active ca. 1861–1905 Valencia",19th century,1801,"The Crosby Brown Collection of Musical Instruments, 1889",Valencia,Chordophone-Lute-plucked-fretted,http://www.metmuseum.org/art/collection/search/502496,
343969,False,Drawings and Prints,1968.0,Book,"Journal für Bau- und Möbel=Schreiner, Tapezirer .. Neue Folge - 3. Band, Heft 1-12",,Artist|Publisher,Wilhelm Kimbel|J. P. Streng,"German, 20th century|German",1845,1845,"The Elisha Whittelsey Collection, The Elisha Whittelsey Fund, 1968",Frankfurt am Main,Books,http://www.metmuseum.org/art/collection/search/343969,
346035,False,Drawings and Prints,1921.0,Book,Biblia Czeski,,Translator|Publisher,Girota Melantrych|Girota Melantrych,"Czech, Rožďalovice ca. 1511–1580 Prague|Czech, Rožďalovice ca. 1511–1580 Prague",1556,1556,"Rogers Fund, transferred from the Library",Prague,Books,http://www.metmuseum.org/art/collection/search/346035,
17452,False,The American Wing,2002.0,Stained glass window,Stained Glass Window,American,Artist,Henry E. Sharp,active ca. 1850–ca. 1897,1867–69,1867,"Gift of Packer Collegiate Institute Inc., 2002",New York,,http://www.metmuseum.org/art/collection/search/17452,
5856,True,The American Wing,1913.0,Pitcher,Pitcher,American,Maker,United States Pottery Company,1852–58,1852–58,1852,"Gift of Mrs. Russell Sage, 1913",Bennington,,http://www.metmuseum.org/art/collection/search/5856,Grapes|Deer|Dogs
355072,False,Drawings and Prints,1925.0,Book,Strambotti,,Author,Sasso Pamphilo,,late 15th–early 16th century,1490,"Harris Brisbane Dick Fund, 1925",Florence,Books,http://www.metmuseum.org/art/collection/search/355072,
746576,False,Drawings and Prints,1944.0,Book Print Ornament & Architecture,Botanical Print: Yellow Narcissus,,Publisher|Printer|Artist,Fleury Chavant|Lambert ainé|Henriette-Antoinette Vincent,"French, 19th century|French, active 1802–36|French, 1786–1834",[after 1844],1844,"Gift of Edith P. Blase, 1944",Paris,Books|Prints|Ornament & Architecture,http://www.metmuseum.org/art/collection/search/746576,
338388,False,Drawings and Prints,1991.0,Book ; Ornament and architecture,"The Cabinet Maker's Guide: Or, Rules and Instructions in the Art of Varnishing, Dying, Staining, Japanning, Polishing, Lackering and Beautifying Wood, Ivory, Tortoiseshell and Metal, with Observations on Their Management and Application",,Author|Printer|Publisher,"George A. Siddons|B. McMillan|Sherwood, Gilbert & Piper",British|London|London,1830,1830,"A. Hyatt Mayor Purchase Fund, Marjorie Phelps Starr Bequest, 1991",London,Books|Ornament & Architecture,http://www.metmuseum.org/art/collection/search/338388,
433267,False,Drawings and Prints,1933.0,Print collection ornament & architecture,"Two variant designs for paneling with a river god at left and a putto riding a sea lion at right, from Ornements de panneaux pour enrichir les lambris, plate 4, bound in Oeuvres. Vol. IV",,Artist|Publisher,Jean Le Pautre|Pierre Mariette le fils,"French, Paris 1618–1682 Paris|French, Paris 1634–1716 Paris",17th century,1633,"Harris Brisbane Dick Fund, 1933",Paris,Prints|Ornament & Architecture,http://www.metmuseum.org/art/collection/search/433267,
344829,False,Drawings and Prints,1949.0,Book,The American Boy's Book; Comprising the Most Striking and Illustrative Scenes and Passages in the History of Our Country,,Publisher,R. S. H. George,"Philadelphia, Pennsylvania",1845,1845,"Gift of Bella C. Landauer, 1925",Philadelphia,Books,http://www.metmuseum.org/art/collection/search/344829,
628938,False,Drawings and Prints,1948.0,Print ornament & architecture,"Cartouche with a snail under a bunch of fruits at bottom left and right, from Strapwork Cartouches with Grotesques, plate 14",,Artist|Publisher,Hans Vredeman de Vries|Hieronymus Cock,"Netherlandish, Leeuwarden 1527–1606 (?)  Antwerp (?)|Netherlandish, Antwerp ca. 1510–1570 Antwerp",ca. 1555–70,1550,"The Elisha Whittelsey Collection, The Elisha Whittelsey Fund, 1948",Antwerp,Prints|Ornament & Architecture,http://www.metmuseum.org/art/collection/search/628938,
502058,True,Musical Instruments,1889,Ichigen-kin (一絃琴),Ichigen-kin (一絃琴),Japanese,Maker,Kasuke Satake,"Japanese, 19th century",19th century,1801,"The Crosby Brown Collection of Musical Instruments, 1889",Kochi,Chordophone-Zither-plucked-long zither,http://www.metmuseum.org/art/collection/search/502058,
770582,True,Drawings and Prints,1924.0,Print,The Castle of Cards,,Artist|Artist,Nicolas Bernard Lépicié|Jean Siméon Chardin,"French, Paris 1735–1784 Paris|French, Paris 1699–1779 Paris",1762,1762,"Gift of Georgiana W. Sargent, in memory of John Osborne Sargent, 1924",Paris,Prints,http://www.metmuseum.org/art/collection/search/770582,Boys|Playing Cards|Tables
433204,False,Drawings and Prints,1933.0,Print collection ornament & architecture,"Title Page depicting an antique bust in a medallion supported by two cherubs, from Ornements de panneaux à la romaine, plate 1, bound in Oeuvres. Vol. IV",,Artist|Publisher,Jean Le Pautre|Pierre Mariette le fils,"French, Paris 1618–1682 Paris|French, Paris 1634–1716 Paris",published 1667,1667,"Harris Brisbane Dick Fund, 1933",Paris,Prints|Ornament & Architecture,http://www.metmuseum.org/art/collection/search/433204,
7974,True,The American Wing,1982.0,Sugar bowl,Sugar Bowl,British (American market),Maker,Joseph Stubbs,active ca. 1822–36,ca. 1826–ca. 1836,1823,"Gift of Mildred R. Mottahedeh, 1982",Stoke-on-Trent,,http://www.metmuseum.org/art/collection/search/7974,Buildings|Flowers
701360,False,Drawings and Prints,1962.0,Book,"Lithographic Impressions of Sketches from Nature, No. 6",,Printer|Artist|Printer|Publisher,Charles Joseph Hullmandel|Francis Nicholson|Rowney and Forster|Rodwell & Martin,"British, London 1789–1850 London|British, 1753–1844|British, 19th century|British, active 1819–35",1821,1821,"The Elisha Whittelsey Collection, The Elisha Whittelsey Fund, 1962",London,Books,http://www.metmuseum.org/art/collection/search/701360,
702192,True,Drawings and Prints,1960.0,"Print, Fete, Ornament & Architecture",Plate 51: Members of the court of justice marching in the funeral procession of Archduke Albert of Austria; from 'Pompa Funebris ... Alberti Pii',,Artist|Artist,Jacques Francquart|Cornelis Galle I,"French, Brussels 1577–1651 Brussels|Netherlandish, Antwerp 1576–1650 Antwerp",1623,1623,"Gift of Harry G. Friedman, 1960",Brussels,Prints-Fete|Prints,http://www.metmuseum.org/art/collection/search/702192,Men|Horses|Funerals
716898,True,The American Wing,2020.0,Vase,Vase with crocuses,American,Designer,Artus Van Briggle,"American, Felicity, Ohio 1869–1904 Colorado Springs, Colorado",1902,1902,"Gift of Martin Eidelberg, 2020",Colorado Springs,,http://www.metmuseum.org/art/collection/search/716898,
681749,False,Drawings and Prints,1952.0,Print,"Lampes, from Recueil de divers Monumens Anciens répandus en plusieurs endroits de L'Italie",,Artist|Publisher|Printer,Jean Barbault|Bouchard & Gravier|Giunchi Heritiers de Komarek,"French, Viarmes 1718–1762 Rome|Rome|",1770,1770,"Rogers Fund, 1952",Rome,Prints,http://www.metmuseum.org/art/collection/search/681749,
661840,True,Drawings and Prints,1918.0,Books Prints Ornament & Architecture,"Corona delle Nobili et Virtuose Donne: Libro I-IV, page 40 (recto)",,Publisher,Cesare Vecellio,"Italian, Pieve di Cadore 1521–1601 Venice",1601,1601,"Rogers Fund, 1918",Venice,Books|Prints|Ornament & Architecture,http://www.metmuseum.org/art/collection/search/661840,Ornament
689679,False,Arms and Armor,1913.0,Smallsword with scabbard,Smallsword with Scabbard,"British, London; blade, probably French, Paris",Goldsmith,John Beckett,"British, London, recorded 1724","ca. 1690; blade, probably early 18th century",1665,"Gift of William H. Riggs, 1913",London|Paris,Swords,http://www.metmuseum.org/art/collection/search/689679,
434937,False,Drawings and Prints,1951.0,Print textiles,"The Christ Child wearing a crown and holding a sceptre standing on a pedestal beneath an arch, a devotional piece for the Monastery of San Francisco Villacastín (province of Segovia)",,Artist,Ventura de Agreda,,1771,1771,"Gift of Michel Benisovitch, 1951",Valladolid,Prints|Textiles-Printed,http://www.metmuseum.org/art/collection/search/434937,
432006,False,Drawings and Prints,1933.0,Print collection ornament & architecture,"Half of a trelliswork pavilion with details, from Trelliswork pavilions, bound in Oeuvres. Vol. II",,Artist|Publisher,Pierre Le Pautre|Nicolas Langlois,"French, ca. 1660–1744|French, Paris 1640–1703",,1655,"Harris Brisbane Dick Fund, 1933",Paris,Prints|Ornament & Architecture,http://www.metmuseum.org/art/collection/search/432006,
893830,False,Drawings and Prints,1924,Print,"Sir Joshua Reynolds, Knight",,Engraver|Sitter|Artist|Publisher,Valentine Green|Sir Joshua Reynolds|Sir Joshua Reynolds|Valentine Green,"British, Salford 1739–1813 London|British, Plympton 1723–1792 London|British, Plympton 1723–1792 London|British, Salford 1739–1813 London","December 1, 1780",1780,"Gift of Georgiana W. Sargent, in memory of John Osborne Sargent, 1924",London,Prints,http://www.metmuseum.org/art/collection/search/893830,
639691,True,Drawings and Prints,1958.0,Print,"Mary, Queen of Scots",,Sitter|Publisher,"Mary, Queen of Scots|Thomas Crabb","British, Linlithgow 1542–1587 Fotheringhay|British, active 1813–40","October 10, 1815",1815,"Gift of Susan Dwight Bliss, 1958",London,Prints,http://www.metmuseum.org/art/collection/search/639691,Queens|Portraits|Women|Mary Queen of Scots
678082,False,Drawings and Prints,1953.0,Print,Children Gathering Black Berries,,Artist|Engraver|Publisher,George Morland|Philip Dawe|William Dickinson,"British, London 1763–1804 London|British, 1745?–?1809|British, London? 1746/47?–1823 Paris",1788,1788,"Harris Brisbane Dick Fund, 1953",Philadelphia,Prints,http://www.metmuseum.org/art/collection/search/678082,
429702,False,Drawings and Prints,1953.0,Print collection ornament & architecture,"Justice, from Livre de Cartouches (Book of Cartouches), plate 4",,Artist|Publisher|Artist,François Boucher|Gabriel Huquier|Gabriel Huquier,"French, Paris 1703–1770 Paris|French, Orléans 1695–1772 Paris|French, Orléans 1695–1772 Paris",1730–70,1730,"Harris Brisbane Dick Fund, 1953",Paris,Prints|Ornament & Architecture,http://www.metmuseum.org/art/collection/search/429702,
350402,False,Drawings and Prints,1937.0,Book,I) Navicula penitentie,,Printer|Artist|Printer|Publisher|Artist|Author,Johann Otmar|Hans Burgkmair|Johann Otmar|Georg Diemar|Daniel Hopfer|Johann Geiler von Kaisersberg,"German, Augsburg, 1502–1514|German, Augsburg 1473–1531 Augsburg|German, Augsburg, 1502–1514|German, Augsburg|German, Kaufbeuren 1471–1536 Augsburg|German (born Switzerland), Schaffhausen 1445–1510 Strasbourg",1508–11,1508,"Harris Brisbane Dick Fund, 1937",Augsburg,Books,http://www.metmuseum.org/art/collection/search/350402,
350359,False,Drawings and Prints,1960.0,Album,Les Toquades: Album compose de vignt plaches,,Artist|Publisher,Paul Gavarni [Chevalier]|Lemercier & Cie.,"French, Paris 1804–1866 Paris|French, Paris",mid–19th century,1820,"The Elisha Whittelsey Collection, The Elisha Whittelsey Fund, 1960",Paris,Albums|Prints,http://www.metmuseum.org/art/collection/search/350359,
347525,True,Drawings and Prints,1924.0,Book Ornament & Architecture,Gentleman and Cabinet-Maker's Director,,Printer|Artist and publisher|Engraver|Calligrapher|Engraver|Engraver,John Haberkorn|Thomas Chippendale|Johann Sebastian Müller|Joseph Champion|Tobias Müller|Matthew Darly,"German, active London 1754–67|British, baptised Otley, West Yorkshire 1718–1779 London|German, Nuremberg 1715–1790 London|British, 1709–1762|German, active London, ca. 1752–1778|British, ca. 1720–1780 London",1755,1755,"Harris Brisbane Dick Fund, 1924",London,Books|Ornament & Architecture|Prints,http://www.metmuseum.org/art/collection/search/347525,
356816,False,Drawings and Prints,1970.0,Book,Marterln und Grabinschriften. Nach der Sammlung von Ludwig von Hörmann,,Editor|Publisher|Illustrator,Walter Schmidkunz|Richters & Company|Paul Neu,| |,1958,1958,"Gift of A. Hyatt Mayor, 1970",Heidelberg,Books,http://www.metmuseum.org/art/collection/search/356816,
642607,False,Drawings and Prints,1948.0,Book,"L'Oeuvre original de Vivant Denon. Collection de eaux-fortes, Volume 2",,Publisher|Artist,A. Barrand|baron Dominique Vivant Denon,"|French, Givry 1747–1825 Paris",1873,1873,"Harris Brisbane Dick Fund, 1948",Paris,Books,http://www.metmuseum.org/art/collection/search/642607,
349042,False,Drawings and Prints,1952.0,Book,"Recueil et Parallèle des Édifices en Tout Genre, Anciens et Modernes",,Artist|Publisher|Lithographer,Jean Nicolas Louis Durand|D. Avanzo et Cie.|J. Coune,"French, Paris 1760–1834 Thiais| |",late 18th–mid-19th century,1780,"Rogers Fund, 1952",Liege,Books,http://www.metmuseum.org/art/collection/search/349042,
888134,True,Drawings and Prints,1980,Print,Rosa Bonheur,,Sitter|Publisher|Printer|Publisher|Engraver|Artist,Rosa Bonheur|British Art Publishers Union Limited|Holdgate|Léon Henri Lefèvre|Joseph Bishop Pratt|Consuelo Fould,"French, Bordeaux 1822–1899 Thomery|American, active 1892–98|British, active 1855–1930s|British, active 1874–1899|British, London 1854–1910 London|German, Cologne 1862–1927 Paris",1896,1896,"The Elisha Whittelsey Collection, The Elisha Whittelsey Fund, 1980",London|New York,Prints,http://www.metmuseum.org/art/collection/search/888134,Artists|Women|Palettes|Portraits|Dogs
679226,False,Drawings and Prints,1952.0,Print,"Vases Cinereres, from Recueil de divers Monumens Anciens répandus en plusieurs endroits de L'Italie",,Artist|Publisher|Printer,Jean Barbault|Bouchard & Gravier|Giunchi Heritiers de Komarek,"French, Viarmes 1718–1762 Rome|Rome|",1770,1770,"Rogers Fund, 1952",Rome,Prints,http://www.metmuseum.org/art/collection/search/679226,
739518,True,The Libraries,,,La Basilica di San Marco in Venezia illustrata nella storia e nell'arte da scrittori veneziani : [volume 3],,Editor|Publisher,Camillo Boito|Ferdinando Ongania,|(1842-1911),1881,1881,,Venice,,http://www.metmuseum.org/art/collection/search/739518,
667480,True,The American Wing,2014.0,Goblet,Goblet,American,Manufacturer|Engraver,Brooklyn Flint Glass Company|Joseph Stouvenel and Company (1851-1857),"American, Brooklyn, New York, 1824–1868|",1850–55,1850,"Purchase, Cranshaw Corporation Gift, 2014",New York,,http://www.metmuseum.org/art/collection/search/667480,
32844,False,Arms and Armor,1923.0,Reinforce for the left elbow,Reinforce for the Left Elbow,"German, Augsburg",Etcher,Jörg Sorg the Younger,"German, Augsburg, ca. 1522–1603","ca. 1550–55, some etched decoration, possibly 19th century",1525,"Anonymous Gift, in memory of Cornelius Stevenson, 1923",Augsburg,Armor Parts-Elbow Plates,http://www.metmuseum.org/art/collection/search/32844,
349330,False,Drawings and Prints,1968.0,Book,[Bonjour] Cinema,,Publisher,"Editions de la Sirene, Collection des Tractes",French,1921,1921,"The Elisha Whittelsey Collection, The Elisha Whittelsey Fund, 1968",Paris,Books,http://www.metmuseum.org/art/collection/search/349330,
2732,True,The American Wing,1946.0,Cream pot,Hobnail Creamer,American,Maker,"Hobbs, Brockunier and Company",1863–1891,after 1886,1887,"Gift of Mrs. Emily Winthrop Miles, 1946",Wheeling,,http://www.metmuseum.org/art/collection/search/2732,
27512,False,Arms and Armor,1954.0,Pair of highland flintlock pistols,Pair of Highland Flintlock Pistols,"Scottish, Doune",Gunsmith,John Campbell,"Scottish, died 1807",late 18th century,1750,"Bequest of Alan Rutherfurd Stuyvesant, 1954",Doune,Firearms-Pistols-Flintlock,http://www.metmuseum.org/art/collection/search/27512,
644527,False,Drawings and Prints,1948.0,Print,"A nun's dream, bound in L'Oeuvre original de Vivant Denon. Collection de eaux-fortes, Volume 2",,Artist|Publisher,baron Dominique Vivant Denon|A. Barrand,"French, Givry 1747–1825 Paris|",1873,1873,"Harris Brisbane Dick Fund, 1948",Paris,Books,http://www.metmuseum.org/art/collection/search/644527,
641028,True,Drawings and Prints,1958.0,Print,"Mary, Queen of Scots",,Sitter|Artist,"Mary, Queen of Scots|Robert Strange","British, Linlithgow 1542–1587 Fotheringhay|British, Orkney, Scotland 1721–1792 London",mid-18th century,1735,"Gift of Susan Dwight Bliss, 1958",London,Prints,http://www.metmuseum.org/art/collection/search/641028,Queens|Portraits|Women|Mary Queen of Scots
887862,False,Drawings and Prints,1949,Album Print Ornament & Architecture,Vertical Grotesque Panel with a Personification of Architecture,,Artist,Cornelis Bos,"Netherlandish, Hertogenbosch ca. 1510?–before 1556 Groningen",1548,1545,"The Elisha Whittelsey Collection, The Elisha Whittelsey Fund, 1949",Antwerp,Albums|Prints|Ornament & Architecture,http://www.metmuseum.org/art/collection/search/887862,
9422,False,The American Wing,1951.0,Vase,Vase,American,Designer|Maker|Maker,Louis C. Tiffany|Tiffany Glass and Decorating Company|Tiffany Studios,"American, New York 1848–1933 New York|American, 1892–1902|1902–32",1912,1912,"Gift of Louis Comfort Tiffany Foundation, 1951",New York,,http://www.metmuseum.org/art/collection/search/9422,
697712,True,Drawings and Prints,1962.0,Print,"Jael hammering a tent peg into the temple of the sleeping Sisera, to the right a servant hides behind a curtain; from the series of 112 prints of the sacred history, after the painting by Giovanni Battista Pittoni",,Publisher|Artist|Artist,Pietro Monaco|Giovanni Battista Pittoni|Pietro Monaco,"Italian, Belluno 1707–1772 Venice|Italian, Venice 1687–1767 Venice|Italian, Belluno 1707–1772 Venice",ca. 1730–39,1725,"Rogers Fund, 1962",Venice,Prints,http://www.metmuseum.org/art/collection/search/697712,
629914,True,Drawings and Prints,1958.0,Print,"Mary, Queen of Scots",,Sitter|Artist|Publisher,"Mary, Queen of Scots|Thomas Woolnoth|Dean and Munday","British, Linlithgow 1542–1587 Fotheringhay|British, London 1785–1857?|London","July 1, 1824",1824,"Gift of Susan Dwight Bliss, 1958",London,Prints,http://www.metmuseum.org/art/collection/search/629914,Portraits|Women|Mary Queen of Scots
347351,False,Drawings and Prints,1954.0,Book,"Undertakers' Supplies, Illustrated Catalogue, Appendix to Cat. of 1887",,Author,"Chappell, Chase, Maxwell & Co.","New York, NY",1887,1887,"The Elisha Whittelsey Collection, The Elisha Whittelsey Fund, 1954",Oneida,Books,http://www.metmuseum.org/art/collection/search/347351,
5554,True,The American Wing,1933.0,Paul Revere's autograph,Paul Revere's Autograph,American,Artist,Paul Revere Jr.,"American, Boston, Massachusetts 1734–1818 Boston, Massachusetts",1745–1818,1745,"Bequest of Alphonso T. Clearwater, 1933",Boston,,http://www.metmuseum.org/art/collection/search/5554,
727098,False,Drawings and Prints,1991.0,Book Prints Ornaments & Architecture,"Prismes: 40 Planches de Dessins et Coloris Nouveaux, Pl. 39",,Publisher|Designer,Editions d'Art Charles Moreau|Emile-Allain Séguy,"French|French, 1877–1951",[ca. 1930],1925,"Jane E. Andrews Fund, in memory of William Loring Andrews, 1933, transferred from the Library",Paris,Books|Prints|Ornament & Architecture,http://www.metmuseum.org/art/collection/search/727098,
501852,True,Musical Instruments,1889,Trumpet,Trumpet,"So. America, Peru",Maker,Mochica,,ca. 1000,900,"The Crosby Brown Collection of Musical Instruments, 1889",Truxillo (Mochica),Aerophone-Lip Vibrated-trumpet / trombone,http://www.metmuseum.org/art/collection/search/501852,Animals
20124,True,The American Wing,2017.0,Teapot,Teapot,American,Maker,Tiffany & Co.,1837–present,ca. 1880,1880,"Purchase, Louis and Virginia Clemente Foundation Inc. and Emma and Jay A. Lewis Gifts, 2017",New York,,http://www.metmuseum.org/art/collection/search/20124,Fish
350162,False,Drawings and Prints,1947.0,Book,Neue Garten Lust,,Designer|Engraver,Johann David Fülck|Johann Andreas Pfeffel,"|German, Augsburg 1674–1748 Augsburg",ca. 1720,1700,"Harris Brisbane Dick Fund, 1947",Augsburg,Books,http://www.metmuseum.org/art/collection/search/350162,
2565,False,The American Wing,1933.0,Vase,Covered Vase,Dutch,Maker,Rose factory,1662–1854,1727–39,1727,"Rogers Fund, 1933",Delft,,http://www.metmuseum.org/art/collection/search/2565,
434454,False,Drawings and Prints,1947.0,Print collection ornament & architecture,"Architectural composition with rocks and atlantes, from Grandes vues de grottes et jardins, plate 3",,Artist|Publisher,Jean Le Pautre|Pierre Mariette le fils,"French, Paris 1618–1682 Paris|French, Paris 1634–1716 Paris",17th century,1633,"Gift of Walter Schatzki, 1947",Paris,Prints|Ornament & Architecture,http://www.metmuseum.org/art/collection/search/434454,
389506,False,Drawings and Prints,1960.0,Book,Jewelry Circulars,,Author,M. J. Averbeck,"New York, NY",ca. 1900–10,1895,"The Elisha Whittelsey Collection, The Elisha Whittelsey Fund, 1960",New York,Books,http://www.metmuseum.org/art/collection/search/389506,
656014,False,Drawings and Prints,1947.0,Print,"Dead Red Deer (from ""Engravings of Lions, Tigers, Panthers, Leopards, Dogs, &c., Chiefly after the Designs of Sir Edwin Landseer)",,Publisher|Artist|Engraver,Henry G. Bohn|Sir Edwin Henry Landseer|John R. Scott,"|British, London 1802–1873 London|British, active 1827–35",1853,1853,"Harris Brisbane Dick Fund, 1947",London,Prints,http://www.metmuseum.org/art/collection/search/656014,
338762,True,Drawings and Prints,1918.0,Book,Officia M.T.C. Von den tugentsamen ämptern,,Illustrator|Illustrator|Illustrator|Author|Printer|Translator,Hans Burgkmair|Hans Weiditz the Younger|Master DS|Marcus Tullius Cicero|Heinrich Steyner|Johann von Schwartzenberg,"German, Augsburg 1473–1531 Augsburg|German, Freiburg im Breisgau before 1500–ca. 1536 Strasbourg|Swiss, active 1503–1515|Roman, 106 BCE–40 BCE|German, 1522–1547|German",1531,1531,"Gift of Felix M. Warburg, 1918",Augsburg,Books,http://www.metmuseum.org/art/collection/search/338762,Men|Dogs|Working|Writing
424216,True,Drawings and Prints,1999.0,Print collection ornament and architecture,"Apollon couronnant les arts (Apollo Crowining the Arts), from Recueil de Différentes Compositions Frises et Ornements dessinées et gravées à la manière du lavis par La Grenée le Juene Se trouve chez l'Auteur, au Louvre et chez Basan, rue et Hôtel Serpente A Paris, in an album containing Recueil de Compositions par Lagrenée Le Jeune (Collection of Compositions by Lagrenée the Younger)",,Artist,Jean Jacques Lagrenée,"French, Paris 1739–1821 Paris",1784,1784,"Purchase, The Arthur Ross Foundation Gift and Charles Z. Offin Fund, 1999",Paris,Prints|Ornament & Architecture,http://www.metmuseum.org/art/collection/search/424216,Lyres|Women|Apollo
729394,False,Drawings and Prints,1932.0,"Book
Print
Ornament & Architecture",Four designs for key-escutcheons,,Artist|Publisher,Jacques Androuet Du Cerceau|Pierre Mariette,"French, Paris 1510/12–1585 Annecy|French, 1596–1657",1546–49,1546,"Harris Brisbane Dick Fund, 1932",Paris,Books|Ornament & Architecture|Prints,http://www.metmuseum.org/art/collection/search/729394,
390672,True,Drawings and Prints,1920.0,Drawing Ornament and Architecture,"Frets, from Chippendale Drawings, Vol. II",,Artist,Thomas Chippendale,"British, baptised Otley, West Yorkshire 1718–1779 London",1754,1754,"Rogers Fund, 1920",London,Drawings|Ornament & Architecture,http://www.metmuseum.org/art/collection/search/390672,Ornament
701568,True,Drawings and Prints,1951.0,"Print, Fete, Ornament & Architecture","Plate 38: Triumphal ship with the city of Ghent in the background; from Guillielmus Becanus's 'Serenissimi Principis Ferdinandi, Hispaniarum Infantis...'",,Publisher,Johannes Meursius,"Flemish, active 1620–47",1636,1636,"The Elisha Whittelsey Collection, The Elisha Whittelsey Fund, 1951",Antwerp,Prints|Prints-Fete,http://www.metmuseum.org/art/collection/search/701568,Ships
661804,true,Drawings and Prints,1918.0,Books Prints Ornament & Architecture,"Corona delle Nobili et Virtuose Donne: Libro I-IV, page 15 (recto)",,Publisher,Cesare Vecellio,"Italian, Pieve di Cadore 1521–1601 Venice",1601,1601,"Rogers Fund, 1918",Venice,Books|Prints|Ornament & Architecture,http://www.metmuseum.org/art/collection/search/661804,Flowers|Vines
708768,False,"Arts of Africa, Oceania, and the Americas",2015.0,Photograph,Young Woman Seated in Apple Print Dress,,Artist,Seydou Keïta,"Malian, Bamako ca. 1921–2001 Paris",1975,1975,"Gift of Susan Mullin Vogel, 2015",Bamako,Paper-Photographs,http://www.metmuseum.org/art/collection/search/708768,Portraits|Women
734078,False,Drawings and Prints,1937.0,Print ; Ornament and Architecture,Ancient Arch,,Artist,Jacques Androuet Du Cerceau,"French, Paris 1510/12–1585 Annecy",mid 16th century,1545,"Harris Brisbane Dick Fund, 1937",[Orleans?],Ornament & Architecture|Prints,http://www.metmuseum.org/art/collection/search/734078,
642499,False,Drawings and Prints,1948.0,Print,"Michel Angiolo Amerighi da Caravaggio, bound in L'Oeuvre original de Vivant Denon. Collection de eaux-fortes, Volume 1",,Publisher|Artist,A. Barrand|baron Dominique Vivant Denon,"|French, Givry 1747–1825 Paris",1873,1873,"Harris Brisbane Dick Fund, 1948",Paris,Books,http://www.metmuseum.org/art/collection/search/642499,
679185,False,Drawings and Prints,1952.0,Print,"Urnes Cinereres, from Recueil de divers Monumens Anciens répandus en plusieurs endroits de L'Italie",,Artist|Publisher|Printer,Jean Barbault|Bouchard & Gravier|Giunchi Heritiers de Komarek,"French, Viarmes 1718–1762 Rome|Rome|",1770,1770,"Rogers Fund, 1952",Rome,Prints,http://www.metmuseum.org/art/collection/search/679185,
345228,False,Drawings and Prints,1958.0,Book,"Drawings and Prices of Patent Axeltrees, Cart Arms, Springs, Lamps, Bolts, Steps, Shafts, Wings, and Carriage Furniture in General",,Artist and publisher,Thomas Auster,"British, 1825–1878",ca. 1865,1860,"Purchase, Myra Carter Church Fund, 1958",Birmingham,Books,http://www.metmuseum.org/art/collection/search/345228,
647980,True,Drawings and Prints,1951.0,"Print, Fete, Ornament & Architecture","Plate 6: Ferdinand receiving the keys to the city of Ghent; from Guillielmus Becanus's 'Serenissimi Principis Ferdinandi, Hispaniarum Infantis...'",,Artist|Artist|Publisher,Pieter de Jode II|Anton van den Heuvel|Johannes Meursius,"Flemish, 1606–ca. 1674|Flemish, ca. 1600–1677|Flemish, active 1620–47",1636,1636,"The Elisha Whittelsey Collection, The Elisha Whittelsey Fund, 1951",Antwerp,Prints|Prints-Fete|Ornament & Architecture,http://www.metmuseum.org/art/collection/search/647980,Lions|Men|Women|Coat of Arms|Flags
760137,False,Drawings and Prints,1931.0,Book Print Ornament and Architecture,"Plate 49: Orchestra, from ""A New Book of Chinese Designs""",,Artist and publisher|Artist and publisher,Matthew Darly|George Edwards,"British, ca. 1720–1780 London|British, Stratford 1694–1773 Plaistow",1754,1754,"Harris Brisbane Dick Fund, 1931",London,Ornament & Architecture|Books|Prints,http://www.metmuseum.org/art/collection/search/760137,
712872,False,Drawings and Prints,1922.0,Book Print Ornament and Architecture,"Nouveau Livre de Desseins contenant les Ouvrages de la Joaillerie inventes et dessines par L. van der Cruycen en 1770, No. 12",,Publisher,L. van der Cruycen,"Flemish?, active Brussels and Paris, ca. 1760–80",1770,1770,"Rogers Fund, 1922",Paris,Ornament & Architecture|Prints|Books,http://www.metmuseum.org/art/collection/search/712872,
432631,False,Drawings and Prints,1933.0,Print collection ornament & architecture,"Two variants for handles for door and drawer handles, from Serrurerie, plate 4, bound in Oeuvres. Vol. III",,Artist|Publisher,Jean Le Pautre|Pierre Mariette le fils,"French, Paris 1618–1682 Paris|French, Paris 1634–1716 Paris",17th century,1633,"Harris Brisbane Dick Fund, 1933",Paris,Prints|Ornament & Architecture,http://www.metmuseum.org/art/collection/search/432631,
890012,false,The Libraries,,,Chingozine : [no. 7.5],,Author,Puro Chingón Collective,,2012-,2012,,Austin,,http://www.metmuseum.org/art/collection/search/890012,
344598,False,Drawings and Prints,1934.0,Book,The Pleasures of Imagination: A Poem in Three Books,,Author|Publisher|Illustrator,Mark Akenside|Thomas B. Wait & Co.|Alexander Anderson,"British, Newcastle-upon-Tyne 1721–1770 London|Portland, Maine|American, New York 1775–1870 Jersey City, New Jersey",1807,1807,"Harris Brisbane Dick Fund, 1934",Portland,Books,http://www.metmuseum.org/art/collection/search/344598,
657460,False,Drawings and Prints,1952.0,Print,"Restes du Portique du Temple de Jupiter Stator, from Les Plus Beaux Monuments de Rome Ancienne ou Recueil des plus beaux Morceaux de l'Antiquité Romaine qui existent encore",,Publisher|Printer|Engraver|Artist,Bouchard & Gravier|Giunchi Heritiers de Komarek|Dominico Montagu|Jean Barbault,"Rome| |Italian, active Rome, ca. 1750–76|French, Viarmes 1718–1762 Rome",1761,1761,"Rogers Fund, 1952",Rome,Prints,http://www.metmuseum.org/art/collection/search/657460,
433715,False,Drawings and Prints,1933.0,Print collection ornament & architecture,"Hunt of the wild boar of Calydon with a river god and nymph in the foreground at right, from a series of twenty-two plates depicting mythological subjects, plate 12, bound in Oeuvres. Vol. IV",,Artist|Publisher,Jean Le Pautre|Jacques II Chereau,"French, Paris 1618–1682 Paris|French, Blois 1688–1776 Paris",17th century,1633,"Harris Brisbane Dick Fund, 1933",Paris,Prints|Ornament & Architecture,http://www.metmuseum.org/art/collection/search/433715,
392684,True,Drawings and Prints,1959.0,Print,"Britannia Roused, or the Coalition Monsters Destroyed",,Artist|Subject|Subject,"Thomas Rowlandson|Frederick North, 2nd Earl of Guilford|Charles James Fox","British, London 1757–1827 London|British, 1732–1792|British, 1749–1806","February 3, 1784",1784,"The Elisha Whittelsey Collection, The Elisha Whittelsey Fund, 1959",London,Prints,http://www.metmuseum.org/art/collection/search/392684,Men|Female Nudes|Satire|Politics
20152,True,The American Wing,2018.0,Bowl,Bowl,American,Maker,George E. Ohr,"American, Biloxi, Mississippi 1857–1918  Biloxi, Mississippi",ca. 1897–1900,1894,"Gift of Robert A. Ellison Jr., 2018",Biloxi,,http://www.metmuseum.org/art/collection/search/20152,
2722,True,The American Wing,1981.0,Cream pot,Creamer,American,Maker,William Forbes,"baptized 1799, active New York, 1826–63",ca. 1840,1837,"Gift of Guerdon Holden Nelson, Cyril Irwin Nelson, Nicholas Macy Nelson and Michael Underhill Nelson, in devoted memory of their grandmother, Elinor Irwin Holden, and their mother, Elise Macy Nelson, 1981",New York,,http://www.metmuseum.org/art/collection/search/2722,
343636,False,Drawings and Prints,1923.0,Book,"Unterschiedliche neue Inventionen von Geschmuckh, Zierathen und Galanterien",,Publisher|Engraver|Engraver|Artist,Jeremias Wolff|Johann Andreas Pfeffel|Christian Engelbrecht|Friedrich Jacob Morison,"German, 1663–1724|German, Augsburg 1674–1748 Augsburg|German, Augsburg 1672–1735 Augsburg|German, active 1693–99",ca. 1700,1695,"Harris Brisbane Dick Fund, 1923",Augsburg,Books,http://www.metmuseum.org/art/collection/search/343636,
348684,False,Drawings and Prints,1945.0,Book,Die Dichter des deutschen Volkes,,Artist|Artist|Artist|Publisher|Publisher,Adolph Menzel|J. B. Sonderland|Th. Hosemann|J. Draeger|A. Hofmann & Co.,"German, Breslau 1815–1905 Berlin| |German, 19th century|German|",1848,1848,"Harris Brisbane Dick Fund, 1945",Berlin,Books,http://www.metmuseum.org/art/collection/search/348684,
734247,False,Drawings and Prints,1939.0,"Book
Print
Ornament & Architecture","Arch of Pavle, Plate 22",,Artist,Jacques Androuet Du Cerceau,"French, Paris 1510/12–1585 Annecy",1549,1549,"Harris Brisbane Dick Fund, 1939",Orelans,Books|Ornament & Architecture|Prints,http://www.metmuseum.org/art/collection/search/734247,
348845,False,Drawings and Prints,1970.0,Book,Souvenir de l'Exposition de 1867,,Artist|Publisher,Draner|Dusacq,"French, 19th century|Paris, 19th century",1867,1867,"Gift of Lincoln Kirstein, 1970",Paris,Books,http://www.metmuseum.org/art/collection/search/348845,
347620,False,Drawings and Prints,1988.0,Book,Purification of the Twelve: A Calendar for 1988,,Artist|Publisher|Designer|Printer,Francesco Clemente|Anthony d' Offay|Heiner Bastian|Elbracht,"Italian, born Naples, 1952|London|born 1942|British, late 20th century",1987,1987,"Gift of Anne and Anthony d'Offay, 1988",London,Books,http://www.metmuseum.org/art/collection/search/347620,
746636,False,Drawings and Prints,1944.0,Book Print Ornament & Architecture,Ornamental designs with garlands and bundles of stylized flowers and leaves,,Publisher|Lithographer|Designer,Fleury Chavant|Georges Schlatter|Stanilas Nicolas Théodore Buffardin,"French, 19th century|French|French (?), 19th Century",[after 1844],1844,"Gift of Edith P. Blase, 1944",Paris,Books|Prints|Ornament & Architecture,http://www.metmuseum.org/art/collection/search/746636,
350329,False,Drawings and Prints,1966.0,Book,Mémoirs d'un Eléphant blanc,,Author|Artist|Illustrator|Publisher,Judith Gautier|R. Ruty|Alphonse Mucha|Armand Colin et Cie.,"French, 1845–1917| |Czech, Ivančice 1860–1939 Prague|",1894,1894,"The Elisha Whittelsey Collection, The Elisha Whittelsey Fund, 1966",Paris,Books,http://www.metmuseum.org/art/collection/search/350329,
6684,True,The American Wing,1933.0,Porringer,Porringer,American,Maker,John Edwards,ca. 1671–1746,1725–45,1725,"Bequest of Alphonso T. Clearwater, 1933",Boston,,http://www.metmuseum.org/art/collection/search/6684,
352161,False,Drawings and Prints,1966.0,Book,Wilanowska Bajka,,Author|Illustrator|Publisher,Hanna Januszewska|Jerzy Jaworowski|Czytelnik,"Polish, 1905–1980| |",1964,1964,"Gift of Mrs. Joseph Y. Smith, 1966",Warsaw,Books,http://www.metmuseum.org/art/collection/search/352161,
7545,True,The American Wing,1959.0,Cufflinks,Sleeve Button,American,Maker,Daniel Rogers,1753–1792,ca. 1770–92,1767,"Gift of Jeremiah Clarke, 1959",Newport,,http://www.metmuseum.org/art/collection/search/7545,
8119,True,The American Wing,1924.0,Spoon,Table Spoon,American,Maker|Maker,Joel Sayre|John Sayre,1778–1818|1771–1852,ca. 1800,1797,"Bequest of Charles Allen Munn, 1924",New York,,http://www.metmuseum.org/art/collection/search/8119,
626037,False,Drawings and Prints,1947.0,Print ornament & architecture,"Cibele, from Deorum Dearumque Capita : ex vetustis numismatibus in gratiam antiquitatis studiosorum effigiata et edita",,Publisher|Artist|Artist|Artist,Philips Galle|Hans Vredeman de Vries|Johannes van Doetecum I|Lucas van Doetecum,"Netherlandish, Haarlem 1537–1612 Antwerp|Netherlandish, Leeuwarden 1527–1606 (?)  Antwerp (?)|Netherlandish, 1528/32–1605|Netherlandish, active 1554–72, died before 1589",1573,1573,"Harris Brisbane Dick Fund, 1947",Antwerp,Ornament & Architecture|Prints,http://www.metmuseum.org/art/collection/search/626037,
6101,True,The American Wing,1962.0,Plate,Plate,American,Maker,Thomas Byles,ca. 1685–1771,1711–71,1711,"Gift of Mrs. Stephen S. FitzGerald, 1962",Newport|Philadelphia,,http://www.metmuseum.org/art/collection/search/6101,
742505,True,Drawings and Prints,1970.0,Print,Who's Mistress Now?,,Artist|Publisher,Thomas Rowlandson|Samuel Howitt,"British, London 1757–1827 London|British, Nottinghamshire 1756–1823 London","June 25, 1802",1802,"The Elisha Whittelsey Collection, The Elisha Whittelsey Fund and Harris Brisbane Dick Fund, by Exchange, 1970",London,Prints,http://www.metmuseum.org/art/collection/search/742505,Women|Cats|Mirrors
433069,False,Drawings and Prints,1949.0,Print,"A soldier shaking the powder from his caliver, from the Marksmen series, plate 18, in Waffenhandlung von den Rören Musquetten undt Spiessen / Wapenhandelinghe van Roers Musquetten ende Spiessen (The Exercise of Arms)",,Artist|Artist|Artist,Jacques de Gheyn II|Jacques de Gheyn II|Robert Willemsz de Baudous,"Netherlandish, Antwerp 1565–1629 The Hague|Netherlandish, Antwerp 1565–1629 The Hague|Netherlandish, 1574/5–1659",published 1608,1608,"The Elisha Whittelsey Collection, The Elisha Whittelsey Fund, 1949",The Hague,Prints,http://www.metmuseum.org/art/collection/search/433069,
718083,False,The American Wing,2020.0,Vase,Vase with narcissus,American,Manufacturer|Decorator,Rookwood Pottery Company|Anna Marie Valentien,"American, Cincinnati, Ohio 1880–1967|American, 1862–1947",1905,1905,"Gift of Martin Eidelberg, 2020",Cincinnati,,http://www.metmuseum.org/art/collection/search/718083,
433211,False,Drawings and Prints,1933.0,Print collection ornament & architecture,"Landscape in an octagonal frame, from Ornements de panneaux à la romaine, plate 2, bound in Oeuvres. Vol. IV",,Artist|Publisher,Jean Le Pautre|Pierre Mariette le fils,"French, Paris 1618–1682 Paris|French, Paris 1634–1716 Paris",published 1667,1667,"Harris Brisbane Dick Fund, 1933",Paris,Prints|Ornament & Architecture,http://www.metmuseum.org/art/collection/search/433211,
681386,True,The Libraries,2009.O,,"Réponse aux plaintes des protestans touchant la prétendüe persecution de France. : Où l'on expose le sentiment de Calvin, & de tous les plus célebres ministres, sur les peines dûës aux hérétiques. On découves aussi plusieurs particularitez dignes d'être sçûës, touchant la Réformation & les réformateurs",,Printer|Author,Arnold Seneuse|Denis de Sainte-Marthe,"|French, 1650–1725",1688,1688,"Gift of Jayne Wrightsman, 2008",Paris,,http://www.metmuseum.org/art/collection/search/681386,
503622,False,Musical Instruments,2003,Tiple Puertorriqueño,Tiple Puertorriqueño,American (Puerto Rico),Maker,Luis Ángel Colón,,2002,2002,"Gift of Luis Ángel Colón, 2003",Barranquitas,Chordophone-Lute-plucked-fretted,http://www.metmuseum.org/art/collection/search/503622,
678897,False,Drawings and Prints,1952.0,Print,"Basrelief Antique, from Recueil de divers Monumens Anciens répandus en plusieurs endroits de L'Italie",,Artist|Publisher|Printer,Jean Barbault|Bouchard & Gravier|Giunchi Heritiers de Komarek,"French, Viarmes 1718–1762 Rome|Rome|",1770,1770,"Rogers Fund, 1952",Rome,Prints,http://www.metmuseum.org/art/collection/search/678897,
345160,False,Drawings and Prints,1921.0,Book,Il Cantico delle Creature (and) I Fioretti,,Publisher|Author,Modernissima|Saint Francis of Assisi,"|Italian, 1181/82–1226","October 31, 1920",1920,"Museum Accession, 1921",Milan,Books,http://www.metmuseum.org/art/collection/search/345160,
503234,True,Musical Instruments,1983,Violoncello,Violoncello,French,Maker,François-Louis Pique,"French, Roret 1757–1822 Charenton Saint Maurice",ca. 1800,1780,"Purchase, The Astor Foundation, Mrs. Jackson Burke, J. Richardson Dilworth, Mrs. Harold H. Krechmer, in memory of Harold H. Krechmer, and American Society for Eighteenth Century Studies Gifts; Rogers Fund; Gift of Mr. and Mrs. Gregory W. Mandeville, The Crosby Brown Collection of Musical Instruments, Gifts of Mrs. Harold H. Krechmer and Helen Blank, in memory of Therese Gittler, by exchange; and funds from various donors, 1983",Paris,Chordophone-Lute-bowed-unfretted,http://www.metmuseum.org/art/collection/search/503234,
432052,False,Drawings and Prints,1933.0,Print collection ornament & architecture,"Two pedestals in the shape of female figures carrying baskets, from Termes, plate 2, bound in Oeuvres. Vol. II",,Artist|Publisher,Jean Le Pautre|Jean Le Pautre,"French, Paris 1618–1682 Paris|French, Paris 1618–1682 Paris",17th century,1633,"Harris Brisbane Dick Fund, 1933",Paris,Prints|Ornament & Architecture,http://www.metmuseum.org/art/collection/search/432052,
2659,True,The American Wing,1933.0,Cream pot,Creampot,American,Maker,Samuel Casey,"American, Rhode Island ca. 1723–ca. 1775",1750–70,1750,"Bequest of Alphonso T. Clearwater, 1933",Exeter|South Kingstown,,http://www.metmuseum.org/art/collection/search/2659,
381953,False,Drawings and Prints,1937.0,Book,Oeuvres. Tome III.,,Artist|Publisher|Engraver|Engraver|Engraver,Juste Nathan Boucher|Le Pere et Avaulet|Jean Pelletier|Pichard|Juillet,"French 1736–1782| |French, born Paris ca. 1736|French|",1750–82,1750,"Harris Brisbane Dick Fund, 1937",Paris,Books,http://www.metmuseum.org/art/collection/search/381953,
20622,true,The American Wing,2010.0,Pitcher,Pitcher,American,Maker,"Ceramic Art Company, Trenton, New Jersey","American, 1889–1896",1889–1906,1889,"Gift of Robert Tuggle, 2010",Trenton,,http://www.metmuseum.org/art/collection/search/20622,Flowers
2640,True,The American Wing,1951.0,Cream pitcher,Cream pitcher,American,Manufacturer,Boston & Sandwich Glass Company,"American, 1825–1888, Sandwich, Massachusetts",1830–40,1830,"Gift of Mrs. Charles W. Green, in memory of Dr. Charles W. Green, 1951",Sandwich,,http://www.metmuseum.org/art/collection/search/2640,
370242,True,Drawings and Prints,1973.0,Print,Belisarius,,Artist|Artist,baron François Gérard|Auguste Gaspard Louis Boucher Desnoyers,"French, Rome 1770–1837 Paris|French, Paris 1779–1857 Paris",1806,1806,"Gift of Paul Spiegel on behalf of Mel D. Spiegel, 1973",Paris,Prints,http://www.metmuseum.org/art/collection/search/370242,Boys|Men|Snakes|Generals
626165,False,Drawings and Prints,1947.0,Print ornament & architecture,"Piety, from Deorum Dearumque Capita : ex vetustis numismatibus in gratiam antiquitatis studiosorum effigiata et edita",,Publisher|Artist|Artist|Artist,Philips Galle|Hans Vredeman de Vries|Johannes van Doetecum I|Lucas van Doetecum,"Netherlandish, Haarlem 1537–1612 Antwerp|Netherlandish, Leeuwarden 1527–1606 (?)  Antwerp (?)|Netherlandish, 1528/32–1605|Netherlandish, active 1554–72, died before 1589",1573,1573,"Harris Brisbane Dick Fund, 1947",Antwerp,Prints|Ornament & Architecture,http://www.metmuseum.org/art/collection/search/626165,
14194,False,The American Wing,1989.0,Coverlet,Coverlet,American,Maker,Asahel Phelps,,1853,1853,"Gift of Mrs. James J. Rorimer, 1989",Delhi,,http://www.metmuseum.org/art/collection/search/14194,
35883,False,Arms and Armor,2013.0,Cabinet,Bashford Dean Presentation Cabinet,"American, New York",Maker|Maker,Leonard Heinrich|Harvey Murton,"American (born Germany) Munich 1900–1966 Clarksville, New Jersey|American, Kingswood, Bronx 1907–2004 Yonkers, New York",1927,1927,"Gift of Dean K. Boorman, 2013",New York,Miscellaneous-Ironwork,http://www.metmuseum.org/art/collection/search/35883,Owls
347391,False,Drawings and Prints,1933.0,Book,First Book of Different Trophies,,Artist|Publisher|Etcher,René Charpentier|Chez Huquier|Gabriel Huquier,"French, Cuille 1680–1723 Paris|French, 18th century|French, Orléans 1695–1772 Paris",1700–1730,1700,"Harris Brisbane Dick Fund, 1933",Paris,Books,http://www.metmuseum.org/art/collection/search/347391,
6233,True,The American Wing,1941.0,Plate,Plate,American,Maker,Hiram Yale,1799–1831,1822–31,1822,"Gift of Mrs. J. Insley Blair, in memory of her husband, 1941",Wallingford,,http://www.metmuseum.org/art/collection/search/6233,
347075,False,Drawings and Prints,1935.0,Book,Le Feste Veneziane della Serenissima,,Artist|Engraver|Publisher,Canaletto (Giovanni Antonio Canal)|Giovanni Battista Brustolon|G. Zanetti,"Italian, Venice 1697–1768 Venice|Italian, Venice 1712–1796 Venice|",1922,1922,"Gift of Walter H. Smith,1935",Venice,Books,http://www.metmuseum.org/art/collection/search/347075,
734734,False,Drawings and Prints,1920.0,"Book
Ornament and architecture
Print","Temple of Minerva, from Temples in the Ancient Style",,Artist,Jacques Androuet Du Cerceau,"French, Paris 1510/12–1585 Annecy",1550,1550,"Rogers Fund, 1920",Orleans,Books|Ornament & Architecture|Prints,http://www.metmuseum.org/art/collection/search/734734,
347062,False,Drawings and Prints,1925.0,Book,Lamento,,Author,Nicolo Campana,"Italian, 16th century",1526,1526,"Harris Brisbane Dick Fund, 1925",Venice,Books,http://www.metmuseum.org/art/collection/search/347062,
346817,False,Drawings and Prints,1964.0,Book,"Wood - Cut Tones - Samples of Wood Engravings Printed with the ""Art"" series of Toned Wood - Cut Inks",,Author,Buffalo Printing Ink Works,"Buffalo, New York",1887,1887,"The Elisha Whittelsey Collection, The Elisha Whittelsey Fund, 1964",Buffalo,Books,http://www.metmuseum.org/art/collection/search/346817,
2689,True,The American Wing,1933.0,Cream pot,Creamer,American,Maker,Joseph Moulton,1744–1816,ca. 1800,1790,"Bequest of Alphonso T. Clearwater, 1933",Newburyport,,http://www.metmuseum.org/art/collection/search/2689,
720581,False,"Arts of Africa, Oceania, and the Americas",2017.0,Drawing,Drawing,Chachet Baining people,Artist,Marmgi,,1972,1972,"Gift of George and Sarah Corbin, 2017",Walmetki village,Drawings|Paper,http://www.metmuseum.org/art/collection/search/720581,
576,True,The American Wing,1971.0,Tile,Border Tile,American,Maker,J. and J. G. Low Art Tile Works,"American, Chelsea, Massachusetts, 1877–1903",1881,1881,"Gift of Mrs. George F. Leonard, 1971",Chelsea,,http://www.metmuseum.org/art/collection/search/576,
5840,True,The American Wing,1914.0,Pitcher,Pitcher,American,Maker,Pyatt,active 1849–79,ca. 1849–79,1846,"Bequest of Mary Mandeville Johnston, from the collection of Mr. and Mrs. Edward W. S. Johnston, 1914",Zanesville,,http://www.metmuseum.org/art/collection/search/5840,
346930,False,Drawings and Prints,1945.0,Book,Needle and Brush: Useful and Decorative. Metropolitan Art Series,,Publisher,The Butterwick Publishing Co.,"New York, NY",1889,1889,"Harris Brisbane Dick Fund, 1945",New York,Books,http://www.metmuseum.org/art/collection/search/346930,
491189,False,Modern and Contemporary Art,1943,Textile sample,Sample,American,Maker|Maker,Louis A. Stirn|Edmund A. Stirn,"American (born Germany), Frankfurt-am-Main 1863–1962 Staten Island, New York|American (born Germany ?), 1868– (?)",1925,1925,"Gift of Miss M. K. Overbeck, 1943",New York,Textiles-Printed,http://www.metmuseum.org/art/collection/search/491189,
736077,True,Drawings and Prints,1959.0,Print,The Westminster Deserter Drum'd Out of The Regiment,,Subject|Publisher|Subject|Artist|Subject,Sir Cecil Wray|Hannah Humphrey|Samuel House|Thomas Rowlandson|Charles James Fox,"British, Yorkshire 1734–1805 Lincolnshire|London|British, active 1780–85|British, London 1757–1827 London|British, 1749–1806","May 18, 1784",1784,"The Elisha Whittelsey Collection, The Elisha Whittelsey Fund, 1959",London,Prints,http://www.metmuseum.org/art/collection/search/736077,Drums|Crowd|Satire|Politics
787720,True,Drawings and Prints,1959.0,Print,Sr. Samuel House,,Artist|Subject|Publisher,Thomas Rowlandson|Samuel House|Henry Brookes,"British, London 1757–1827 London|British, active 1780–85|British, active 1786–95",[1780] reissued 1786–91,1780,"The Elisha Whittelsey Collection, The Elisha Whittelsey Fund, 1959",London,Prints,http://www.metmuseum.org/art/collection/search/787720,Drinking|Satire|Men
348213,False,Drawings and Prints,1956.0,Book,Jagdfibel,,Author|Artist|Publisher,Ferdinand Graf Czernin|Eugen Graf Ledebur|Wilhelm Frick,| |,1950s (?),1950,"Gift of Eugene L. Garbaty, 1956",Vienna,Books,http://www.metmuseum.org/art/collection/search/348213,
345235,False,Drawings and Prints,1921.0,Book,Autograph Etchings by American Artists. . . Selections from American Poets,,Publisher|Artist|Artist|Artist|Artist|Artist|Artist|Artist|Artist|Artist|Artist|Artist|Artist,W. A. Townsend & Co.|John Whetten Ehninger|Asher Brown Durand|Emanuel Leutze|John Frederick Kensett|Felix Octavius Carr Darley|John William Casilear|Eastman Johnson|Robert Swain Gifford|George Cochran Lambdin|George Henry Boughton|William Parsons Wincester Dana|Louis Remy Mignot,"New York, NY|American, New York 1827–1889 Saratoga Springs, New York|American, Jefferson, New Jersey 1796–1886 Maplewood, New Jersey|American, Schwäbisch Gmünd 1816–1868 Washington, D.C.|American, Cheshire, Connecticut 1816–1872 New York|American, Philadelphia, Pennsylvania 1822–1888 Claymont, Delaware|American, New York 1811–1893 Saratoga Springs, New York|American, Lovell, Maine 1824–1906 New York|American, Nonamesset, Massachusetts 1840–1905 New York|American, Pittsburg, Pennsylvania 1830–1896 Germantown, Pennsylvania|British, Norwich 1833–1905 London|American, 1833–1927|American, Charleston, South Carolina 1831–1870 Brighton",1859,1859,"Museum Accession, transferred from the Library",New York,Books,http://www.metmuseum.org/art/collection/search/345235,
345972,False,Drawings and Prints,1966.0,Book,"Gaspard de la Nuit, Fantaisies à la Manière de Rembrandt et de Callot",,Author|Illustrator|Publisher,Louis Bertrand|Armand Séguin|Ambroise Vollard,"|French, Brittany 1869–1903 Finistère, Brittany|French, 1866–1939",1904,1904,"The Elisha Whittelsey Collection, The Elisha Whittelsey Fund, 1966",Paris,Books,http://www.metmuseum.org/art/collection/search/345972,
347579,True,Drawings and Prints,1953.0,Books Prints Ornament & Architecture,Prima parte de' fiori,,Printer|Publisher|Author,Nicolo Moretti|Francesco de' Franceschi|Giovanni Battista Ciotti,"|Italian, active 16th century|Italian, born Siena, ca. 1560",1591,1591,"Gift of Mary M. Greenwood, in memory of Eliza Rudd Greenwood, 1953",Venice,Books|Prints|Ornament & Architecture,http://www.metmuseum.org/art/collection/search/347579,
433129,False,Drawings and Prints,1933.0,Print collection ornament & architecture,"Two friezes with the Triumph of Baccchus at top and with Silenus riding a donkey at bottom, from Frises, feuillages et ornements à l'italienne, plate 5, bound in Oeuvres. Vol. IV",,Artist|Publisher,Jean Le Pautre|Pierre Mariette le fils,"French, Paris 1618–1682 Paris|French, Paris 1634–1716 Paris",17th century,1633,"Harris Brisbane Dick Fund, 1933",Paris,Prints|Ornament & Architecture,http://www.metmuseum.org/art/collection/search/433129,
8297,true,The American Wing,1969.0,Teacup and saucer,Teacup and saucer,American,Designer|Manufacturer,Karl L. H. Müller|Union Porcelain Works,1820–1887|1863–1922,ca. 1876,1873,"Gift of Mr. and Mrs. Franklin Chace, 1969",Brooklyn,,http://www.metmuseum.org/art/collection/search/8297,Flowers
108,True,The American Wing,1989.0,Andiron,Andiron,American,Maker,John Bailey,"American, active New York, 1736–1815",1792–1814,1792,"Purchase, Mr. and Mrs. George M. Kaufman Gift, 1989",New York,,http://www.metmuseum.org/art/collection/search/108,
431291,False,Drawings and Prints,1933.0,Print collection ornament & architecture,"Fireplace ornamented with a mask, from Livre de Cheminées Executées a Marly, plate 4, bound in Oeuvres. Vol. I",,Artist|Publisher,Pierre Le Pautre|M. Daigremont,"French, ca. 1660–1744|French, active ca.1670–1700",1670–99,1670,"Harris Brisbane Dick Fund, 1933",Paris,Prints|Ornament & Architecture,http://www.metmuseum.org/art/collection/search/431291,
771881,True,Drawings and Prints,1924.0,Print,"Portrait of Isabella Brant, Rubens' first wife",,Artist|Sitter|Artist,Andreas Ludwig Bissel|Isabella Brant|Peter Paul Rubens,"German, active Mannheim, 1773–1847|Flemish, 1591–1626|Flemish, Siegen 1577–1640 Antwerp",1799–1810,1799,"Gift of Georgiana W. Sargent, in memory of John Osborne Sargent, 1924",Paris,Prints,http://www.metmuseum.org/art/collection/search/771881,Portraits|Women|Reading
8467,True,The American Wing,1923.0,Spoon,Tea Spoon,American,Maker,Myer Myers,1723–1795,1760–75,1760,"Gift of Mr. and Mrs. William A. Moore, 1923",New York,,http://www.metmuseum.org/art/collection/search/8467,
345110,False,Drawings and Prints,1966.0,Book,The art decorator; designs in colours for art workers and amateurs,,Publisher,H. Grevel & Co.,London,1907,1907,"The Elisha Whittelsey Collection, The Elisha Whittelsey Fund, 1966",London,Books,http://www.metmuseum.org/art/collection/search/345110,
356227,False,Drawings and Prints,1947.0,Book,The Useful,,Author,J. P. Rinn,"American, 19th century",1877,1877,"Harris Brisbane Dick Fund, 1947",Boston,Books,http://www.metmuseum.org/art/collection/search/356227,
371955,False,Drawings and Prints,1941.0,Book,"Des grossen und weltberühmten Vitruvii Architectura, in des kurze verfasst, durch Herrn Perrault",,Author|Editor|Translator|Printer|Publisher,Marcus Pollio Vitruvius|Claude Perrault|M. Müller|Paul Lochner und Meyer|Würzburgische Ingenieurs und Architectur Academie,"Roman, active late 1st century BCE|French, 1613–1688|German| |German",1757,1757,"Bequest of W. Gedney Beatty, 1941",Würzburg,Books,http://www.metmuseum.org/art/collection/search/371955,
7827,True,The American Wing,1933.0,Spoon,Spoon,American,Maker,Edward Webb,ca. 1666–1718,ca. 1710,1685,"Bequest of Alphonso T. Clearwater, 1933",Boston,,http://www.metmuseum.org/art/collection/search/7827,
452151,true,Islamic Art,1970.0,Folio from an illustrated manuscript,"""Bizhan Receives an Invitation through Manizha's Nurse"", Folio 300v from the Shahnama (Book of Kings) of Shah Tahmasp",,Author|Artist,Abu'l Qasim Firdausi|'Abd al-Vahhab,"Iranian, Paj ca. 940/41–1020 Tus|Iranian",ca. 1525–30,1500,"Gift of Arthur A. Houghton Jr., 1970",Tabriz,Codices,http://www.metmuseum.org/art/collection/search/452151,Men|Women|Horses
312336,False,"Arts of Africa, Oceania, and the Americas",1979.0,Figure,Gwandansu,Bamana,Artist,Bamana artist,,15th–first half 20th century,1400,"The Michael C. Rockefeller Memorial Collection, Bequest of Nelson A. Rockefeller, 1979",Bougouni or Dioila region,Wood-Sculpture,http://www.metmuseum.org/art/collection/search/312336,Infants|Mothers
2443,True,The American Wing,1946.0,Punch bowl,Covered Punch Bowl,American,Maker,"Hobbs, Brockunier and Company",1863–1891,ca. 1885–87,1882,"Gift of Mrs. Emily Winthrop Miles, 1946",Wheeling,,http://www.metmuseum.org/art/collection/search/2443,
734408,False,Drawings and Prints,1963.0,"Book
Ornament & Architecture
Prints","Design for a Dormer, from Second Book of Architecture",,Publisher|Artist,André Wechel|Jacques Androuet Du Cerceau,"|French, Paris 1510/12–1585 Annecy",1561,1561,"The Elisha Whittelsey Collection, The Elisha Whittelsey Fund, 1963",Paris,Books|Ornament & Architecture|Prints,http://www.metmuseum.org/art/collection/search/734408,
729799,False,Drawings and Prints,1977.0,Portfolio Prints Ornament & Architecture,"Formes et Couleurs, Planche 15",,Publisher|Designer,"Albert Lévy, Librairie Centrale des Beaux-Arts|Auguste H. Thomas","|French, active ca. 1910–30",ca. 1930 (?),1925,"Rogers Fund, 1927, transferred from the Library",Paris,Portfolios|Ornament & Architecture|Prints,http://www.metmuseum.org/art/collection/search/729799,
778723,False,Drawings and Prints,1937.0,"Print, Ornament & Architecture",Design for a Covered Pear-Shaped Cup,,Artist|Publisher,Paul Flindt|Friedrich Dürer,"German, Nuremberg before 1567–after 1631 Nuremberg|German, Lübeck ca. 1548–1633 Nuremberg",1594,1594,"Harris Brisbane Dick Fund, 1937",Nuremberg,Prints|Ornament & Architecture,http://www.metmuseum.org/art/collection/search/778723,
20325,False,The American Wing,2019.0,Bowl and stand,Bowl and Stand,American,Maker,Marie Zimmermann,"American, Brooklyn, New York 1879–1972 Punta Gorda, Florida",ca. 1922,1917,"Gift of Jacqueline Loewe Fowler, 2019",New York,,http://www.metmuseum.org/art/collection/search/20325,
344782,False,Drawings and Prints,1935.0,Book,Almanach Géographique Élementaire,,Publisher,Chez Desnos,,1770,1770,"Bequest of Mary Strong Shattuck, 1935",Paris,Books,http://www.metmuseum.org/art/collection/search/344782,
311484,False,"Arts of Africa, Oceania, and the Americas",1978.0,Paddle,Paddle,Asmat people,Artist,Chief Veri,,mid-20th century,1900,"The Michael C. Rockefeller Memorial Collection; Gift of Nelson A. Rockefeller and Mrs. Mary C. Rockefeller, 1965",Bu,Wood-Implements,http://www.metmuseum.org/art/collection/search/311484,
435503,False,Drawings and Prints,1918.0,Print collection ornament & architecture,"Landscape in an octagonal frame, from Ornements de panneaux à la romaine, plate 2, in A Bound Collection of Print Series Including Cheminées et Lambris, Alcoves à la Romaine, Feuillages et autres ornemens..., etc.",,Artist|Publisher|Publisher,Jean Le Pautre|Charles Antoine Jombert|Pierre Mariette le fils,"French, Paris 1618–1682 Paris|French, 1712–1784|French, Paris 1634–1716 Paris",1751,1751,"Rogers Fund, 1918",Paris,Prints|Ornament & Architecture,http://www.metmuseum.org/art/collection/search/435503,
354080,False,Drawings and Prints,1988.0,Print,Le Jardin des supplices,,Author|Lithographer|Printer|Publisher,Octave-Henri-Marie Mirbeau|Auguste Rodin|Auguste Clot|Ambroise Vollard,"French, 1850–1917|French, Paris 1840–1917 Meudon|French, 1858–1936|French, 1866–1939",1902,1902,"The Elisha Whittelsey Collection, The Elisha Whittelsey Fund, 1988",Paris,Prints,http://www.metmuseum.org/art/collection/search/354080,Women
16149,True,The American Wing,1998.0,Sampler,Sampler with apocalyptic verse,American,Maker,Ann McFarlan,1817–1835,1827,1827,"Purchase, Dr. and Mrs. Burton P. Fabricand Gift, 1998",Johnstown,,http://www.metmuseum.org/art/collection/search/16149,
358914,False,Drawings and Prints,1972.0,Book,The Rectory Children,,Author|Illustrator|Publisher|Publisher,Mary Louisa Molesworth|Walter Crane|Macmillan & Co.|R. & R. Clark,"British, Rotterdam, Netherlands 1839–1921 London|British, Liverpool 1845–1915 Horsham| |Edinburgh",1920,1920,"The Elisha Whittelsey Collection, The Elisha Whittelsey Fund, 1972",London,Books,http://www.metmuseum.org/art/collection/search/358914,
349175,False,Drawings and Prints,1933.0,Book,Eton Montem,,Author|Illustrator|Publisher,Maria Edgeworth|Alexander Anderson|Munroe and Francis,"British, 1770–1849|American, New York 1775–1870 Jersey City, New Jersey|Boston, Massachusetts",after 1824,1824,"Gift of Mrs. Frederic F. Durand, 1933",Boston,Books,http://www.metmuseum.org/art/collection/search/349175,
20139,True,The American Wing,2008.0,Bracelet,Bracelet,American,Maker,George W. Shiebler & Co.,1876–1907,ca. 1880,1875,"Gift of Martha J. Fleischman, 2009",New York,,http://www.metmuseum.org/art/collection/search/20139,Heads|Profiles
718090,False,The American Wing,2020.0,Bowl,Bowl,American,Maker,Glen Lukens,"American, Cowgill, Missouri 1887–1967 Los Angeles, California",ca. 1940–50,1935,"Gift of Martin Eidelberg, 2020",Los Angeles,,http://www.metmuseum.org/art/collection/search/718090,
5549,False,The American Wing,1985.0,Solid Casting Pattern,Pattern for applied cactus motif on the Magnolia Vase,American,Maker,Tiffany & Co.,1837–present,ca. 1893,1890,"Gift of Tiffany & Company, 1985",New York,,http://www.metmuseum.org/art/collection/search/5549,
1773,True,The American Wing,1968.0,Side Chair,Side Chair,American,Maker,Léon Marcotte,1824–1887,ca. 1860,1857,"Gift of Mrs. Douglas M. Moffat, 1968",New York,,http://www.metmuseum.org/art/collection/search/1773,
358916,False,Drawings and Prints,1972.0,Book,A Book of Christmas Verse,,Editor|Illustrator|Publisher|Printer,"Henry Charles Beeching|Walter Crane|Methuen & Co., Ltd.|T. and A. Constable","British, London 1859–1919 Norwich|British, Liverpool 1845–1915 Horsham|London|Edinburgh",1895,1895,"The Elisha Whittelsey Collection, The Elisha Whittelsey Fund, 1972",London,Books,http://www.metmuseum.org/art/collection/search/358916,
5834,True,The American Wing,1986.0,Pitcher,Pitcher,American,Maker|Manufacturer,George E. Ohr|Biloxi Art Pottery,"American, Biloxi, Mississippi 1857–1918  Biloxi, Mississippi|1883–1906",1890–1905,1890,"Gift of Joan and Jack Alter, 1986",Biloxi,,http://www.metmuseum.org/art/collection/search/5834,
349747,False,Drawings and Prints,1986.0,Book,Rubáiyát of Omar Khayyám,,Translator|Illustrator|Publisher|Author,Edward FitzGerald|Willy Pogany|Thomas Y. Crowell Company|Omar Khayyám,"British, Suffolk 1809–1883 Merton, Norfolk|Hungarian, Szeged 1882–1955 New York|New York, NY|Persian, Neyshabur, Khorasan 1048–1131 Neyshabur, Khorasan",1930,1930,"Gift of Estate of Jane Erdmann Whitney, 1986",New York,Books,http://www.metmuseum.org/art/collection/search/349747,
350535,False,Drawings and Prints,1948.0,Book,"Nuovo corso d'architettura civile dedotta dai migliori monumenti Greci, Romani, e Italiani del cinquecento",,Architect|Publisher,Antonio Ginesi|Pietro Allegrini e compagni,|,1813,1813,"Harris Brisbane Dick Fund, 1948",Florence,Books,http://www.metmuseum.org/art/collection/search/350535,
20276,False,The American Wing,2018.0,Vase,Vase,American,Manufacturer,Merrimac Pottery,1900–1908,ca. 1900–8,1897,"Gift of Robert A. Ellison Jr., 2018",Newburyport,,http://www.metmuseum.org/art/collection/search/20276,
5411,False,The American Wing,1962.0,Note pad holder,Note Pad Holder,American,Designer|Maker,Louis C. Tiffany|Tiffany Studios,"American, New York 1848–1933 New York|1902–32",ca. 1910–20,1907,"Gift of Mrs. H. S. Mesick, 1962",New York,,http://www.metmuseum.org/art/collection/search/5411,
350040,False,Drawings and Prints,1977.0,Book,Nouveaux modèles de sièges modernes,,Artist|Publisher,"Ernest Foussier|E. Thézard Fils, Librarie Speciale d'Architecture","French, 1859–1917|",n.d.,1870,"Gift of Harvey Smith, 1977",Dourdan (Seine-et-Oise),Books,http://www.metmuseum.org/art/collection/search/350040,
349376,False,Drawings and Prints,1993.0,Book,Estey Residence Organ,,Author,Estey Organ Company,"Brattleboro, Vermont",19th–20th century,1850,"Museum Accession, 1993",Brattleboro,Books,http://www.metmuseum.org/art/collection/search/349376,
666304,False,The American Wing,2014.0,Decanter,Decanter,American,Engraver|Manufacturer,Francis Doms|New England Glass Company,"American|American, East Cambridge, Massachusetts, 1818–1888",1843–ca. 1850,1843,"Purchase, Funds from various donors, 2014",Cambridge,,http://www.metmuseum.org/art/collection/search/666304,
7781,True,The American Wing,1929.0,Spoon,Spoon,American,Maker,Cary Dunn,active ca. 1765–96,ca. 1780,1777,"Gift of Mrs. Cornelia Livingston Pell, 1929",New York,,http://www.metmuseum.org/art/collection/search/7781,
348769,False,Drawings and Prints,1924.0,Book,"Beschryvinge van Nieuw-Nederlant, (ghelijck het tegenwoordigh in staet is) begrijpende de nature, aert, gelegentheyt en vrucht-baerheyt van het selve lant ...",,Author|Publisher|Binder,Adriaen van der Donck|Evert Nieuwenhof|Lortic fils,"Dutch, 1620–1655|Amsterdam|",1655,1655,"Bequest of Charles Allen Munn, 1924",Amsterdam,Books,http://www.metmuseum.org/art/collection/search/348769,
390610,True,Drawings and Prints,1920.0,Drawing Ornament and Architecture,"Writing Table, from Chippendale Drawings, Vol. II",,Artist,Thomas Chippendale,"British, baptised Otley, West Yorkshire 1718–1779 London",1753,1753,"Rogers Fund, 1920",London,Drawings|Ornament & Architecture,http://www.metmuseum.org/art/collection/search/390610,Tables
628932,False,Drawings and Prints,1948.0,Print ornament & architecture,"Cartouche with a standing male nude supporting the central strapwork cartouche at bottom center, from Strapwork Cartouches with Grotesques, plate 9",,Artist|Publisher,Hans Vredeman de Vries|Hieronymus Cock,"Netherlandish, Leeuwarden 1527–1606 (?)  Antwerp (?)|Netherlandish, Antwerp ca. 1510–1570 Antwerp",ca. 1555–70,1550,"The Elisha Whittelsey Collection, The Elisha Whittelsey Fund, 1948",Antwerp,Prints|Ornament & Architecture,http://www.metmuseum.org/art/collection/search/628932,
640546,False,Drawings and Prints,1948.0,Print,"A lion gnawing on a bone, bound in L'Oeuvre original de Vivant Denon. Collection de eaux-fortes, Volume 1",,Publisher|Artist|Artist,A. Barrand|Rembrandt (Rembrandt van Rijn)|baron Dominique Vivant Denon,"|Dutch, Leiden 1606–1669 Amsterdam|French, Givry 1747–1825 Paris",1873,1873,"Harris Brisbane Dick Fund, 1948",Paris,Books,http://www.metmuseum.org/art/collection/search/640546,
418623,False,Drawings and Prints,1928.0,Prints Collection Ornament and Architecture,Palazzo delli Re d'Inghilterra (floor plan),,Draftsman|Publisher|Architect,Pietro Ferrerio|Giovanni Giacomo De Rossi|Donato d'Agnolo Bramante,"Italian, Rome 1600–1654 Rome|Italian, Rome 1627–1691 Rome|Italian, 1444–1515",1655,1655,"Harris Brisbane Dick Fund, 1928",Cologne,Prints|Ornament & Architecture,http://www.metmuseum.org/art/collection/search/418623,
371948,False,Drawings and Prints,1941.0,Book,Marci Vitruvii Pollionis de architectura libri decem; ad optimorum librorum fidem accurate editi,,Author|Publisher|Printer,Marcus Pollio Vitruvius|Otto Holtze|Metzger & Wittig,"Roman, active late 1st century BCE| |",1869,1869,"Bequest of W. Gedney Beatty, 1941",Leipzig,Books,http://www.metmuseum.org/art/collection/search/371948,
2576,True,The American Wing,1969.0,Vegetable dish,Covered Vegetable Dish,American,Maker,Union Porcelain Works,1863–1922,1885,1885,"Gift of Mr. and Mrs. Franklin Chace, 1969",Brooklyn,,http://www.metmuseum.org/art/collection/search/2576,
433783,False,Drawings and Prints,1933.0,Print collection ornament & architecture,"The Last Supper, bound in Oeuvres. Vol. IV",,Artist|Publisher,Jean Le Pautre|Jacques II Chereau,"French, Paris 1618–1682 Paris|French, Blois 1688–1776 Paris",17th century,1633,"Harris Brisbane Dick Fund, 1933",Paris,Prints|Ornament & Architecture,http://www.metmuseum.org/art/collection/search/433783,
452638,true,Islamic Art,1974.0,Folio from an illustrated manuscript,"""Rustam Lassos the Khaqan of Chin, Pulling him from his White Elephant"", Folio from a Shahnama (Book of Kings)",,Author,Abu'l Qasim Firdausi,"Iranian, Paj ca. 940/41–1020 Tus",ca. 1330–40,1305,"Bequest of Monroe C. Gutman, 1974",probably Isfahan,Codices,http://www.metmuseum.org/art/collection/search/452638,Horses|Men
688591,True,Drawings and Prints,1937.0,Book,Vari disegni di merletti (page 11r),,Artist|Publisher,Bartolomeo Danieli|Agostino Parisini & Giovanni Battista Negroponte,"Italian, active Bologna and Siena 1610–1643|",1639,1639,"Harris Brisbane Dick Fund, 1937",Bologna,Books,http://www.metmuseum.org/art/collection/search/688591,Ornament
501621,False,Musical Instruments,1889,Cittern,Cittern,British,Maker,Christian Claus,"German, active London ca. 1783–1793 New York",1783–89,1783,"The Crosby Brown Collection of Musical Instruments, 1889",London,Chordophone-Lute-plucked-fretted,http://www.metmuseum.org/art/collection/search/501621,
20076,True,The American Wing,2018.0,Vase,Vase,American,Manufacturer|Designer,Chelsea Keramic Art Works|Hugh C. Robertson,1872–1889|1844–1908,ca. 1885–89,1882,"Gift of Robert A. Ellison Jr., 2018",Chelsea,,http://www.metmuseum.org/art/collection/search/20076,
631071,False,Drawings and Prints,1943.0,Print,"The Throne of Solomon with female figures on either side hilding incense burners and flowers, from Maria Vergine Coronata; Descrizione e dichiarazione della Divota Solennita fatta in Reggio li 13 Maggio 1674",,Author|Printer|Artist|Artist,Giacomo Certani|Prospero Vedrotti|Giuseppe Maria Mitelli|Prospero Manzini,"Italian| |Italian, Bologna (?) 1634–1718 Bologna|Italian, active 17th century",1675,1675,"Harris Brisbane Dick Fund, 1943",Reggio,Prints,http://www.metmuseum.org/art/collection/search/631071,
858081,False,Drawings and Prints,1954,Album; print,A Map of the British Empire in America with the French and Spanish Settlements Adjacent Thereto,,Author|Publisher|Author|Engraver|Publisher|Engraver,Edmund Halley|Samuel Harding|Henry Popple|Bernard Baron|William Henry Toms|William Henry Toms,"British, 1656–1742|British, active from 1722, died 1755|British, died 1743|French, Paris 1696–1762 London|British, ca. 1700–1765|British, ca. 1700–1765",1733,1733,"The Edward W. C. Arnold Collection of New York Prints, Maps and Pictures, Bequest of Edward W. C. Arnold, 1954",London,Books|Prints,http://www.metmuseum.org/art/collection/search/858081,
690640,False,Drawings and Prints,1952.0,Book,"Vuë du Palais de la Cancellerie Apostolique, from Les Plus Beaux Edifices de Rome Moderne, ou Recueil des plus belles vues des principales eglises, places, palais, fontaines etc. qui sont dans Rome",,Publisher|Artist|Printer|Artist,Bouchard & Gravier|Dominico Montagu|Komarek|Jean Barbault,"Rome|Italian, active Rome, ca. 1750–76| |French, Viarmes 1718–1762 Rome",1763,1763,"Rogers Fund, 1952",Rome,Books,http://www.metmuseum.org/art/collection/search/690640,
2505,True,The American Wing,1946.0,Sugar bowl,Covered Hobnail Sugar Bowl,American,Maker,"Hobbs, Brockunier and Company",1863–1891,after 1886,1887,"Gift of Mrs. Emily Winthrop Miles, 1946",Wheeling,,http://www.metmuseum.org/art/collection/search/2505,
344160,False,Drawings and Prints,1937.0,Book Collection Ornament & Architecture,Album of Goldsmith's Designs by Hans Janssen,,Engraver|Artist|Binder|Publisher,Bartolomeus van Lochom|Hans Janssen|Leon Lemardeley|Claes Jansz. Visscher,"Dutch, 1607–after 1629|Dutch, 1605–after 1631| |Dutch, Amsterdam 1586–1652 Amsterdam",ca. 1660,1655,"Harris Brisbane Dick Fund, 1937",Amsterdam,Albums|Ornament & Architecture|Prints,http://www.metmuseum.org/art/collection/search/344160,
1792,True,The American Wing,1933.0,Side Chair,Side Chair,American,Maker,Michael Smith,,1780–1800,1780,"Rogers Fund, 1933",Kingston or vicinity,,http://www.metmuseum.org/art/collection/search/1792,
347988,False,Drawings and Prints,1970.0,Book ; ornament and architecture,"Rural Churches, Their Histories, Architecture and Antiquities",,Artist|Publisher,Sidney Corner|Groombridge and Sons,"British, active ca. 1869|London",1869,1869,"Gift of Lincoln Kirstein, 1970",London,Books|Ornament & Architecture,http://www.metmuseum.org/art/collection/search/347988,
377572,False,Drawings and Prints,1985.0,Print,Advertising Card for a Candleholder and Shade: No. 57 Martha Washington,,Publisher,Charles Rohlfs,"American, Brooklyn, New York 1853–1936 Buffalo, New York",1907,1907,"Gift of Robert Judson Clark, 1985",Buffalo,Prints,http://www.metmuseum.org/art/collection/search/377572,
348050,False,Drawings and Prints,1942.0,Book ; Ornament and architecture,"Du Génie de L'Architecture. Ouvrage ayant pour but de rendre cet art accessible au sentiment commun, en le rappelant à son origine, à ses propriétés, à son génie; et contenant une doctrine générale...",,Author|Publisher,Jean Antoine Coussin|Firmin Didot,"French, 1770–1849|Paris",1822,1822,"Harris Brisbane Dick Fund, 1942",Paris,Books|Ornament & Architecture,http://www.metmuseum.org/art/collection/search/348050,
6922,True,The American Wing,1969.0,Salad plate,Salad Plate,American,Maker,Union Porcelain Works,1863–1922,1885–87,1885,"Gift of Mr. and Mrs. Franklin Chace, 1969",Brooklyn,,http://www.metmuseum.org/art/collection/search/6922,
434696,False,Drawings and Prints,1953.0,Print collection ornament & architecture,"Copy of Acteon transformed into a deer, from a series of twenty-two plates depicting mythological subjects, plate 8",,Artist|Publisher,Jean Le Pautre|Pieter Schenck I,"French, Paris 1618–1682 Paris|Dutch (born Germany), Elberfeld 1660–ca. 1713 Amsterdam",17th century,1633,"Harris Brisbane Dick Fund, 1953",Paris,Prints|Ornament & Architecture,http://www.metmuseum.org/art/collection/search/434696,
425838,True,Drawings and Prints,1953.0,Print ornament & architecture,"Horizontal Panel with a Row of Flowers Above a Frieze with Figures in a Landscape, from Livre Nouveau de Fleurs Tres-Util",,Artist|Publisher,Nicolas Cochin|Balthazar Moncornet,"French, Troyes 1610–1686 Paris|French, Rouen 1600–1668 Paris",1645,1645,"Harris Brisbane Dick Fund, 1953",Paris,Ornament & Architecture|Prints,http://www.metmuseum.org/art/collection/search/425838,Men|Women|Flowers|Landscapes|Leaves
770176,True,Drawings and Prints,1953.0,Print,Little Girl with Cherries,,Artist and publisher|Artist,Charles Nicolas Cochin I|Jean Siméon Chardin,"French, Paris 1688–1754 Paris|French, Paris 1699–1779 Paris",1738,1738,"Harris Brisbane Dick Fund, 1953",Paris,Prints,http://www.metmuseum.org/art/collection/search/770176,Cherries|Girls|Baskets
350210,False,Drawings and Prints,1954.0,Book ; Ornament and architecture,"Feriae Architectonicae, der Siebende Theil. . .mit Liebreichen Delectationen der drey Arten hochnützlichen Gebäuwen",,Artist|Engraver,Joseph Furttenbach the Elder|Joseph Furttenbach the Younger,"German, 1591–1667|German, 1632–1655",1662,1662,"The Elisha Whittelsey Collection, The Elisha Whittelsey Fund, 1954",[Augsburg?] n.l.,Books|Ornament & Architecture,http://www.metmuseum.org/art/collection/search/350210,
434960,False,Drawings and Prints,1929.0,Print collection ornament & architecture,"Title Page depicting a tabernacle ornamented with a monstrance within an arch, from Tabernacles à l'italienne, plate 1",,Artist|Publisher,Jean Le Pautre|Pierre Mariette le fils,"French, Paris 1618–1682 Paris|French, Paris 1634–1716 Paris",published 1661,1661,"Harris Brisbane Dick Fund, 1929",Paris,Prints|Ornament & Architecture,http://www.metmuseum.org/art/collection/search/434960,
349854,True,Drawings and Prints,1928.0,Book,Recueil de Decorations Intérieures,,Artist|Artist|Publisher,Pierre François Léonard Fontaine|Charles Percier|Pierre Didot l'ainé,"French, Pontoise 1762–1853 Paris|French, Paris 1764–1838 Paris|French, 1761–1853",1812,1812,"Harris Brisbane Dick Fund, 1928",Paris,Books,http://www.metmuseum.org/art/collection/search/349854,
9817,True,The American Wing,1952.0,Stained glass window,Stained-glass window,American,Maker,Evert Duyckinck,ca. 1620–ca. 1700,ca. 1656,1653,"Bequest of Mrs. J. Insley Blair, 1951",New York,,http://www.metmuseum.org/art/collection/search/9817,Coat of Arms
345189,False,Drawings and Prints,1950.0,Book,Sample book of lithographed cards,,Publisher,Aubry Publishing,,1870–80,1870,"The Elisha Whittelsey Collection, The Elisha Whittelsey Fund, 1950",Paris,Books,http://www.metmuseum.org/art/collection/search/345189,
19070,True,The American Wing,2005.0,Platter,Platter,American,Maker,Willets Manufacturing Company,1879–1908,1883–85,1883,"Purchase, David Scott Parker Gift, 2005",Trenton,,http://www.metmuseum.org/art/collection/search/19070,Birds|Trees|Boats
22605,False,Arms and Armor,1915.0,Harquebusier's armor,"Harquebusier's Armor of Pedro II, King of Portugal (reigned 1683–1706)","British, London",Armorer|Armorer,Daniel Tachaux|Richard Holden,"French, 1857–1928, active in France and America|British, London, recorded 1658–1708",ca. 1683 and later,1655,"Rogers Fund, 1915",London,Armor for Man,http://www.metmuseum.org/art/collection/search/22605,
786771,True,Drawings and Prints,1959.0,Print,"The True Method of Sitting a Horse, Mathematically Delineated",,Artist|Publisher|Artist|Artist,Henry William Bunbury|Thomas Tegg|Thomas Rowlandson|George Murgatroyd Woodward,"British, Mildenhall, Suffolk 1750–1811 Keswick, Cumberland|British, London 1776–1846 London|British, London 1757–1827 London|British, 1765–1809 London",1809,1809,"The Elisha Whittelsey Collection, The Elisha Whittelsey Fund, 1959",London,Prints,http://www.metmuseum.org/art/collection/search/786771,Satire|Telescopes|Horses
427893,False,Drawings and Prints,1961.0,Prints Collection Ornament & Architecture,"Copy of Design for a Vase with a Bacchanal Bas-Relief, from Vasses de la Maison Royalle de L'oo",,Artist|Publisher,Daniel Marot the Elder|Benthemensus,"French, Paris 1661–1752 The Hague|",after 1703,1703,"The Elisha Whittelsey Collection, The Elisha Whittelsey Fund, 1961",Amsterdam,Prints|Ornament & Architecture,http://www.metmuseum.org/art/collection/search/427893,
377934,False,Drawings and Prints,1991.0,Book,Intérieurs de Süe et Mare,,Designer|Author|Designer|Publisher|Dedicatee|Artist,Louis Süe|Jean Badovici|André Mare|Editions Albert Morancé|Madame Yvonne Albert Morancé|Paul Vera,"French, Bordeaux 1875–1968 Paris|Romanian, Bucharest 1893–1956 Monaco|French, Argentan 1887–1932 Paris|French|French|French, Paris 1882–1958 St-Germain-en-Laye",1924,1924,"Rogers Fund, 1927, transferred from the Library",Paris,Books,http://www.metmuseum.org/art/collection/search/377934,
355787,False,Drawings and Prints,1962.0,Book,The Tale about the Dead Princess and the Seven Knights,,Author|Illustrator|Publisher,Alexander Sergeyevich Pushkin|Tatiana Alekseevna Mavrina|Sovetskaya Rossiya,"Russian, Moscow 1799–1837 St. Petersburg|Russian, Nizhnii Novgorod 1900–1996 Moscow|",1962,1962,"Gift of Mrs. Joseph Y. Smith, 1962",Moscow,Books,http://www.metmuseum.org/art/collection/search/355787,
4663,True,The American Wing,1933.0,Ladle,Ladle,American,Maker,William Hollingshead,ca. 1723–1808,1755–75,1755,"Bequest of Alphonso T. Clearwater, 1933",Philadelphia,,http://www.metmuseum.org/art/collection/search/4663,
760105,False,Drawings and Prints,1931.0,Book Print Ornament and Architecture,"Plate 35: Oblong Landskip with Borders, from ""A New Book of Chinese Designs""",,Artist and publisher|Artist and publisher,George Edwards|Matthew Darly,"British, Stratford 1694–1773 Plaistow|British, ca. 1720–1780 London",1754,1754,"Harris Brisbane Dick Fund, 1931",London,Ornament & Architecture|Books|Prints,http://www.metmuseum.org/art/collection/search/760105,
9814,True,The American Wing,1941.0,Will,Will,American,Maker,Samuel Verplanck,1739–1820,1793,1793,"Gift of Mrs. T. Bache Bleecker, 1941",New York,,http://www.metmuseum.org/art/collection/search/9814,
431437,False,Drawings and Prints,1933.0,Print collection ornament & architecture,"Altarpiece ornamented with a painting of the Holy Family with the Infant Saint John, from Retables d'autels, plate 12, bound in Oeuvres. Vol. II",,Artist|Publisher,Jean Le Pautre|Pierre Mariette le fils,"French, Paris 1618–1682 Paris|French, Paris 1634–1716 Paris",17th century,1633,"Harris Brisbane Dick Fund, 1933",Paris,Prints|Ornament & Architecture,http://www.metmuseum.org/art/collection/search/431437,
679180,False,Drawings and Prints,1952.0,Print,"Urnes Sepulcrales, from Recueil de divers Monumens Anciens répandus en plusieurs endroits de L'Italie",,Artist|Publisher|Printer,Jean Barbault|Bouchard & Gravier|Giunchi Heritiers de Komarek,"French, Viarmes 1718–1762 Rome|Rome|",1770,1770,"Rogers Fund, 1952",Rome,Prints,http://www.metmuseum.org/art/collection/search/679180,
7059,True,The American Wing,1951.0,Salt,Salt,American,Maker,Boston & Sandwich Glass Company,"American, 1825–1888, Sandwich, Massachusetts",1830–45,1830,"Gift of Mrs. Charles W. Green, in memory of Dr. Charles W. Green, 1951",Sandwich,,http://www.metmuseum.org/art/collection/search/7059,
351936,False,Drawings and Prints,1930.0,Book,New Book of Locksmith's Work,,Artist and publisher,Jacques Gabriel Huquier,"French, Paris 1730–1805 Shrewsbury",18th century,1700,"Harris Brisbane Dick Fund, 1930",Paris,Books,http://www.metmuseum.org/art/collection/search/351936,
19924,False,The American Wing,2018.0,Vase,Vase,American,Maker|Manufacturer,Mary Chase Perry|Pewabic Pottery,1867–1961|1903–1961,ca. 1907–10,1904,"Gift of Robert A. Ellison Jr., 2018",Detroit,,http://www.metmuseum.org/art/collection/search/19924,
433106,False,Drawings and Prints,1949.0,Print,"A soldier on guard pressing his match on the serpentine, from the Marksmen series, plate 40, in Waffenhandlung von den Rören Musquetten undt Spiessen / Wapenhandelinghe van Roers Musquetten ende Spiessen (The Exercise of Arms)",,Artist|Artist|Artist,Jacques de Gheyn II|Jacques de Gheyn II|Robert Willemsz de Baudous,"Netherlandish, Antwerp 1565–1629 The Hague|Netherlandish, Antwerp 1565–1629 The Hague|Netherlandish, 1574/5–1659",published 1608,1608,"The Elisha Whittelsey Collection, The Elisha Whittelsey Fund, 1949",The Hague,Prints,http://www.metmuseum.org/art/collection/search/433106,
19067,True,The American Wing,2005.0,Vase,Vase,American,Maker,Ott and Brewer,"American, Trenton, New Jersey, 1871–1893",1882–90,1882,"Purchase, William Cullen Bryant Fellows Gifts, 2005",Trenton,,http://www.metmuseum.org/art/collection/search/19067,Birds
350169,False,Drawings and Prints,1963.0,Book,A Manual of Instruction in the Art of Wood Engraving,,Author|Publisher,Susan E. W. Fuller|The Industrial Publication Company,"American, New York 1831–1907 Washington, D.C|New York, NY",1879,1879,"Gift of A. Hyatt Mayor, 1963",New York,Books,http://www.metmuseum.org/art/collection/search/350169,
746603,False,Drawings and Prints,1944.0,Book Print Ornament & Architecture,Ornamental Designs with Garlands and Bundles with Stylized Flowers and Leaves,,Designer|Lithographer|Publisher,Stanilas Nicolas Théodore Buffardin|Georges Schlatter|Fleury Chavant,"French (?), 19th Century|French|French, 19th century",[after 1844],1844,"Gift of Edith P. Blase, 1944",Paris,Books|Prints|Ornament & Architecture,http://www.metmuseum.org/art/collection/search/746603,
433661,False,Drawings and Prints,1933.0,Print collection ornament & architecture,"Frieze at the bottom ornamented with medallions at the bottom with the emblems of Apollo and with a globe with the arms of france at left, from Frises, plate 1, bound in Oeuvres. Vol. IV",,Artist,Jean Le Pautre,"French, Paris 1618–1682 Paris",17th century,1633,"Harris Brisbane Dick Fund, 1933",Paris,Prints|Ornament & Architecture,http://www.metmuseum.org/art/collection/search/433661,
631064,False,Drawings and Prints,1943.0,Print,"Soldiers on foot and horseback surround a temple in which Christ crowns the Madonna della Ghiara, from Maria Vergine Coronata; Descrizione e dichiarazione della Divota Solennita fatta in Reggio li 13 Maggio 1674",,Author|Printer|Artist|Artist,Giacomo Certani|Prospero Vedrotti|Giuseppe Maria Mitelli|Carlo Virginio Draghi,"Italian| |Italian, Bologna (?) 1634–1718 Bologna|Italian, active 17th century",1675,1675,"Harris Brisbane Dick Fund, 1943",Reggio,Prints,http://www.metmuseum.org/art/collection/search/631064,
698540,False,Drawings and Prints,1921.0,Book,Plate 43: David returning in triumph after defeating the Syrians; from 'Imagines Veteris Ac Novi Testamenti A Raphaele Sanctio Urbinate in Vaticani Palatii Xystis' after Raphael,,Artist|Artist|Publisher,Raphael (Raffaello Sanzio or Santi)|Pietro Aquila|Giovanni Giacomo De Rossi,"Italian, Urbino 1483–1520 Rome|Italian, Marsala, Sicily 1650–1692/1700 Rome|Italian, Rome 1627–1691 Rome",1675,1675,"Museum Accession, transferred from the Library",Rome,Books,http://www.metmuseum.org/art/collection/search/698540,
349816,False,Drawings and Prints,1966.0,Book,Flora designs de luxe. Eighth Edition,,Author,Florists Exchange,"New York, NY",1924,1924,"The Elisha Whittelsey Collection, The Elisha Whittelsey Fund, 1966",New York,Books,http://www.metmuseum.org/art/collection/search/349816,
359348,False,Drawings and Prints,1961.0,Book,Goethe's Frauengestalten (Goethe-Galerie),,Editor|Artist|Publisher,"Friedrich Spielhagen|Wilhelm von Kaulbach|Friedrich Bruckmann, A.-G.","German|German, Arolsen 1804–1874 Munich|German, active 19th century",19th century,1820,"Gift of Mojmir Frinta, 1961",Munich/ Berlin,Books,http://www.metmuseum.org/art/collection/search/359348,
350209,False,Drawings and Prints,1957.0,Book,Mechanische Reissladen,,Author|Engraver,Joseph Furttenbach the Elder|Raphael Custos,"German, 1591–1667|German, active Augsburg, 1590–1651, died Frankfurt-am-Main",1644,1644,"The Elisha Whittelsey Collection, The Elisha Whittelsey Fund, 1957",Augsburg,Books,http://www.metmuseum.org/art/collection/search/350209,
27861,True,Arms and Armor,1948.0,Flintlock pistol,Flintlock Pistol,"British, London",Barrelsmith|Silversmith,John Hall|John King,"London, recorded 1738|British, recorded from 1775",ca. 1771–72,1766,"Rogers Fund, 1948",London,Firearms-Pistols-Flintlock,http://www.metmuseum.org/art/collection/search/27861,
746559,False,Drawings and Prints,1944.0,Book Print Ornament & Architecture,Ornamental designs with scrolling motifs and strapwork,,Lithographer|Publisher|Designer,Georges Schlatter|Fleury Chavant|Mme. Pointis,"French|French, 19th century|French, 19th Century",[after 1844],1844,"Gift of Edith P. Blase, 1944",Paris,Books|Prints|Ornament & Architecture,http://www.metmuseum.org/art/collection/search/746559,
13732,False,The American Wing,1883.0,Panel,Panel of George Washington,French,Maker,J. R.,,1856,1856,"Gift of William H. Huntington, 1883",Lyon,,http://www.metmuseum.org/art/collection/search/13732,Men|George Washington
347647,False,Drawings and Prints,1929.0,Book,Catalogue de L'Oeuvre de Ch. Nic. Cochin fils,,Author|Subject of book|Publisher|Designer|Artist|Publisher,Charles Antoine Jombert|Charles Nicolas Cochin II|Prault|Benoit Louis Prevost|Pierre Ozanne|François Léandre Regnault Delalande,"French, 1712–1784|French, Paris 1715–1790 Paris| |French, 1747–ca. 1804|French, Brest 1737–1813 Brest|French, Paris 1762–1824 Paris","1770, 1801, 1811",1770,"Harris Brisbane Dick Fund, 1929",Paris,Books,http://www.metmuseum.org/art/collection/search/347647,
6525,True,The American Wing,1914.0,Platter,Platter,British (American market),Maker,Francis Morley & Co.,active ca. 1845–59,ca. 1845–ca. 1859,1842,"Bequest of Mary Mandeville Johnston, from the collection of Mr. and Mrs. Edward W. S. Johnston, 1914",Stoke-on-Trent|Stoke-on-Trent,,http://www.metmuseum.org/art/collection/search/6525,Boats|Ships
426888,False,Drawings and Prints,1930.0,Prints Collection Ornament & Architecture,"Air, from a Series of Vertical Panels with Modern Grotesques and the Four Elements, part of Œuvres du Sr. D. Marot",,Artist|Publisher,Daniel Marot the Elder|Pierre Husson,"French, Paris 1661–1752 The Hague|",published 1703 or 1712,1703,"Harris Brisbane Dick Fund, 1930",The Hague,Prints|Ornament & Architecture,http://www.metmuseum.org/art/collection/search/426888,
626464,False,Drawings and Prints,1958.0,Print ornament & architecture,"Cupid, from Deorum Dearumque Capita : ex vetustis numismatibus in gratiam antiquitatis studiosorum effigiata et edita",,Publisher|Artist|Artist|Artist,Philips Galle|Hans Vredeman de Vries|Johannes van Doetecum I|Lucas van Doetecum,"Netherlandish, Haarlem 1537–1612 Antwerp|Netherlandish, Leeuwarden 1527–1606 (?)  Antwerp (?)|Netherlandish, 1528/32–1605|Netherlandish, active 1554–72, died before 1589",1573,1573,"The Elisha Whittelsey Collection, The Elisha Whittelsey Fund, 1958",Antwerp,Prints|Ornament & Architecture,http://www.metmuseum.org/art/collection/search/626464,
712100,False,Drawings and Prints,1980.0,Print,"Section view of the design for the baths, Foro Bonaparte, Milan",,Artist|Architect,Luigi Rados|Giovanni Antonio Antolini,"Italian, Parma 1773–1840|Italian, Ravenna 1756–1841 Bologna",1806,1806,"Gift of Harvey Smith, 1980",Parma,Prints,http://www.metmuseum.org/art/collection/search/712100,
7366,true,The American Wing,1969.0,Secretary,"Secretary from the Jay Gould House, New York City",American,Maker,Herter Brothers,"German, active New York, 1864–1906",1882,1882,"Gift of Paul Martini, 1969",New York,,http://www.metmuseum.org/art/collection/search/7366,Flowers
727936,False,Drawings and Prints,1991.0,Book Prints Ornament & Architecture,"Fleurs (Flowers), Plate 12",,Designer|Printer|Publisher,"Serge Gladky|G. Kadar|Editions ""Synth""","French, active 1920–30s| |",1929,1929,"Jane E. Andrews Fund, in memory of William Loring Andrews, 1943, transfered from the Library (1991.1073.124)",Paris,Books|Prints|Ornament & Architecture,http://www.metmuseum.org/art/collection/search/727936,
431775,False,Drawings and Prints,1933.0,Print collection ornament & architecture,"A palace viewed from the other side of a canal, from Grottes et fontaines de jardins à l'italienne, plate 6, bound in Oeuvres. Vol. II",,Artist|Publisher,Jean Le Pautre|Pierre Mariette le fils,"French, Paris 1618–1682 Paris|French, Paris 1634–1716 Paris",17th century,1633,"Harris Brisbane Dick Fund, 1933",Paris,Prints|Ornament & Architecture,http://www.metmuseum.org/art/collection/search/431775,
632406,False,The American Wing,2014.0,Tankard,Tankard,American,Maker,Gorham Manufacturing Company,"American, Providence, Rhode Island, 1831–present",1898,1898,"Purchase, Ambassador and Mrs. W. L. Lyons Brown Gift, 2014",Providence,,http://www.metmuseum.org/art/collection/search/632406,Animals|Men|Women
368597,False,Drawings and Prints,1926.0,Print,Female statues known as Thusnelda and the Veiled Sabina from the Collection of Cardinal Della Valle,,Artist|Publisher|Artist,Enea Vico|Antonio Salamanca|Francesco Primaticcio,"Italian, Parma 1523–1567 Ferrara|Salamanca 1478–1562 Rome|Italian, Bologna 1504/5–1570 Paris",1541,1541,"Harris Brisbane Dick Fund, 1926",Rome,Prints,http://www.metmuseum.org/art/collection/search/368597,
5523,False,The American Wing,1983.0,Paperweight,Paperweight,American,Maker,James Gillinder and Sons,"American, 1861–ca. 1930",ca. 1876,1873,"Gift of Irene and Paul Hollister, 1983",Philadelphia,,http://www.metmuseum.org/art/collection/search/5523,Abraham Lincoln|Men
710363,False,Drawings and Prints,1952.0,Book,"The Delineator, A Monthly Magazine Illustrating Metropolitan Fashions, Vol. XVII, No. 6",,Publisher,E. Butterick and Co.,"New York, NY",June 1881,1881,"The Elisha Whittelsey Collection, The Elisha Whittelsey Fund, 1952",New York,Books,http://www.metmuseum.org/art/collection/search/710363,
727104,False,Drawings and Prints,1991.0,Book Prints Ornament & Architecture,"Collection ""Décors et Couleurs"" Album No. 2, Planche 4",,Artist|Artist|Publisher,Jean Saudé|Jean Burkhalter|Editions Albert Lévy,French| |,[ca. 1930],1925,"Rogers Fund, 1931, transferred from the Library",Paris,Books|Prints|Ornament & Architecture,http://www.metmuseum.org/art/collection/search/727104,
346534,False,Drawings and Prints,1924.0,Book Prints Ornament & Architecture,Nouveaux Deisseins de Meubles et Ouvrages de Bronze et de Marqueterie,,Artist and engraver|Publisher,André Charles Boulle|Mariette,"French, Paris 1642–1732 Paris|Paris",ca. 1720,1710,"Harris Brisbane Dick Fund, 1924",Paris,Books|Prints|Ornament & Architecture,http://www.metmuseum.org/art/collection/search/346534,
6927,True,The American Wing,1969.0,Salad plate,Salad Plate,American,Maker,Union Porcelain Works,1863–1922,1885–87,1885,"Gift of Mr. and Mrs. Franklin Chace, 1969",Brooklyn,,http://www.metmuseum.org/art/collection/search/6927,
6254,False,The American Wing,1963.0,Plate,Plate,American,Maker,Tucker and Hemphill,1831–37,ca. 1838,1835,"Rogers Fund, 1963",Philadelphia,,http://www.metmuseum.org/art/collection/search/6254,
343925,False,Drawings and Prints,1963.0,Book,Albert Mevers Nachfolger Dr. Mackwald & Hankel: Kunst-Guss in Eisen und Zink,,Printer,Giesecke & Devrient,German,after 1871,1871,"The Elisha Whittelsey Collection, The Elisha Whittelsey Fund, 1963",Leizpig,Books,http://www.metmuseum.org/art/collection/search/343925,
729880,False,Drawings and Prints,1991.0,Book Prints Ornamet & Architecture,"Papiers Peints et Tentures Modernes, Pl. 39, Papier peint, composition de Stéphany",,Artist|Printer|Publisher|Author,Henri Stéphany|Catala frères|Ch. Massin & Cie.|Henri Clouzot,French| | |French,[1929],1929,"Rogers Fund, 1929, transferred from the Library",Paris,Books|Prints|Ornament & Architecture,http://www.metmuseum.org/art/collection/search/729880,
311633,False,"Arts of Africa, Oceania, and the Americas",1978.0,Bowl,Bowl,Asmat people,Artist,Sereuw,,mid-20th century,1900,"The Michael C. Rockefeller Memorial Collection; Gift of Nelson A. Rockefeller and Mrs. Mary C. Rockefeller, 1965",Amanamkai village,Wood-Containers,http://www.metmuseum.org/art/collection/search/311633,
728479,False,Drawings and Prints,1991.0,Book Prints Ornament & Architecture,"Nouvelles Compositions Décoratives, 1re Série, Pl. 22",,Author|Designer|Publisher,Georges Rémon|Serge Gladky|Editions d'Art Charles Moreau,"French|French, active 1920–30s|French",[ca. 1930],1925,"Jane E. Andrews Fund, in memory of William Loring Andrews, 1943, transfered from the Library (1991.1073.125)",Paris,Books|Prints|Ornament & Architecture,http://www.metmuseum.org/art/collection/search/728479,
3794,True,The American Wing,1960.0,Footstool,Footstool,American,Maker,Duncan Phyfe,"American (born Scotland), near Lock Fannich, Ross-Shire, Scotland 1768/1770–1854 New York",1810–20,1810,"Gift of C. Ruxton Love Jr., 1960",New York,,http://www.metmuseum.org/art/collection/search/3794,
823351,False,The American Wing,2020.0,Cup and saucer,Demi tassé cup and saucer,American,Designer|Manufacturer,Rockwell Kent|Vernon Kilns,"American, Tarrytown, New York 1882–1971 Plattsburgh, New York|Vernon, California, 1931–1958",1935,1935,"Gift of Martin Eidelberg, 2020",Vernon,,http://www.metmuseum.org/art/collection/search/823351,
358413,False,Drawings and Prints,1938.0,Book ; Ornament and architecture,Regola delli cinque ordini d'Architettura di M. Giacomo Barozzio Da Vignola,,Author|Publisher|Subject of book|Subject of book,Jacopo [Giacomo] Barozzi da Vignola|Joan and Cornelius Blaeu|Jacopo [Giacomo] Barozzi da Vignola|Michelangelo Buonarroti,"Italian, Vignola 1507–1573 Rome| |Italian, Vignola 1507–1573 Rome|Italian, Caprese 1475–1564 Rome",1640,1640,"Harris Brisbane Dick Fund, 1938",Amsterdam,Books|Ornament & Architecture,http://www.metmuseum.org/art/collection/search/358413,
681349,True,The Libraries,,,"Calendrier belgique, curieux et utile, contenant les evenemens historiques sur les jours de l'an, et les travaux à faire dans les jardins en chaque mois de l'année, la description des tableaux remarquables, que l'on trouve dans la ville de Gand, avec les noms des peintres pour l'annėe MDCCLXXII",,Publisher,Pierre de Goesin,,1772,1772,"Gift of Jayne Wrightsman, 2009",Ghent,,http://www.metmuseum.org/art/collection/search/681349,
432664,False,Drawings and Prints,1933.0,Print collection ornament & architecture,"Five figures: one woman and two couples as caryatids, from a series of Allegories after Paolo Farinati, bound in Oeuvres. Vol. III",,Artist|Artist|Publisher,Jean Le Pautre|Paolo Farinati|Pierre Mariette le fils,"French, Paris 1618–1682 Paris|Italian, Verona 1524–1606 Verona|French, Paris 1634–1716 Paris",17th century,1633,"Harris Brisbane Dick Fund, 1933",Paris,Prints|Ornament & Architecture,http://www.metmuseum.org/art/collection/search/432664,
370872,False,Drawings and Prints,1934.0,Album Print Ornament & Architecture,"Two Armorial Trophies marked by the incorporation of an Elephant's Head on the right, plate 6 from ""Libro de' Trofei""",,Artist|Former Attribution|Publisher|Artist,"Anonymous, Italian, 16th century|Enea Vico|Antonio Lafreri|Polidoro da Caravaggio","|Italian, Parma 1523–1567 Ferrara|French, Orgelet, Franche-Comte ca. 1512–1577 Rome|Italian, Caravaggio ca. 1499–ca. 1543 Messina",ca. 1550–53,1545,"Harris Brisbane Dick Fund, 1934",Rome,Prints|Ornament & Architecture|Albums,http://www.metmuseum.org/art/collection/search/370872,
22135,True,Arms and Armor,1911.0,Cup-hilted rapier,Cup-Hilted Rapier,"Italian, Milan; blade, German, Solingen",Sword maker,Carlo Piccinino,"Italian, Milan, active ca. 1650–75",ca. 1650–75,1625,"Gift of J. Pierpont Morgan, 1911",Milan,Swords,http://www.metmuseum.org/art/collection/search/22135,Battles|Men|Horses
9423,False,The American Wing,1951.0,Vase,Vase,American,Designer|Maker,Louis C. Tiffany|Tiffany Furnaces,"American, New York 1848–1933 New York|New York",ca. 1912,1909,"Gift of Louis Comfort Tiffany Foundation, 1951",New York,,http://www.metmuseum.org/art/collection/search/9423,
358275,true,Drawings and Prints,1935.0,Book,Le Jardin du Roy tres Chrestien Henry IV roy de France et de Navare,,Designer|Author|Dedicatee,Pierre Vallet|Joannes Robin|Marie de Medici,"French, ca. 1575–1657| |Florence 1575–1642 Colgne",1608,1608,"Harris Brisbane Dick Fund, 1935",Paris,Books,http://www.metmuseum.org/art/collection/search/358275,Flowers|Leaves
487681,False,Modern and Contemporary Art,1930,Bottle,Bottle,,Designer,Adelaide Alsop Robineau,"American, Middletown, Connecticut, 1865–1929 Syracuse, New York",1926,1926,"Purchase, Edward C. Moore Jr. Gift, 1930",Syracuse,Ceramics-Porcelain,http://www.metmuseum.org/art/collection/search/487681,
344978,False,Drawings and Prints,1925.0,Book,La Trasformazione di Narciso (The Transformation of Narcissus),,Author|Publisher,Giovanni Andrea Dell' Anguillara|all' Insegna della Stella,|,ca. 1560–1600,1555,"Harris Brisbane Dick Fund, 1925",Florence,Books,http://www.metmuseum.org/art/collection/search/344978,
479734,True,The Cloisters,2013.0,Panel,Marriage Panel of Gabriel Weydacher and his wife Juliana Wemis with the Virgin and Child and Saints Barbara and Catherine,German,Artist,Leonhard Beck,"German, 1480–1542",1519,1519,"The Cloisters Collection, 2013",Augsburg,Glass-Stained,http://www.metmuseum.org/art/collection/search/479734,Women|Madonna and Child|Saint Catherine|Saints
348662,False,Drawings and Prints,1931.0,Book,Recueil de Draperies d'Hallavant mis au jour et augmenté par Osmond et Dezon [1e Cahier],,Publisher,Osmont et Dezon,"French, early 19th century",n.d. [ca. 1815],1810,"Harris Brisbane Dick Fund, 1931",Paris,Books,http://www.metmuseum.org/art/collection/search/348662,
887869,False,Drawings and Prints,1949,Album Print Ornament & Architecture,Flemish Grotesque with a Woman playing a String Instrument on a Fantastic Cart,,Artist,Cornelis Bos,"Netherlandish, Hertogenbosch ca. 1510?–before 1556 Groningen",ca. 1550,1545,"The Elisha Whittelsey Collection, The Elisha Whittelsey Fund, 1949",Antwerp,Albums|Prints|Ornament & Architecture,http://www.metmuseum.org/art/collection/search/887869,
19929,False,The American Wing,2018.0,Vase,Vase,American,Manufacturer|Designer,Roseville Pottery|Frederick Hurten Rhead,"1892–1954|American (born England), Hanley, Stoke-on-Trent 1880–1942 New York",ca. 1904–8,1901,"Gift of Robert A. Ellison Jr., 2018",Zanesville,,http://www.metmuseum.org/art/collection/search/19929,
377917,False,Drawings and Prints,1928.0,Book,"Nouveau Recueil de Parures de Joyaillerie, second livre",,Publisher|Artist|Engraver|Publisher,Pouget fils|Jacques Philippe Joseph de Saint Quentin|Claude Antoine Littret de Montigny|Jean-Baptiste Tilliard,"|French, born Paris, 1738|French, 1735–1775|French, 1740?–1813",1764,1764,"Harris Brisbane Dick Fund, 1928",Paris,Books,http://www.metmuseum.org/art/collection/search/377917,
452111,true,Islamic Art,1970.0,Folio from an illustrated manuscript,"""The Feast of Sada"", Folio 22v from the Shahnama (Book of Kings) of Shah Tahmasp",,Artist|Author,Sultan Muhammad|Abu'l Qasim Firdausi,"Iranian, active first half 16th century|Iranian, Paj ca. 940/41–1020 Tus",ca. 1525,1500,"Gift of Arthur A. Houghton Jr., 1970",Tabriz,Codices,http://www.metmuseum.org/art/collection/search/452111,Men|Animals|Deer|Goats|Fire
431426,False,Drawings and Prints,1933.0,Print collection ornament & architecture,"Altarpiece with Christ and the Virgin mourning his death, from Retables d'autels, plate 7, bound in Oeuvres. Vol. II",,Artist|Publisher,Jean Le Pautre|Pierre Mariette le fils,"French, Paris 1618–1682 Paris|French, Paris 1634–1716 Paris",17th century,1633,"Harris Brisbane Dick Fund, 1933",Paris,Prints|Ornament & Architecture,http://www.metmuseum.org/art/collection/search/431426,
9076,True,The American Wing,1946.0,Tumbler,Tumbler,American,Maker,"Hobbs, Brockunier and Company",1863–1891,after 1886,1887,"Gift of Mrs. Emily Winthrop Miles, 1946",Wheeling,,http://www.metmuseum.org/art/collection/search/9076,
430806,False,Drawings and Prints,1933.0,Print collection ornament & architecture,"Two variants for a bedroom with statues in front of columns, from Alcôves à la française, plate 2, bound in Oeuvres. Vol. I",,Artist|Publisher,Jean Le Pautre|Nicolas Langlois,"French, Paris 1618–1682 Paris|French, Paris 1640–1703",published 1678,1678,"Harris Brisbane Dick Fund, 1933",Paris,Prints|Ornament & Architecture,http://www.metmuseum.org/art/collection/search/430806,
355869,False,Drawings and Prints,1958.0,Book,Oeuvres de Jean Racine,,Author|Illustrator|Illustrator|Illustrator|Illustrator|Illustrator|Engraver|Publisher|Illustrator,Jean Racine|Pierre Paul Prud'hon|Jean Guillaume Moitte|Anne Louis Girodet-Trioson|Taunai|Antoine Denis Chaudet|Jean-Baptiste-Michel Dupréel|Pierre Didot l'ainé|baron François Gérard,"French, baptized 1639–1699 Paris|French, Cluny 1758–1823 Paris|French, Paris 1746–1810 Paris|French, Montargis 1767–1824 Paris|French, active early 19th century|French, Paris 1763–1810 Paris|French, active 1787–1817|French, 1761–1853|French, Rome 1770–1837 Paris",1801,1801,"Rogers, Harris Brisbane Dick, and The Elisha Whittelsey Funds; and Gift of John Sise, by exchange, 1958",Paris,Books,http://www.metmuseum.org/art/collection/search/355869,
446288,true,Islamic Art,1913.0,Folio from an illustrated manuscript,"""Physician Preparing an Elixir"", Folio from a Materia Medica of Dioscorides",,Translator,'Abdullah ibn al-Fadl,,dated A.H. 621 /1224 CE,1199,"Rogers Fund, 1913",possibly Baghdad,Codices,http://www.metmuseum.org/art/collection/search/446288,Men|Arabic|Medicine
349242,False,Drawings and Prints,1943.0,Book,A Text-Book on Penmanship; Containing all the Established Rules and Principles of the Art,,Author|Publisher,H. W. Ellsworth|D. Appleton & Co.,"American, active 19th century|New York, NY",1862,1862,"Gift of Bella C. Landauer, 1925",New York,Books,http://www.metmuseum.org/art/collection/search/349242,
504663,True,Musical Instruments,1978,Square Piano,Square Piano,Austrian,Maker,Johann Jacob Seydel (ca. 1758–1806),,1792 or 1795,1790,"Purchase, The Crosby Brown Collection of Musical Instruments, by exchange, and Gift of Dr. Robert G. Thorpe, by exchange",Vienna,Chordophone-Zither-struck-piano,http://www.metmuseum.org/art/collection/search/504663,
789448,False,Drawings and Prints,1922.0,Print,"Harlech Castle, North Wales",,Artist|Publisher,John Sell Cotman|Henry George Bohn,"British, Norwich 1782–1842 London|British, London 1796–1884 Twickenham",1838,1838,"Rogers Fund, 1922",London,Prints,http://www.metmuseum.org/art/collection/search/789448,
19892,True,The American Wing,2018.0,Vase,Vase,American,Manufacturer|Designer,Grueby Pottery|George P. Kendrick,"Boston, Massachusetts, 1899–ca. 1911|1850–1908",ca. 1899–1909,1894,"Gift of Robert A. Ellison Jr., 2018",Boston,,http://www.metmuseum.org/art/collection/search/19892,
490974,False,Modern and Contemporary Art,1945,Sample,Piece,American,Designer|Maker,Lucy Eisenberg|N. Fluegelman & Company,active ca. 1942–1944|,1944,1944,"Gift of N. Fluegelman and Company, 1945",New York,Textiles-Printed,http://www.metmuseum.org/art/collection/search/490974,
431983,False,Drawings and Prints,1933.0,Print collection ornament & architecture,"Trelliswork pavilion with a water buffet, from Trelliswork pavilions, bound in Oeuvres. Vol. II",,Artist|Publisher,Pierre Le Pautre|Nicolas Langlois,"French, ca. 1660–1744|French, Paris 1640–1703",,1655,"Harris Brisbane Dick Fund, 1933",Paris,Prints|Ornament & Architecture,http://www.metmuseum.org/art/collection/search/431983,
359958,True,Drawings and Prints,1933.0,Print,"On ne s'avise jamais du tout, from ""Contes et nouvelles en vers par Jean de La Fontaine.  A Paris, de l'imprimerie de  P. Didot, l'an III de la République, 1795""",,Artist|Author|Artist|Publisher,Jean Honoré Fragonard|Jean de La Fontaine|Jean-Baptiste Patas|Pierre Didot l'ainé,"French, Grasse 1732–1806 Paris|French, Château-Thierry 1621–1695 Paris|French, Paris 1744?–?1802 Paris|French, 1761–1853",1795,1795,"Harris Brisbane Dick Fund, 1933",Paris,Prints,http://www.metmuseum.org/art/collection/search/359958,Interiors|Couples|Women
384619,True,Drawings and Prints,1968.0,Print,Panurge sortant de chez Raminagrobis,,Artist|Publisher|Author|Printer,Félix Bracquemond|Alfred Cadart|François Rabelais|Auguste Delâtre,"French, Paris 1833–1914 Sèvres|French, 1825–1875|French, 1494?–1553|French, Paris 1822–1907 Paris",1854—55,1854,"The Elisha Whittelsey Collection, The Elisha Whittelsey Fund, 1968",Paris,Prints,http://www.metmuseum.org/art/collection/search/384619,Fear|Men|Monsters
343643,False,Drawings and Prints,1919.0,Book,Ornamental Pendants,,Artist,Daniel Mignot,"French, active Augsburg, fl. 1593–1616",early 17th century,1600,"Rogers Fund, 1919",Augsburg,Books,http://www.metmuseum.org/art/collection/search/343643,
662649,False,Drawings and Prints,1952.0,Print,"Restes du Sepulchre de la Famille Metella, from Les Plus Beaux Monuments de Rome Ancienne ou Recueil des plus beaux Morceaux de l'Antiquité Romaine qui existent encore",,Artist|Publisher|Printer|Engraver,Jean Barbault|Bouchard & Gravier|Giunchi Heritiers de Komarek|Dominico Montagu,"French, Viarmes 1718–1762 Rome|Rome| |Italian, active Rome, ca. 1750–76",1761,1761,"Rogers Fund, 1952",Rome,Prints,http://www.metmuseum.org/art/collection/search/662649,
20290,True,The American Wing,2018.0,Tile,Tile,American,Manufacturer|Artist,Chelsea Keramic Art Works|Hugh C. Robertson,1872–1889|1844–1908,ca. 1875–85,1872,"Gift of Robert A. Ellison Jr., 2018",Chelsea,,http://www.metmuseum.org/art/collection/search/20290,Plants
380660,False,Drawings and Prints,1981.0,Book,Boutiques 1931,,Author|Publisher,Roger Poulain|Vincent Freal et Cie.,French|,1931,1931,"Edward Pearce Casey Fund, 1981",Paris,Books,http://www.metmuseum.org/art/collection/search/380660,
345408,False,Drawings and Prints,1928.0,Book,Traité de l'art d'Ecrire,,Designer|Engraver|Dedicatee,Louis Barbedor|Cordier|Monsiegneur de Believre,"|French, active 17th century|French, active 17th century",1655,1655,"Gift of Felix M. Warburg, 1928",Paris,Books,http://www.metmuseum.org/art/collection/search/345408,
27412,True,Arms and Armor,1914.0,Rapier,Rapier,"Spanish; blade, German, Solingen",Bladesmith,Arnolt Windhvfel,"German, Solingen, active late 17th–early 18th century",18th century,1701,"Gift of William H. Riggs, 1913",Solingen,Swords,http://www.metmuseum.org/art/collection/search/27412,
370010,False,Drawings and Prints,1941.0,Book ; Ornament and architecture,"M. Vitruvii Pollionis De architectura libri decem: ad Caesarem Augustum, omnibus omnium editionibus longè emendatiores, collatis veteribus exemplis accesserunt, Gulielmi Philandri Castilionii, ciuis Romani annotationes castigatiors, & plus tertia parte",,Author|Author|Publisher|Illustrator|Author,Guillaume Philander|Giorgio Agricola|Jean de Tournes|Bernard Salomon|Marcus Pollio Vitruvius,"French, 1505–1565|German, 1494–1555|French, 1504–1564|French, ca. 1508–ca. 1561|Roman, active late 1st century BCE",1552,1552,"Bequest of W. Gedney Beatty, 1941",Lyon,Books|Ornament & Architecture,http://www.metmuseum.org/art/collection/search/370010,
343975,False,Drawings and Prints,1969.0,Book,Der Silber Arbeiter oder Sammlung von Zeichnungen für Silber-Arbeiter und Silberwaaren-Händler,,Author|Engraver|Publisher,Alexandre Lefranc|N. Dellbrück|Baumgärtner's Buchhandlung,"French, 19th century|German|",1836–38,1836,"The Elisha Whittelsey Collection, The Elisha Whittelsey Fund, 1969",Leipzig,Books,http://www.metmuseum.org/art/collection/search/343975,
452631,true,Islamic Art,1974.0,Folio from an illustrated manuscript,"""Rustam Lassos Rakhsh,"" Folio from a Shahnama (Book of Kings) of Firdausi",,Author,Abu'l Qasim Firdausi,"Iranian, Paj ca. 940/41–1020 Tus",ca. 1330–40,1305,"Bequest of Monroe C. Gutman, 1974",probably Isfahan,Codices,http://www.metmuseum.org/art/collection/search/452631,Men|Horses|Trees
725293,False,Drawings and Prints,1946.0,Book Print Ornament and Architecture,"Plate No. 1, ""Flax: Yoke Body & Border for Lawn Tennis dress"" of The Lady's Crewel Embroidery Book, Second Series, by E. M. C. [Elvira Mary Courbould]",,Publisher|Designer,Hatchard|Elvira Mary Courbould [E. M. C.],"London|British, active second half 19th century",[1879],1879,"Harris Brisbane Dick Fund, 1945",London,Books|Ornament & Architecture|Prints,http://www.metmuseum.org/art/collection/search/725293,
354249,False,Drawings and Prints,1965.0,Book,Histoires d'Autrefois: Le Cabaret du Puits-sans-Vin,,Author|Illustrator|Publisher,Louis Morin|Louis Morin|Librairie Illustrée,"French, Paris 1855–1938 Migennes|French, Paris 1855–1938 Migennes|French",1885,1885,"The Elisha Whittelsey Collection, The Elisha Whittelsey Fund, 1965",Paris,Books,http://www.metmuseum.org/art/collection/search/354249,
347992,False,Drawings and Prints,1940.0,Book,[Oeuvres],,Artist|Engraver|Publisher,F. Cornille|Monchelet|François II Chéreau,"French, active 1740–56|French|French, Paris 1717–1755 Paris",1740–56,1740,"Harris Brisbane Dick Fund, 1940",Paris,Books,http://www.metmuseum.org/art/collection/search/347992,
451426,true,Islamic Art,1957.0,Folio from an illustrated manuscript,"""Zusuf is Purchased in Egypt by Zulaikha"", Folio from a Yusuf and Zulaikha of Jami",,Author,Maulana Nur al-Din `Abd al-Rahman Jami,"Iranian, Jam 1414–92 Herat",second half 16th century,1550,"Cora Timken Burnett Collection of Persian Miniatures and Other Persian Art Objects, Bequest of Cora Timken Burnett, 1956",Shiraz,Codices,http://www.metmuseum.org/art/collection/search/451426,Men
311626,False,"Arts of Africa, Oceania, and the Americas",1978.0,Bowl,Bowl,Asmat people,Artist,Isiap,,mid-20th century,1900,"The Michael C. Rockefeller Memorial Collection; Gift of Nelson A. Rockefeller and Mrs. Mary C. Rockefeller, 1965",Komor village,Wood-Containers,http://www.metmuseum.org/art/collection/search/311626,Heads
8227,True,The American Wing,1935.0,Tankard,Tankard,American,Maker,Samuel Tingley,active ca. 1762–96,ca. 1765–70,1762,"Gift of Misses Mary Thurston Horn and Sarah Lawrence Horn, 1935",New York,,http://www.metmuseum.org/art/collection/search/8227,
3160,True,The American Wing,1910.0,Desk and bookcase,Desk and Bookcase,American,Maker,Thomas Seymour,1771–1848,1800–1805,1800,"Gift of Mrs. Russell Sage, 1909",Boston,,http://www.metmuseum.org/art/collection/search/3160,
434254,False,Drawings and Prints,1953.0,Print collection ornament & architecture,"Title Page depicting a choir door topped with Christ on the Cross with the Virgin and St. John on either side of him, from Portes de choeur, plate 1",,Artist|Publisher,Jean Le Pautre|Jean I Leblond,"French, Paris 1618–1682 Paris|French, ca. 1590–1666 Paris",17th century,1633,"Harris Brisbane Dick Fund, 1953",Paris,Prints|Ornament & Architecture,http://www.metmuseum.org/art/collection/search/434254,
629351,False,Drawings and Prints,1948.0,Print ornament & architecture,"Courtyard with a vase-shaped well, with two hoisting mechanisms to lift the buckets on the border, from Small Wells, plate 11",,Artist|Artist|Artist|Publisher,Hans Vredeman de Vries|Johannes van Doetecum I|Lucas van Doetecum|Philips Galle,"Netherlandish, Leeuwarden 1527–1606 (?)  Antwerp (?)|Netherlandish, 1528/32–1605|Netherlandish, active 1554–72, died before 1589|Netherlandish, Haarlem 1537–1612 Antwerp",ca. 1574,1569,"The Elisha Whittelsey Collection, The Elisha Whittelsey Fund, 1948",Antwerp,Prints|Ornament & Architecture,http://www.metmuseum.org/art/collection/search/629351,
351616,False,Drawings and Prints,1942.0,Book ; Ornament and architecture,Hancock's Copies for China Painters,,Author|Printer|Publisher|Printer|Designer|Artist|Artist,"Albert Hill|Hazell, Watson, & Viney, Ltd.|Hancock and Son|Marcus Ward & Company, Ltd.|Helen Cordelia Angell|James Hadley|G. Siéver","British, 19th century|British, London and Aylesbury|Worcester| |British, Horsham 1847–1884 London|British, 19th century|British (?), active 19th century",[1881],1881,"Harris Brisbane Dick Fund, 1942",Worcester,Books|Ornament & Architecture,http://www.metmuseum.org/art/collection/search/351616,
5881,True,The American Wing,1984.0,Pitcher,Pitcher,American,Maker,New England Pottery Company,1876–1914,1889–95,1889,"Gift from Rubin-Surchin Collection, 1984",Boston,,http://www.metmuseum.org/art/collection/search/5881,
9085,True,The American Wing,1946.0,Tumbler,Tumbler,American,Maker,"Hobbs, Brockunier and Company",1863–1891,after 1886,1887,"Gift of Mrs. Emily Winthrop Miles, 1946",Wheeling,,http://www.metmuseum.org/art/collection/search/9085,
347382,False,Drawings and Prints,1932.0,Book,Plusieurs Sortes d'Ornemens & Masque,,Artist|Publisher|Engraver,Georges Charmeton|Nicolas Robert|Girard Audran,"French, baptised Lyon 1623–1674 Paris|French, Langres 1614–1685 Paris|French, Lyons 1640–1703 Paris",1676,1676,"Harris Brisbane Dick Fund, 1932",Paris,Books,http://www.metmuseum.org/art/collection/search/347382,
412574,False,Drawings and Prints,1968.0,Portfolio,"Plate 18 from Sonia Delaunay: ses peintures, ses objets, ses tissus simultanés, ses modes",,Artist|Publisher,Sonia Delaunay|Librairie des Arts Décoratifs,"French (born Ukraine), Gradizhsk 1885–1979 Paris|",[1925],1925,"The Elisha Whittelsey Collection, The Elisha Whittelsey Fund, 1968",Paris,Portfolios,http://www.metmuseum.org/art/collection/search/412574,Fashion
432086,False,Drawings and Prints,1933.0,Print collection ornament & architecture,"A fountain in a path of a garden in the style of Versailles, from Jardins en perspective, plate 3, bound in Oeuvres. Vol. II",,Artist|Publisher,Jean Le Pautre|Jean Le Pautre,"French, Paris 1618–1682 Paris|French, Paris 1618–1682 Paris",17th century,1633,"Harris Brisbane Dick Fund, 1933",Paris,Prints|Ornament & Architecture,http://www.metmuseum.org/art/collection/search/432086,
350176,False,Drawings and Prints,1956.0,Book,Spirit of '76 patented 1875. This stove has a patented Hot Air Flue which utilizes the heat radiated from fire in the bottom,,Author,"Warren, Fuller & Co.","Troy, NY",[ca. 1876],1871,"The Elisha Whittelsey Collection, The Elisha Whittelsey Fund, 1956",Troy,Books,http://www.metmuseum.org/art/collection/search/350176,
369592,False,Drawings and Prints,1941.0,Book,"M. Vitruvii De Architectura libri decem, summa diligentia recogniti, atque excusi. Cum nonnullis figuris sub hoc signo positis. nunque antea impraessis. Additis Iulij frontini de aqueductibus libris, propter materiae affinitatem",,Author|Printer|Author,Marcus Pollio Vitruvius|Guillaume Huyon|Sextus Julius Frontinus,"Roman, active late 1st century BCE|French, active 16th century|ca. 30–104",1523,1523,"Bequest of W. Gedney Beatty, 1941",Lyon,Books,http://www.metmuseum.org/art/collection/search/369592,
35958,False,Arms and Armor,2013.0,Experimental helmet prototype,"American Helmet Model No. 7, Sentinel's Helmet","American, Salem, Ohio",Manufacturer,W. H. Mullins Co.,"American, Salem, Ohio 1872–1974",1918,1918,"Purchase, Bequest of Stephen V. Grancsay, Rogers Fund, Helmut Nickel Gift, and funds from various donors, by exchange, 2013",Salem,Helmets,http://www.metmuseum.org/art/collection/search/35958,
370768,True,Drawings and Prints,1941.0,Print,Speculum Romanae Magnificentiae: Aristotle,,Artist|Artist|Publisher,"Enea Vico|Anonymous, Italian, mid-16th century|Antonio Lafreri","Italian, Parma 1523–1567 Ferrara| |French, Orgelet, Franche-Comte ca. 1512–1577 Rome",1553,1553,"Harris Brisbane Dick Fund, 1941",Rome,Prints,http://www.metmuseum.org/art/collection/search/370768,Aristotle|Profiles
818895,false,The Libraries,,,Punkt und Linie zu Fläche : Beitrag zur Analyse der malerischen Elemente,,Publisher|Author,Albert Langen Verlag|Vasily Kandinsky,"|French (born Russia), Moscow 1866–1944 Neuilly-sur-Seine",1928,1928,,Munich,,http://www.metmuseum.org/art/collection/search/818895,
348285,False,Drawings and Prints,1965.0,Book,A Round of Days,,Author|Author|Author|Author|Author|Author|Author|Author|Author|Author|Author|Author|Author|Author|Author|Author|Publisher|Engraver|Artist|Artist|Artist|Artist|Artist|Artist|Artist|Artist|Artist|Artist|Artist|Printer|Artist,"George MacDonald|Thomas Hood, the Younger|William Howitt|Mary Howitt|Henry William Dulcken|William Allingham|Christina Georgina Rossetti|Amelia B. Edwards|James Hain Friswell|Dora Greenwell|Frederick Locker-Lampson|Caroline Elizabeth Sarah Norton|Jean Ingelow|Dinah Maria Craik|Robert Williams Buchanan|Jennett Humphreys|George Routledge & Sons, London|Dalziel Brothers|William Paton Burton|Warwick Brookes|Edward Dalziel|Thomas Dalziel|Paul Mary Gray|Arthur Boyd Houghton|Thomas Morten|John William North|George John Pinwell|Frederick Walker|John Dawson Watson|Camden Press|Alfred Walter Bayes","British, Huntly, Aberdeenshire, Scotland 1824–1905 Ashtead, Surrey|British, Wanstead, Essex 1835–1874 Peckham Rye|British, 1792–1879|British, Coleford, Gloucestershire 1799–1888 Rome|British, 1832–1894|Irish, Ballyshannon, Donegal 1824–1889 Hampstead, London|British, London 1830–1894 London|British, 1831–1892|British, 1825–1878|British, Lanchester, Co. Durham 1821–1882|British, 1821–1895|British, London 1808–1877|British, Boston, Lincolnshire 1820–1897 London|British, Stoke-on-Trent 1826–1887 London|British (Scottish), Caverswall, Staffordshire 1841–1901 Streatham, London|British, 1829–1917| |British, active 1839–93|British, Madras, India 1828–1883 Kincardineshire, Scotland|British, Salford 1808–1882 Salford|British, Wooler, Northumberland 1817–1905 London|British, Wooler, Northumberland 1823–1906 Herne Bay, Kent|Irish, Dublin 1842–1866 London|British, Madras, India 1836–1875 London|British, Uxbridge 1836–1866 London|British, London 1842–1924 Stamborough, Somerset|British, London 1842–1875 London|British, London 1840–1875 Perthshire, Scotland|British, Sedbergh, Yorkshire 1832–1892 Conwy, Wales|British, London|British, Lumbutts, near Todmorden, Yorkshire 1832–1909 London",1866,1866,"Gift of Sinclair Hamilton, 1965",London,Books,http://www.metmuseum.org/art/collection/search/348285,
734152,False,Drawings and Prints,1939.0,"Book
Print
Ornament & Architecture","Title Page, Plate 1, from Modern and Ancient Triumphal Arches",,Artist,Jacques Androuet Du Cerceau,"French, Paris 1510/12–1585 Annecy",1549,1549,"Harris Brisbane Dick Fund, 1939",Orelans,Books|Ornament & Architecture|Prints,http://www.metmuseum.org/art/collection/search/734152,
8513,True,The American Wing,1970.0,Tile,Tile,American,Maker,J. and J. G. Low Art Tile Works,"American, Chelsea, Massachusetts, 1877–1903",1882–84,1882,"Funds from various donors, 1970",Chelsea,,http://www.metmuseum.org/art/collection/search/8513,
349578,False,Drawings and Prints,1965.0,Book,Album de dessins des Sièges de la Maison Faure,,Lithographer|Author|Printer|Designer,Destouches|M. Faure|Maguier A. R. Lamartine|Désiré Guilmard,"Paris| | |French, died Paris, ca. 1889",19th century,1800,"The Elisha Whittelsey Collection, The Elisha Whittelsey Fund, 1965",Paris,Books,http://www.metmuseum.org/art/collection/search/349578,
344519,False,Drawings and Prints,1946.0,Book,"Aesop's Fables with His Life: In English, French and Latin",,Author|Illustrator|Printer|Dedicatee|Translator|Author,"Aesop|Francis Barlow|H. Hills, Jr.|William Cavendish, 1st Duke of Devonshire|Thomas Philipott|Aphra Behn","Greek, ca. 620–560 BCE|British, Lincolnshire ca. 1626–1704 London|British, 17th century|British, 1641–1707 London|British, died 1682|British, Canterbury 1640–1689 London",1687,1687,"Gift of Estate of Marie L. Russell, 1946",London,Books,http://www.metmuseum.org/art/collection/search/344519,
6222,True,The American Wing,1898.0,Plate,Plate,British (American market),Maker,Enoch Wood & Sons,"British, active Burslem, 1818–46",ca. 1818–ca. 1846,1815,"Gift of Mrs. Isaac Gibson Jaffray, in memory of her husband, 1898",Stoke-on-Trent,,http://www.metmuseum.org/art/collection/search/6222,Houses
346708,False,Drawings and Prints,1972.0,Book ; Ornament and Architecture,Designs for Cottage and Villa Architecture,,Author|Publisher|Engraver,Samuel H. Brooks|Thomas Kelly|W. A. Beever,"British, 19th century|British, active London, ca. 1815–40|British, 19th century",1839,1839,"Museum Accession, transferred from the Library",London,Books|Ornament & Architecture,http://www.metmuseum.org/art/collection/search/346708,
727938,False,Drawings and Prints,1991.0,Book Prints Ornament & Architecture,"Fleurs (Flowers), Plate 13",,Designer|Printer|Publisher,"Serge Gladky|G. Kadar|Editions ""Synth""","French, active 1920–30s| |",1929,1929,"Jane E. Andrews Fund, in memory of William Loring Andrews, 1943, transfered from the Library (1991.1073.124)",Paris,Books|Prints|Ornament & Architecture,http://www.metmuseum.org/art/collection/search/727938,
19991,False,The American Wing,2018.0,Vase,Vase,American,Decorator|Manufacturer,Edward Timothy Hurley|Rookwood Pottery Company,"1869–1950|American, Cincinnati, Ohio 1880–1967",1916,1916,"Gift of Robert A. Ellison Jr., 2018",Cincinnati,,http://www.metmuseum.org/art/collection/search/19991,
5595,True,The American Wing,1984.0,Perfume flask,Perfume flask,American,Maker,Willets Manufacturing Company,1879–1908,1883–87,1883,"Friends of the American Wing Fund, 1984",Trenton,,http://www.metmuseum.org/art/collection/search/5595,
680254,False,Drawings and Prints,1952.0,Print,"Sarcophages, from Recueil de divers Monumens Anciens répandus en plusieurs endroits de L'Italie",,Artist|Publisher|Printer,Jean Barbault|Bouchard & Gravier|Giunchi Heritiers de Komarek,"French, Viarmes 1718–1762 Rome|Rome|",1770,1770,"Rogers Fund, 1952",Rome,Prints,http://www.metmuseum.org/art/collection/search/680254,
665042,true,Drawings and Prints,1926.0,Book Ornament & Architecture,"Livre de Moresques, title page (recto)",,Artist|Publisher|Publisher,Cornelis Bos|Cornelis Bos|Hiérosme de Gormont,"Netherlandish, Hertogenbosch ca. 1510?–before 1556 Groningen|Netherlandish, Hertogenbosch ca. 1510?–before 1556 Groningen|",1546,1546,"Harris Brisbane Dick Fund, 1926",Paris,Books|Ornament & Architecture,http://www.metmuseum.org/art/collection/search/665042,Flowers
5454,True,The American Wing,1946.0,Whale oil lamp,Whale Oil Lamp,American,Maker,"Bryce, Walker and Company",,1860–70,1860,"Gift of Mrs. Emily Winthrop Miles, 1946",Pittsburgh,,http://www.metmuseum.org/art/collection/search/5454,
699511,True,Drawings and Prints,1959.0,"Print, Fete, Ornament & Architecture",Plate D: Election and Coronation of Emperor Maximilian II,,Artist|Printer|Publisher,"Willhelm Hoffmans|Johann Bringern|Anonymous, German, 17th century","German, active Frankfurt|German, active Frankfurt|",1612,1612,"The Elisha Whittelsey Collection, The Elisha Whittelsey Fund, 1959",Frankfurt,Prints|Prints-Fete|Ornament & Architecture,http://www.metmuseum.org/art/collection/search/699511,Elections|Kings|Crowd
20241,False,The American Wing,2008.0,Ale,Ale,British,Maker,Pellatt & Green,,1818,1818,"Purchase, William Cullen Bryant Fellows Gifts, 2008",London,,http://www.metmuseum.org/art/collection/search/20241,
349599,False,Drawings and Prints,1960.0,Book,"Net Price list of Watch Case Making, Repairing, Remodeling and Reconstructing",,Author,N. J. Felix,"New York, NY",ca. 1870,1865,"The Elisha Whittelsey Collection, The Elisha Whittelsey Fund, 1960",New York,Books,http://www.metmuseum.org/art/collection/search/349599,
27790,True,Arms and Armor,1924.0,Portions of a costume armor,Portions of a Costume Armor,"German, Augsburg",Armorer,Kolman Helmschmid,"German, Augsburg 1471–1532",ca. 1525,1500,"Backplate and rump: Gift of Bashford Dean, 1924; vambraces: Mrs. Stephen V. Harkness Fund, 1926; top lames of vambraces: Bashford Dean Memorial Collection, Funds from various donors, 1929",Augsburg,Armor for Man,http://www.metmuseum.org/art/collection/search/27790,
433051,False,Drawings and Prints,1933.0,Print collection ornament & architecture,"Two friezes with lions fighting dogs, from Chasses et feuillages, plate 5, bound in Oeuvres. Vol. IV",,Artist|Publisher,Jean Le Pautre|Pierre Mariette le fils,"French, Paris 1618–1682 Paris|French, Paris 1634–1716 Paris",published 1663,1663,"Harris Brisbane Dick Fund, 1933",Paris,Prints|Ornament & Architecture,http://www.metmuseum.org/art/collection/search/433051,
353741,False,Drawings and Prints,1945.0,Book ; Ornament and architecture,Teoria e Practica di Architettura Civile,,Author,Girolamo Masi,"Italian, 18th century",1788,1788,"Harris Brisbane Dick Fund, 1945",Rome,Books|Ornament & Architecture,http://www.metmuseum.org/art/collection/search/353741,
468463,True,Medieval Art,1954.0,Tile,Stove Tile with Saint John the Evangelist and Samson,Hungarian,Maker,Buda Castle Workshop,,late 15th century,1475,"Gift of R. Thornton Wilson, in memory of Florence Ellsworth Wilson, 1954",Budapest,Ceramics-Tiles,http://www.metmuseum.org/art/collection/search/468463,Samson|Saint John the Evangelist
503357,True,Musical Instruments,1989,Lute,Lute,Italian,Maker,Wendelin Tieffenbrucker,"German, active 1570–1610",late 16th century,1650,"Purchase, Gift of Mr. and Mrs. Robert P. Freedman, by exchange, 1989",Padua,Chordophone-Lute-plucked-fretted,http://www.metmuseum.org/art/collection/search/503357,
715555,False,The American Wing,2020.0,Bowl,Bowl,American,Maker,Maija Grotell,"American (born Finland), Helsinki 1899–1973 Pontiac, Michigan",ca. 1941–5,1936,"Gift of Martin Eidelberg, 2020",Cranbrook,,http://www.metmuseum.org/art/collection/search/715555,
358869,False,Drawings and Prints,1969.0,Book,Instruzione elementare per gli studiosi della scultura di Francesco Carradori,,Author,Francesco Carradori,"Italian, Pistoia, 1747–1825",1802,1802,"Gift of Lincoln Kirstein, 1969",Florence,Books,http://www.metmuseum.org/art/collection/search/358869,
711548,False,The American Wing,2016.0,"Woodcut, print",Nabby's Point,American,Artist,Arthur Wesley Dow,"American, Ipswich, Massachusetts 1857–1922 New York State",ca. 1913,1913,"Gift of the Dowd-Gallogly Family and Allan E. Dowd, 2016",Ipswich,,http://www.metmuseum.org/art/collection/search/711548,Lakes|Hills|Trees
468320,True,Medieval Art,1949.0,Triptych panel,Triptych Panel with Saint Sebastian,French,Artist,Master of the Triptych of Louis XII,ca. 1490–ca. 1515,15th–16th century,1400,"The Jules S. Bache Collection, 1949",Limoges,Enamels-Painted,http://www.metmuseum.org/art/collection/search/468320,Bow and Arrow|Men
7789,True,The American Wing,1933.0,Spoon,Spoon,American,Maker,Jacob Hurd,"American, Boston, Massachusetts 1702/3–1758 Boston, Massachusetts",1725–50,1725,"Bequest of Alphonso T. Clearwater, 1933",Boston,,http://www.metmuseum.org/art/collection/search/7789,
357401,False,Drawings and Prints,1930.0,Book ; Ornament and architecture,A New Book of Ornaments,,Author|Publisher,John Spilsbury|John Spilsbury,"British, 1730–1769|British, 1730–1769",ca. 1750–90,1750,"Harris Brisbane Dick Fund, 1930",London,Books|Ornament & Architecture,http://www.metmuseum.org/art/collection/search/357401,
426882,False,Drawings and Prints,1930.0,Prints Collection Ornament & Architecture,"Two Vertical Panels with Candelabra Grotesques and Fountains at the Bottom, from a Series of Vertical Panels with Modern Grotesques and the Four Elements, part of Œuvres du Sr. D. Marot",,Artist|Publisher,Daniel Marot the Elder|Pierre Husson,"French, Paris 1661–1752 The Hague|",published 1703 or 1712,1703,"Harris Brisbane Dick Fund, 1930",The Hague,Prints|Ornament & Architecture,http://www.metmuseum.org/art/collection/search/426882,
346436,False,Drawings and Prints,1941.0,Book,The Book of Nursery Rhymes,,Publisher,G. G. Hendersom & Co.,"Philadelphia, Pennsylvania",1853,1853,"Anonymous Gift, 1941",Philadelphia,Books,http://www.metmuseum.org/art/collection/search/346436,
350579,False,Drawings and Prints,1925.0,Book,Pinax Iconicus Antiquorum,,Artist|Publisher|Artist,Lilius Giraldus|Baudoin|Pierre Woeiriot de Bouzey II,"|French, 16th century|French, Neufchâteau 1532–1599 Damblain",1556,1556,"Harris Brisbane Dick Fund, 1925",Lyon,Books,http://www.metmuseum.org/art/collection/search/350579,
670148,False,The American Wing,2022.0,Vase,"Marriage vase, one of a pair",American,Manufacturer,Purinton Pottery,ca. 1753–1880,1809,1809,"Gift of Robert A. Ellison Jr., 2021",Somerset,,http://www.metmuseum.org/art/collection/search/670148,
826740,False,Drawings and Prints,1942.0,Print,Endymion Porter,,Publisher|Artist|Sitter|Engraver,Thomas Rowlett|William Dobson|Endymion Porter|William Faithorne the Elder,"British, active 1641–49|British, London 1611–1646 London|British, 1587–1649|British, London ca. 1620–1691 London",ca. 1646,1641,"Harris Brisbane Dick Fund, 1942",London,Prints,http://www.metmuseum.org/art/collection/search/826740,
7431,True,The American Wing,1946.0,Sherry glass,Sherry Glass,American,Maker,"Hobbs, Brockunier and Company",1863–1891,ca. 1885–87,1882,"Gift of Mrs. Emily Winthrop Miles, 1946",Wheeling,,http://www.metmuseum.org/art/collection/search/7431,
336561,False,Drawings and Prints,1974.0,Print,The Forester in Search of Game,,Artist|Artist,Charles Hancock|Henry Beckwith,"British, Marlborough, Wiltshire 1802–1877|British, active 1830–1900",ca. 1840,1830,"Bequest of Anna Hyatt Huntington, 1974",New York,Prints,http://www.metmuseum.org/art/collection/search/336561,
490949,False,Modern and Contemporary Art,1941,"Hanging, woven",Hanging,American,Manufacturer,Scalamandré,,before 1941,1940,"Gift of Franco Scalamandre, 1941",New York,Textiles-Woven,http://www.metmuseum.org/art/collection/search/490949,Trees|Towers
427337,False,Drawings and Prints,1930.0,Prints Collection Ornament & Architecture,"Design for a Vase with Britannia, from Vasses de la Maison Royalle de L'oo, part of Œuvres du Sr. D. Marot",,Artist|Publisher,Daniel Marot the Elder|Pierre Husson,"French, Paris 1661–1752 The Hague|",published 1703 or 1712,1703,"Harris Brisbane Dick Fund, 1930",The Hague,Prints|Ornament & Architecture,http://www.metmuseum.org/art/collection/search/427337,
895008,False,Drawings and Prints,1924,Print,General Washington,,Engraver|Artist|Sitter|Publisher,Burnet Reading|Pierre Eugène du Simitière|George Washington|William Richardson,"British, Colchester, Essex active 1780–1820|American (born Switzerland), Geneva 1737–1784 Philadelphia, Pennsylvania|American, 1732–1799|British, active 1778–1812","May 10, 1783",1783,"Bequest of Charles Allen Munn, 1924",London,Prints,http://www.metmuseum.org/art/collection/search/895008,
7593,True,The American Wing,1942.0,Sofa,Sofa,American,Maker,Duncan Phyfe,"American (born Scotland), near Lock Fannich, Ross-Shire, Scotland 1768/1770–1854 New York",1805–15,1805,"Gift of Mrs. Harry Horton Benkard, 1942",New York,,http://www.metmuseum.org/art/collection/search/7593,
698476,False,Drawings and Prints,1921.0,Book,"Plate 26: Joseph and his brothers gathered around a cistern, as his brothers prepare to sell him; from 'Imagines Veteris Ac Novi Testamenti A Raphaele Sanctio Urbinate in Vaticani Palatii Xystis' after Raphael",,Publisher|Artist|Artist,Giovanni Giacomo De Rossi|Cesare Fantetti|Raphael (Raffaello Sanzio or Santi),"Italian, Rome 1627–1691 Rome|Italian, Florence 1660–1675|Italian, Urbino 1483–1520 Rome",1675,1675,"Museum Accession, transferred from the Library",Rome,Books,http://www.metmuseum.org/art/collection/search/698476,
344437,False,Drawings and Prints,1939.0,Book,Ackermann's Repository - Costume plates,,Publisher,"Rudolph Ackermann, London","British, active 1794–1829",1809–28,1809,"Harris Brisbane Dick Fund, 1939",London,Books,http://www.metmuseum.org/art/collection/search/344437,
348509,False,Drawings and Prints,1991.0,Book,"Sonia Delaunay: ses peintures, ses objets, ses tissus simultanés, ses modes",,Artist|Publisher|Author|Author|Author|Author|Author,Sonia Delaunay|Librairie des Arts Décoratifs|André Lhote|Tristan Tzara|Blaise Cendrars|Loys Delteil|Philippe Soupault,"French (born Ukraine), Gradizhsk 1885–1979 Paris| |French, Bordeaux 1885–1962 Paris|French (born Romania), Moineşti 1896–1963 Paris|French, 1887–1961|French, Paris 1869–1927 Paris|French, Chaville 1897–1990 Paris",[1925],1925,"Rogers Fund, 1925, transferred from the Library",Paris,Books,http://www.metmuseum.org/art/collection/search/348509,
857074,false,The Libraries,,,Conjure,,Artist,Delita Martin,"American, born Conroe, Texas, 1972",2021,2021,,Huffman,,http://www.metmuseum.org/art/collection/search/857074,
630950,False,Drawings and Prints,1945.0,Print,"Man Carrying a Barrel of Wine, from Di Bologna l'Arti per via D'An.ibal' Ca.rac, plate 36",,Artist|Artist|Publisher|Printer,Giuseppe Maria Mitelli|Annibale Carracci|Giovanni Giacomo De Rossi|La Calcografia Camerale,"Italian, Bologna (?) 1634–1718 Bologna|Italian, Bologna 1560–1609 Rome|Italian, Rome 1627–1691 Rome|",printed 1740,1740,"Harris Brisbane Dick Fund, 1945",Rome,Prints,http://www.metmuseum.org/art/collection/search/630950,
20018,True,The American Wing,2018.0,Vase,Vase,American,Artist,William J. Walley,1852–1919,ca. 1898–1918,1895,"Gift of Robert A. Ellison Jr., 2018",West Sterling,,http://www.metmuseum.org/art/collection/search/20018,
690145,False,Drawings and Prints,1952.0,Print,"Lion d'apres l'Antique,  from Recueil de divers Monumens Anciens répandus en plusieurs endroits de L'Italie",,Artist|Publisher|Printer,Jean Barbault|Bouchard & Gravier|Giunchi Heritiers de Komarek,"French, Viarmes 1718–1762 Rome|Rome|",1770,1770,"Rogers Fund, 1952",Rome,Prints,http://www.metmuseum.org/art/collection/search/690145,
591827,True,The Libraries,,,"Bononiensis de architectura libri quinque quibus cuncta fere architectonicae facultatis mysteria docte, perspicue . . .",,Author,Sebastiano Serlio,"Italian, Bologna 1475–1554 Fontainebleau",1568–69,1568,Purchased with income from the Jacob S. Rogers Fund,Venice: Apud Francifcum de Francifcis Senenfem,,http://www.metmuseum.org/art/collection/search/591827,
631726,False,Drawings and Prints,1953.0,Album Prints Ornament & Architecture,"Plate 5: Psalmus Miserere, from ""Septem Psalmi Davidici"" (Seven Psalms of David)",,Calligrapher|Engraver|Publisher,Melchior Model|Hieronymus (Jerome) Wierix|Pierre Firens I,"German, born Munich, active Antwerp, ca. 1594–1608|Netherlandish, ca. 1553–1619 Antwerp|Flemish, Antwerp 1580–1638 Paris",1608,1608,"Harris Brisbane Dick Fund, 1953",Antwerp,Albums|Prints|Ornament & Architecture,http://www.metmuseum.org/art/collection/search/631726,
432646,False,Drawings and Prints,1933.0,Print collection ornament & architecture,"Three frame fragments; the one at top is ornamented with a bust of an imperator within a medallion, from Bordures de tableaux à la romaine, plate 6, bound in Oeuvres. Vol. III",,Artist|Publisher,Jean Le Pautre|Pierre Mariette le fils,"French, Paris 1618–1682 Paris|French, Paris 1634–1716 Paris",ca. 1656–57,1656,"Harris Brisbane Dick Fund, 1933",Paris,Prints|Ornament & Architecture,http://www.metmuseum.org/art/collection/search/432646,
455054,true,Islamic Art,1913.0,Illustrated manuscript,Haft Paikar (Seven Portraits) of the Khamsa (Quintet) of Nizami of Ganja,,Author|Calligrapher,Nizami|Maulana Azhar,"present-day Azerbaijan, Ganja 1141–1209 Ganja|died 1475/76",ca. 1430,1405,"Gift of Alexander Smith Cochran, 1913",Herat,Codices,http://www.metmuseum.org/art/collection/search/455054,Horses|Animals|Men|Hunting
422399,False,Drawings and Prints,1957.0,Book,Trattato delle Piante & Immagini de Sacri Edifizi di Terra Santa (Treatise of the Plans & Images of the Sacred Buildings of the Holy Land),,Artist|Publisher|Artist,Jacques Callot|Pietro Cecconcelli|Bernardino Amico,"French, Nancy 1592–1635 Nancy|Italian, active late 16th–early 17th century|Italian, active 1593–1619",1620,1620,"Bequest of Edwin De T. Bechtel, 1957",Florence,Books,http://www.metmuseum.org/art/collection/search/422399,
349296,False,Drawings and Prints,1938.0,Book,Encijclopédie of Handbook van Vrouwelijke Bedrijven en Raadgever. . .,,Author|Designer|Publisher,Anna Barbara van Schilperoot Meerten|Dirk Jurriaan Sluyter|C. G. Sulpke,"Dutch, 1778–1853|Dutch, 1811–1886|",1835,1835,"Harris Brisbane Dick Fund, 1938",Amsterdam,Books,http://www.metmuseum.org/art/collection/search/349296,
718296,True,Arms and Armor,2016.0,Plate five from Nouveavx Desseins D'Arquebvseries,Plate Five from Nouveavx Desseins D'Arquebvseries,"French, Paris",Artist,De Lacollombe,"French, Paris, active ca. 1702–ca. 1736",dated 1730,1730,"Purchase, Jan and Marica Vilcek Gift, 2016",Paris,Works on Paper-Engravings,http://www.metmuseum.org/art/collection/search/718296,Ornament
641299,False,Drawings and Prints,1948.0,Print,"Francesco Bassano, bound in L'Oeuvre original de Vivant Denon. Collection de eaux-fortes, Volume 1",,Publisher|Artist,A. Barrand|baron Dominique Vivant Denon,"|French, Givry 1747–1825 Paris",1873,1873,"Harris Brisbane Dick Fund, 1948",Paris,Books,http://www.metmuseum.org/art/collection/search/641299,
853685,False,The American Wing,2021,Pair of earrings,"""Double Pyramid"" earrings",American,Artist,Daniel Brush,"American, born Cleveland 1947",1975,1975,"Gift of Marsha Garces Williams, 2021",New York,,http://www.metmuseum.org/art/collection/search/853685,
6704,True,The American Wing,1933.0,Porringer,Porringer,American,Maker,Ebenezer Moulton,1768–1824,ca. 1800,1797,"Bequest of Alphonso T. Clearwater, 1933",Boston|Newburyport,,http://www.metmuseum.org/art/collection/search/6704,
14362,true,The American Wing,1991.0,Potpourri jar,Covered Potpourri Jar,American,Maker,Ott and Brewer,"American, Trenton, New Jersey, 1871–1893",1883–90,1883,"Gift of Emma and Jay A. Lewis, 1991",Trenton,,http://www.metmuseum.org/art/collection/search/14362,Flowers
690120,False,Drawings and Prints,1952.0,Print,"Frise du Temple de Pallas, from Recueil de divers Monumens Anciens répandus en plusieurs endroits de L'Italie",,Artist|Publisher|Printer,Jean Barbault|Bouchard & Gravier|Giunchi Heritiers de Komarek,"French, Viarmes 1718–1762 Rome|Rome|",1770,1770,"Rogers Fund, 1952",Rome,Prints,http://www.metmuseum.org/art/collection/search/690120,
788989,True,Drawings and Prints,1917.0,Print,"Plate 15, from ""World in Miniature""",,Publisher|Artist,"Rudolph Ackermann, London|Thomas Rowlandson","British, active 1794–1829|British, London 1757–1827 London",1816,1816,"Rogers Fund, 1917",London,Prints,http://www.metmuseum.org/art/collection/search/788989,Men|Women|Rivers|Boats|Dogs
343915,False,Drawings and Prints,1962.0,Book,Abbildung der vorzüglichen Eisenwaaren welche auf den Königl. Bayer. Eisenhüttenwerken gegossen werden,,Publisher|Artist,"Königl. Bayerische Eisenhüttenwerke|Anonymous, German, 19th century",German|,1831,1831,"The Elisha Whittelsey Collection, The Elisha Whittelsey Fund, 1962",Munich,Books,http://www.metmuseum.org/art/collection/search/343915,
20039,True,The American Wing,2018.0,Pitcher,Pitcher,American,Manufacturer|Artist,Dedham Pottery|Hugh C. Robertson,1895–1943|1844–1908,1896,1896,"Gift of Robert A. Ellison Jr., 2018",Dedham,,http://www.metmuseum.org/art/collection/search/20039,
345108,False,Drawings and Prints,1963.0,Portfolio Print Ornament & Architecture,L'Art de la Bijouterie,,Printer|Publisher,Jean Francois Barousse|Librairie Polytechnique Baudry et Cie.,"French, Saint-Bertrand 1824–1890 (?)|","1879, 1881",1879,"The Elisha Whittelsey Collection, The Elisha Whittelsey Fund, 1963",Paris,Portfolios|Prints|Ornament & Architecture,http://www.metmuseum.org/art/collection/search/345108,
356553,False,Drawings and Prints,1941.0,Book ; Ornament and architecture,"Della architettura di Gio. Antonio Rusconi, con centosessanta figure dissegnate dal medesimo, secondo i precetti di Vitruvio, e con chiarezza, e breuità di chiarate libri dieci.",,Illustrator|Dedicatee|Author|Publisher|Author,"Giovanni Antonio Rusconi|Francesco Maria II Montefeltro della Rovere, Duke of Urbino|Giovanni Antonio Rusconi|I Gioliti|Marcus Pollio Vitruvius","ca. 1520–1587|Italian, 1574–1631|ca. 1520–1587| |Roman, active late 1st century BCE",1590,1590,"Bequest of W. Gedney Beatty, 1941",Venice,Books|Ornament & Architecture,http://www.metmuseum.org/art/collection/search/356553,
312046,False,"Arts of Africa, Oceania, and the Americas",1978.0,Bark painting,Painting from a Ceremonial House Ceiling,"Kwoma, Wanyi clan",Artist|Artist,"Artists of Mariwai Village|Kulumb, Simberaga Wanyi",|,1970,1970,"The Michael C. Rockefeller Memorial Collection, Purchase, Mrs. Gertrud A. Mellon Gift, and Mr. and Mrs. Alan Brandt Gift, in memory of Jacob J. Brandt, 1974",Mariwai village,Bark-Paintings,http://www.metmuseum.org/art/collection/search/312046,
431145,False,Drawings and Prints,1933.0,Print collection ornament & architecture,"Two variants for door crowns, from Angles de plafons de galeries et autres ornements, plate 2, bound in Oeuvres. Vol. I",,Artist|Publisher,Jean Le Pautre|Pierre Mariette le fils,"French, Paris 1618–1682 Paris|French, Paris 1634–1716 Paris",17th century,1633,"Harris Brisbane Dick Fund, 1933",Paris,Prints|Ornament & Architecture,http://www.metmuseum.org/art/collection/search/431145,
8255,True,The American Wing,1946.0,Tazza,Tazza,American,Maker,Boston & Sandwich Glass Company,"American, 1825–1888, Sandwich, Massachusetts",1880–88,1880,"Gift of Mrs. Emily Winthrop Miles, 1946",Sandwich,,http://www.metmuseum.org/art/collection/search/8255,
5792,true,The American Wing,1947.0,Pitcher,Pitcher,American,Maker|Maker,Fenton's Works|United States Pottery Company,1847–1848|1852–58,1847–53,1847,"Gift of Dr. Charles W. Green, 1947",Bennington,,http://www.metmuseum.org/art/collection/search/5792,Flowers
382035,False,Drawings and Prints,1993.0,Magazine,A Home in a Prairie Town,,Architect|Publisher,Frank Lloyd Wright|Curtis Publishing Company,"American, Richland Center, Wisconsin 1867–1959 Phoenix, Arizona|Philadelphia, Pennsylvania",February 1901,1901,"Edward Pearce Casey Fund, 1993",Philadelphia,Miscellaneous,http://www.metmuseum.org/art/collection/search/382035,
433527,False,Drawings and Prints,1949.0,Print,"Three cavalrymen in full armor, from The Riding School or Exercise of Cavalry",,Publisher|Artist|Artist,Clement de Jonghe|Jacques de Gheyn II|Jacques de Gheyn II,"Dutch, Brunsbüttel (Landkreis Dithmarschen) 1624/1625–1677 Amsterdam|Netherlandish, Antwerp 1565–1629 The Hague|Netherlandish, Antwerp 1565–1629 The Hague",,1652,"The Elisha Whittelsey Collection, The Elisha Whittelsey Fund, 1949",Amsterdam,Prints,http://www.metmuseum.org/art/collection/search/433527,
504162,False,Musical Instruments,1889,Mandoline,Mandoline,Italian,Maker,Alberto Olmi,"Italian, Siena, active 19th century",19th century,1850,"The Crosby Brown Collection of Musical Instruments, 1889",Siena,Chordophone-Lute-plucked,http://www.metmuseum.org/art/collection/search/504162,
427319,True,Drawings and Prints,1959.0,Print,"Francesco I d'Este, Suffering the Pain of his Injuries, Continues to Take Charge for the Successful Completion of the Military Campaign, from L'Idea di un Principe ed Eroe Cristiano in Francesco I d'Este, di Modena e Reggio Duca VIII [...]",,Artist|Author,Bartolomeo Fenice (Fénis)|Domenico Gamberti,|,1659,1659,"The Elisha Whittelsey Collection, The Elisha Whittelsey Fund, 1959",Modena,Prints,http://www.metmuseum.org/art/collection/search/427319,Battles|Soldiers|Men|Horses
345934,False,Drawings and Prints,1924.0,Book,Sermoni Devotissimi,,Author|Publisher,Saint Bernard of Clairvaux|Piero de Quarengi,"French, 1090/91–1153|","March 17, 1508",1508,"Harris Brisbane Dick Fund, 1924",Venice,Books,http://www.metmuseum.org/art/collection/search/345934,
348832,False,Drawings and Prints,1924.0,Book ; Ornament and architecture,"Hints to Young Architects, Calculated to Facilitate Their Practical Operations; with Additional Notes and Hints to Persons About Building in This Country",,Publisher|Author|Author,Wiley & Putnam|Andrew Jackson Downing|George Wightwick,"New York|American, Newburgh, New York 1815–1852 Yonkers, New York|American, 1802–1872",1851,1851,"Harris Brisbane Dick Fund, 1924",London|New York,Books|Ornament & Architecture,http://www.metmuseum.org/art/collection/search/348832,
427797,False,Drawings and Prints,1967.0,Print,The Fortune-telling of Captive Turks,,Lithographer,Khitrova,"Russian, active 19th century",1855,1855,"The Elisha Whittelsey Collection, The Elisha Whittelsey Fund, 1967",Moscow,Prints,http://www.metmuseum.org/art/collection/search/427797,
5876,True,The American Wing,1970.0,Pitcher,Pitcher,American,Maker,Robert and William Wilson,active ca. 1825–ca.1846,ca. 1845,1840,"Gift of George H. Hull, 1970",Philadelphia,,http://www.metmuseum.org/art/collection/search/5876,Grapes|Leaves
345946,False,Drawings and Prints,1952.0,Book,Tabulae anatomicae ex archetypis egregii pictoris Petri Berettini Cortonensis expressae et in aes incisae...,,Artist|Artist|Artist|Author,Luca Ciamberlano|Pietro da Cortona (Pietro Berrettini)|Pietro da Cortona (Pietro Berrettini)|Francesco Petraglia,"Italian, active Rome, 1599–1641|Italian, Cortona 1596–1669 Rome|Italian, Cortona 1596–1669 Rome|Italian, active ca. 1788",1788,1788,"Gift of Lincoln Kirstein, 1952",Rome,Books,http://www.metmuseum.org/art/collection/search/345946,
6571,True,The American Wing,1969.0,Platter,Platter,American,Maker,Union Porcelain Works,1863–1922,1885,1885,"Gift of Mr. and Mrs. Franklin Chace, 1969",Brooklyn,,http://www.metmuseum.org/art/collection/search/6571,
830442,False,Drawings and Prints,1960.0,Print,"The Sisters of Charity, an Episode of the Battle of Magenta",,Publisher|Artist|Engraver,"Gebbie & Co.|Giuseppe Fattori|Gebbie & Husson Company, Ltd.","American, 1880–1905|Italian, Florence 1818–1888 Florence|",1880–1905,1880,"Gift of Ellen Robinson, 1960",London,Prints,http://www.metmuseum.org/art/collection/search/830442,
458799,False,Islamic Art,2015.0,Brooch,Brooch with Carved Emeralds and Sapphires by Cartier,,Maker,Cartier,"French, founded Paris, 1847",Emerald: 17th century; setting: ca. 1920,1600,"Gift of Her Highness Sheikha Amna bint Mohammed Al-Thani, 2015",New York,Jewelry,http://www.metmuseum.org/art/collection/search/458799,Brooches|Flowers|Leaves
10012,True,The American Wing,1966.0,Work table,Work Table,American,Maker,Duncan Phyfe,"American (born Scotland), near Lock Fannich, Ross-Shire, Scotland 1768/1770–1854 New York",1810–20,1810,"Rogers Fund, 1966",New York,,http://www.metmuseum.org/art/collection/search/10012,
13956,True,The American Wing,1961.0,Rug,Hooked Rug,American,Maker,Lucy Trask Barnard,1800–1896,ca. 1860,1857,"Sansbury-Mills Fund, 1961",Dixfield,,http://www.metmuseum.org/art/collection/search/13956,Houses|Horses|Landscapes|Trees
5311,True,The American Wing,1964.0,Mug,Mug,British (American market),Maker,Ralph Hall & Son,active 1836–1841,ca. 1836–ca. 1841,1833,"Gift of Mrs. Lydia Bond Powel, 1964",Stoke-on-Trent,,http://www.metmuseum.org/art/collection/search/5311,George Washington|Portraits
24936,True,Arms and Armor,1989.0,Breech-loading rimfire cartridge pistol with case and accessories,Breech-Loading Rimfire Cartridge Pistol with Case and Accessories,"French, Paris",Gunsmith,Louis Nicolas Auguste Flobert,"French, Paris, 1819–1894",ca. 1855,1830,"Purchase, John Stoneacre Ellis Collection, Gift of Mrs. Ellis and Augustus Van Horne Ellis, by exchange, 1989",Paris,Firearms-Pistols,http://www.metmuseum.org/art/collection/search/24936,
690284,False,Drawings and Prints,1952.0,Print,"D'après l'Antique, from Recueil de divers Monumens Anciens répandus en plusieurs endroits de L'Italie",,Publisher|Printer|Artist,Bouchard & Gravier|Giunchi Heritiers de Komarek|Jean Barbault,"Rome| |French, Viarmes 1718–1762 Rome",1770,1770,"Rogers Fund, 1952",Rome,Prints,http://www.metmuseum.org/art/collection/search/690284,
789164,True,Drawings and Prints,1959.0,Print,"Frontispiece: The Vicar of Wakefield, from ""The Vicar of Wakefield""",,Publisher|Artist|Author|Printer,"Rudolph Ackermann, London|Thomas Rowlandson|Oliver Goldsmith|William Clowes","British, active 1794–1829|British, London 1757–1827 London|Irish, Pallas, Longford ca. 1728–1774 London|London","May 1, 1817",1817,"The Elisha Whittelsey Collection, The Elisha Whittelsey Fund, 1959",London,Prints,http://www.metmuseum.org/art/collection/search/789164,Children|Men|Women
746687,False,The American Wing,2017.0,Canterbury,Canterbury [sheet music storage rack],American,Maker,Duncan Phyfe & Sons,"1837–1840, active New York",ca. 1840,1835,"Friends of the American Wing Fund, 2017",New York,,http://www.metmuseum.org/art/collection/search/746687,
516,False,The American Wing,1958.0,Bible,Bible,,Publisher|Publisher,Pieter Keur|Pieter Rotterdam and Company,|,1716 or 1719 (edition),1716,"Gift of Estate of George M. Hall, 1958",Dordrecht|Amsterdam,,http://www.metmuseum.org/art/collection/search/516,
430724,False,Drawings and Prints,1933.0,Print collection ornament & architecture,"Fireplace between two arcades, which give way to a gallery, from Cheminées et lambris, plate 3, bound in Oeuvres. Vol. I",,Publisher|Artist,Pierre Mariette le fils|Jean Le Pautre,"French, Paris 1634–1716 Paris|French, Paris 1618–1682 Paris",17th century,1633,"Harris Brisbane Dick Fund, 1933",Paris,Prints|Ornament & Architecture,http://www.metmuseum.org/art/collection/search/430724,
452135,true,Islamic Art,1970.0,Folio from an illustrated manuscript,"""Siyavush Plays Polo before Afrasiyab"", Folio 180v from the Shahnama (Book of Kings) of Shah Tahmasp",,Artist|Workshop director|Author,Qasim ibn 'Ali|Mir Musavvir|Abu'l Qasim Firdausi,"Iranian, active ca. 1525–60|Iranian, active ca. 1525–55|Iranian, Paj ca. 940/41–1020 Tus",ca. 1525–30,1500,"Gift of Arthur A. Houghton Jr., 1970",Tabriz,Codices,http://www.metmuseum.org/art/collection/search/452135,Men|Playing|Sports|Horses
701949,True,Drawings and Prints,1960.0,"Print, Fete, Ornament & Architecture",Plate 44: Men with heraldic flags and horses from Carinthia and Styria marching in the funeral procession of Archduke Albert of Austria; from 'Pompa Funebris ... Alberti Pii',,Artist|Artist,Jacques Francquart|Cornelis Galle I,"French, Brussels 1577–1651 Brussels|Netherlandish, Antwerp 1576–1650 Antwerp",1623,1623,"Gift of Harry G. Friedman, 1960",Brussels,Prints|Prints-Fete,http://www.metmuseum.org/art/collection/search/701949,Men|Horses|Flags
349591,False,Drawings and Prints,1952.0,Book,Illustrated Catalogue of Transfer Ornaments,,Author,Julius Fechteler,"New York, NY",ca. 1870,1865,"The Elisha Whittelsey Collection, The Elisha Whittelsey Fund, 1952",New York,Books,http://www.metmuseum.org/art/collection/search/349591,
359002,False,Drawings and Prints,1933.0,Book,Deutscher Kalender für die Jahre 1475 bis 1530,,Author|Printer|Publisher,Johann Müller von Königsberg|Hans Spoerer|J. Halle,| |German,"1927, reprint of 1474 original",1474,"Harris Brisbane Dick Fund, 1933",Munich (reprint),Books,http://www.metmuseum.org/art/collection/search/359002,
7177,True,The American Wing,1946.0,Sauce dish,Sauce Dish,American,Maker,"Challinor, Taylor and Company",1866–1891,1870–90,1870,"Gift of Mrs. Emily Winthrop Miles, 1946",Tarentum,,http://www.metmuseum.org/art/collection/search/7177,
350661,False,Drawings and Prints,1942.0,Book,Latest Styles of . . . Carriage Lamps . . .,,Author,White Manufacturing Co.,"Bridgeport, Connecticut",1889,1889,"Harris Brisbane Dick Fund, 1942",Bridgeport,Books,http://www.metmuseum.org/art/collection/search/350661,
429707,False,Drawings and Prints,1953.0,Print collection ornament & architecture,"Neptune, from Livre de Cartouches (Book of Cartouches), plate 8",,Artist|Publisher|Artist,François Boucher|Gabriel Huquier|Gabriel Huquier,"French, Paris 1703–1770 Paris|French, Orléans 1695–1772 Paris|French, Orléans 1695–1772 Paris",1730–70,1730,"Harris Brisbane Dick Fund, 1953",Paris,Prints|Ornament & Architecture,http://www.metmuseum.org/art/collection/search/429707,
314906,False,"Arts of Africa, Oceania, and the Americas",1985.0,Mask,Face Mask (Gunye Ge),Dan peoples,Artist,A Yakouba carver,,19th–20th century,1800,"Gift of Lillian and Sidney Lichter, 1985",Trokpadrou village,Wood-Sculpture,http://www.metmuseum.org/art/collection/search/314906,Faces|Ceremonial Objects
349177,False,Drawings and Prints,1941.0,Book,The Edison System of Incandescent Electric Lighting,,Author,Edison Co.,"New York, NY",1883,1883,"Harris Brisbane Dick Fund, 1941",New York,Books,http://www.metmuseum.org/art/collection/search/349177,
7962,True,The American Wing,1933.0,Sugar Bowl,Sugar Bowl,American,Maker,John McMullin,1765–1843,ca. 1825,1822,"Bequest of Alphonso T. Clearwater, 1933",Philadelphia,,http://www.metmuseum.org/art/collection/search/7962,
14208,True,The American Wing,1991.0,Bust,Bust of a Young Child,American,Maker,Ott and Brewer,"American, Trenton, New Jersey, 1871–1893",1876,1876,"Sansbury-Mills Fund, 1991",Trenton,,http://www.metmuseum.org/art/collection/search/14208,Children
421561,False,Drawings and Prints,1972.0,Print,Petersburg. Ruins and Rebirth.,,Artist,Pavel Shillingovskii,"Russian, 1881–1942",1923,1923,"Gift of the Humanities Fund Inc., The Boris Bakhmeteff Collection, 1972",St. Petersburg,Prints,http://www.metmuseum.org/art/collection/search/421561,
430641,True,Drawings and Prints,1963.0,Print,"Designation of the Elect, from The Apocalypse",,Artist|Publisher,Hans Burgkmair|Silvan Otmar,"German, Augsburg 1473–1531 Augsburg|German, active Augsburg, 1513–40",1523–24,1523,"The Elisha Whittelsey Collection, The Elisha Whittelsey Fund, 1963",Augsburg,Prints,http://www.metmuseum.org/art/collection/search/430641,Angels|Cross|Apocalypse
4579,True,The American Wing,1934.0,Jug,Jug,American,Maker,John Crolius,1733–1812,1775,1775,"Rogers Fund, 1934",New York,,http://www.metmuseum.org/art/collection/search/4579,
348419,False,Drawings and Prints,1983.0,Book,A Day in a Child's Life,,Illustrator|Engraver|Publisher|Author,"Kate Greenaway|Edmund Evans|George Routledge & Sons, London|Myles Birket Foster","British, London 1846–1901 London|British, Southwark, London 1826–1905 Ventnor, Isle of Wight| |British, North Shields, Northumberland 1825–1899 Weybridge, Surrey",[1881],1881,"Gift of Mrs. John Barry Ryan, transferred from the Library",London,Books,http://www.metmuseum.org/art/collection/search/348419,
390480,True,Drawings and Prints,1920.0,Drawing Ornament and Architecture,"The General Proportions of the Corinthian Order, in Chippendale Drawings, Vol. I",,Artist,Thomas Chippendale,"British, baptised Otley, West Yorkshire 1718–1779 London",1753,1753,"Rogers Fund, 1920",London,Drawings|Ornament & Architecture,http://www.metmuseum.org/art/collection/search/390480,Columns
433266,False,Drawings and Prints,1933.0,Print collection ornament & architecture,"Two variant designs for paneling with an putto amidst rinceaux, holding an oak branch, from Ornements de panneaux pour enrichir les lambris, plate 3, bound in Oeuvres. Vol. IV",,Artist|Publisher,Jean Le Pautre|Pierre Mariette le fils,"French, Paris 1618–1682 Paris|French, Paris 1634–1716 Paris",17th century,1633,"Harris Brisbane Dick Fund, 1933",Paris,Prints|Ornament & Architecture,http://www.metmuseum.org/art/collection/search/433266,
627485,False,Drawings and Prints,1921.0,Print ornament & architecture,"Augustus, in an oval crowned by a standing soldier under a canopy, from XII Caesarum Romanorum Imagines, plate 2",,Author|Printer|Artist|Artist|Publisher|Artist,Pierre François Sweerts|Robert Bruneau|Johannes van Doetecum I|Lucas van Doetecum|Johannes Baptista Vrints|Hans Vredeman de Vries,"Netherlandish, 1567–1629|Netherlandish, active Antwerp, ca. 1611|Netherlandish, 1528/32–1605|Netherlandish, active 1554–72, died before 1589|Netherlandish, active Antwerp, ca. 1575—1610|Netherlandish, Leeuwarden 1527–1606 (?)  Antwerp (?)",Published 1603,1603,"Museum Accession, transferred from the Library",Antwerp,Prints|Ornament & Architecture,http://www.metmuseum.org/art/collection/search/627485,
434471,False,Drawings and Prints,1953.0,Print collection ornament & architecture,"A woman presenting the baby Constantine to his father, from Grandes alcôves à la romaine, plate 4",,Artist|Publisher,Jean Le Pautre|Jean I Leblond,"French, Paris 1618–1682 Paris|French, ca. 1590–1666 Paris",17th century,1633,"Harris Brisbane Dick Fund, 1953",Paris,Prints|Ornament & Architecture,http://www.metmuseum.org/art/collection/search/434471,
9683,True,The American Wing,1920.0,Wallpaper,Wallpaper,,Maker,Arthur and Robert Wallpapers,,ca. 1790,1787,"Rogers Fund, 1919",Paris,,http://www.metmuseum.org/art/collection/search/9683,Human Figures|Buildings|Boats
221,True,The American Wing,1972.0,Armchair,Armchair,American,Maker,Herter Brothers,"German, active New York, 1864–1906",1865–70,1865,"Gift of Paul Martini, 1972",New York,,http://www.metmuseum.org/art/collection/search/221,
433833,False,Drawings and Prints,1963.0,Print collection ornament & architecture,Quarter ceiling decoration ornamented with putti and a trophy of arms,,Artist,Jean Le Pautre,"French, Paris 1618–1682 Paris",17th century,1600,"The Elisha Whittelsey Collection, The Elisha Whittelsey Fund, 1963",Paris,Prints|Ornament & Architecture,http://www.metmuseum.org/art/collection/search/433833,
503898,True,Musical Instruments,1976,Bentside Spinet,Bentside Spinet,British,Maker,John Crang,"British, North Molton, Devon, England 1710–ca. 1774 London",1753,1753,"Rogers Fund and funds from various donors, 1976",London,Chordophone-Zither-plucked-spinet,http://www.metmuseum.org/art/collection/search/503898,
734754,False,Drawings and Prints,1920.0,"Book
Ornament and architecture
Print","View of a Temple, from Temples in the Ancient Style",,Artist,Jacques Androuet Du Cerceau,"French, Paris 1510/12–1585 Annecy",1550,1550,"Rogers Fund, 1920",Orleans,Books|Ornament & Architecture|Prints,http://www.metmuseum.org/art/collection/search/734754,
8477,True,The American Wing,1923.0,Spoon,Tea Spoon,American,Maker,Daniel Van Voorhis,1751–1824,1775–1800,1775,"Gift of Mr. and Mrs. William A. Moore, 1923",New York,,http://www.metmuseum.org/art/collection/search/8477,
727923,False,Drawings and Prints,1991.0,Book Prints Ornament & Architecture,"Fleurs (Flowers), Plate 5",,Printer|Publisher|Designer,"G. Kadar|Editions ""Synth""|Serge Gladky","| |French, active 1920–30s",1929,1929,"Jane E. Andrews Fund, in memory of William Loring Andrews, 1943, transfered from the Library (1991.1073.124)",Paris,Books|Prints|Ornament & Architecture,http://www.metmuseum.org/art/collection/search/727923,
390650,True,Drawings and Prints,1920.0,Drawing Ornament and Architecture,"Chest of Drawers, from Chippendale Drawings, Vol. II",,Artist,Thomas Chippendale,"British, baptised Otley, West Yorkshire 1718–1779 London",1753,1753,"Rogers Fund, 1920",London,Drawings|Ornament & Architecture,http://www.metmuseum.org/art/collection/search/390650,Chests
9138,True,The American Wing,1946.0,Tumbler,Tumbler,American,Maker,"Hobbs, Brockunier and Company",1863–1891,after 1886,1887,"Gift of Mrs. Emily Winthrop Miles, 1946",Wheeling,,http://www.metmuseum.org/art/collection/search/9138,
8449,True,The American Wing,1933.0,Spoon,Tea Spoon,American,Maker,James D. Stout,active ca. 1805–39,1825,1825,"Bequest of Alphonso T. Clearwater, 1933",New York,,http://www.metmuseum.org/art/collection/search/8449,
8145,True,The American Wing,1910.0,Tall clock,Tall Clock,American,Maker,Benjamin Bagnall,1689–1773,1725–40,1725,"Gift of Mrs. Russell Sage, 1909",Boston,,http://www.metmuseum.org/art/collection/search/8145,
343651,True,Drawings and Prints,1924.0,Book,"Morceaux de Caprice (1er - 20ième Livre) (Sammelwerk, 2. Reihe)",,Artist|Engraver|Engraver|Engraver,François de Cuvilliés the Younger|Johann Gottfried Haid|Georg Sigmund Roesch|Carl Albert von Lespilliez,"German, 1731–1777|German, Augsburg 1714–1776 Vienna|German, died 1766|German, Nymphenburg 1723–1796 Munich",1745–56,1745,"Harris Brisbane Dick Fund, 1924",Munich,Books,http://www.metmuseum.org/art/collection/search/343651,
33018,False,Arms and Armor,1922.0,Left thigh and knee defense,Left Thigh and Knee Defense,"German, Landshut",Armorer,Wolfgang Grosschedel,"German, Landshut, active ca. 1517–62",16th century,1501,"Gift of Clarence H. Mackay, 1922",Landshut,Armor Parts-Thigh and Leg Defense,http://www.metmuseum.org/art/collection/search/33018,
20324,False,The American Wing,2019.0,Box,Covered box,American,Maker,Elizabeth Copeland,"American, 1866–1957",ca. 1912,1912,"Gift of Jacqueline Loewe Fowler, 2019",Boston,,http://www.metmuseum.org/art/collection/search/20324,
22749,True,Arms and Armor,1920.0,Two ear guards,Two Ear Guards from a Shaffron (Horse's Head Defense) of Emperor Charles V (1500–1558),"German, Augsburg",Armorer,Desiderius Helmschmid,"German, Augsburg, 1513–1579",1544,1544,"Rogers Fund, 1920",Augsburg,Equestrian Equipment-Shaffrons,http://www.metmuseum.org/art/collection/search/22749,
9620,False,The American Wing,1976.0,Wall mural and fountain,Garden Landscape,American,Designer|Maker,Louis C. Tiffany|Tiffany Studios,"American, New York 1848–1933 New York|1902–32",ca. 1905–15,1905,"Gift of Lillian Nassau, 1976",New York,,http://www.metmuseum.org/art/collection/search/9620,Gardens|Swans|Landscapes
6953,True,The American Wing,1933.0,Salt Shovel,Salt Shovel,American,Maker,Nehemiah Norcross,1765–1804,1770–1800,1770,"Bequest of Alphonso T. Clearwater, 1933",Boston,,http://www.metmuseum.org/art/collection/search/6953,
350254,False,Drawings and Prints,1957.0,Book,"Rerum Sacrarum Liber, Cum Argumentis Jacobi Pacti Siculi Mamertini",,Author|Illustrator|Publisher|Engraver,Laurentius Gambara|Bernardino Passeri|Christoph Plantin|Hieronymus (Jerome) Wierix,"ca. 1506–1596|Italian, active Rome, ca. 1577–85|Netherlandish, Saint-Avertin ca. 1520–1589 Antwerp|Netherlandish, ca. 1553–1619 Antwerp",1577,1577,"The Elisha Whittelsey Collection, The Elisha Whittelsey Fund, 1957",Antwerp,Books,http://www.metmuseum.org/art/collection/search/350254,
347203,False,Drawings and Prints,1955.0,Book,Per la Facciata del Duomo di Milano,,Artist,Francesco Castelli,"Swiss, 17th century",1654,1654,"The Elisha Whittelsey Collection, The Elisha Whittelsey Fund, 1955",Milan,Books,http://www.metmuseum.org/art/collection/search/347203,
9783,True,The American Wing,1969.0,Pitcher,Water Pitcher,American,Maker,William F. Ladd,active 1829–ca. 1889,ca. 1846,1843,"Gift of Mr. and Mrs. Franklin Chace, 1969",New York,,http://www.metmuseum.org/art/collection/search/9783,
500563,True,Musical Instruments,1889,Cittern,Cittern,British,Maker,Simpson,,ca. 1780–95,1760,"Gift of Joseph W. Drexel, 1889",London,Chordophone-Lute-plucked-fretted,http://www.metmuseum.org/art/collection/search/500563,
354128,False,Drawings and Prints,1972.0,Book,"""US"" an Old-Fashioned Story",,Author|Illustrator|Publisher|Engraver,Mary Louisa Molesworth|Walter Crane|Macmillan & Co.|Joseph Swain,"British, Rotterdam, Netherlands 1839–1921 London|British, Liverpool 1845–1915 Horsham| |British, Oxford 1820–1909 London",1903,1903,"The Elisha Whittelsey Collection, The Elisha Whittelsey Fund, 1972",New York|London,Books,http://www.metmuseum.org/art/collection/search/354128,
434635,False,Drawings and Prints,1953.0,Print collection ornament & architecture,"Trophy of arms with the bust of an imperator at center and an eagle at top, from Trophées d'armes à l'Italienne, plate 5",,Artist|Publisher,Jean Le Pautre|Pierre Mariette le fils,"French, Paris 1618–1682 Paris|French, Paris 1634–1716 Paris",17th century,1633,"Harris Brisbane Dick Fund, 1953",Paris,Prints|Ornament & Architecture,http://www.metmuseum.org/art/collection/search/434635,
857202,false,The Libraries,,,Rosie Lee Tompkins : a retrospective,,Author|Author|Author,Elaine Y. Yau|Horace D. Ballard|Lawrence Rinder,born 1980| |,2020,2020,,Berkeley,,http://www.metmuseum.org/art/collection/search/857202,
411067,False,Drawings and Prints,1929.0,Print,"La Balayeuse, from Les Parisiens, plate 11",,Artist|Printer|Publisher,Paul Gavarni [Chevalier]|Lemercier & Cie.|Henry Gache,"French, Paris 1804–1866 Paris|French, Paris|French, active ca. 1836–67",1857,1857,"The H.O. Havemeyer Collection, Bequest of Mrs. H.O. Havemeyer, 1929",Paris,Prints,http://www.metmuseum.org/art/collection/search/411067,
5402,False,The American Wing,1946.0,Necklace,Necklace,American,Maker,Louis C. Tiffany,"American, New York 1848–1933 New York",ca. 1904,1901,"Gift of Sarah E. Hanley, 1946",New York,,http://www.metmuseum.org/art/collection/search/5402,Leaves
701180,True,Drawings and Prints,1951.0,"Print, Fete, Ornament & Architecture","Plate 17: Aeneas welcomed by King Euandrus in Italy; from Guillielmus Becanus's 'Serenissimi Principis Ferdinandi, Hispaniarum Infantis...'",,Publisher|Artist,Johannes Meursius|Cornelis Galle I,"Flemish, active 1620–47|Netherlandish, Antwerp 1576–1650 Antwerp",1636,1636,"The Elisha Whittelsey Collection, The Elisha Whittelsey Fund, 1951",Antwerp,Prints|Prints-Fete|Ornament & Architecture,http://www.metmuseum.org/art/collection/search/701180,Kings|Boys|Men|Boats
345285,False,Drawings and Prints,1952.0,Book ; Ornament and architecture,"Regles des cinq ordres d'architecture de Jacques Barozzio de Vignolle. Nouveau livre. Le tout enrichi de vignettes et cartels, dessinés et gravés par Babel",,Author|Engraver|Publisher|Artist and engraver,Jacopo [Giacomo] Barozzi da Vignola|Pierre Edmé Babel|Jacques II Chereau|Pierre Moreau,"Italian, Vignola 1507–1573 Rome|French, Paris 1720–1775 Paris|French, Blois 1688–1776 Paris|French, 1722–1798 Paris",1747,1747,"Rogers Fund, 1952",Paris,Books|Ornament & Architecture,http://www.metmuseum.org/art/collection/search/345285,
735100,False,Drawings and Prints,1948.0,"Book
Ornament and architecture
Print","View of a Temple, from Temples in the Ancient Style",,Artist,Jacques Androuet Du Cerceau,"French, Paris 1510/12–1585 Annecy",1550,1550,"The Elisha Whittelsey Collection, The Elisha Whittelsey Fund, 1948",Paris,Books|Ornament & Architecture|Prints,http://www.metmuseum.org/art/collection/search/735100,
504283,True,Musical Instruments,1980,Square Piano,Square Piano,British,Maker,George Astor,Baden 1752–1813 London,1784–98,1750,"Gift of Bess Riley Oldroyd, in memory of her daughter, Dorothy Oldroyd Lampert, 1980",London,Chordophone-Zither-struck-piano,http://www.metmuseum.org/art/collection/search/504283,
431066,False,Drawings and Prints,1933.0,Print collection ornament & architecture,"Alternative plan for a ceiling depicting a battle at lower right, from Grands quarts-de-plafond à la romaine, plate 6, bound in Oeuvres. Vol. I",,Artist|Publisher,Jean Le Pautre|Pierre Mariette le fils,"French, Paris 1618–1682 Paris|French, Paris 1634–1716 Paris",publishes 1661,1661,"Harris Brisbane Dick Fund, 1933",Paris,Prints|Ornament & Architecture,http://www.metmuseum.org/art/collection/search/431066,
853807,false,The Libraries,,,Days off and other digressions : illustrated,,Publisher|Artist|Author,Charles Scribner's Sons|Margaret Neilson Armstrong|Henry Van Dyke,"|American, New York 1867–1944 New York|American, Germantown, Pennsylvania 1852–1933 Princeton, New Jersey",1907,1907,,New York,,http://www.metmuseum.org/art/collection/search/853807,
431208,False,Drawings and Prints,1933.0,Print collection ornament & architecture,"Bed ornamented with a painting of sleeping Venus and with Cupid above, from Livre de lits à la romaine, plate 4, bound in Oeuvres. Vol. I",,Artist,Jean Le Pautre,"French, Paris 1618–1682 Paris",17th century,1633,"Harris Brisbane Dick Fund, 1933",Paris,Prints|Ornament & Architecture,http://www.metmuseum.org/art/collection/search/431208,
347396,False,Drawings and Prints,1960.0,Book,Illustrated Catalogue of Chase Brothers & Co's Useful and Ornamental Bronzed Iron Goods,,Author,Chase Brothers & Co.,"Boston, Massachusets",ca. 1855,1850,"The Elisha Whittelsey Collection, The Elisha Whittelsey Fund, 1960",Boston,Books,http://www.metmuseum.org/art/collection/search/347396,
432495,False,Drawings and Prints,1933.0,Print collection ornament & architecture,"Vase in profile ornamented with frieze of dancers, from Grands vases dans des bordures décoratives, plate 1, bound in Oeuvres. Vol. III",,Artist|Publisher,Jean Le Pautre|Pierre Mariette le fils,"French, Paris 1618–1682 Paris|French, Paris 1634–1716 Paris",17th century,1633,"Harris Brisbane Dick Fund, 1933",Paris,Prints|Ornament & Architecture,http://www.metmuseum.org/art/collection/search/432495,
377525,False,Drawings and Prints,1985.0,Print,Advertising Card for a Carved Dresser,,Publisher,Charles Rohlfs,"American, Brooklyn, New York 1853–1936 Buffalo, New York",1907,1907,"Gift of Robert Judson Clark, 1985",Buffalo,Prints,http://www.metmuseum.org/art/collection/search/377525,Furniture|Dressers
698526,False,Drawings and Prints,1921.0,Book,Plate 34: The Israelites gathered around the Golden Calf in adoration; from 'Imagines Veteris Ac Novi Testamenti A Raphaele Sanctio Urbinate in Vaticani Palatii Xystis' after Raphael,,Artist|Artist|Publisher,Cesare Fantetti|Raphael (Raffaello Sanzio or Santi)|Giovanni Giacomo De Rossi,"Italian, Florence 1660–1675|Italian, Urbino 1483–1520 Rome|Italian, Rome 1627–1691 Rome",1675,1675,"Museum Accession, transferred from the Library",Rome,Books,http://www.metmuseum.org/art/collection/search/698526,
13987,false,The American Wing,1912.0,Sample,Lace Sample,American,Designer|Manufacturer|Manufacturer,Bert Edson|North American Lace Company|New England Lace Company,| |,ca. 1912,1909,"Gift of M. H. Daudy, 1912",Philadelphia|Pawtucket,,http://www.metmuseum.org/art/collection/search/13987,Flowers
348502,False,Drawings and Prints,1965.0,Book,Primer of the Art of Illumination for the Use of Beginners,,Publisher|Author,Crosby Lockwood and Son|Freeman Gage Delamotte,"London|British, Sandhurst 1813/14–1862 London",1897,1897,"The Elisha Whittelsey Collection, The Elisha Whittelsey Fund, 1965",London,Books,http://www.metmuseum.org/art/collection/search/348502,
350406,False,Drawings and Prints,1938.0,Book,"Gallerie edler deutscher Frauenzimmer mit getrossenen Schattenrissen, nebst andern Kupfern und Vignetten. Hefts 1 and 2 in 1 Vol.",,Artist|Publisher,"Ad. Friedrich Geissler, the Younger|Buchhandlung der Gelehrten",|,1784,1784,"Bequest of Mary Martin, 1938",Leipzig|Dessau,Books,http://www.metmuseum.org/art/collection/search/350406,
345855,False,Drawings and Prints,1953.0,Book ; Ornament and architecture,"Manual of Wood Carving with practical instructions for learners of the art, and original and selected designs",,Author|Publisher|Author|Publisher|Publisher,"William Bemrose, Jr.|Bemrose and Sons|Llewellynn Frederick William Jewitt|J. H. Parker and Sons|Whittaker and Co.","British, 1831–1908|London|British, 1816–1886|British|London",[before 1880] (?),1880,"The Elisha Whittelsey Collection, The Elisha Whittelsey Fund, 1953",London,Books|Ornament & Architecture,http://www.metmuseum.org/art/collection/search/345855,
412528,False,Drawings and Prints,1968.0,Portfolio,"Plate 2 from Sonia Delaunay: ses peintures, ses objets, ses tissus simultanés, ses modes",,Artist|Publisher,Sonia Delaunay|Librairie des Arts Décoratifs,"French (born Ukraine), Gradizhsk 1885–1979 Paris|",[1925],1925,"The Elisha Whittelsey Collection, The Elisha Whittelsey Fund, 1968",Paris,Portfolios,http://www.metmuseum.org/art/collection/search/412528,Women|Fashion
425207,False,Drawings and Prints,1933.0,Print,"Vignette at the top of page 18 depicting Galatea embracing Pygmalion, from Pygmalion, Scene Lyrique de Mr. J. J. Rousseau, Mise en Vers par Mr. Berquin. Le Text Gravé par Droüet. Paris 1775 in a blue paper folder with Idylle par Mr. Berquin",,Author|Author|Artist|Artist|Artist,Jean Jacques Rousseau|Arnaud Berquin|Jean Michel Moreau the Younger|Droüet|Nicolas de Launay,"Swiss, Geneva 1712–1778 Ermenonville|French, 1747–1791|French, Paris 1741–1814 Paris|French, 18th century|French, Paris, 1739–1792",1773,1773,"Gift of Philip Hofer, 1933",Paris,Prints,http://www.metmuseum.org/art/collection/search/425207,
736044,True,Drawings and Prints,1917.0,Print,The Westminster Watchman,,Subject|Subject|Artist|Subject,"Sir Cecil Wray|Samuel Hood, 1st Viscount Hood|Thomas Rowlandson|Charles James Fox","British, Yorkshire 1734–1805 Lincolnshire|British, 1724–1816|British, London 1757–1827 London|British, 1749–1806","April 12, 1784",1784,"Harris Brisbane Dick Fund, 1917",London,Prints,http://www.metmuseum.org/art/collection/search/736044,Satire|Men|Dogs|Clouds|Lamps
312066,False,"Arts of Africa, Oceania, and the Americas",1978.0,Bark painting,Painting from a Ceremonial House Ceiling,"Kwoma, Amachi-Kalaba clan",Artist|Artist,"Artists of Mariwai Village|Numei, Amachi Kalaba",|,1970,1970,"The Michael C. Rockefeller Memorial Collection, Purchase, Mrs. Gertrud A. Mellon Gift, and Mr. and Mrs. Alan Brandt Gift, in memory of Jacob J. Brandt, 1974",Mariwai village,Bark-Paintings,http://www.metmuseum.org/art/collection/search/312066,
742839,False,Drawings and Prints,1960.0,Print Ornament & Architecture,"Designs for Necklaces, Bracelets, Brooches, Earrings, and Other Jewelry of the Second Empire",,Artist,"Anonymous, French, 19th century",,ca. 1850–70,1845,"The Elisha Whittelsey Collection, The Elisha Whittelsey Fund, 1960",Leipzig,Prints|Ornament & Architecture,http://www.metmuseum.org/art/collection/search/742839,
789411,False,Drawings and Prints,1922.0,Print,A Study,,Publisher|Artist,Henry George Bohn|John Sell Cotman,"British, London 1796–1884 Twickenham|British, Norwich 1782–1842 London",1838,1838,"Rogers Fund, 1922",London,Prints,http://www.metmuseum.org/art/collection/search/789411,
13957,True,The American Wing,1961.0,Rug,Hooked Rug,American,Maker,Lucy Trask Barnard,1800–1896,ca. 1860,1857,"Sansbury-Mills Fund, 1961",Dixfield,,http://www.metmuseum.org/art/collection/search/13957,Houses|Flowers|Trees
8160,False,The American Wing,1985.0,Tall clock,Tall Clock,American,Maker,Charles Rohlfs,"American, Brooklyn, New York 1853–1936 Buffalo, New York",ca. 1900,1897,"Gift of Roland Rohlfs, 1985",Buffalo,,http://www.metmuseum.org/art/collection/search/8160,
6022,True,The American Wing,1940.0,Cup plate,Cup Plate,British (American market),Maker,Joseph Clementson,active ca. 1839–67,ca. 1839–ca. 1867,1836,"Bequest of Constance R. Brown, 1939",Stoke-on-Trent,,http://www.metmuseum.org/art/collection/search/6022,Landscapes
352772,True,Drawings and Prints,1974.0,Print,"Baptist Mariners Chapel, New York",,Artist|Publisher,Frances Flora Bond Palmer|Francis & Seymour Palmer,"American (born England), Leicester 1812–1876 New York|American, active New York, 1844–51",ca. 1848,1843,"Gift of Mary Knight Arnold, 1974",New York,Prints,http://www.metmuseum.org/art/collection/search/352772,Chapels
659531,True,Drawings and Prints,1918.0,Books Prints Ornament & Architecture,"Esemplario di Lauori..., page 6 (recto)",,Designer|Publisher,Florio Vavassore|Giovanni Andrea Vavassore,"Italian, active 16th century|Italian, active Venice 1530–1573","August 1, 1532",1532,"Rogers Fund, 1918",Venice,Books|Prints|Ornament & Architecture,http://www.metmuseum.org/art/collection/search/659531,Birds|Griffins|Ships
35960,True,Arms and Armor,2013.0,Backplate,Backplate of an Armor for Vincenzo Luigi di Capua (d. 1627),"Italian, Milan",Armorer,Pompeo della Cesa,"Italian, Milan, ca. 1537–1610",ca. 1595,1570,"Purchase, Gift in honor of Maximilian and Alexander Saga, 2013",Milan,Armor Parts-Backplates,http://www.metmuseum.org/art/collection/search/35960,
345148,False,Drawings and Prints,1926.0,Book,"Price List, 1874. Manufacturers of all descriptions of artificial cut, carved, and ornamental stone",,Author,Asbestine Stone Company,"Minneapolis, Minnesota",1874,1874,"Gift of Bella C. Landauer, 1925",Minneapolis,Books,http://www.metmuseum.org/art/collection/search/345148,
1466,True,The American Wing,1933.0,Caster,Caster,American,Maker,William Forbes,"baptized 1799, active New York, 1826–63",ca. 1840,1835,"Bequest of Alphonso T. Clearwater, 1933",New York,,http://www.metmuseum.org/art/collection/search/1466,
345201,False,Drawings and Prints,1951.0,Book,Polychromatic Decoration as Applied to Buildings in the Mediæval Styles,,Author|Author|Publisher|Printer,George Ashdown Audsley|William James Audsley|Henry Sotheran & Company|Firmin Didot,"British, Elgin, Scotland 1838–1925 Bloomfield, New Jersey|British, Dufftown, Scotland 1833–1907|London|Paris",1882,1882,"The Elisha Whittelsey Collection, The Elisha Whittelsey Fund, 1951",Paris|London,Books,http://www.metmuseum.org/art/collection/search/345201,
455022,true,Islamic Art,1913.0,Folio from an illustrated manuscript,"""Yusuf Tending the Flocks"", Folio of a Yusuf and Zulaykha of Jami",,Author,Maulana Nur al-Din `Abd al-Rahman Jami,"Iranian, Jam 1414–92 Herat",1523–24,1498,"Gift of Alexander Smith Cochran, 1913",Bukhara,Codices,http://www.metmuseum.org/art/collection/search/455022,Animals|Men
751416,False,The American Wing,2017.0,Cabinet,Cabinet,American,Maker,A. and H. Lejambre,"American, Philadelphia, Pennsylvania, active 1865–ca. 1907",ca. 1880,1875,"Purchase, Barrie A. and Deedee Wigmore Foundation Gift, 2017",Philadelphia,,http://www.metmuseum.org/art/collection/search/751416,
343707,False,Drawings and Prints,1929.0,Book,Neu Inventirtes Laub und Bandel-Werck. Fünfter Theil,,Artist|Publisher,Johann Leonhard Eysler|Christoph Weigel,"German, 1670–1733|German, Redwitz 1654–1725 Nuremberg",ca. 1700,1690,"Harris Brisbane Dick Fund, 1929",[Nuremberg],Books|Ornament & Architecture,http://www.metmuseum.org/art/collection/search/343707,
14277,True,The American Wing,1991.0,Dessert dish,Dessert Dish,American,Maker,George Duncan and Sons,1874–1891,ca. 1878–90,1875,"Bequest of Marguerite Raeder Laporte, 1991",Pittsburgh,,http://www.metmuseum.org/art/collection/search/14277,
678062,False,Drawings and Prints,1953.0,Print,The Young Nurse and Quiet Child,,Artist|Engraver|Publisher,George Morland|George Graham|Thomas Palser,"British, London 1763–1804 London|British, active ca. 1786–ca. 1813|British, active 1803–43",1788,1788,"Harris Brisbane Dick Fund, 1953",Philadelphia,Prints,http://www.metmuseum.org/art/collection/search/678062,
410944,True,Drawings and Prints,1946.0,Collection Ornament & Architecture,Disegni Varii di Polifilo Zancarli,,Artist|Artist|Publisher,Polifilo Giancarli|Odoardo Fialetti|Tasio Giancarli,"active in Venice ca. 1600–1625|Italian, Bologna 1573–1637/38 Venice|Italian, active in Venice (?) ca. 1625",1628 before,1628,"Harris Brisbane Dick Fund, 1946",Venice,Prints|Ornament & Architecture,http://www.metmuseum.org/art/collection/search/410944,Grotesques|Ornament|Mythical Creatures|Putti|Acanthus
688576,True,Drawings and Prints,1937.0,Book,Vari disegni di merletti (page 1r),,Artist|Publisher,Bartolomeo Danieli|Agostino Parisini & Giovanni Battista Negroponte,"Italian, active Bologna and Siena 1610–1643|",1639,1639,"Harris Brisbane Dick Fund, 1937",Bologna,Books,http://www.metmuseum.org/art/collection/search/688576,Ornament
371908,False,Drawings and Prints,1955.0,Book,Vignettes,,Artist,Thomas Bewick,"British, Eltringham, Northumberland 1753–1828 Gateshead",[1827],1827,"The Elisha Whittelsey Collection, The Elisha Whittelsey Fund, 1955",Newcastle,Books,http://www.metmuseum.org/art/collection/search/371908,
25419,True,Arms and Armor,1904.0,Pommel plate,Pommel Plate,"German, Augsburg",Etcher,Jörg Sorg the Younger,"German, Augsburg, ca. 1522–1603",ca. 1550,1525,"Rogers Fund, 1904",Augsburg,Equestrian Equipment-Saddles,http://www.metmuseum.org/art/collection/search/25419,Lions
13519,False,The American Wing,1990.0,Letter scale,Letter Scale,American,Designer|Maker,Louis C. Tiffany|Tiffany Studios,"American, New York 1848–1933 New York|1902–32",ca. 1905–20,1902,"Gift of Estate of John F. Scharffenberger, 1990",New York,,http://www.metmuseum.org/art/collection/search/13519,
503480,True,Musical Instruments,1997,Clarinet in B-flat,Clarinet in B-flat,British,Maker,Hawkes & Son,,1878,1878,"Gift of William J. Maynard, 1997",London,Aerophone-Reed Vibrated-single reed cylindrical,http://www.metmuseum.org/art/collection/search/503480,
432529,False,Drawings and Prints,1933.0,Print collection ornament & architecture,"Two vases in profile; the one at left depicting a bust of Christ in a medallion, from Vases ou burettes à la romaine, plate 2, bound in Oeuvres. Vol. III",,Artist|Publisher,Jean Le Pautre|Jean Mariette,"French, Paris 1618–1682 Paris|French, Saint Benoît 1660–1742 Paris",17th century,1633,"Harris Brisbane Dick Fund, 1933",Paris,Prints|Ornament & Architecture,http://www.metmuseum.org/art/collection/search/432529,
348177,False,Drawings and Prints,1966.0,Book,Sunday Scenes in London and its Suburbs,,Artist|Publisher|Printer,Percy Cruikshank|G. W. Kent & Co.|Bradbury & Evans,"British, born 1817, active to 1880|London|",1854,1854,"The Elisha Whittelsey Collection, The Elisha Whittelsey Fund, 1966",London,Books,http://www.metmuseum.org/art/collection/search/348177,
657124,True,Drawings and Prints,1952.0,Print,"Temple de Venus et de Rome, from Les Plus Beaux Monuments de Rome Ancienne ou Recueil des plus beaux Morceaux de l'Antiquité Romaine qui existent encore",,Printer|Engraver|Artist|Publisher,Giunchi Heritiers de Komarek|Dominico Montagu|Jean Barbault|Bouchard & Gravier,"|Italian, active Rome, ca. 1750–76|French, Viarmes 1718–1762 Rome|Rome",1761,1761,"Rogers Fund, 1952",Rome,Prints,http://www.metmuseum.org/art/collection/search/657124,Monuments|Temples|Ruins|Rome
412556,False,Drawings and Prints,1968.0,Portfolio,"Plate 9 from Sonia Delaunay: ses peintures, ses objets, ses tissus simultanés, ses modes",,Artist|Publisher,Sonia Delaunay|Librairie des Arts Décoratifs,"French (born Ukraine), Gradizhsk 1885–1979 Paris|",[1925],1925,"The Elisha Whittelsey Collection, The Elisha Whittelsey Fund, 1968",Paris,Portfolios,http://www.metmuseum.org/art/collection/search/412556,Women|Fashion
346658,False,Drawings and Prints,1935.0,Book,Furniture with Candelabra and Interior Decoration,,Artist|Publisher,Richard Hicks Bridgens|William Pickering,"British, 1785–1846 Port of Spain, Trinidad|British, 1796–1854",1838,1838,"Harris Brisbane Dick Fund, 1935",London,Books,http://www.metmuseum.org/art/collection/search/346658,
640081,False,Drawings and Prints,1958.0,Print,"Mary, Queen of Scots with her son James",,Sitter|Artist|Artist|Artist|Sitter,"Mary, Queen of Scots|Francesco Bartolozzi|Federico Zuccaro (Zuccari)|Spiridione Roma|James I, King of England, Scotland and Ireland","British, Linlithgow 1542–1587 Fotheringhay|Italian, Florence 1728–1815 Lisbon|Italian, Sant'Angelo in Vado 1540/42–1609 Ancona|Italian, active London 1779|British, Edinburgh 1566–1625 Theobalds",20th century,1900,"Gift of Susan Dwight Bliss, 1958",London,Prints,http://www.metmuseum.org/art/collection/search/640081,
353937,True,Drawings and Prints,1930.0,Book,"Collection de Meubles et Objets de Goût, vol. 1",,Editor|Publisher|Illustrator,Pierre de La Mésangère|Journal des Dames et des Modes|Babin,"French, Pontigné 1761–1831 Paris| |French",[1802–07],1802,"Harris Brisbane Dick Fund, 1930",Paris,Books,http://www.metmuseum.org/art/collection/search/353937,Curtains
14831,False,The American Wing,1994.0,Sample,"Sample, Design 514, Textured Damask",American,Maker|Designer,F. Schumacher & Co.|Frank Lloyd Wright,"1889–present|American, Richland Center, Wisconsin 1867–1959 Phoenix, Arizona",1956,1956,"Friends of the American Wing Fund, 1994",New York,,http://www.metmuseum.org/art/collection/search/14831,
7852,True,The American Wing,1946.0,Spoon holder,Spoon Holder,American,Maker,"Challinor, Taylor and Company",1866–1891,1870–80,1870,"Gift of Mrs. Emily Winthrop Miles, 1946",Tarentum,,http://www.metmuseum.org/art/collection/search/7852,
435095,False,Drawings and Prints,1956.0,Print collection ornament & architecture,"Man tied to a tree with an army behind him, from Livre d'Academie pour apprendre a bien dessigner",,Artist|Publisher,Jean Le Pautre|Jean Le Pautre,"French, Paris 1618–1682 Paris|French, Paris 1618–1682 Paris",1630–82,1630,"The Elisha Whittelsey Collection, The Elisha Whittelsey Fund, 1956",Paris,Prints|Ornament & Architecture,http://www.metmuseum.org/art/collection/search/435095,
7805,True,The American Wing,1933.0,Spoon,Spoon,American,Maker,Paul Revere Jr.,"American, Boston, Massachusetts 1734–1818 Boston, Massachusetts",ca. 1787,1784,"Bequest of Alphonso T. Clearwater, 1933",Boston,,http://www.metmuseum.org/art/collection/search/7805,
21930,True,Arms and Armor,1904.0,Rapier,Rapier,"hilt, Italian; blade, German, Solingen",Bladesmith,Peter Munsten,"German, Solingen, mentioned 1591–1627",ca. 1620–30,1595,"Rogers Fund, 1904",Solingen,Swords,http://www.metmuseum.org/art/collection/search/21930,
347979,False,Drawings and Prints,1977.0,Book,Igor Stravinsky,,Editor|Artist|Artist|Artist|Artist|Artist|Publisher,"Edwin Corle|Merle Armitage|Antonio Frasconi|Al Ewers|Carlos Dyer|Edward John Stevens, Jr.|Duell, Sloan, and Pearce","American, 20th century|American, 1893–1975|Uruguayan-American (born Argentina), Buenos Aires 1919–2013 New York|American (?), 20th century|American, born Springfield, Missouri 1917|American, Jersey City, New Jersey 1923–1988|New York, NY",1949,1949,"Adminsitrative Fund, 1977",New York,Books,http://www.metmuseum.org/art/collection/search/347979,
20142,True,The American Wing,2018.0,Plaque,Plaque,American,Maker,Charles Volkmar,"American, Baltimore, Maryland 1841–1914 Metuchen, New Jersey",ca. 1880,1876,"Gift of Robert A. Ellison Jr., 2018",Brooklyn|the Bronx,,http://www.metmuseum.org/art/collection/search/20142,Cows|Landscapes
390677,True,Drawings and Prints,1920.0,Drawing Ornament and Architecture,"Chinese Railing, from Chippendale Drawings, Vol. II",,Artist,Thomas Chippendale,"British, baptised Otley, West Yorkshire 1718–1779 London",1754,1754,"Rogers Fund, 1920",London,Drawings|Ornament & Architecture,http://www.metmuseum.org/art/collection/search/390677,Ornament
336984,False,Drawings and Prints,1941.0,Book,The Iliad and the Odyssey,,Engraver|Author|Translator|Artist,Henry Moses|Homer|William Sotheby|John Flaxman,"British, London ca. 1782–1870 Cowley, Middlesex|Greek, active 13th or 8th century BCE|British, 1757–1833|British, York 1755–1826 London",1834,1834,"Bequest of W. Gedney Beatty, 1941",London,Books,http://www.metmuseum.org/art/collection/search/336984,
348295,False,Drawings and Prints,1986.0,Book,Kate Greenaway's Birthday Book for Children,,Artist|Printer|Author|Publisher,Kate Greenaway|Edmund Evans|Lucy Elizabeth Drummond Sale-Barker|Frederick Warne & Co.,"British, London 1846–1901 London|British, Southwark, London 1826–1905 Ventnor, Isle of Wight|British, 1841–1892|",[ca. 1918],1913,"Gift of Estate of Jane Erdmann Whitney, 1986",New York|London,Books,http://www.metmuseum.org/art/collection/search/348295,
422769,True,Drawings and Prints,1928.0,Print,Celebration of a Circumcision from the frieze Ces Moeurs et fachons de faire de Turcz (Customs and Fashions of the Turks),,Artist|Publisher,Pieter Coecke van Aelst|Mayken Verhulst,"Netherlandish, Aelst 1502–1550 Brussels|Netherlandish, 1518–1593/96",1553,1553,"Harris Brisbane Dick Fund, 1928",Antwerp,Prints,http://www.metmuseum.org/art/collection/search/422769,Towns|Children|Crowd|Musicians
6194,True,The American Wing,1914.0,Plate,Plate,British (American market),Maker,Ralph Stevenson,"British, active Cobridge, ca. 1810–32",ca. 1825–ca. 1832,1822,"Bequest of Mary Mandeville Johnston, from the collection of Mr. and Mrs. Edward W. S. Johnston, 1914",Stoke-on-Trent,,http://www.metmuseum.org/art/collection/search/6194,Pavilions
383543,False,Drawings and Prints,1991.0,Book ; Ornament and architecture,"Ideas for Rustic Furniture proper for Garden Seats, Summer Houses, Hermitages, Cottages, etc",,Publisher|Author,I. & J. Taylor|William Wrighte,"London|British, active 1790–1802",ca. 1790–95,1785,"Rogers Fund, 1917, transferred from the Library",London,Books|Ornament & Architecture,http://www.metmuseum.org/art/collection/search/383543,
342616,True,Drawings and Prints,2000.0,Print,Peasant Fair,,Artist|Publisher,Peeter van der Borcht|Bartholomeus de Momper,"Netherlandish, Mechelen ca. 1535–1608 Antwerp|",1559,1559,"Purchase, A. Hyatt Mayor Purchase Fund, Marjorie Phelps Starr Bequest, Barbara  and Howard Fox Gift, and Charles Z. Offin Fund, 2000",Antwerp,Prints,http://www.metmuseum.org/art/collection/search/342616,Battles|Trees|Crowd
468255,True,Medieval Art,1948.0,Manuscript cutting,Manuscript Illumination with Scenes from the Life of Saint John the Baptist,South Netherlandish,Artist,Master of James IV of Scotland (probably Gerard Horenbout),"South Netherlandish, active ca. 1485–1530",ca. 1515,1515,"Bequest of George D. Pratt, 1935",Bruges,Manuscripts and Illuminations,http://www.metmuseum.org/art/collection/search/468255,Women|Men|Saint John the Baptist|Lambs
354156,true,Drawings and Prints,1920.0,Book,[Small Bouquets Tied With A Ribbon],,Artist and engraver,Jean-Baptiste Monnoyer,"French, Lille 1636–1699 London",1656–99,1656,"Rogers Fund, 1920",Paris,Books,http://www.metmuseum.org/art/collection/search/354156,Flowers
347313,False,Drawings and Prints,1966.0,Book,Souvenirs Charivariques de Spa,,Artist|Publisher,"CHAM (Amédée Charles Henri, Comte de Noé)|Hautecoeur Frères","French, Paris 1819–1879 Paris|",n.d.,1835,"Gift of Lincoln Kirstein, 1966",Paris,Books,http://www.metmuseum.org/art/collection/search/347313,
336651,False,Drawings and Prints,1974.0,Print,Hafed,,Artist|Artist|Publisher|Printer,Sir Edwin Henry Landseer|John Cother Webb|Henry Graves & Company|Alfred Holdgate,"British, London 1802–1873 London|British, Torquay, Devon, 1855–1927|London|British, active 1855–1930s","September 1, 1886",1880,"Bequest of Anna Hyatt Huntington, 1974",London,Prints,http://www.metmuseum.org/art/collection/search/336651,
504080,False,Musical Instruments,1991,Flute,Flute,German,Maker,Max Kneer,"German, Heessen bei Hamm 1785–1845 Münster",ca. 1850,1800,"Gift of Robert Alonzo Lehman, 1991",Münster,Aerophone-Blow Hole-side-blown flute (transverse),http://www.metmuseum.org/art/collection/search/504080,
500555,False,Musical Instruments,1889,Pandurina,Pandurina,Italian,Maker,Plisbel,"Italian, Milan, 18th century",1715,1715,"Gift of Joseph W. Drexel, 1889",Milan,Chordophone-Lute-plucked-fretted,http://www.metmuseum.org/art/collection/search/500555,
33347,True,Arms and Armor,1919.0,Pair of detonator pistols with case with accessories,Pair of Pellet-Lock Pistols with Case with Accessories,"British, London",Gunsmith,Charles Moore,"British, active in London and Paris, recorded ca. 1821–45",ca. 1825,1800,"Gift of Charles M. Schott Jr., 1917",London,Firearms-Pistols,http://www.metmuseum.org/art/collection/search/33347,
352403,False,Drawings and Prints,1932.0,Book,Kalander auf das Jahr 1844,,Publisher|Artist|Artist|Editor,Literarisch-artistische Anstalt|Moritz von Schwind|Peter von Cornelius|F. B. W. Hermann,"|Austrian, Vienna 1804–1871 Munich|German, 1783–1867|German",1843,1843,"Harris Brisbane Dick Fund, 1932",Munich,Books,http://www.metmuseum.org/art/collection/search/352403,
736332,True,Drawings and Prints,1959.0,Print,"Sympathy, or A Family On A Journey Laying The Dust",,Artist|Publisher,J. Hedges|Thomas Rowlandson,"London|British, London 1757–1827 London","July 12, 1784",1784,"The Elisha Whittelsey Collection, The Elisha Whittelsey Fund, 1959",London,Prints,http://www.metmuseum.org/art/collection/search/736332,Men|Women|Dogs|Horses|Carriages
346483,False,Drawings and Prints,1964.0,Book,Illustrated Catalogue,,Author,Boston Buckboard and Carriage Co.,"New Haven, Connecticut",1887 (?),1887,"The Elisha Whittelsey Collection, The Elisha Whittelsey Fund, 1964",New Haven,Books,http://www.metmuseum.org/art/collection/search/346483,
729568,False,Drawings and Prints,1932.0,"Book
Print
Ornament & Architecture",Two designs for shop signs,,Artist|Publisher,Jacques Androuet Du Cerceau|Pierre Mariette,"French, Paris 1510/12–1585 Annecy|French, 1596–1657",1546–49,1546,"Harris Brisbane Dick Fund, 1932",Paris,Books|Ornament & Architecture|Prints,http://www.metmuseum.org/art/collection/search/729568,
774425,False,Drawings and Prints,1966.0,Print,"Mazury (Masuren), from 'Kriegsbilderbogen Münchner Künstler'",,Publisher|Artist,"Goltzverlag, Munich|René Beeh","|German, Strasbourg, Germany 1886–1922 Strasbourg, France",1914,1914,"Gift of Peter Neumann, 1966",Munich,Prints,http://www.metmuseum.org/art/collection/search/774425,
345892,False,Drawings and Prints,1960.0,Book,"Illustrated Catalogue & Price List of Settees, Chairs, Vases, Summer House, Crestings, Tree-Boxes",,Author,Samuel S. Bent & Son,"Port Chester, New York",ca. 1890,1885,"The Elisha Whittelsey Collection, The Elisha Whittelsey Fund, 1960",New York,Books,http://www.metmuseum.org/art/collection/search/345892,
6425,True,The American Wing,1946.0,Plate,Plate,American,Maker,Adams and Company,,1870–90,1870,"Gift of Mrs. Emily Winthrop Miles, 1946",Pittsburgh,,http://www.metmuseum.org/art/collection/search/6425,
457758,true,Islamic Art,2012.0,Illustrated  album leaf,An Orange-Headed Ground Thrush and a Death's-Head Moth on a Purple Ebony Orchid Branch,,Artist,Shaikh Zain al–Din,"Indian, born Patna, Bihar",dated 1778,1753,"Purchase, Friends of Islamic Art Gifts, 2012",Calcutta,Codices,http://www.metmuseum.org/art/collection/search/457758,Birds|Insects|Flowers|Orchids
435320,False,Drawings and Prints,1918.0,Print collection ornament & architecture,"Friezes with captives seated back to back, from Frises pour les architraves, cornices, et autres ornements d'architecture, plate 5, in A Bound Collection of Print Series Including Cheminées et Lambris, Alcoves à la Romaine, Feuillages et autres ornemens..., etc.",,Artist|Publisher|Publisher,Jean Le Pautre|Charles Antoine Jombert|Pierre Mariette le fils,"French, Paris 1618–1682 Paris|French, 1712–1784|French, Paris 1634–1716 Paris",1751,1751,"Rogers Fund, 1918",Paris,Prints|Ornament & Architecture,http://www.metmuseum.org/art/collection/search/435320,
4731,False,The American Wing,1967.0,Lamp shade,Lamp Shade,American,Maker,Quezal Art Glass and Decorating Company,1901–ca. 1924,ca. 1905–20,1902,"Gift of Mrs. Florence Weyman, 1967",Brooklyn,,http://www.metmuseum.org/art/collection/search/4731,
6730,False,The American Wing,1971.0,Portico clock,Portico Clock,,Maker,L. Grognot,,1800–1900,1800,"Bequest of Flora E. Whiting, 1971",Paris,,http://www.metmuseum.org/art/collection/search/6730,
452161,true,Islamic Art,1970.0,Folio from an illustrated manuscript,"""Isfandiyar's Fourth Course: He Slays a Sorceress"", Folio 435v from the Shahnama (Book of Kings) of Shah Tahmasp",,Artist|Author|Workshop director,Qasim ibn 'Ali|Abu'l Qasim Firdausi|Aqa Mirak,"Iranian, active ca. 1525–60|Iranian, Paj ca. 940/41–1020 Tus|Iranian, active ca. 1525–1576 Qazvin",ca. 1525–30,1500,"Gift of Arthur A. Houghton Jr., 1970",Tabriz,Codices,http://www.metmuseum.org/art/collection/search/452161,Horses|Poetry|Men
347330,False,Drawings and Prints,1941.0,Book,The Young Penman's Daily Practice,,Artist|Engraver|Publisher,Joseph Champion|Jonathan Howard|Robert Sayer,"British, 1709–1762|British, active 18th century|British, Sunderland 1725–1794 Bath",dedication 1759,1759,"Bequest of W. Gedney Beatty, 1941",London,Books,http://www.metmuseum.org/art/collection/search/347330,
5846,False,The American Wing,1969.0,Pitcher,Pitcher,American,Retailer,South Boston Flint Glass Works,,1813–30,1813,"Rogers Fund, 1969",Boston,,http://www.metmuseum.org/art/collection/search/5846,
2792,False,The American Wing,1969.0,Cup,Cup,American,Designer|Maker,Louis C. Tiffany|Tiffany Studios,"American, New York 1848–1933 New York|1902–32",ca. 1905,1902,"Purchase, The Edgar J. Kaufmann Foundation Gift, 1969",New York,,http://www.metmuseum.org/art/collection/search/2792,
435431,False,Drawings and Prints,1918.0,Print collection ornament & architecture,"Friezes depicting Bacchanales, from Frises, feuillages ou tritons marins à la romaine, plate 6, in A Bound Collection of Print Series Including Cheminées et Lambris, Alcoves à la Romaine, Feuillages et autres ornemens..., etc.",,Artist|Publisher|Publisher,Jean Le Pautre|Charles Antoine Jombert|Pierre Mariette le fils,"French, Paris 1618–1682 Paris|French, 1712–1784|French, Paris 1634–1716 Paris",1751,1751,"Rogers Fund, 1918",Paris,Prints|Ornament & Architecture,http://www.metmuseum.org/art/collection/search/435431,
778172,False,Drawings and Prints,1949.0,Print,Portrait of a bearded man wearing a fur-trimmed coat,,Artist|Artist,Jacopo Tintoretto (Jacopo Robusti)|Lucas Vorsterman II,"Italian, Venice 1518/19–1594 Venice|Flemish, Antwerp 1624–after 1666 Antwerp",ca. 1656–60,1651,"Museum Accession, 1945",London,Prints,http://www.metmuseum.org/art/collection/search/778172,
2507,True,The American Wing,1969.0,Sugar bowl,Sugar bowl,American,Designer|Manufacturer,Karl L. H. Müller|Union Porcelain Works,1820–1887|1863–1922,ca. 1876,1873,"Gift of Mr. and Mrs. Franklin Chace, 1969",Brooklyn,,http://www.metmuseum.org/art/collection/search/2507,Heads|Men|Birds|Flowers
7064,True,The American Wing,1937.0,Salt,Trencher Salt,American,Maker,Jacob Ten Eyck,1705–1793,1730–35,1730,"Gift of Mrs. William Bayard Van Rensselaer, in memory of her husband, 1937",Albany,,http://www.metmuseum.org/art/collection/search/7064,
670601,False,The American Wing,2014.0,Ribbon,Ribbon featuring quote by George Washington Carver,American,Manufactory,"ALS Industries, Inc.",1875,1982,1982,"Gift of Rebecca Tribull Weber, 2014",New York,,http://www.metmuseum.org/art/collection/search/670601,
346065,False,Drawings and Prints,1952.0,Book,Ontleading des menschlyken Lichaems,,Author|Artist|Engraver|Engraver,Govard Bidloo|Gerard de Lairesse|Abraham Blooteling|Pieter van Gunst,"1649–1713|Dutch, Liège 1641–1711 Amsterdam|Dutch, 1640–1690|Dutch, Amsterdam 1659–1724",1728,1728,"Gift of Lincoln Kirstein, 1952",Utrecht,Books,http://www.metmuseum.org/art/collection/search/346065,
659615,False,Drawings and Prints,1918.0,Books Prints Ornament & Architecture,"Esemplario di Lauori..., page 22 (verso)",,Designer|Publisher,Florio Vavassore|Giovanni Andrea Vavassore,"Italian, active 16th century|Italian, active Venice 1530–1573","August 1, 1532",1532,"Rogers Fund, 1918",Venice,Books|Prints|Ornament & Architecture,http://www.metmuseum.org/art/collection/search/659615,
432774,False,Drawings and Prints,1933.0,Print collection ornament & architecture,"Title page with two designs for trophies with an octagonal shield and a crown of laurels, from Trophées à l'antique, plate 1, bound in Oeuvres. Vol. III",,Artist,Jean Le Pautre,"French, Paris 1618–1682 Paris",17th century,1633,"Harris Brisbane Dick Fund, 1933",Paris,Prints|Ornament & Architecture,http://www.metmuseum.org/art/collection/search/432774,
408764,False,Drawings and Prints,1955.0,Book,"Antiquarian and Topographical Cabinet, containing a series of elegant views of the most interesting objects of curiosity in Great Britain, Vol. V",,Publisher|Author|Publisher|Engraver|Artist|Artist|Publisher|Printer|Artist|Artist|Artist|Artist|Artist|Artist|Artist|Artist|Artist|Artist|Artist|Publisher|Publisher|Engraver,"Sherwood, Neely and Jones|James Storer|Wm. Clarke|John Greig|Samuel Prout|Edward Dayes|J. Carpenter|Coe|Frederick Wilton Litchfield Stockdale|W. Hare|Frederick Nash|Thomas Espin|J. Hardwick|Robert Bloomfield|Edward Duke F. A. S.|Reverend William Horner|The Honorable Miss Hawke|P. Rogers|William Fleetwood Varley|J. M. Richardson|C. Chapple|Joseph Clarendon Smith","London|British, Cambridge 1771–1853 Islington, London|London|British, active 1803–53|British, Plymouth 1783–1852 London|British, London 1763–1804 London|London|London|British, active 1808–48|British, active early 19th century|British, London 1782–1856|British, Louth 1767–1822|British, active early 19th century|British, 1766–1800|British, 1779–1852|British, active 1808–20|British, active early 19th century|British, active early 19th century|British, 1785–1856|London|London|British, 1778–1810",1809,1809,"Bequest of Helen W.D. Mileham, 1955",London,Books,http://www.metmuseum.org/art/collection/search/408764,
659540,True,Drawings and Prints,1918.0,Books Prints Ornament & Architecture,"Esemplario di Lauori..., page 9 (verso)",,Designer|Publisher,Florio Vavassore|Giovanni Andrea Vavassore,"Italian, active 16th century|Italian, active Venice 1530–1573","August 1, 1532",1532,"Rogers Fund, 1918",Venice,Books|Prints|Ornament & Architecture,http://www.metmuseum.org/art/collection/search/659540,Ornament
431167,False,Drawings and Prints,1933.0,Print collection ornament & architecture,"Design for a door crown molding with a river god at lower right, from Recherche de plusieurs beaux morceaux d'ornemens pour seruir aux frontons des placarts plaphons et Lembris [Lambris et autres décors], plate 3, bound in Oeuvres. Vol. I",,Artist|Publisher,Jean Le Pautre|Pierre Mariette le fils,"French, Paris 1618–1682 Paris|French, Paris 1634–1716 Paris",published 1661,1661,"Harris Brisbane Dick Fund, 1933",Paris,Prints|Ornament & Architecture,http://www.metmuseum.org/art/collection/search/431167,
5971,true,The American Wing,1914.0,Plate,Plate,British (American market),Maker,James and Ralph Clews,"British, Cobridge, Stoke-on-Trent, active ca. 1818–36",ca. 1815–34,1812,"Bequest of Mary Mandeville Johnston, from the collection of Mr. and Mrs. Edward W. S. Johnston, 1914",Stoke-on-Trent,,http://www.metmuseum.org/art/collection/search/5971,Flowers|Landscapes
20259,False,The American Wing,2008.0,Tumbler,Tumbler,British,Maker,Pellatt & Green,,1818,1818,"Purchase, William Cullen Bryant Fellows Gifts, 2008",London,,http://www.metmuseum.org/art/collection/search/20259,
1453,False,The American Wing,1943.0,Card table,Card Table,American,Maker,Anthony G. Quervelle,1789–1856,1825–30,1825,"Rogers Fund, 1943",Philadelphia,,http://www.metmuseum.org/art/collection/search/1453,
444586,true,Islamic Art,1891.0,Ewer,"Ewer with Inscription, Horsemen, and Vegetal Decoration",,Maker,`Umar ibn al-Hajji Jaldak,,dated A.H. 623/1226 CE,1201,"Edward C. Moore Collection, Bequest of Edward C. Moore, 1891",probably Mosul,Metal,http://www.metmuseum.org/art/collection/search/444586,
349029,True,Drawings and Prints,1941.0,Book,Premiere Suite de Vases,,Artist and publisher,Duplessis Fils,"French, 18th century",18th century,1700,"Harris Brisbane Dick Fund, 1941",Paris,Books,http://www.metmuseum.org/art/collection/search/349029,Putti|Goats|Vases
506046,True,Musical Instruments,2008,Lithographic Plates,Lithographic Plates,French,Maker,Alexandre Désiré Collette,"French, 1814–1876",1850,1850,"Purchase, Clara Mertens Bequest, in memory of André Mertens, and funds from various donors, 2008",Paris,Works on Paper,http://www.metmuseum.org/art/collection/search/506046,Musical Instruments|Men|Musicians
701213,True,Drawings and Prints,1951.0,"Print, Fete, Ornament & Architecture","Plate 27: Triumphal arch, elevation of the back, surmounted by allegorical figures and decorated with scenes from Roman mythology and history; from Guillielmus Becanus's 'Serenissimi Principis Ferdinandi, Hispaniarum Infantis...'",,Publisher,Johannes Meursius,"Flemish, active 1620–47",1636,1636,"The Elisha Whittelsey Collection, The Elisha Whittelsey Fund, 1951",Antwerp,Prints|Prints-Fete,http://www.metmuseum.org/art/collection/search/701213,Architecture|Arches
361826,False,Drawings and Prints,1991.0,Book,"Recueil des dessins de tapis, tapisseries et autres objets d'ameublement",,Designer|Manufacturer|Publisher|Engraver|Engraver|Engraver|Engraver|Engraver,Aimé Chenavard|M. M. Chenavard|E. Leconte|Mlle Julie Ribault|Louis-Jacques-Nicolas Schaal|Lecoq|Vittore Pedretti|Charles-Bonaparte Marlier,"French, Lyons 1798–1838 Paris| | |French, 1789–after 1836|French, Paris 1800–about 1859 Paris|French|Italian, Lugano 1799–1868 Paris|French, St. Fargeau 1798–1852 Paris",ca. 1825,1820,"Rogers Fund, 1923, transferred from the Library",Paris,Books,http://www.metmuseum.org/art/collection/search/361826,
345407,True,Drawings and Prints,1952.0,Book,Recueil de divers Monumens Anciens répandus en plusieurs endroits de L'Italie,,Author|Designer|Publisher|Printer|Etcher|Etcher,Jean Barbault|Jean Barbault|Bouchard & Gravier|Giunchi Heritiers de Komarek|Dominico Montagu|Johann Beheim,"French, Viarmes 1718–1762 Rome|French, Viarmes 1718–1762 Rome|Rome| |Italian, active Rome, ca. 1750–76|Austrian, active 1762–70",1770,1770,"Rogers Fund, 1952",Rome,Books,http://www.metmuseum.org/art/collection/search/345407,Monuments|Pyramids|Men|Trees
7176,True,The American Wing,1946.0,Sauce dish,Sauce Dish,American,Maker,"Challinor, Taylor and Company",1866–1891,1870–90,1870,"Gift of Mrs. Emily Winthrop Miles, 1946",Tarentum,,http://www.metmuseum.org/art/collection/search/7176,
16856,True,The American Wing,2001.0,Armchair,Armchair,American,Maker,John Banks,active 1818–after 1825,1819–20,1819,"Gift of Bernard, Dean and Frank Levy, in honor of the Levy family's 100th Anniversary in the field of American Antiques, 2001",New York,,http://www.metmuseum.org/art/collection/search/16856,
625134,False,Drawings and Prints,1966.0,Print ornament & architecture,"Six terms, four female, one male, and one with male and female head, plate 14, from Caryatidum [...] sive Athlantidum multiformium ad quemlibet Architecture ordinem Accommodatarum centuria prima [...]",,Artist|Artist|Artist|Publisher,Hans Vredeman de Vries|Johannes van Doetecum I|Lucas van Doetecum|Gerard de Jode,"Netherlandish, Leeuwarden 1527–1606 (?)  Antwerp (?)|Netherlandish, 1528/32–1605|Netherlandish, active 1554–72, died before 1589|Netherlandish, 1509/17–1591",ca. 1565,1560,"The Elisha Whittelsey Collection, The Elisha Whittelsey Fund, 1966",Antwerp,Ornament & Architecture|Prints,http://www.metmuseum.org/art/collection/search/625134,
2046,False,The American Wing,2002.0,Hair jewelry,Hair Ornament,American,Maker,Louis C. Tiffany,"American, New York 1848–1933 New York",ca. 1904,1901,"Gift of Linden Havemeyer Wise, in memory of Louisine W. Havemeyer, 2002",New York,,http://www.metmuseum.org/art/collection/search/2046,Dragonflies
653007,True,Arms and Armor,2004.0,Drawings,Design for the Decoration of Firearms,"French, Versailles",Designer,Nicolas Noël Boutet,"French, Versailles and Paris, 1761–1833",ca. 1797–1805,1772,"Purchase, Clay P. Bedford Gift, 2004",Versailles,Works on Paper-Drawings,http://www.metmuseum.org/art/collection/search/653007,Ornament
659056,False,Drawings and Prints,1952.0,Print,"Fragmens d'aprés l'Antique, from Les Plus Beaux Monuments de Rome Ancienne ou Recueil des plus beaux Morceaux de l'Antiquité Romaine qui existent encore",,Artist|Publisher|Printer,Jean Barbault|Bouchard & Gravier|Giunchi Heritiers de Komarek,"French, Viarmes 1718–1762 Rome|Rome|",1761,1761,"Rogers Fund, 1952",Rome,Prints,http://www.metmuseum.org/art/collection/search/659056,
350519,True,Drawings and Prints,1934.0,Book,"Le Cannameliste Français, Ou Nouvelle Instruction Pour Ceux Qui Desirent D'Apprendre L'Office, Rédigé en Forme de Dictionnaire",,Publisher|Publisher|Author|Illustrator|Engraver,La Veuve Le Clerc|Gogué & Née de la Rochelle|Joseph Gilliers|Dupuis|Lotha,"| |French, died 1758|French, active 1760s|",1768,1768,"Harris Brisbane Dick Fund, 1934",Paris|Nancy,Books,http://www.metmuseum.org/art/collection/search/350519,Dining
638378,False,Drawings and Prints,1957.0,Print,"Ferdinando de' Medici, Duke of Tuscany, from Effigie naturali dei maggior prencipi et piu valorosi capitani di questa eta con l'arme loro",,Artist|Publisher|Sitter,"Giacomo Franco|Giacomo Franco|Ferdinando I de' Medici, Grand Duke of Tuscany","Italian, Venice 1550–1620 Venice|Italian, Venice 1550–1620 Venice|Italian, Florence 1548–1609 Florence",1596,1596,"The Elisha Whittelsey Collection, The Elisha Whittelsey Fund, 1957",Venice,Prints,http://www.metmuseum.org/art/collection/search/638378,
630100,False,Drawings and Prints,1945.0,Print,"Vendor of Shoes, from Di Bologna l'Arti per via D'An.ibal' Ca.rac, plate 15",,Artist|Artist|Publisher|Printer,Giuseppe Maria Mitelli|Annibale Carracci|Giovanni Giacomo De Rossi|La Calcografia Camerale,"Italian, Bologna (?) 1634–1718 Bologna|Italian, Bologna 1560–1609 Rome|Italian, Rome 1627–1691 Rome|",printed 1740,1740,"Harris Brisbane Dick Fund, 1945",Rome,Prints,http://www.metmuseum.org/art/collection/search/630100,
347796,True,Drawings and Prints,1946.0,Book,La Civilité Puérile et Honnête expliquée par l'Oncle Eugène,,Illustrator|Publisher|Author,"Louis-Maurice Boutet de Monvel|E. Plon, Nourrit et Cie.|Eugène Plon","French, 1851–1913| |French, 1836–1895",1887,1887,"Gift of Estate of Marie L. Russell, 1946",Paris,Books,http://www.metmuseum.org/art/collection/search/347796,Boys
359326,False,Drawings and Prints,1970.0,Book,The Adventure of Hunch-back and the Stories Connected with it (from the Arabian Nights Entertainments),,Etcher|Publisher|Printer|Artist,William Daniell|William Daniell|Thomas Davidson|Robert Smirke,"British, 1769–1837 London|British, 1769–1837 London|London|British, Wigton, Cumberland 1752/53–1845 London",1814,1814,"Gift of Lincoln Kirstein, 1970",London,Books,http://www.metmuseum.org/art/collection/search/359326,
779210,False,Drawings and Prints,1962.0,Drawing Ornament and Architecture,Floral design,,Artist,"Anonymous, British, 19th century",,19th century,1800,"The Elisha Whittelsey Collection, The Elisha Whittelsey Fund, 1962",London,Drawings|Ornament & Architecture,http://www.metmuseum.org/art/collection/search/779210,
4267,True,The American Wing,1938.0,Coat of arms,Quillwork hatchment of Dering coat of arms,American,Maker|Artist,Mary Dering|Elizabeth Dering,"American, 1717–1779|American, 1715–1785",1731,1731,"Rogers Fund, 1938",Boston,,http://www.metmuseum.org/art/collection/search/4267,Coat of Arms
345643,False,Drawings and Prints,1966.0,Book,Les Fleurs du Mal,,Author|Illustrator|Editor|Publisher,Charles Baudelaire|Emile Bernard|Ambroise Vollard|Imprimerie Nationale,"French, Paris 1821–1867 Paris|French, Lille 1868–1941 Paris|French, 1866–1939|",1916,1916,"The Elisha Whittelsey Collection, The Elisha Whittelsey Fund, 1966",Paris,Books,http://www.metmuseum.org/art/collection/search/345643,
630113,False,Drawings and Prints,1945.0,Print,"The Lamb Butcher, from Di Bologna l'Arti per via D'An.ibal' Ca.rac, plate 20",,Artist|Artist|Publisher|Printer,Giuseppe Maria Mitelli|Annibale Carracci|Giovanni Giacomo De Rossi|La Calcografia Camerale,"Italian, Bologna (?) 1634–1718 Bologna|Italian, Bologna 1560–1609 Rome|Italian, Rome 1627–1691 Rome|",printed 1740,1740,"Harris Brisbane Dick Fund, 1945",Rome,Prints,http://www.metmuseum.org/art/collection/search/630113,
7970,True,The American Wing,1958.0,Sugar bowl,Sugar Bowl,American,Maker,George Richardson,1782–1848,1830–45,1830,"Rogers Fund, 1958",Cranston,,http://www.metmuseum.org/art/collection/search/7970,
434640,False,Drawings and Prints,1953.0,Print collection ornament & architecture,"Reverse copy of Venus mourning the death of Adonis, from a series of twenty-two plates depicting mythological subjects, plate 4",,Artist|Publisher,Jean Le Pautre|Pieter Schenck I,"French, Paris 1618–1682 Paris|Dutch (born Germany), Elberfeld 1660–ca. 1713 Amsterdam",17th century,1633,"Harris Brisbane Dick Fund, 1953",Paris,Prints|Ornament & Architecture,http://www.metmuseum.org/art/collection/search/434640,
24867,True,Arms and Armor,1973.0,Rapier,Rapier,"German, Solingen",Bladesmith,Meves Berns,"German, Solingen, active early 17th century",ca. 1610–20,1585,"Bequest of Col. Wickliffe P. Draper, 1972",Solingen,Swords,http://www.metmuseum.org/art/collection/search/24867,
463605,True,Medieval Art,1912.0,Psalter; Manuscript cutting,"Manuscript Illumination with Singing Monks in an Initial D, from a Psalter",Italian,Artist,Girolamo dai Libri,"Italian, Verona 1474–1555 Verona",1501–2,1501,"Rogers Fund, 1912",Verona,Manuscripts and Illuminations,http://www.metmuseum.org/art/collection/search/463605,Singing|Monks
345329,False,Drawings and Prints,1958.0,Book,My Ladye's Jewel Box,,Author,Baird-North Co.,"Providence, Rhode Island",1914,1914,"The Elisha Whittelsey Collection, The Elisha Whittelsey Fund, 1958",Providence,Books,http://www.metmuseum.org/art/collection/search/345329,
628890,False,Drawings and Prints,1943.0,Print ornament & architecture,"Town square with two palaces, on the right elaborate three story fountain topped by Neptune on his wagon under a canopy, from Artis Perspectivæ, plate 3",,Artist|Artist|Artist|Publisher,Hans Vredeman de Vries|Johannes van Doetecum I|Lucas van Doetecum|Gerard de Jode,"Netherlandish, Leeuwarden 1527–1606 (?)  Antwerp (?)|Netherlandish, 1528/32–1605|Netherlandish, active 1554–72, died before 1589|Netherlandish, 1509/17–1591",1568,1568,"Harris Brisbane Dick Fund, 1943",Antwerp,Prints|Ornament & Architecture,http://www.metmuseum.org/art/collection/search/628890,
433117,False,Drawings and Prints,1949.0,Print,"A soldier raising the match in his right hand, from the Musketeers series, plate 6, in Waffenhandlung von den Rören Musquetten undt Spiessen / Wapenhandelinghe van Roers Musquetten ende Spiessen (The Exercise of Arms)",,Artist|Artist|Artist,Jacques de Gheyn II|Jacques de Gheyn II|Robert Willemsz de Baudous,"Netherlandish, Antwerp 1565–1629 The Hague|Netherlandish, Antwerp 1565–1629 The Hague|Netherlandish, 1574/5–1659",published 1608,1608,"The Elisha Whittelsey Collection, The Elisha Whittelsey Fund, 1949",The Hague,Prints,http://www.metmuseum.org/art/collection/search/433117,
734366,False,Drawings and Prints,1963.0,"Book
Ornament & Architecture
Prints","Chimney, from Second Book of Architecture",,Publisher|Artist,André Wechel|Jacques Androuet Du Cerceau,"|French, Paris 1510/12–1585 Annecy",1561,1561,"The Elisha Whittelsey Collection, The Elisha Whittelsey Fund, 1963",Paris,Books|Ornament & Architecture|Prints,http://www.metmuseum.org/art/collection/search/734366,
349409,False,Drawings and Prints,1966.0,Book,Everyman & Other Plays,,Artist|Publisher|Printer,"John Archibald Austen|Chapman and Hall|The Whitefriars Press, Ltd.","British, Kent 1886–1948 Kent|London|London and Tonbridge",1925,1925,"The Elisha Whittelsey Collection, The Elisha Whittelsey Fund, 1966",London,Books,http://www.metmuseum.org/art/collection/search/349409,
504159,False,Musical Instruments,1989,Ichigen-kin,Ichigen-kin,Japanese,Maker|Designer,"Nishimura Instrument Co., Kyoto|Soko Kurachi",|,1988,1950,"Gift of Soko Kurachi, 1989",Kyoto,Chordophone-Zither,http://www.metmuseum.org/art/collection/search/504159,
349365,False,Drawings and Prints,1924.0,Book,"Essex County, NJ, Department of Parks, Report of the Board of Commissioners",,Printer,Advertiser Printing House,"Newark, New Jersey",1895,1895,"Harris Brisbane Dick Fund, 1924",Newark,Books,http://www.metmuseum.org/art/collection/search/349365,
350268,False,Drawings and Prints,1935.0,Book,Le Vrai Patineur ou Principes sur l'Art de Patiner avec Grace,,Author|Publisher,"J. Garcin|Delespinasse, Delaunay, Nepveu, et chez l'Auteur",|,1813,1813,"Bequest of Mary Strong Shattuck, 1935",Paris,Books,http://www.metmuseum.org/art/collection/search/350268,
786216,True,Drawings and Prints,1959.0,Print,"The Ship, driven by a Whirlwind, a thousand leagues above the surface of the water",,Publisher|Artist,Thomas Tegg|Thomas Rowlandson,"British, London 1776–1846 London|British, London 1757–1827 London","[1809], reissued 1811",1809,"The Elisha Whittelsey Collection, The Elisha Whittelsey Fund, 1959",London,Prints,http://www.metmuseum.org/art/collection/search/786216,Seas|Ships
689877,False,Drawings and Prints,1928.0,Periodical ; print,L'Estampe et L'Affiche,,Artist|Artist|Artist|Artist|Artist|Artist|Artist|Artist|Artist|Artist|Artist,Clément-Janin|André Mellerio|Loys Delteil|Odilon Redon|Henri Fantin-Latour|Jean Misceslas Peské|Théodore Chassériau|Emile Boilvin|Maurice Delcourt|Clément-Edouard Bellenger|Edmond Cuisinier,"| |French, Paris 1869–1927 Paris|French, Bordeaux 1840–1916 Paris|French, Grenoble 1836–1904 Buré|French (born Ukraine), Golta 1870–1949 Le Mans|French, Le Limon, Saint-Domingue, West Indies 1819–1856 Paris|French, Metz 1845–1899 Paris|French, Paris 1877–1916 Chattancourt|French, 1851–1925|French, Alenya 1857–1917 Paris",1898,1898,"Harris Brisbane Dick Fund, 1928",Paris,Periodicals|Prints,http://www.metmuseum.org/art/collection/search/689877,
348085,True,Drawings and Prints,1927.0,Book,Carriages,,Designer|Engraver,Charles Crace|Francis Patton,"British, 1727–1784|British, active 1745–70",1750,1750,"Harris Brisbane Dick Fund, 1927",London,Books,http://www.metmuseum.org/art/collection/search/348085,Carriages
427219,True,Drawings and Prints,1959.0,Print,"Despite the Corageous Opposition of the Germans and the Spanish, Francesco I d'Este, at the Head of his Armies, Arrives at the Piazza di Valeneza, from L'Idea di un Principe ed Eroe Cristiano in Francesco I d'Este, di Modena e Reggio Duca VIII [...]",,Artist|Author,Bartolomeo Fenice (Fénis)|Domenico Gamberti,|,1659,1659,"The Elisha Whittelsey Collection, The Elisha Whittelsey Fund, 1959",Modena,Prints,http://www.metmuseum.org/art/collection/search/427219,Horses|Soldiers|Men
390485,True,Drawings and Prints,1920.0,Drawing Ornament and Architecture,"Sofa, in Chippendale Drawings, Vol. I",,Artist,Thomas Chippendale,"British, baptised Otley, West Yorkshire 1718–1779 London",1760,1760,"Rogers Fund, 1920",London,Drawings|Ornament & Architecture,http://www.metmuseum.org/art/collection/search/390485,Birds|Children|Couches
390673,True,Drawings and Prints,1920.0,Drawing Ornament and Architecture,"Frets, from Chippendale Drawings, Vol. II",,Artist,Thomas Chippendale,"British, baptised Otley, West Yorkshire 1718–1779 London",1754,1754,"Rogers Fund, 1920",London,Drawings|Ornament & Architecture,http://www.metmuseum.org/art/collection/search/390673,Ornament
433646,False,Drawings and Prints,1933.0,Print collection ornament & architecture,"Frieze with two variant designs with battles of sea gods, from Frises en manière de bas-reliefs, dans des bordures, plate 2, bound in Oeuvres. Vol. IV",,Artist,Jean Le Pautre,"French, Paris 1618–1682 Paris",17th century,1633,"Harris Brisbane Dick Fund, 1933",Paris,Prints|Ornament & Architecture,http://www.metmuseum.org/art/collection/search/433646,
455021,true,Islamic Art,1913.0,Folio from an illustrated manuscript,"""Yusuf Arriving in Egypt and Leaving the Ship in the Nile"", Folio of a Yusuf and Zulaykha of Jami",,Author|Calligrapher,Maulana Nur al-Din `Abd al-Rahman Jami|Mir 'Ali al-Husaini,"Iranian, Jam 1414–92 Herat|",A.H. 930/1523–24 CE,1498,"Gift of Alexander Smith Cochran, 1913",Bukhara,Codices,http://www.metmuseum.org/art/collection/search/455021,Men|Ships
369989,False,Drawings and Prints,1941.0,Book ; Ornament and architecture,"M. Vitruvio Pollion de Architectura, divido en diez libros, traduzidos de Latin en Castellano por Miguel de Urrea Architecto, y sacado en su perfectio por Juan Gracian impressor vezino de Alcala",,Translator|Publisher|Author,Miguel de Urrea|Juan Gracian|Marcus Pollio Vitruvius,"Spanish, died before 1569|Spanish, died before 1590|Roman, active late 1st century BCE",1582,1582,"Bequest of W. Gedney Beatty, 1941",Alcala' de Henares,Books|Ornament & Architecture,http://www.metmuseum.org/art/collection/search/369989,
837928,True,Drawings and Prints,1950.0,Book Costumes,"Gallery of Fashion, vol. VII: April 1 1800 - March 1 1801",,Publisher,Nicolaus Heideloff,"German, Stuttgart 1761–1837 The Hague",1794–1802,1794,"The Elisha Whittelsey Collection, The Elisha Whittelsey Fund, 1950",London,Books|Costumes,http://www.metmuseum.org/art/collection/search/837928,Women|Fashion
9761,False,The American Wing,1967.0,Water goblet,Water Goblet,American,Maker,Boston & Sandwich Glass Company,"American, 1825–1888, Sandwich, Massachusetts",ca. 1867,1864,"Funds from various donors, 1967",Sandwich,,http://www.metmuseum.org/art/collection/search/9761,
22379,True,Arms and Armor,1914.0,Wheellock rifle,Wheellock Rifle,"German, Munich",Stock maker|Steel-chiseler,Hieronymus Borstorffer|Daniel Sadeler,"German, Munich, recorded 1597–1637|German, Munich, recorded 1602–32",ca. 1610–30,1585,"Gift of William H. Riggs, 1913",Munich,Firearms,http://www.metmuseum.org/art/collection/search/22379,Bears|Men|Dogs|Hunting
20500,False,The American Wing,2008.0,Decanter with stopper,Decanter with stopper,American,Maker,Joseph Stouvenel and Company (1851-1857),,ca. 1851–60,1846,"Purchase, Bequest of Maud S. Swords, by exchange, 2009",New York,,http://www.metmuseum.org/art/collection/search/20500,
356736,False,Drawings and Prints,1951.0,Book,Scenografia dei piu celebri monumenti sacri e profani antichi e moderni di Roma e adiacenze disegnati dal vero e incisi dai piu distinti artisti,,Publisher|Designer|Designer|Designer|Designer|Designer|Designer|Designer|Dedicatee|Designer|Designer|Designer|Engraver,La Calcografia Camerale|Giovanni Battista Balzar|Giovanni della Longa|Filippo Trojani|Giacomo Fontana|Antonio Acquaroni|Domenico Amici|Paolo Cacchiatelli|Angelo Corsi|Gaetano Cottafavi|Augusto Marchetti|Achille Parboni|Luigi Nisi-Cavalieri,"| |Italian, 1823–1888| |Italian, 1807–1880|Italian, 1800/01–1874|Italian, Rome, 1808–1858|Italian, died 1878|Italian, 19th century|Italian, active mid-19th century| | |Italian",1864,1864,"Gift of Dietrich von Bothmer, 1951",Rome,Books,http://www.metmuseum.org/art/collection/search/356736,
746644,False,Drawings and Prints,1944.0,Book Print Ornament & Architecture,Textile (?) designs with stylized flowers and scrolling branches with leaves,,Designer|Lithographer|Publisher,Séraphin|Georges Schlatter|Fleury Chavant,"French (?), 19th Century|French|French, 19th century",[after 1844],1844,"Gift of Edith P. Blase, 1944",Paris,Books|Prints|Ornament & Architecture,http://www.metmuseum.org/art/collection/search/746644,
434182,False,Drawings and Prints,1953.0,Print collection ornament & architecture,"Apollo kills Diomedes during the Seige of Troy, from a series of twenty-two plates depicting mythological subjects, plate 18",,Artist|Publisher,Jean Le Pautre|Jean I Leblond,"French, Paris 1618–1682 Paris|French, ca. 1590–1666 Paris",17th century,1633,"Harris Brisbane Dick Fund, 1953",Paris,Prints|Ornament & Architecture,http://www.metmuseum.org/art/collection/search/434182,
343872,False,Drawings and Prints,1947.0,Book Ornament and Architecture,[Acanthus Ornaments],,Artist,Johann Wilhem Heel,"German, 1637–1709",1664,1664,"Harris Brisbane Dick Fund, 1947",Nuremberg,Books|Ornament & Architecture,http://www.metmuseum.org/art/collection/search/343872,
384225,True,Drawings and Prints,2008.0,Print,"Le Palais à Strelna, from the series Vues pittoresques des palais & jardins impériaux aux environs de St. Petersbourg",,Artist|Artist|Printer|Publisher,J. Meyer|C. Schultz|Lemercier|J. Velten,active mid 19th century| |Paris|,ca. 1850,1845,"Gift of Mrs. Charles Wrightsman, 2008",St. Petersburg,Prints,http://www.metmuseum.org/art/collection/search/384225,Palaces|Gardens
427186,True,Drawings and Prints,1959.0,Print,"Francesco I d'Este Protects the French in Casalmaggiore from the Seige of the Spanish, from L'Idea di un Principe ed Eroe Cristiano in Francesco I d'Este, di Modena e Reggio Duca VIII [...]",,Artist|Author,Bartolomeo Fenice (Fénis)|Domenico Gamberti,|,1659,1659,"The Elisha Whittelsey Collection, The Elisha Whittelsey Fund, 1959",Modena,Prints,http://www.metmuseum.org/art/collection/search/427186,Horses|Battles|Soldiers|Men
390660,True,Drawings and Prints,1920.0,Drawing Ornament and Architecture,"China Case, from Chippendale Drawings, Vol. II",,Artist,Thomas Chippendale,"British, baptised Otley, West Yorkshire 1718–1779 London",1753,1753,"Rogers Fund, 1920",London,Drawings|Ornament & Architecture,http://www.metmuseum.org/art/collection/search/390660,Furniture
491226,False,Modern and Contemporary Art,1943,Textile sample,Sample,American,Maker|Maker,Louis A. Stirn|Edmund A. Stirn,"American (born Germany), Frankfurt-am-Main 1863–1962 Staten Island, New York|American (born Germany ?), 1868– (?)",1925,1925,"Gift of Miss M. K. Overbeck, 1943",New York,Textiles-Printed,http://www.metmuseum.org/art/collection/search/491226,
3346,True,The American Wing,1946.0,Dish Cross,Dish Cross,American,Maker,Gerardus Boyce,1795/96–1880,1820–40,1820,"Rogers Fund, 1946",New York,,http://www.metmuseum.org/art/collection/search/3346,
6251,true,The American Wing,1982.0,Plate,Plate,American,Maker,"Challinor, Taylor and Company",1866–1891,1886–95,1886,"Gift of Mrs. John Blake, in memory of her grandmother, Ramona Ham Bienfait, 1982",Tarentum,,http://www.metmuseum.org/art/collection/search/6251,Flowers
350073,False,Drawings and Prints,1931.0,Book,Kunstrichtige Schreibart Allerhand Versalie oder Anfangs Buchstabe Der Teutschen Lateinischen und Italianischen Schriffter...,,Publisher|Designer,Christoph Gerhard|Paul Franck,"German|German, active 17th century",before 1618,1600,"Harris Brisbane Dick Fund, 1931",Nuremberg,Books,http://www.metmuseum.org/art/collection/search/350073,
707596,True,The American Wing,2016.0,Relief,Cornelius Vanderbilt I,American,Artist,Augustus Saint-Gaudens,"American, Dublin 1848–1907 Cornish, New Hampshire",1882,1882,"Purchase, Brooke Russell Astor Bequest and David Schwartz Foundation Inc. Gift, 2016",New York,,http://www.metmuseum.org/art/collection/search/707596,Men|Profiles
785213,False,The American Wing,2018.0,Platter,Platter,French,Retailer|Manufacturer,"Airé & Cie, Paris|G. Baruch Weil","|1799–1828 Paris, France",ca. 1801–04,1796,"Gift of Page Williams Dwyer, 2018",Paris,,http://www.metmuseum.org/art/collection/search/785213,
433751,False,Drawings and Prints,1933.0,Print collection ornament & architecture,"The Miracle of Aaron's rod, from Histoire de Moïse, plate 1, bound in Oeuvres. Vol. IV",,Artist|Publisher,Jean Le Pautre|Jacques II Chereau,"French, Paris 1618–1682 Paris|French, Blois 1688–1776 Paris",17th century,1633,"Harris Brisbane Dick Fund, 1933",Paris,Prints|Ornament & Architecture,http://www.metmuseum.org/art/collection/search/433751,
811999,True,Drawings and Prints,1959.0,Print,Nursing the Spawn of a Tyrant,,Subject|Subject|Publisher|Subject|Artist,"Napoléon II, King of Rome and Duke of Reichstadt|Napoléon Bonaparte|Thomas Tegg|Empress Marie Louise of France|Thomas Rowlandson","French, Paris 1811–1832 Vienna|French, Ajaccio 1769–1821 St. Helena|British, London 1776–1846 London|1791–1847|British, London 1757–1827 London","April 14, 1811",1811,"The Elisha Whittelsey Collection, The Elisha Whittelsey Fund, 1959",London,Prints,http://www.metmuseum.org/art/collection/search/811999,Satire|Napoleon I|Women|Politics
357668,False,Drawings and Prints,1991.0,Book,Studio d'Arts Décoratifs. 5me Série,,Designer|Designer|Designer|Designer|Publisher,"Nicolas Sorokine|Hannequin-Reveur|M. Delahaye|R. Panzani|Editions Guérinet, R. Panzani",| | | |,[ca. 1931],1926,"Jane E. Andrews Fund, in memory of William Loring Andrews, 1933, transferred from the Library",Paris,Books,http://www.metmuseum.org/art/collection/search/357668,
701767,True,Drawings and Prints,1960.0,"Print, Fete, Ornament & Architecture",Plate 28: Drummers and trumpet players marching in the funeral procession of Archduke Albert of Austria; from 'Pompa Funebris ... Alberti Pii',,Artist|Artist,Jacques Francquart|Cornelis Galle I,"French, Brussels 1577–1651 Brussels|Netherlandish, Antwerp 1576–1650 Antwerp",1623,1623,"Gift of Harry G. Friedman, 1960",Brussels,Prints|Prints-Fete,http://www.metmuseum.org/art/collection/search/701767,Men|Drums|Trumpets|Musicians
348819,False,Drawings and Prints,1957.0,Book,Bébé Devient Savant,,Author|Publisher,Mme.  Doudet|Théodore Lefèvre,"French, 1833-1904|",n.d.,1800,"The Elisha Whittesley Collection, The Elisha Whittesley Fund, 1957",Paris,Books,http://www.metmuseum.org/art/collection/search/348819,
715546,False,The American Wing,2020.0,Plaque,Plaque,American,Maker,Wilhelm Hunt Diederich,"American (born Hungary), Szent-Grot 1884–1953 Tappan, New York",ca. 1925–35,1920,"Gift of Martin Eidelberg, 2020",New York City,,http://www.metmuseum.org/art/collection/search/715546,Birds
712258,False,Drawings and Prints,1937.0,Book Prints Ornament & Architecture,Douzième Cahier du Recueil d'Ornemens. Chapiteau Jonique de la Vigne Farnèse à Rome vü de face. (Frontal View of a Ionique Capital in the Farnese Vineyard in Rome).,,Draftsman|Etcher|Draftsman|Publisher,Richard de Lalonde|Louise Brinclaire|R. L|Jacques François Chereau,"French, active Paris, 1780–90|French, active Paris, ca. 1778|French, active Paris, ca. 1778|French, Paris 1742–1794 Paris",ca. 1778–1782,1773,"Harris Brisbane Dick Fund, 1937",Paris,Books|Prints|Ornament & Architecture,http://www.metmuseum.org/art/collection/search/712258,
16840,True,The American Wing,2001.0,Brooch,Brooch,American,Maker,Jaques & Marcus,active 1882–92,ca. 1882–92,1882,"Purchase, Susan and Jon Rotenstreich Gift, 2001",New York,,http://www.metmuseum.org/art/collection/search/16840,Insects
453212,true,Islamic Art,1983.0,Folio from an illustrated manuscript,"""Rescue of Bizhan by Piran"", Folio from a Shahnama (Book of Kings) of Firdausi",,Author,Abu'l Qasim Firdausi,"Iranian, Paj ca. 940/41–1020 Tus",ca. 1610,1585,"Gift of Wendy Findlay, 1983",Bijapur,Codices,http://www.metmuseum.org/art/collection/search/453212,Horses|Men
21968,True,Arms and Armor,1904.0,Wheellock rifle,Wheellock Rifle,"German, Munich and Augsburg",Steel-chiseler|Stock maker,Caspar Spät|Elias Becker,"German, Munich, ca. 1611–1691|German, Augsburg, recorded 1633–74",ca. 1640–50,1615,"Rogers Fund, 1904",Munich and Augsburg,Firearms-Guns-Wheellock,http://www.metmuseum.org/art/collection/search/21968,Hunting|Deer|Dogs|Men
9119,True,The American Wing,1946.0,Tumbler,Tumbler,American,Maker,"Hobbs, Brockunier and Company",1863–1891,after 1886,1887,"Gift of Mrs. Emily Winthrop Miles, 1946",Wheeling,,http://www.metmuseum.org/art/collection/search/9119,
423464,False,Drawings and Prints,1967.0,Print,"About Russia's War with Japan, 1904",,Lithographer,Mikhail Soloviov,"Russian, 1853–1930",1904,1904,"Purchase, Harry G. Friedman Bequest, 1967",Moscow,Prints,http://www.metmuseum.org/art/collection/search/423464,
3610,False,The American Wing,1988.0,Finger bowl and plate,Finger bowl and plate,American,Maker,C. Dorflinger and Sons,"American, White Mills, Pennsylviania, 1881–1921",1891,1891,"Gift of Isabel Lambert Dorflinger, in honor of John Quentin Feller, 1988",White Mills,,http://www.metmuseum.org/art/collection/search/3610,Eagles
661921,True,Drawings and Prints,1918.0,Books Prints Ornament & Architecture,"Corona delle Nobili et Virtuose Donne: Libro I-IV, page 75 (recto)",,Publisher,Cesare Vecellio,"Italian, Pieve di Cadore 1521–1601 Venice",1601,1601,"Rogers Fund, 1918",Venice,Books|Prints|Ornament & Architecture,http://www.metmuseum.org/art/collection/search/661921,Men|Harps|Horns|Violins
383085,False,Drawings and Prints,1966.0,Book,The Flower with Seven-Colored Petals,,Publisher|Author|Illustrator,Detskaya Literatura|Valentin Petrovich Kataev|V. Losin,"Moscow|Russian, 1897–1986|Russian",1964,1964,"Gift of Mrs. Joseph Y. Smith, 1966",Moscow,Books,http://www.metmuseum.org/art/collection/search/383085,
350521,False,Drawings and Prints,1955.0,Book,"Illustrated Catalogue of glassware, from factories  F-G-H-K-L-P",,Author|Publisher|Author|Author,James Gillinder and Sons|Ripley & Co.|United States Glass Co.|O'Hara Glass Co.,"American, 1861–ca. 1930|American, Pittsburgh, Pennsylvania, 1866–1874|Pittsburgh, Pennsylvania|American",1881–90,1881,"The Elisha Whittelsey Collection, The Elisha Whittelsey Fund, 1955",Greensburg,Books,http://www.metmuseum.org/art/collection/search/350521,
350469,False,Drawings and Prints,1946.0,Collection Ornament & Architecture,Disegni Varii di Polifilo Zancarli (panels),,Designer|Etcher|Publisher,Polifilo Giancarli|Odoardo Fialetti|Tasio Giancarli,"active in Venice ca. 1600–1625|Italian, Bologna 1573–1637/38 Venice|Italian, active in Venice (?) ca. 1625",before 1628,1628,"Harris Brisbane Dick Fund, 1946",Venice,Books|Ornament & Architecture,http://www.metmuseum.org/art/collection/search/350469,
15395,False,The American Wing,1994.0,Sauceboat,Sauceboat,"French, for American market",Maker,Dihl et Guérhard,"French, 1781–ca. 1824",1800–1815,1800,"Purchase, Solomon Grossman Gift, in memory of Berry B. Tracy, and The Vincent Astor Foundation Gift, 1994",Paris,,http://www.metmuseum.org/art/collection/search/15395,
344758,False,Drawings and Prints,1975.0,Book,"De Standvastige Monarchye des Doods, En de Zieltoogende Mars in Europa",,Artist|Publisher,Abraham Allard|Carel Allard,"Dutch, 1676–1725|Dutch, Amsterdam 1648–ca. 1709 Amsterdam",ca. 1708 (?),1703,"The Elisha Whittelsey Collection, The Elisha Whittelsey Fund, 1975",Amsterdam,Books,http://www.metmuseum.org/art/collection/search/344758,
347253,False,Drawings and Prints,1950.0,Book,Vita di Sancti padri vulga[ri] historiada ...(Saint Jerome),,Author|Printer|Publisher,Domenico Cavalca|Otinus de Luna of Pavia|Nicolò and Domenicò Sandri Fratelli dal Jesu,"Italian, died 1432|active Venice, 1496–1507|Italian, active Venice, 1501–20","July 28, 1501, Venice",1501,"The Elisha Whittelsey Collection, The Elisha Whittelsey Fund, 1950",Venice,Books,http://www.metmuseum.org/art/collection/search/347253,
787,True,The American Wing,1933.0,Bowl,Punch Bowl,American,Maker,Ephraim Brasher,"American, baptized 1744–1810",1785–1800,1785,"Bequest of Alphonso T. Clearwater, 1933",New York,,http://www.metmuseum.org/art/collection/search/787,
6217,True,The American Wing,1914.0,Plate,Plate,British (American market),Maker,William Adams & Sons,"British, active ca. 1819–present",ca. 1834–ca. 1864,1831,"Bequest of Mary Mandeville Johnston, from the collection of Mr. and Mrs. Edward W. S. Johnston, 1914",Stoke-on-Trent,,http://www.metmuseum.org/art/collection/search/6217,Landscapes
640467,False,Drawings and Prints,1948.0,Print,"Turkish grocers, bound in L'Oeuvre original de Vivant Denon. Collection de eaux-fortes, Volume 1",,Publisher|Artist|Artist,A. Barrand|Guercino (Giovanni Francesco Barbieri)|baron Dominique Vivant Denon,"|Italian, Cento 1591–1666 Bologna|French, Givry 1747–1825 Paris",1873,1873,"Harris Brisbane Dick Fund, 1948",Paris,Books,http://www.metmuseum.org/art/collection/search/640467,
821930,True,The Libraries,,,Les élégances Parisiennes : publication officielle des Industries francaises de la mode,,Publisher,Hachette,,1916–17,1916,,Paris,,http://www.metmuseum.org/art/collection/search/821930,
857098,false,The Libraries,,,Ming Smith,,Editor|Photographer|Publisher,Emmanuel Iduma|Ming Smith|Aperture,| |,2020,2020,,New York,,http://www.metmuseum.org/art/collection/search/857098,
3718,True,The American Wing,1940.0,Flask,Flask,American,Maker,Baltimore Glass Works,1800–ca. 1890,ca. 1846,1843,"Bequest of Constance R. Brown, 1939",Baltimore,,http://www.metmuseum.org/art/collection/search/3718,Men|Profiles
433455,False,Drawings and Prints,1949.0,Print,"The second movement for bringing the pike on to the shoulder and holding it horizontally, from the Lansquenets series, plate 9, in Waffenhandlung von den Rören Musquetten undt Spiessen / Wapenhandelinghe van Roers Musquetten ende Spiessen (The Exercise of Arms)",,Artist|Artist|Artist,Jacques de Gheyn II|Jacques de Gheyn II|Robert Willemsz de Baudous,"Netherlandish, Antwerp 1565–1629 The Hague|Netherlandish, Antwerp 1565–1629 The Hague|Netherlandish, 1574/5–1659",published 1608,1608,"The Elisha Whittelsey Collection, The Elisha Whittelsey Fund, 1949",The Hague,Prints,http://www.metmuseum.org/art/collection/search/433455,
349834,False,Drawings and Prints,1952.0,Book,Popular Aesthetic Considerations on the Symmetry of Pleasing Proportions,,Artist,Hubert Corneille Ambrosium Leopoldus Fock,"Dutch, 1811–1894",1877,1877,"Gift of Lincoln Kirstein, 1952",Cambridge,Books,http://www.metmuseum.org/art/collection/search/349834,
426462,False,Drawings and Prints,1930.0,Prints Collection Ornament & Architecture,"Interior with a Canopy Bed at Center and Two Chairs at Left, from Second Liure Dappartements, part of Œuvres du Sr. D. Marot",,Artist|Publisher,Daniel Marot the Elder|Pierre Husson,"French, Paris 1661–1752 The Hague|",published 1703 or 1712,1703,"Harris Brisbane Dick Fund, 1930",The Hague,Prints|Ornament & Architecture,http://www.metmuseum.org/art/collection/search/426462,
502530,True,Musical Instruments,1889,Square Piano,Square Piano,Austrian,Maker,Caspar Katholnik (Katholnig),"Austrian, Vienna 1763–1829 Vienna",ca. 1801–5,1791,"The Crosby Brown Collection of Musical Instruments, 1889",Vienna,Chordophone-Zither-struck-piano,http://www.metmuseum.org/art/collection/search/502530,
2028,True,The American Wing,1975.0,Chest-on-chest,Chest-on-chest,American,Maker|Maker,Thomas Affleck|James Reynolds,1740–1795|1736–1794,1770–75,1770,"Purchase, Friends of the American Wing and
Rogers Funds; Virginia Groomes Gift, in memory
of Mary W. Groomes, and Mr. and Mrs. Frederick
M. Danziger, Herman Merkin and Anonymous
Gifts, 1975",Philadelphia,,http://www.metmuseum.org/art/collection/search/2028,Birds
27165,True,Arms and Armor,1989.0,Cased pair of percussion pistols with accessories,Cased Pair of Percussion Pistols with Accessories,"French, Paris",Gunsmith,Louis-Julien Gastinne-Renette,"French, Paris 1812–1885 Paris",dated 1856,1856,"Purchase, John Stoneacre Ellis Collection, Gift of Mrs. Ellis and Augustus Van Horne Ellis, and Gift of Charles M. Schott,  by exchange, 1989",Paris,Firearms-Pistols-Percussion,http://www.metmuseum.org/art/collection/search/27165,
734194,False,Drawings and Prints,1939.0,"Book
Print
Ornament & Architecture","Arch with Corinthian Columns, Plate 9",,Artist,Jacques Androuet Du Cerceau,"French, Paris 1510/12–1585 Annecy",1549,1549,"Harris Brisbane Dick Fund, 1939",Orelans,Books|Ornament & Architecture|Prints,http://www.metmuseum.org/art/collection/search/734194,
14074,True,The American Wing,1957.0,Sampler,Embroidered sampler,American,Maker,Caroline Carleton,born ca. 1810,1819,1819,"Bequest of Mabel Herbert Harper, 1957",Haverhill,,http://www.metmuseum.org/art/collection/search/14074,
345163,False,Drawings and Prints,1951.0,Book,One Hundred Bargains from the World's Greatest House Furnishing Emporium,,Engraver|Author,J. S. Conant & Co.|B. A. Atkinson,"American, 19th century|Boston, Massachusetts",19th century,1850,"The Elisha Whittelsey Collection, The Elisha Whittelsey Fund, 1951",Boston,Books,http://www.metmuseum.org/art/collection/search/345163,
347226,False,Drawings and Prints,1946.0,Book,Catalogue de Tableaux. . .de Feu M. Le Bas,,Illustrator|Engraver,Charles Nicolas Cochin II|P. N. Gaucher,"French, Paris 1715–1790 Paris|French, active 18th century",1783,1783,"Harris Brisbane Dick Fund, 1946",Paris,Books,http://www.metmuseum.org/art/collection/search/347226,
344948,False,Drawings and Prints,1934.0,Book,"A General History of Quadrupeds : the figures engraved on wood, chiefly copied from the original of T. Bewick",,Engraver|Publisher,Alexander Anderson|G. & R. Waite,"American, New York 1775–1870 Jersey City, New Jersey|New York, NY",1804,1804,"Harris Brisbane Dick Fund, 1933",New York,Books,http://www.metmuseum.org/art/collection/search/344948,
381511,False,Drawings and Prints,1972.0,Print,"Perspective and plans for the suburban dwelling of Mr. Henderson, Elmhurst, Illinois",,Architect|Publisher|Draftsman,Frank Lloyd Wright|Ernst Wasmuth|Birch Burdette Long,"American, Richland Center, Wisconsin 1867–1959 Phoenix, Arizona|Berlin|American, 1878–1927",1910,1910,"Purchase, Emily Crane Chadbourne Bequest, 1972",Berlin,Prints,http://www.metmuseum.org/art/collection/search/381511,
354786,False,Drawings and Prints,1963.0,Book,Aleksandra Vasilievna Shchekotikhina-Pototskaya,,Author|Illustrator|Editor|Publisher|Illustrator,Viktor Noskovich|Aleksandra Vasilievna Shchekotikhina-Pototskaya|Gleb Pavlov|Khudozhnik RSFSR|Sergey Chekhonin,"Russian, born 1922|Russian, Aleksandrovsk 1892–1967 St. Petersburg|Russian| |Russian, 1878–1936",1959,1959,"Gift of Lincoln Kirstein, 1963",St. Petersburg,Books,http://www.metmuseum.org/art/collection/search/354786,
503770,False,Musical Instruments,1889,Ocarina,Ocarina,Italian,Maker,C. Ficinelli,Italian,late 19th century,1875,"The Crosby Brown Collection of Musical Instruments, 1889",Budrio,Aerophone-Blow Hole-vessel flute,http://www.metmuseum.org/art/collection/search/503770,
501679,False,Musical Instruments,1889,Cavalry Trumpet in D,Cavalry Trumpet in D,German,Maker|Maker,Carl Benjamin Flemming|Joh. Gottlieb Shoengarth,"German, Leipzig 1763–1820 Breslau|",1810–30,1800,"The Crosby Brown Collection of Musical Instruments, 1889",Breslau,Aerophone-Lip Vibrated-trumpet / trombone,http://www.metmuseum.org/art/collection/search/501679,
837927,True,Drawings and Prints,1950.0,Book Costumes,"Gallery of Fashion, vol. VI: April 1 1799 - March 1 1800",,Publisher,Nicolaus Heideloff,"German, Stuttgart 1761–1837 The Hague",1794–1802,1794,"The Elisha Whittelsey Collection, The Elisha Whittelsey Fund, 1950",London,Books|Costumes,http://www.metmuseum.org/art/collection/search/837927,Women|Fashion
7154,False,The American Wing,1967.0,Sauce dish,Sauce Dish,American,Maker,Boston & Sandwich Glass Company,"American, 1825–1888, Sandwich, Massachusetts",before 1867,1857,"Funds from various donors, 1967",Sandwich,,http://www.metmuseum.org/art/collection/search/7154,
490968,false,Modern and Contemporary Art,1942,Sample,Piece,American,Maker,Glendale Linen Company,,1942,1942,"Gift of the Glendale Linen Company, 1942",New York,Textiles-Printed,http://www.metmuseum.org/art/collection/search/490968,Flowers
343890,True,Drawings and Prints,1949.0,Book,[Altars],,Artist|Artist|Publisher,Joseph Anton Feuchtmayer|Gottfried Bernhard Goetz|Gottfried Bernhard Goetz,"German, Linz 1696–1770 Mimmenhausen|German, Velehrad 1708–1774 Augsburg|German, Velehrad 1708–1774 Augsburg",ca. 1740,1735,"The Elisha Whittelsey Collection, The Elisha Whittelsey Fund, 1949",Augsburg,Books,http://www.metmuseum.org/art/collection/search/343890,
390574,True,Drawings and Prints,1920.0,Drawing Ornament and Architecture,"Chamber Organs, from Chippendale Drawings, Vol. II",,Artist,Thomas Chippendale,"British, baptised Otley, West Yorkshire 1718–1779 London",1760,1760,"Rogers Fund, 1920",London,Drawings|Ornament & Architecture,http://www.metmuseum.org/art/collection/search/390574,Birds|Faces|Flowers
348187,False,Drawings and Prints,1970.0,Book,"Le Cri de la Pudeur: Les Nymphs du Palais-Royal; leurs moeurs, leurs expressions d'argot, leur elevation, retraite et decadence",,Author|Engraver|Publisher,P. Cuisin|Claude François Fortier|Roux,"|French, Paris 1775–1835 Paris|",1815,1815,"Gift of Lincoln Kirstein, 1970",Paris,Books,http://www.metmuseum.org/art/collection/search/348187,
434424,False,Drawings and Prints,1953.0,Print collection ornament & architecture,"Young nude male figure walking through a landscape, from Livre d'Académie, plate 11",,Artist|Publisher,Jean Le Pautre|Etienne Gantrel,"French, Paris 1618–1682 Paris|French, Metz 1645/46–1706 Paris",17th century,1633,"Harris Brisbane Dick Fund, 1953",Paris,Prints|Ornament & Architecture,http://www.metmuseum.org/art/collection/search/434424,
