Object ID,Department,AccessionYear,Object Name,Title,Culture,Artist Role,Artist Display Bio,Artist Alpha Sort,Object Date,City,Country,Classification,Link Resource,Tags
649082,Drawings and Prints,1970.0,Print,"Birds in the Nest (in Parables from Nature, opp. p. 327)",,Engraver|Artist,"British, Ipswich 1817–1905 Hastings|German, Moers 1820–1899 London","Harral, Horace|Wolf, Joseph",1865,London,,Prints,http://www.metmuseum.org/art/collection/search/649082,
395516,Drawings and Prints,2011.0,Print,Peasant of the Alps,,Publisher|Publisher|Artist,"British, ca. 1720–1780 London|British, 1760–1781|British, Mildenhall, Suffolk 1750–1811 Keswick, Cumberland","Darly, Matthew|Darly, Mary|Bunbury, Henry William","April 2, 1771",London,,Prints,http://www.metmuseum.org/art/collection/search/395516,Men|Profiles
349051,Drawings and Prints,1948.0,Book,Albrecht Dürers Christlich-Mythologische Handzeichnungen,,Author|Lithographer|Artist,"German, Altötting 1782–1855 Munich|German, Prague 1771–1834 Munich|German, Nuremberg 1471–1528 Nuremberg","Strixner, Johann Nepomuk|Senefelder, Alois|Dürer, Albrecht",1808,Munich,,Books,http://www.metmuseum.org/art/collection/search/349051,
17527,The American Wing,2002.0,Photograph album,Photograph Album,American,Maker,1902–32,Tiffany Studios ,ca. 1902–20,New York,United States,,http://www.metmuseum.org/art/collection/search/17527,
503860,Musical Instruments,1889,Tenor Valve Trombone in B-flat,Tenor Valve Trombone in B-flat,Italian,Maker,active late 19th century,Borsari Pietro,ca. 1870,Bologna,Italy,Aerophone-Lip Vibrated-trumpet / trombone,http://www.metmuseum.org/art/collection/search/503860,
20488,The American Wing,2010.0,Pitcher,Pitcher,American,Artist,"American, 1865–1941","Jarvie, Robert R.",1914,Chicago,United States,,http://www.metmuseum.org/art/collection/search/20488,
433569,Drawings and Prints,1933.0,Print collection ornament & architecture,"Two satyrs, a child, and a goat amidst rinceaux, from Ornements de panneaux à la romaine, plate 9, bound in Oeuvres. Vol. IV",,Artist|Publisher,"French, Paris 1618–1682 Paris|French, ca. 1590–1666 Paris","Le Pautre, Jean|Leblond, Jean I",published ca. 1651,Paris,,Prints|Ornament & Architecture,http://www.metmuseum.org/art/collection/search/433569,
16799,The American Wing,2000.0,Pin,Pin,American,Maker,1837–present,Tiffany & Co.,ca. 1875,New York,United States,,http://www.metmuseum.org/art/collection/search/16799,
7868,The American Wing,1933.0,Spur,Spur,American,Maker,1760–1813,"Revere, III Paul",1800–1830,Boston,United States,,http://www.metmuseum.org/art/collection/search/7868,
348137,Drawings and Prints,1958.0,Book,Nouveau Cayer de Paysages à l'usage des personnes qui apprennent le Dessin,,Publisher, ,"Crépy, J. B.",1781,Paris,,Books,http://www.metmuseum.org/art/collection/search/348137,
16873,The American Wing,2000.0,Coffeepot,Coffeepot,American,Manufacturer,1879–1908,Willets Manufacturing Company ,ca. 1901,Trenton,United States,,http://www.metmuseum.org/art/collection/search/16873,
707200,Drawings and Prints,1955.0,Book,Orazione funebre in morte del Marchese Scipione Maffei detta nella cattedrale di Verona...Con l'aggiunta d'alcuni componimenti poetici d'autore veronese... (Verona 1755),,Publisher|Author|Artist|Artist|Artist|Artist," | |Italian, Verona 1727–1803 Rome|Italian, active 18th century|Italian, Verona 1718–1788 Verona|Italian, Verona 1707–1762 St. Petersburg","Ramanzini, Dionigi|Pindemonte, Marc'Antonio|Cunego, Domenico|Urbani, Giovanni Antonio|Cristofali, Adriano|Rotari, Pietro",1755,Lucca,,Books,http://www.metmuseum.org/art/collection/search/707200,
785211,The American Wing,2018.0,Platter,Platter,French,Manufacturer|Retailer,"1799–1828 Paris, France| ","G. Baruch Weil|Airé & Cie, Paris",ca. 1801–04,Paris,France,,http://www.metmuseum.org/art/collection/search/785211,
746637,Drawings and Prints,1944.0,Book Print Ornament & Architecture,Design for a shawl with scrolling paisley leaves and Indian flowers,,Publisher|Lithographer|Designer|Designer,"French, 19th century|French| |French, 19th Century","Chavant, Fleury|Schlatter, Georges|J.E.G.|Herault",[after 1844],Paris,,Books|Prints|Ornament & Architecture,http://www.metmuseum.org/art/collection/search/746637,
892631,The Libraries,,,Roller-printed paste papers for bookbinding,,Artist,"American, 1925–2019","Morris, Henry",1975,North Hills,,,http://www.metmuseum.org/art/collection/search/892631,
345536,Drawings and Prints,1961.0,Book,"Manufacturer of electro plated British plate equal to silver. . .furnishing ironmonger, and manufaturere of tin, copper, iron & Japan wares",,Author,"British, active 1845","Barlow, James",ca. 1845,London,,Books,http://www.metmuseum.org/art/collection/search/345536,
9311,The American Wing,1980.0,Vase,Vase,American,Maker,1886–1928,Alvin Manufacturing Company,1890–1905,Providence,United States,,http://www.metmuseum.org/art/collection/search/9311,Flowers
727940,Drawings and Prints,1991.0,Book Prints Ornament & Architecture,"Fleurs (Flowers), Plate 15",,Printer|Publisher|Designer," | |French, active 1920–30s","Kadar, G.|Editions ""Synth""|Gladky, Serge",1929,Paris,,Books|Prints|Ornament & Architecture,http://www.metmuseum.org/art/collection/search/727940,
659600,Drawings and Prints,1918.0,Books Prints Ornament & Architecture,"Esemplario di Lauori..., page 17 (verso)",,Designer|Publisher,"Italian, active 16th century|Italian, active Venice 1530–1573","Vavassore, Florio|Vavassore, Giovanni Andrea","August 1, 1532",Venice,,Books|Prints|Ornament & Architecture,http://www.metmuseum.org/art/collection/search/659600,
7803,The American Wing,1933.0,Spoon,Spoon,American,Maker,1760–1813,"Revere, III Paul",ca. 1800,Boston,United States,,http://www.metmuseum.org/art/collection/search/7803,
9479,The American Wing,1896.0,Vase,Vase,American,Designer|Maker,"American, New York 1848–1933 New York|American, 1892–1902","Tiffany, Louis C.|Tiffany Glass and Decorating Company",1893–96,New York,United States,,http://www.metmuseum.org/art/collection/search/9479,
8221,The American Wing,1933.0,Tankard,Tankard,American,Maker,1715–1769,"Roosevelt, Nicholas",1740–50,New York,United States,,http://www.metmuseum.org/art/collection/search/8221,
696861,Drawings and Prints,1962.0,Print,"The death of Saint Joseph, who lies in bed surrounded by the Virgin, Christ, and angels; above, an angel carries lilies; from the series of 112 prints of the sacred history, after the painting by Giovanni Battista Pittoni",,Publisher|Artist|Artist,"Italian, Belluno 1707–1772 Venice|Italian, Venice 1687–1767 Venice|Italian, Belluno 1707–1772 Venice","Monaco, Pietro|Pittoni, Giovanni Battista|Monaco, Pietro",ca. 1730–39,Venice,,Prints,http://www.metmuseum.org/art/collection/search/696861,
349406,Drawings and Prints,1957.0,Book,"Every Lady Her Own Shoemaker; or, a complete self-instructor in the art of making gaiters and shoes",,Author,"New York, NY",Dewitt & Davenport,1856,New York,,Books,http://www.metmuseum.org/art/collection/search/349406,
701829,Drawings and Prints,1960.0,"Print, Fete, Ornament & Architecture",Plate 12: Members of the clergy marching in the funeral procession of Archduke Albert of Austria; from 'Pompa Funebris ... Alberti Pii',,Artist|Artist,"Netherlandish, Antwerp 1576–1650 Antwerp|French, Brussels 1577–1651 Brussels","Galle, Cornelis, I|Francquart, Jacques",1623,Brussels,,Prints|Prints-Fete,http://www.metmuseum.org/art/collection/search/701829,Men|Funerals
491147,Modern and Contemporary Art,1943,Textile sample,Sample,American,Maker|Maker,"American (born Germany), Frankfurt-am-Main 1863–1962 Staten Island, New York|American (born Germany ?), 1868– (?)","Stirn, Louis A.|Stirn, Edmund A.",1925,New York,America,Textiles-Printed,http://www.metmuseum.org/art/collection/search/491147,
23052,Arms and Armor,1928.0,Cased pair of flintlock pistols with accessories,Cased Pair of Flintlock Pistols with Accessories,"French, Paris",Lock maker|Mount maker,"French, Paris, recorded 1779–1818|French, Versailles and Paris, 1761–1833","Pirmet, François|Boutet, Nicholas-Noël",ca. 1810,Paris,,Firearms-Pistols,http://www.metmuseum.org/art/collection/search/23052,
431367,Drawings and Prints,1933.0,Print collection ornament & architecture,"Two demi-façades with people on the stairs at lower right, from Portails d'églises, plate 4, bound in Oeuvres. Vol. II",,Artist|Publisher,"French, Paris 1618–1682 Paris|French, Paris 1634–1716 Paris","Le Pautre, Jean|Mariette, Pierre le fils",17th century,Paris,,Prints|Ornament & Architecture,http://www.metmuseum.org/art/collection/search/431367,
349215,Drawings and Prints,1939.0,Book ; Ornament and Architecture,"Eighteen Designs for Glebe Houses and Rural Cottages, with Ground Plans",,Author|Publisher,"British, 19th century|London","Donville, Helena Lady|Mitchell, J. and Weale J.",ca. 1840,London,,Books|Ornament & Architecture,http://www.metmuseum.org/art/collection/search/349215,
373620,Drawings and Prints,1941.0,Book ; Ornament and architecture,L'architecture de Vitruve,,Author|Translator|Publisher,"Roman, active late 1st century BCE|French|French, 1780–1844","Vitruvius, Marcus|Maufras, Charles L.|Panckoucke, Charles Louis Fleury",1847,Paris,,Books|Ornament & Architecture,http://www.metmuseum.org/art/collection/search/373620,
727945,Drawings and Prints,1991.0,Book Prints Ornament & Architecture,"Fleurs (Flowers), Plate 20",,Printer|Publisher|Designer," | |French, active 1920–30s","Kadar, G.|Editions ""Synth""|Gladky, Serge",1929,Paris,,Books|Prints|Ornament & Architecture,http://www.metmuseum.org/art/collection/search/727945,
641091,Drawings and Prints,1948.0,Print,"Woman seated on a chair, bound in L'Oeuvre original de Vivant Denon. Collection de eaux-fortes, Volume 1",,Publisher|Artist," |French, Givry 1747–1825 Paris","Barrand, A.|Denon, Dominique Vivant Baron",1873,Paris,,Books,http://www.metmuseum.org/art/collection/search/641091,
690578,Drawings and Prints,1952.0,Book,"Vue de l'Eglise de St Jean, from Les Plus Beaux Edifices de Rome Moderne, ou Recueil des plus belles vues des principales eglises, places, palais, fontaines etc. qui sont dans Rome",,Publisher|Artist|Artist|Printer,"Rome|French, Viarmes 1718–1762 Rome|Italian, active Rome, ca. 1750–76| ","Bouchard & Gravier|Barbault, Jean|Montagu, Dominico|Komarek",1763,Rome,,Books,http://www.metmuseum.org/art/collection/search/690578,
660649,Drawings and Prints,1921.0,Books Prints Ornament & Architecture,"Splendore delle virtuose giovani, page 3 (verso)",,Designer|Publisher,"Italian, active Venice, 1557| ","Foresto, Iseppo|Calepino",1564,Venice,,Books|Prints|Ornament & Architecture,http://www.metmuseum.org/art/collection/search/660649,Peacocks|Flowers|Vines
3159,The American Wing,1985.0,Desk and bookcase,Cylinder Desk and Bookcase,American,Maker,"American (born Scotland), near Lock Fannich, Ross-Shire, Scotland 1768/1770–1854 New York","Phyfe, Duncan",1815–20,New York,United States,,http://www.metmuseum.org/art/collection/search/3159,
348837,Drawings and Prints,1924.0,Book,Annual Catalogue of Fruit Trees,,Printer|Author,"Newburgh, New York|American, 19th century","Spalding, J. D.|A. J. Downing & Co.",1839,Newburgh,,Books,http://www.metmuseum.org/art/collection/search/348837,
350052,Drawings and Prints,1922.0,Book,Les Français Peints par Eux-Mêmes. Tome 1-5. Province Tome 1-3,,Publisher,"French, 1801–1870","Curmer, Henri-Léon",1840–42,Paris,,Books,http://www.metmuseum.org/art/collection/search/350052,Women
433758,Drawings and Prints,1933.0,Print collection ornament & architecture,"The Hebrews worshipping God, from Histoire de Moïse, plate 3, bound in Oeuvres. Vol. IV",,Artist|Publisher,"French, Paris 1618–1682 Paris|French, Blois 1688–1776 Paris","Le Pautre, Jean|Chereau, Jacques II Sr.",17th century,Paris,,Prints|Ornament & Architecture,http://www.metmuseum.org/art/collection/search/433758,
350487,Drawings and Prints,1941.0,Book Ornament and Architecture,Rules for Drawing the Several Parts of Architecture,,Author|Publisher|Artist|Artist and publisher|Artist and publisher|Publisher|Publisher,"British, Aberdeen, Scotland 1682–1754 London|British, active 1735–89|London|London|London|London|British","Gibbs, James|Knapton, J. and P.|Austen, S.|Bettesworth, A.|Hitch, C.|Innys, W.|Manby, R.",1738,London,,Books|Ornament & Architecture,http://www.metmuseum.org/art/collection/search/350487,
736076,Drawings and Prints,1959.0,Print,Preceptor and Pupil,,Artist|Subject|Subject|Publisher,"British, London 1757–1827 London|British, 1749–1806|British, London 1762–1830 Windsor|British, 1773?–1831?","Rowlandson, Thomas|Fox, Charles James|Prine of Wales, George|Humphrey, George","May 18, 1784",London,,Prints,http://www.metmuseum.org/art/collection/search/736076,Animals|Men
698422,Drawings and Prints,1921.0,Book,Plate 2: God the Father separating the light from the darkness; from 'Imagines Veteris Ac Novi Testamenti A Raphaele Sanctio Urbinate in Vaticani Palatii Xystis' after Raphael,,Publisher|Artist|Artist,"Italian, Rome 1627–1691 Rome|Italian, Florence 1660–1675|Italian, Urbino 1483–1520 Rome","Rossi, Giovanni Giacomo De|Fantetti, Cesare|Raphael (Raffaello Sanzio or Santi)",1675,Rome,,Books,http://www.metmuseum.org/art/collection/search/698422,
14443,The American Wing,1992.0,Stained glass window,Stained Glass Window,American,Designer|Manufacturer, | ,"McKim, Mead and White |Decorative Stained Glass Company ",1882–84,New York,United States,,http://www.metmuseum.org/art/collection/search/14443,
354814,Drawings and Prints,1962.0,Book ; Ornament and architecture,"Illustrated catalogue...no. 38, of stoves, chimney pieces, kitchen ranges, general ironwork",,Author,London,"O'Brien, Thomas and Co.",1903–4,London,,Books|Ornament & Architecture,http://www.metmuseum.org/art/collection/search/354814,
503526,Musical Instruments,1999,Oboe,Oboe,French,Maker, ,Thibouville-Lamy,ca. 1910,Paris,France,Aerophone-Reed Vibrated-double reed,http://www.metmuseum.org/art/collection/search/503526,
727726,Drawings and Prints,1991.0,Book Prints Ornament & Architecture,"Studio d'Arts Décoratifs, 3e Série, Pl. 2, Six Dessins de haute fantaisie, Coloris nouveaux",,Designer|Publisher," |French, active ca. 1890–1920","Sorokine, Nicolas|Guérinet, Armand",[ca. 1930],Paris,,Books|Prints|Ornament & Architecture,http://www.metmuseum.org/art/collection/search/727726,
668739,The American Wing,2022.0,Pitcher,Pitcher,American,Manufacturer,active 1829–33,Henderson Flint Stoneware Manufactory D. and J.,1829–33,Jersey City,United States,,http://www.metmuseum.org/art/collection/search/668739,
872033,The Libraries,,,A weaver of dreams,,Artist|Publisher|Author,"American, New York 1867–1944 New York| |American, 1874–1911","Armstrong, Margaret Neilson|G.P. Putnam & Co., New York|Reed, Myrtle",1911,New York,,,http://www.metmuseum.org/art/collection/search/872033,
503439,Musical Instruments,1992,Violinett,Violinett,German,Maker,"German, 1851–1939","Pugh, Johannes",ca. 1920,Altona,Germany,Chordophone-Zither,http://www.metmuseum.org/art/collection/search/503439,
627089,Drawings and Prints,1937.0,Print ornament & architecture,"Entablature, capital and two consoles, plate 4, from Architectura 3e Stuck de oorden Tuschana",,Artist|Artist|Artist|Publisher,"Netherlandish, Leeuwarden 1527–1606 (?)  Antwerp (?)|Netherlandish, 1528/32–1605|Netherlandish, active 1554–72, died before 1589|Netherlandish, active Antwerp, second half 16th century","Vredeman de Vries, Hans|Doetecum, Johannes van I|Doetecum, Lucas van|Dierix, Volcxken",1578,Antwerp,,Prints|Ornament & Architecture,http://www.metmuseum.org/art/collection/search/627089,
8518,The American Wing,1970.0,Tile,Tile,American,Maker,"American, Chelsea, Massachusetts, 1877–1903","Low Art Tile Works, J. and J. G.",ca. 1884,Chelsea,United States,,http://www.metmuseum.org/art/collection/search/8518,
381951,Drawings and Prints,1946.0,Book,Grand Livre des Patissiers et de Confiseurs. Tome II.,,Publisher|Printer|Author, | | ,"Dentu, E.|Motteroz|Dubois, Urbain",1883,Paris,,Books,http://www.metmuseum.org/art/collection/search/381951,
3729,The American Wing,1940.0,Flask,Flask,American,Maker,1833–1923,Dyottville Glass Works ,ca. 1847–48,Kensington,United States,,http://www.metmuseum.org/art/collection/search/3729,Men|Profiles|George Washington
8805,The American Wing,1985.0,Tray,Tray,American,Maker,1872–1919,Unger Brothers,1900–1910,Newark,United States,,http://www.metmuseum.org/art/collection/search/8805,
664842,Drawings and Prints,1952.0,Print,"Faune, from Les Plus Beaux Monuments de Rome Ancienne ou Recueil des plus beaux Morceaux de l'Antiquité Romaine qui existent encore",,Artist|Publisher|Printer,"French, Viarmes 1718–1762 Rome|Rome| ","Barbault, Jean|Bouchard & Gravier|Giunchi Heritiers de Komarek",1761,Rome,,Prints,http://www.metmuseum.org/art/collection/search/664842,
337517,Drawings and Prints,1977.0,Book,"Compositions Tirées des Ouvrages, des Jours, et de la Théogonie d'Hésiode, dessinées par Jean Flaxman, R.A.P.S.",,Artist|Engraver|Author,"British, York 1755–1826 London|Italian, Rome 1752–1824 Rome|Greek, active ca. 700 BCE","Flaxman, John|Piroli, Tommaso|Hesiod",1818 (?),Paris,,Books,http://www.metmuseum.org/art/collection/search/337517,
345410,Drawings and Prints,1957.0,Book,The Bible Looking Glass,,Illustrator|Publisher|Author|Author,"American, Windsor, Connecticut 1798–1885 New Haven, Connecticut|Philadelphia, Pennsylvania|British, 18th century|American, 1816–1893","Barber, John Warner|Bradley, Garreston & Co.|Holmes, William Rev.|Howe, Henry",1874,Philadelphia,,Books,http://www.metmuseum.org/art/collection/search/345410,
350081,Drawings and Prints,1962.0,Book,"[Catalogue] manufacturers of high class window and interior display fixtures, dry goods. . . wax and paper mache forms",,Author,"New York, NY",Frankel Display Fixtures Co.,n.d.,New York,,Books,http://www.metmuseum.org/art/collection/search/350081,
348497,Drawings and Prints,1937.0,Book Prints Ornament & Architecture,Nouvelle Iconologie Historique ou Attributes Hierogliphyques... Tome 1.,,Artist|Engraver|Publisher|Publisher|Publisher,"French, Paris 1734–1789 Paris|French, first cited 1768, last cited 1775|French, active ca. 1750–before 1775| |French, Paris 1742–1794 Paris","Delafosse, Jean Charles|Beurlier, Charles|Daumont, Jean François|Le Pere et Avaulet|Chereau, Jacques François",1771–[1782] (?),Paris,,Books|Prints|Ornament & Architecture,http://www.metmuseum.org/art/collection/search/348497,
660975,Drawings and Prints,1953.0,Books Prints Ornament & Archiecture,"Fiori di Ricami Nuovamente Posti in Luce, page 8 (recto)",,Designer|Publisher,"Italian, active Siena, ca. 1581–died 1613|Italian, active 16th century","Florimi, Matteo|Franceschi Francesco de'",1591,Venice,,Books|Prints|Ornament & Architecture,http://www.metmuseum.org/art/collection/search/660975,Flowers
2097,The American Wing,1968.0,Clock,Clock,American,Maker,1837–present,Tiffany & Co.,ca. 1885,New York,United States,,http://www.metmuseum.org/art/collection/search/2097,Obelisks|Hieroglyphs|Sphinx
8217,The American Wing,1933.0,Tankard,Tankard,American,Maker|Maker,"American, Boston, Massachusetts 1734–1818 Boston, Massachusetts|1702–1754","Revere, Paul, Jr.|Revere, Paul Sr.",ca. 1750,Boston,United States,,http://www.metmuseum.org/art/collection/search/8217,Coat of Arms
348505,Drawings and Prints,1977.0,Book,Monographie de L'Oeuvre de Bernard Palissy,,Author|Author|Illustrator|Lithographer|Printer|Designer|Dedicatee|Illustrator,"French|French| |French, Paris| |French, Agen, Lot-et-Garonne 1510–1590 Paris|French, Paris 1811–1892 Gattaiola|French","Delange, Henri|Sauzay|Borneman, C.|Lemercier & Cie.|Martinet, E.|Palissy, Bernard|Nieuwerkerke, Emilien de|Delange, Carle",1862,Paris,,Books,http://www.metmuseum.org/art/collection/search/348505,
384056,Drawings and Prints,1953.0,Book,National Portrait Gallery of Eminent Americans from Original Paintings by Alonzo Chappel,,Author|Artist|Publisher,"American, 1816–1878|American, New York 1828–1887 Middle Island, New York|American, New York","Duyckinck, Evert Augustus|Chappel, Alonzo|Johnson, Fry & Co.",1862,New York,,Books,http://www.metmuseum.org/art/collection/search/384056,
347443,Drawings and Prints,1955.0,Book,Catalogus Gloriae Mundi,,Author|Publisher,"ca. 1480–1541|French, 16th century","Chasseneux, B. de|Vincent, Antoine",1546,Lyon,,Books,http://www.metmuseum.org/art/collection/search/347443,
490948,Modern and Contemporary Art,1941,"Hanging, woven",Hanging,American,Manufacturer, ,Scalamandré,before 1941,New York,America,Textiles-Woven,http://www.metmuseum.org/art/collection/search/490948,Flowers
655997,Drawings and Prints,1947.0,Print,Fox Hounds of the Hatfield Hunt,,Publisher|Etcher|Artist," |British, London 1795–1880 London|British, London 1802–1873 London","Bohn, Henry G.|Landseer, Thomas|Landseer, Edwin Henry, Sir",1853,London,,Prints,http://www.metmuseum.org/art/collection/search/655997,
426464,Drawings and Prints,1930.0,Prints Collection Ornament & Architecture,"Four Designs for Borders for Baldachins or Valances, Combined with Three Designs for Chairs and Tabourets at Left, from Second Liure Dappartements, part of Œuvres du Sr. D. Marot",,Artist|Publisher,"French, Paris 1661–1752 The Hague| ","Marot, Daniel, the Elder|Husson, Pierre",published 1703 or 1712,The Hague,,Prints|Ornament & Architecture,http://www.metmuseum.org/art/collection/search/426464,
3204,The American Wing,1969.0,Dinner plate,Dinner Plate,American,Maker,1863–1922,Union Porcelain Works ,1885,Brooklyn,United States,,http://www.metmuseum.org/art/collection/search/3204,
346777,Drawings and Prints,1941.0,Book ; Ornament and architecture,Sixty Different Sorts of Ornaments,,Designer|Etcher|Etcher,"Italian, active in London and Paris, (?)–1758|British, active 1715–38|British, active 18th century","Brunetti, Gaetano|Fletcher, Henry|La Rocque, Jean",1736,London,,Books|Ornament & Architecture,http://www.metmuseum.org/art/collection/search/346777,
3554,The American Wing,1978.0,Étagère,Étagère,American,Maker,"American, 1897–1921",Heywood Brothers and Wakefield Company ,1897–1905,Wakefield|Gardner,United States|United States,,http://www.metmuseum.org/art/collection/search/3554,
426805,Drawings and Prints,1930.0,Prints Collection Ornament & Architecture,"Quarter of a Ceiling with Mercury in a Painted Scene at Center, Framed by a Wide Border with a Bust in a Niche at the Corner, from Nouveau Liure de Placfond, part of Œuvres du Sr. D. Marot",,Artist|Publisher,"French, Paris 1661–1752 The Hague| ","Marot, Daniel, the Elder|Husson, Pierre",published 1703 or 1712,The Hague,,Prints|Ornament & Architecture,http://www.metmuseum.org/art/collection/search/426805,
24855,Arms and Armor,1968.0,Percussion revolver,"Colt Model 1851 Navy Percussion Revolver, serial no. 2","American, Hartford, Connecticut",Manufacturer,"American, Hartford, Connecticut 1814–1862","Colt, Samuel",1850,Hartford,,Firearms-Pistols-Revolvers,http://www.metmuseum.org/art/collection/search/24855,
452766,Islamic Art,1975.0,Folio from an illustrated manuscript,"""Rustam's Seventh Course: He Kills the White Div"",  Folio from a Shahnama (Book of Kings)",,Author|Artist,"Iranian, Paj ca. 940/41–1020 Tus|Iranian, active 1630s–90s",Abu'l Qasim Firdausi|Musavvir Mu'in,dated A.H. 1077/ 1666–67 CE,Isfahan,Iran,Codices,http://www.metmuseum.org/art/collection/search/452766,Weapons|Men
2567,The American Wing,1933.0,Vase,Covered Vase,Dutch,Maker,1662–1854,Rose factory ,1727–39,Delft,Netherlands,,http://www.metmuseum.org/art/collection/search/2567,
665757,Drawings and Prints,1952.0,Print,"Fragmens antiques, from Les Plus Beaux Monuments de Rome Ancienne ou Recueil des plus beaux Morceaux de l'Antiquité Romaine qui existent encore",,Artist|Publisher|Printer,"French, Viarmes 1718–1762 Rome|Rome| ","Barbault, Jean|Bouchard & Gravier|Giunchi Heritiers de Komarek",1761,Rome,,Prints,http://www.metmuseum.org/art/collection/search/665757,
1900,The American Wing,1960.0,Side Chair,Side Chair,American,Maker,"American (born Scotland), near Lock Fannich, Ross-Shire, Scotland 1768/1770–1854 New York","Phyfe, Duncan",1791–1818,New York,United States,,http://www.metmuseum.org/art/collection/search/1900,
503396,Musical Instruments,1990,Division Viol,Division Viol,British,Maker,"British, 1651–1724 London",Norman Barak,1692,London,United Kingdom,Chordophone-Lute-bowed-fretted,http://www.metmuseum.org/art/collection/search/503396,
690121,Drawings and Prints,1952.0,Print,"Ancien Arc de Triomphe bâti par Auguste à Rimini, from Recueil de divers Monumens Anciens répandus en plusieurs endroits de L'Italie",,Artist|Publisher|Printer|Etcher,"French, Viarmes 1718–1762 Rome|Rome| |Italian, active Rome, ca. 1750–76","Barbault, Jean|Bouchard & Gravier|Giunchi Heritiers de Komarek|Montagu, Dominico",1770,Rome,,Prints,http://www.metmuseum.org/art/collection/search/690121,
693151,Drawings and Prints,1978.0,Print,The Dismissed Servant,,Publisher|Artist|Artist,"French, Paris ca. 1686–1762 Grand Vaux|French, Vermenton 1699–1789 Versailles|French, Arles 1716–1764 Avignon","Surugue, Louis|Jeaurat, Etienne|Baléchou, Jean-Joseph",ca. 1749,Berlin,,Prints,http://www.metmuseum.org/art/collection/search/693151,Women|Servants
7181,The American Wing,1946.0,Sauce dish,Hobnail Sauce Dish,American,Maker,1863–1891,"Hobbs, Brockunier and Company ",after 1886,Wheeling,United States,,http://www.metmuseum.org/art/collection/search/7181,
898800,Drawings and Prints,1941,Book,Livery (catalogue),,Author,"American, founded 1874","Rogers, Peet & Company",1909,New Haven,,Books,http://www.metmuseum.org/art/collection/search/898800,
660659,Drawings and Prints,1921.0,Books Prints Ornament & Architecture,"Splendore delle virtuose giovani, page 9 (verso)",,Designer|Publisher,"Italian, active Venice, 1557| ","Foresto, Iseppo|Calepino",1564,Venice,,Books|Prints|Ornament & Architecture,http://www.metmuseum.org/art/collection/search/660659,Flowers|Vines
681512,Drawings and Prints,1933.0,Books Prints Ornament & Architecture,Modelbuch aller Art Nehens vn Stickens (Page 3v),,Publisher,"German, Hadamar 1502–1555 Frankfurt","Egenolff, Christian",1535,Frankfurt am Main,,Books|Prints|Ornament & Architecture,http://www.metmuseum.org/art/collection/search/681512,Ornament
708926,"Arts of Africa, Oceania, and the Americas",2015.0,Photograph,"Woman outdoors – Ewe kente skirt, headtie and blouse",,Photographer,"Togolese, Kedzi 1880–1975 Lomé","Acolatse, Alex Agbaglo",1975,Lomé,Togo,Photographs,http://www.metmuseum.org/art/collection/search/708926,Portraits|Women
377561,Drawings and Prints,1985.0,Print,Advertising Card for a Wall-mounted Candleholder and Shade: No. 46 Daniel Boone,,Publisher,"American, Brooklyn, New York 1853–1936 Buffalo, New York","Rohlfs, Charles",1907,Buffalo,,Prints,http://www.metmuseum.org/art/collection/search/377561,Lighting|Advertisements
20029,The American Wing,2018.0,Tile,Tile,American,Maker,"American, Baltimore, Maryland 1841–1914 Metuchen, New Jersey","Volkmar, Charles",ca. 1900–14,Metuchen|New York|the Bronx,United States|United States|United States,,http://www.metmuseum.org/art/collection/search/20029,Landscapes
3155,The American Wing,1910.0,Desk and bookcase,Desk and bookcase,American,Maker,1734–1782,"Gould, Nathaniel",ca. 1779,Salem,United States,,http://www.metmuseum.org/art/collection/search/3155,
16317,The American Wing,1997.0,Spoon,Tea Spoon,American,Maker,ca. 1777–1819,"Baldwin, Jabez",1800–1810,Salem,United States,,http://www.metmuseum.org/art/collection/search/16317,
446565,Islamic Art,1913.0,Folio from an illustrated manuscript,"""A Bathhouse Keeper is Consumed by Passion for his Beloved"", Folio from a Khamsa (Quintet) of Amir Khusrau Dihlavi",,Author|Artist,"Indian, Patiyali, 1253–1325 Delhi| ",Amir Khusrau Dihlavi|Nar Singh,1597–98,Lahore,present-day Pakistan,Codices,http://www.metmuseum.org/art/collection/search/446565,Poetry|Men|Elephants|Horses
21586,The American Wing,2013.0,Pitcher,Pitcher,American,Artist,"American, Providence, Rhode Island, 1831–present",Gorham Manufacturing Company,1882,Providence,United States,,http://www.metmuseum.org/art/collection/search/21586,Fish
347566,Drawings and Prints,1965.0,Book,Moidodyr,,Illustrator|Author|Publisher,"Russian, Kirovohrad, Ukraine 1898–1976 Moscow|Russian, St. Petersburg 1882–1969 Moscow|Leningrad","Kanevskiy, Aminadav Moisseevich|Chukovskiy, Korney Ivanovich|Detgiz",1962,Moscow,,Books,http://www.metmuseum.org/art/collection/search/347566,
13523,The American Wing,1990.0,Ash tray,Ash Tray,American,Designer|Maker,"American, New York 1848–1933 New York|1902–32","Tiffany, Louis C.|Tiffany Studios ",ca. 1905–20,New York,United States,,http://www.metmuseum.org/art/collection/search/13523,
501676,Musical Instruments,1889,Trumpet in G,Trumpet in G,German,Maker,"German, active München, 1799–1872","Saurle, Michael",1829,Munich,Germany,Aerophone-Lip Vibrated-trumpet / trombone,http://www.metmuseum.org/art/collection/search/501676,
746631,Drawings and Prints,1944.0,Book Print Ornament & Architecture,"Ornamental designs with grotesques and scrolling acanthus leaves after Aldegrever, Delacolombe, and Ducerceau",,Artist|Publisher|Editor|Printer|Artist,"French, 1623–1710|French, active ca. 1812–41|French, 19th century|French, active Paris, second half 19th century|German, Paderborn ca. 1502–1555/1561 Soest","Ducerceau, Paul Androuet|Blaisot|Chavant, Fleury|Imprimerie Lesauvage|Aldegrever, Heinrich",[after 1844],Paris,,Books|Prints|Ornament & Architecture,http://www.metmuseum.org/art/collection/search/746631,
347023,Drawings and Prints,1917.0,"Print, portfolio","Old Spanish Masters, Engraved by Timothy Cole, with Historical Notes by Charles H. Caffin and Comments by the Engraver",,Artist|Artist|Artist|Artist|Author|Engraver|Publisher|Artist|Artist|Printer|Artist|Artist|Artist,"Spanish, Fuendetodos 1746–1828 Bordeaux|Spanish, Seville 1617–1682 Seville|Spanish, Plasencia (?) 1510/11–1586 Alcántara|Spanish, Granada 1601–1667 Granada|American, 1854–1918|American, London 1852–1931 Poughkeepsie, New York| |Spanish, Seville 1599–1660 Madrid|Spanish, Játiva 1591–1652 Naples|American, active 1880–1920|Greek, Iráklion (Candia) 1541–1614 Toledo|Spanish, Seville 1617–1682 Seville|Spanish, Fuente de Cantos 1598–1664 Madrid","Goya (Francisco de Goya y Lucientes)|Murillo, Bartolomé Estebán|Morales, Luis de|Cano, Alonso|Caffin, Charles H.|Cole, Timothy|Century Company|Velázquez (Diego Rodríguez de Silva y Velázquez)|Ribera, Jusepe de (called Lo Spagnoletto)|Bauer, John C.|Greco, El (Domenikos Theotokopoulos)|Murillo, Bartolomé Estebán|Zurbarán, Francisco de",1907,New York,,Prints|Portfolios,http://www.metmuseum.org/art/collection/search/347023,
347187,Drawings and Prints,1954.0,Book,"Atlas de Cranioscopie, 2 vols.",,Author|Artist|Publisher,"German, Leipzig 1789–1869 Dresden|German, Baiernrain 1804–1877 Munich|German, active 19th century","Carus, Carl Gustav|Hanfstaengl, Franz Seraph|Weichardt, August",1843,Leipzig,,Books,http://www.metmuseum.org/art/collection/search/347187,
892141,The Libraries,,,Black light,,Artist and publisher,"American, born 1983","Oppenheim, Sheryl",2014,Brooklyn,,,http://www.metmuseum.org/art/collection/search/892141,
353632,Drawings and Prints,1984.0,Book ; Ornament and architecture,The Chair-Maker's Guide; Being upwards of Two Hundred New and Genteel Designs,,Publisher|Designer|Designer|Designer|Designer,"British, Sunderland 1725–1794 Bath|British, active 1760–ca. 1770|British, ca. 1720–1780 London|British, London 1758/9–1811|British, active ca. 1766","Sayer, Robert|Manwaring, Robert|Darly, Matthew|Ince and Mayhew|Copland",1766,London,,Books|Ornament & Architecture,http://www.metmuseum.org/art/collection/search/353632,
421929,Drawings and Prints,1967.0,Print,L'Apocalypse,,Artist,"Russian, 1897–1971","de Pogédaïeff, Georges",[1948],Paris,,Prints,http://www.metmuseum.org/art/collection/search/421929,
452635,Islamic Art,1974.0,Folio from an illustrated manuscript,"""Rustam Comes from Kabul to Pay Homage to Kai Khusrau"", Folio from a Shahnama (Book of Kings) of Firdausi",,Author,"Iranian, Paj ca. 940/41–1020 Tus",Abu'l Qasim Firdausi,ca. 1330–40,probably Isfahan,Iran,Codices,http://www.metmuseum.org/art/collection/search/452635,Men
377552,Drawings and Prints,1985.0,Print,Advertising Card for a Candleholder: No. 33 Oom Paul,,Publisher,"American, Brooklyn, New York 1853–1936 Buffalo, New York","Rohlfs, Charles",1907,Buffalo,,Prints,http://www.metmuseum.org/art/collection/search/377552,
646598,Drawings and Prints,1958.0,Print,"The last meal of Mary, Queen of Scots",,Sitter|Artist|Artist|Artist,"British, Linlithgow 1542–1587 Fotheringhay| |French, Lambersart 1794–1865 Paris|French, Lunéville 1814–1881 Lunéville","Mary Queen of Scots|Bertauts|Serrur, Henri Auguste Calixte César|Bour, Charles",ca. 1840,Paris,,Prints,http://www.metmuseum.org/art/collection/search/646598,Food|Men|Women|Dining|Mary Queen of Scots
851637,Arms and Armor,1932,Armor garniture,"Armor Garniture of George Clifford (1558–1605), Third Earl of Cumberland","British, Greenwich",Armorer,"British, master armorer at the royal workshops at Greenwich, documented in England 1558–1608","Halder, Jacob",1586,Greenwich,,Armor for Man,http://www.metmuseum.org/art/collection/search/851637,
345353,Drawings and Prints,1960.0,Book,"Architectonographie des prisons ou parallèle des systèmes de distribution dont les prisons sont susceptibles, selon le nombre et la nature de la population, létendue et la forme des terrains.",,Publisher,"French, Paris 1764–1846 Paris","Baltard, Louis Pierre",1829,Paris,,Books,http://www.metmuseum.org/art/collection/search/345353,
1409,The American Wing,1980.0,Capital,Capital,American,Maker,"American, Richland Center, Wisconsin 1867–1959 Phoenix, Arizona","Wright, Frank Lloyd",ca. 1897,Chicago,United States,,http://www.metmuseum.org/art/collection/search/1409,Capitals
348464,Drawings and Prints,1960.0,Book,Catalogue and price list. . .of artists' materials,,Author|Printer,"New York and Paris|American, active New York, 19th century","Dechaux, Edward|Gray, John A.",1860,New York,,Books,http://www.metmuseum.org/art/collection/search/348464,
9961,The American Wing,1946.0,Wine glass,Wine Glass,American,Maker,1836–1882,"Bakewell, Pears and Company ",1850–70,Pittsburgh,United States,,http://www.metmuseum.org/art/collection/search/9961,
728503,Drawings and Prints,1991.0,Book Prints Ornament & Architecture,"Nouvelles Compositions Décoratives, 1re Série, Pl. 31",,Author|Designer|Publisher,"French|French, active 1920–30s|French","Rémon, Georges|Gladky, Serge|Moreau, Charles Editions d'Art",[ca. 1930],Paris,,Books|Prints|Ornament & Architecture,http://www.metmuseum.org/art/collection/search/728503,
6151,The American Wing,1943.0,Plate,Plate,American,Maker,ca. 1784–1833,"Johnson, Jehiel",1815–25,Fayetteville|Middletown,United States|United States,,http://www.metmuseum.org/art/collection/search/6151,
312044,"Arts of Africa, Oceania, and the Americas",1978.0,Bark painting,Painting from a Ceremonial House Ceiling,"Kwoma, Amachi-Kalaba clan",Artist|Artist, | ,"Artists of Mariwai Village|Numei, Amachi Kalaba",1970,Mariwai village,Papua New Guinea,Bark-Paintings,http://www.metmuseum.org/art/collection/search/312044,
376753,Drawings and Prints,1941.0,Book ; Ornament and architecture,Los diez libros de arquitectura de Leon Battista Alberto,,Author|Publisher|Author,"Italian, Genoa 1404–1472 Rome|Spanish|Spanish, 18th century","Alberti, Leon Battista|Lopez, Isidoro|D. R. B.",1797,Alcala,,Books|Ornament & Architecture,http://www.metmuseum.org/art/collection/search/376753,
351360,Drawings and Prints,1944.0,Book,"Hand-Book of Knitting, Netting , Tatting and Berlin Work",,Publisher, ,"Appleton, George S.",1849,Philadelphia,,Books,http://www.metmuseum.org/art/collection/search/351360,
346189,Drawings and Prints,1928.0,Book,Blue Beard,,Illustrator|Publisher|Publisher|Author,"active 1914| | |French, Paris 1628–1703 Paris","O'Connell, R.|Knebel, I.|Golicke S-Té R. & Wilborg A.|Perrault, Charles",1914,St. Petersburg|Moscow,,Books,http://www.metmuseum.org/art/collection/search/346189,
371631,Drawings and Prints,1941.0,Book,L'architettura di Vitruvio tradotta in italiano da Quirico Viviani illustrata con note critiche ed ampliata di aggiunte intorno ad ogni genere di costruzione antica e moderna,,Author|Illustrator|Publisher|Translator,"Roman, active late 1st century BCE|Italian|Italian, active 19th century|Italian","Vitruvius, Marcus|Tuzzi, Vincenzo|Mattiuzzi|Viviani, Querico",1830–32,Udine,,Books,http://www.metmuseum.org/art/collection/search/371631,
434990,Drawings and Prints,1929.0,Print collection ornament & architecture,"Reverse copy of a design with a trophy of arms impaled on a tree, from Montants de trophées d'armes à l'antique, left-hand side of plate 2",,Artist,"French, Paris 1618–1682 Paris","Le Pautre, Jean",17th century,Paris,,Prints|Ornament & Architecture,http://www.metmuseum.org/art/collection/search/434990,
19873,The American Wing,2018.0,Vase,Vase,American,Maker,"American, Biloxi, Mississippi 1857–1918  Biloxi, Mississippi","Ohr, George E.",ca. 1897–1900,Biloxi,United States,,http://www.metmuseum.org/art/collection/search/19873,
371854,Drawings and Prints,1949.0,Print,"Figure with Pig and Serpent, from ""Ex Antiquis Cameorum et Gemmae Delineata/ Liber Secundus/et ab Enea Vico Parmen Incis""",,Dedicatee|Artist|Publisher|Former Attribution|Artist,"Terni 1559 or 1587–1652 Rome|Italian, Venice ca. 1510–1561 Venice|French, Troyes 1562–1622 Rome|Italian, Parma 1523–1567 Ferrara| ","Angeloni, Francesco|Franco, Battista|Thomassin, Philippe|Vico, Enea|Anonymous, Italian, 16th century",published ca. 1599–1622,Rome,,Prints,http://www.metmuseum.org/art/collection/search/371854,Men|Pigs|Snakes
3199,The American Wing,1969.0,Dinner plate,Dinner Plate,American,Maker,1863–1922,Union Porcelain Works ,1885,Brooklyn,United States,,http://www.metmuseum.org/art/collection/search/3199,
698539,Drawings and Prints,1921.0,Book,Plate 42: David and Goliath; from 'Imagines Veteris Ac Novi Testamenti A Raphaele Sanctio Urbinate in Vaticani Palatii Xystis' after Raphael,,Artist|Publisher|Artist,"Italian, Marsala, Sicily 1650–1692/1700 Rome|Italian, Rome 1627–1691 Rome|Italian, Urbino 1483–1520 Rome","Aquila, Pietro|Rossi, Giovanni Giacomo De|Raphael (Raffaello Sanzio or Santi)",1675,Rome,,Books,http://www.metmuseum.org/art/collection/search/698539,
718147,The American Wing,2020.0,Plaque,Plaque with marsh scene,American,Maker,"American, Cincinnati, Ohio 1847–1939 Cincinnati, Ohio","McLaughlin, M. Louise",1881,Cincinnati,United States,,http://www.metmuseum.org/art/collection/search/718147,
831084,The American Wing,2019.0,Buckle,Buckle,American,Maker,"American, 1866–1957","Copeland, Elizabeth",1912,Boston,United States,,http://www.metmuseum.org/art/collection/search/831084,
348076,Drawings and Prints,1930.0,"Album, prints","The Shape, Skeleton and Foliage of Thirty-two Species of Trees for the Use of Painting and Drawing",,Artist,"British, Russia 1717–1786 London","Cozens, Alexander",1771,London,,Prints,http://www.metmuseum.org/art/collection/search/348076,
504722,Musical Instruments,1889,French Horn,French Horn,French,Maker, ,"Brevete, Gautrot",ca. 1890,Paris,France,Aerophone-Lip Vibrated,http://www.metmuseum.org/art/collection/search/504722,
345025,Drawings and Prints,1924.0,Book,"Transactions of the Apollo Association for the Promotion of the Fine Arts, in the United States, for the Year 1842",,Author|Printer|Artist," | |American, Setauket, New York 1807–1868 Setauket, New York","Apollo Association for the Promotion of the Fine Arts in the United States|Charles Vinten|Mount, William Sidney",1842,New York,,Books,http://www.metmuseum.org/art/collection/search/345025,
729297,Drawings and Prints,1932.0,"Book
Print
Ornament & Architecture
",Three design for door-knockers,,Artist|Publisher,"French, Paris 1510/12–1585 Annecy|French, 1596–1657","Du Cerceau, Jacques Androuet|Mariette, Pierre",1546–49,Paris,,Books|Ornament & Architecture|Prints,http://www.metmuseum.org/art/collection/search/729297,
899634,Drawings and Prints,1930,Print,Cats at the Window,,Artist,"American, 1893–1946","Gag, Wanda",1930,New York,,Prints,http://www.metmuseum.org/art/collection/search/899634,
701574,Drawings and Prints,1951.0,"Print, Fete, Ornament & Architecture","Plate 36: Triumphal arch, surmounted with a portrait bust of Ferdinand, flanked by sculptures of Apollo and Diana; ornamented with allegorical scenes below; from Guillielmus Becanus's 'Serenissimi Principis Ferdinandi, Hispaniarum Infantis...'",,Publisher,"Flemish, active 1620–47","Meursius, Johannes",1636,Antwerp,,Prints|Prints-Fete,http://www.metmuseum.org/art/collection/search/701574,Sculpture|Ferdinand IV|Apollo|Diana|Bulls
431116,Drawings and Prints,1933.0,Print collection ornament & architecture,"Ceiling decoration with Abundance and Cupid, from Desseins de Plaphons, plate 2, bound in Oeuvres. Vol. I",,Artist|Publisher,"French, Paris 1618–1682 Paris|French, Paris 1634–1716 Paris","Le Pautre, Jean|Mariette, Pierre le fils",17th century,Paris,,Prints|Ornament & Architecture,http://www.metmuseum.org/art/collection/search/431116,
20201,The American Wing,2018.0,Vase,Vase,American,Decorator|Manufacturer,"active 1891–1893|American, 1889–1896","Sears, Kate B.|Ceramic Art Company ",ca. 1892,Trenton,United States,,http://www.metmuseum.org/art/collection/search/20201,
352854,Drawings and Prints,1930.0,Book,Die Soldaten Friedrich's des Grossen (The Soldier's of Frederick the Great),,Author|Publisher|Illustrator|Printer|Printmaker,"German, active 19th century| |German, Breslau 1815–1905 Berlin| |German, 1806–1858","Lange, Eduard|Avenarius & Mendelssohn|Menzel, Adolph|Brockhaus, F. A.|Kretzschmar, Eduard",1853,Leipzig,,Books,http://www.metmuseum.org/art/collection/search/352854,
348459,Drawings and Prints,1960.0,Book,"[Illustrated] Price list, hosiery department. . . travelling requisites",,Author,London,Debenham & Freebody,late 19th century,London,,Books,http://www.metmuseum.org/art/collection/search/348459,
347521,Drawings and Prints,1952.0,Book,Chippendale's One Hundred and Thirty Three Designs of Interior Decorations,,Author|Engraver|Publisher|Designer,"British, 1714–1778|British,  ca.1730–after 1782|London|British, baptised Otley, West Yorkshire 1718–1779 London","Johnson, Thomas|Clowes, Butler|Weale, John|Chippendale, Thomas",1834,London,,Books,http://www.metmuseum.org/art/collection/search/347521,
626193,Drawings and Prints,1947.0,Print ornament & architecture,"Vulcan, from Deorum Dearumque Capita : ex vetustis numismatibus in gratiam antiquitatis studiosorum effigiata et edita",,Publisher|Artist|Artist|Artist|Artist,"Netherlandish, Haarlem 1537–1612 Antwerp|Netherlandish, 1528/32–1605|Netherlandish, active 1554–72, died before 1589|Netherlandish, active Antwerp, 1563–73|Netherlandish, active Antwerp, 1563–73","Galle, Philips|Doetecum, Johannes van I|Doetecum, Lucas van|Groeningen, Gerard van|Groeningen, Gerard van",1573,Antwerp,,Ornament & Architecture|Prints,http://www.metmuseum.org/art/collection/search/626193,
381648,Drawings and Prints,1972.0,Print,Perspective and plan Study for a Bank Building in a small city,,Architect|Publisher|Draftsman,"American, Richland Center, Wisconsin 1867–1959 Phoenix, Arizona|Berlin|American, 1876–1948","Wright, Frank Lloyd|Wasmuth, Ernst|Drummond, William E.",1910,Berlin,,Prints,http://www.metmuseum.org/art/collection/search/381648,
347479,Drawings and Prints,1920.0,Book,Confessionario,,Author|Publisher, | ,"Firenze, Cherubino da|Benevenuto, Francesco",ca. 1511,Florence,,Books,http://www.metmuseum.org/art/collection/search/347479,
742600,Drawings and Prints,2016.0,Book Ornament & Architecture,The History of Whitby and Whitby Abbey,,Author,"British, Upper Stobbilee, Northumberland 1720–1788 Whitby","Charlton, Lionel",1779,York,,Books|Ornament & Architecture,http://www.metmuseum.org/art/collection/search/742600,
350453,Drawings and Prints,1939.0,Book,Il Petrarcha,,Author|Publisher, | ,"Gesualdo, Giovanni Andrea|Giglio, Domenico",1553,Venice,,Books,http://www.metmuseum.org/art/collection/search/350453,
350466,Drawings and Prints,1958.0,Book,(a) Saggio di componimenti recitati nell'Accademia de' Concordi di Ravenna,,Author|Publisher|Author|Publisher|Author|Publisher, | | | | | ,"Ghiselli, Ippolito Gamba|Stamperia di San Tommaso d'Aquino|Morigi, Christoforo|Stamperia Camerale|Amigoni, Floraine Marie|Gherardi, Giuseppe","1707,1713, 1745",Ravenna|Bologna,,Books,http://www.metmuseum.org/art/collection/search/350466,
371927,Drawings and Prints,1941.0,Book,"Zehn Bucher über Architektur des Marcus Vitruvius Pollio, übersetzt und erlaütert von Dr. phil. J. Prestel, Architekt, mit vielen vom Überfetzer entworfen Tafeln",,Author|Translator|Publisher,"Roman, active late 1st century BCE|German| ","Vitruvius, Marcus|Prestel, Jakob Dr.|Heitz & Mündel",1912–14,Strasbourg,,Books,http://www.metmuseum.org/art/collection/search/371927,
23339,Arms and Armor,1929.0,Wheellock rifle,Wheellock Rifle,"German, Munich and Augsburg",Stock maker|Steel-chiseler,"German, Augsburg, recorded 1633–74|German, Munich, ca. 1611–1691","Becker, Elias|Spät, Caspar",dated 1668,Munich and Augsburg,,Firearms-Guns-Wheellock,http://www.metmuseum.org/art/collection/search/23339,
432601,Drawings and Prints,1933.0,Print collection ornament & architecture,"Title Page depicting a font ornamented with a plaque illustrating St. Peter walking on water, from Bénitiers et appliques, plate 1, bound in Oeuvres. Vol. III",,Artist|Publisher,"French, Paris 1618–1682 Paris|French, Paris 1634–1716 Paris","Le Pautre, Jean|Mariette, Pierre le fils",17th century,Paris,,Prints|Ornament & Architecture,http://www.metmuseum.org/art/collection/search/432601,
17730,The American Wing,2004.0,Clock,Clock,American,Maker, ,"Joyce, Robert",ca. 1795,New York,United States,,http://www.metmuseum.org/art/collection/search/17730,
789456,The American Wing,2021.0,Necklace,Necklace,American,Manufacturer,"American, 1900–1970",Kalo Shop,1910–20,Chicago,United States,,http://www.metmuseum.org/art/collection/search/789456,
358415,Drawings and Prints,1941.0,Book ; Ornament and architecture,Regla de la cinco ordenes de arquitectura de Jacome de Vignola,,Author|Publisher|Engraver,"Italian, Vignola 1507–1573 Rome|Spanish|Spanish, Madrid 1715–1774 Madrid","Vignola, Jacopo [Giacomo] Barozzi da|Ybarra, Juachin Don|Villanueva, Diego de Don",1764,Madrid,,Books|Ornament & Architecture,http://www.metmuseum.org/art/collection/search/358415,
772770,Drawings and Prints,1951.0,Print,"Portrait of one of Cornelis de Vos' children (probably), seated in a baby chair",,Publisher|Former Attribution|Artist|Artist,"French, active Paris, 1745–81|Flemish, Siegen 1577–1640 Antwerp|Flemish, Hulst 1584/85–1651 Antwerp|Spanish, 1734–1820","Buldet, Denis Charles|Rubens, Peter Paul|Vos, Cornelis de|Carmona, Manuel Salvador",1762,London,,Prints,http://www.metmuseum.org/art/collection/search/772770,Infants|Portraits
735013,Drawings and Prints,1948.0,"Book
Ornament and architecture
Print","Interior View of a Temple, from Temples in the Ancient Style",,Artist,"French, Paris 1510/12–1585 Annecy","Du Cerceau, Jacques Androuet",1550,Paris,,Books|Ornament & Architecture|Prints,http://www.metmuseum.org/art/collection/search/735013,
742615,Drawings and Prints,2016.0,Book Ornament & Architecture,"Edifices Modernes de Rome, 3 volumes",,Author,"French, Coutances 1795–1855 Paris","Letarouilly, Paul Marie",1853,Liege,,Books|Ornament & Architecture,http://www.metmuseum.org/art/collection/search/742615,
348014,Drawings and Prints,1952.0,Book ; Ornament and architecture,"Architettura Della Basilica di S. Pietro in Vaticano.  Opera di Bramante, Lazzari . . . e altri famosi architetti Da Monsignore Gio. Battista Costaguti Seniore. . .Fatta esprimere, e intagliare. . .da Martino Ferrabosco, e posta in luce. . .MDCXX",,Author|Engraver|Publisher,"Italian, 1636–1704|Italian, active 17th century| ","Costaguti, Giovanni Battista the younger|Ferrabosco, Martino|Stamperia della Rev. Cam. Apostolica",1684,Rome,,Books|Ornament & Architecture,http://www.metmuseum.org/art/collection/search/348014,
344940,Drawings and Prints,1974.0,Book,Die Prinzessin und der Schweinehirt,,Author|Illustrator|Publisher,"Danish, Odense 1805–1875 Copenhagen|Austrian, Vienna 1863–1919 Vienna| ","Andersen, Hans Christian|Lefler, Heinrich|Vervielfältigende, Kunst Gesellschaft für",1897,Vienna,,Books,http://www.metmuseum.org/art/collection/search/344940,
24956,Arms and Armor,1993.0,Design for a saddle plate,Design for the Pommel Plate of a Saddle from a Garniture of Alessandro Farnese (1545–1592),"Italian, Parma",Designer,"Italian, Parma, died 1597","Casalini, Andrea",ca. 1575–80,Parma,,Works on Paper-Drawings,http://www.metmuseum.org/art/collection/search/24956,Ornament
381400,Drawings and Prints,1949.0,Book,Plafons à la Moderne,,Publisher|Artist,"French, Paris 1640–1703|French, 1624–1679","Langlois, Nicolas|Loir, Nicolas",1640–79,Paris,,Books,http://www.metmuseum.org/art/collection/search/381400,
350091,Drawings and Prints,1940.0,Book,Frear Artificial Stone Manufacturing Co. [Catalogue],,Author,"Chicago, Illinois",Frear Artificial Manufacturing Co.,ca. 1869,Chicago,,Books,http://www.metmuseum.org/art/collection/search/350091,
432584,Drawings and Prints,1933.0,Print collection ornament & architecture,"Font ornamented with the Baptism of Christ, from Bénitiers, plate 6, bound in Oeuvres. Vol. III",,Artist|Publisher,"French, Paris 1618–1682 Paris|French, Paris 1634–1716 Paris","Le Pautre, Jean|Mariette, Pierre le fils",published 1659,Paris,,Prints|Ornament & Architecture,http://www.metmuseum.org/art/collection/search/432584,
1671,The American Wing,1980.0,Side Chair,Side Chair,American,Maker,1772–1855,"Gragg, Samuel",ca. 1810,Boston,United States,,http://www.metmuseum.org/art/collection/search/1671,
8684,The American Wing,1933.0,Toddy Spoon,Spoon,American,Maker,1723–1795,"Myers, Myer",1780–90,New York,United States,,http://www.metmuseum.org/art/collection/search/8684,
503670,Musical Instruments,1982,Pipe Organ,Pipe Organ,American,Maker,"American, 1785–1872","Appleton, Thomas",1830,Boston,United States,Aerophone-Organ,http://www.metmuseum.org/art/collection/search/503670,
729793,Drawings and Prints,1977.0,Portfolio Prints Ornament & Architecture,"Formes et Couleurs, Planche 12",,Publisher|Designer," |French, active ca. 1910–30","Lévy, Albert Librairie Centrale des Beaux-Arts|Thomas, Auguste H.",ca. 1930 (?),Paris,,Portfolios|Ornament & Architecture|Prints,http://www.metmuseum.org/art/collection/search/729793,
702161,Drawings and Prints,1960.0,"Print, Fete, Ornament & Architecture",Plate 15: Valets marching in the funeral procession of Archduke Albert of Austria; from 'Pompa Funebris ... Alberti Pii',,Artist|Artist,"French, Brussels 1577–1651 Brussels|Netherlandish, Antwerp 1576–1650 Antwerp","Francquart, Jacques|Galle, Cornelis, I",1623,Brussels,,Prints|Prints-Fete,http://www.metmuseum.org/art/collection/search/702161,Men
347033,Drawings and Prints,1921.0,Book,Sing a Song for Sixpence,,Illustrator|Publisher,"British, Chester 1846–1886 St. Augustine, Florida| ","Caldecott, Randolph|Routledge, George & Sons",1846–86,London,,Books,http://www.metmuseum.org/art/collection/search/347033,
349476,Drawings and Prints,1973.0,Book,"Phaedri, Augusti Caesaris Liberti, Fabularum Aesopiarum libri quinque",,Editor|Publisher," |Dutch,1588  Arnhem–Amsterdam 1664","Laurentio, Johanne Jcto.|Janssonius, Johannes",1667,Amsterdam,,Books,http://www.metmuseum.org/art/collection/search/349476,
35890,Arms and Armor,1904.0,Close helmet,Close Helmet,"German, Landshut",Armorer,"German, Landshut, active ca. 1517–62","Grosschedel, Wolfgang",ca. 1560,Landshut,,Helmets,http://www.metmuseum.org/art/collection/search/35890,
377797,Drawings and Prints,1928.0,Book,"8eme Suite De Vases, trépiés, autels, chambeliers, tombeaux, etc. Dans le gout antique",,Designer|Etcher,"French, Paris 1731–1765 Paris|French, Paris 1740–1801 Paris","La Rue, Louis Félix de|Parizeau, Phillipe Louis",1772–75,Paris,,Books,http://www.metmuseum.org/art/collection/search/377797,
687742,"Arts of Africa, Oceania, and the Americas",2015.0,Negative,Young man in cravat with potted plant,,Photographer,"Togolese, Kedzi 1880–1975 Lomé","Acolatse, Alex Agbaglo",ca. 1915,Lomé,Togo,Negatives|Glass,http://www.metmuseum.org/art/collection/search/687742,Men|Portraits
434966,Drawings and Prints,1929.0,Print ornament & architecture,"Two variants for tables and mirrors with Apollo transforming Cyparissus into a cyprus tree on the mirror, from Livre de miroirs, tables, et guéridons, plate 5",,Artist|Publisher,"French, Paris 1618–1682 Paris|French, Paris 1618–1682 Paris","Le Pautre, Jean|Le Pautre, Jean",17th century,Paris,,Prints|Ornament & Architecture,http://www.metmuseum.org/art/collection/search/434966,
501677,Musical Instruments,1889,Keyed Bugle in B-flat,Keyed Bugle in B-flat,Belgian,Maker,"Belgian, Brussels active early 19th century","Devaster, C.",ca. 1830,Brussels,Belgium,Aerophone-Lip Vibrated-trumpet / trombone,http://www.metmuseum.org/art/collection/search/501677,
431349,Drawings and Prints,1933.0,Print collection ornament & architecture,"Pan and Syrinx, from a series of twenty-two plates depicting mythological subjects plate 9, bound in Oeuvres. Vol. I",,Artist|Publisher,"French, Paris 1618–1682 Paris|French, Blois 1688–1776 Paris","Le Pautre, Jean|Chereau, Jacques II Sr.",17th century,Paris,,Prints|Ornament & Architecture,http://www.metmuseum.org/art/collection/search/431349,
381730,Drawings and Prints,1972.0,Print,"Perspective and plans of Concrete House designed for Ladies Home Journal, scheme B",,Architect|Publisher|Draftsman,"American, Richland Center, Wisconsin 1867–1959 Phoenix, Arizona|Berlin|American, 1871–1962","Wright, Frank Lloyd|Wasmuth, Ernst|Griffin, Marion Mahony",ca. 1922,Berlin,,Prints,http://www.metmuseum.org/art/collection/search/381730,
347594,Drawings and Prints,1965.0,Book,"Fancy Cabinet Ware, Parlor Brackets  &c.",,Author,"New York, NY",Clarke Brothers and Company,ca. 1890,New York,,Books,http://www.metmuseum.org/art/collection/search/347594,
490980,Modern and Contemporary Art,1945,Sample,Piece,American,Designer|Maker,"American (born Austria-Hungary), Merano, Italy (Meran) 1898–1962 New York|New York","Bemelmans, Ludwig|Wesley Simpson, Inc. ",1944,New York,America,Textiles-Printed,http://www.metmuseum.org/art/collection/search/490980,Birds
368498,Drawings and Prints,1917.0,Print,Venus at Her Toilet,,Artist|Artist,"Italian, Parma 1523–1567 Ferrara|Italian, Urbino 1483–1520 Rome","Vico, Enea|Raphael (Raffaello Sanzio or Santi)",1546,Florence or possibly Venice,,Prints,http://www.metmuseum.org/art/collection/search/368498,
347339,Drawings and Prints,1927.0,Book ; periodical,"The Chap Book (A Yearly Miscellany), No. 40",,Editor|Printer|Publisher|Illustrator|Engraver|Engraver|Illustrator|Engraver|Engraver|Engraver|Illustrator|Artist|Engraver|Artist|Artist|Artist|Illustrator|Illustrator|Illustrator|Engraver|Etcher|Engraver,"British, Brussels 1879–1932 Broadstairs, Kent|London| |British (born France), Cannes 1878–1952 London|French, Chatou 1880–1954 Garches|British, Kensington 1889–1946 Hampshire|British (born Canada), Amherst 1882–1957 London|British, Isleworth 1891–1972|British, 1896–1973|French, 1895–1985 Paris|American, Great Falls, Montana 1890–1954 New York|British, London 1892–1964|British, London 1902–1981|British, London 1890–1975 London|British, active 1925|British, 1887–1959|British, active 1925|British, Stevenage, Hertfordshire 1872–1966 Vence, France|British, Bradford, Yorkshire 1881–1953 Lausanne, Switzerland|British, active 1925|British, London 1895–1980 London|British, Brockley, Kent 1895–1974 Harrow","Monro, Harold Edward|Westminster Press|Cape, Jonathan|Ginner, Charles|Derain, André|Nash, Paul|Lewis, Wyndham|White, Ethelbert|Bissill, George William|Le Breton, Constant|Kauffer, Edward McKnight|Daglish, Eric Fitch|Hughes-Stanton, Blair Rowlands|Underwood, Leon|Pyke, Elizabeth|Lee, Rupert|Prentis, Terrence|Craig, Edward Gordon|Rutherston, Albert Daniel|Mitchell, Marion|Roberts, William Patrick|Jones, David Michael",1925,London,,Books|Periodicals,http://www.metmuseum.org/art/collection/search/347339,
433443,Drawings and Prints,1949.0,Print,"A soldier on guard blowing the match, from the Musketeers series, plate 40, in Waffenhandlung von den Rören Musquetten undt Spiessen / Wapenhandelinghe van Roers Musquetten ende Spiessen (The Exercise of Arms)",,Artist|Artist|Artist,"Netherlandish, Antwerp 1565–1629 The Hague|Netherlandish, Antwerp 1565–1629 The Hague|Netherlandish, 1574/5–1659","Gheyn, Jacques de, II|Gheyn, Jacques de, II|Baudous, Robert Willemsz de",published 1608,The Hague,,Prints,http://www.metmuseum.org/art/collection/search/433443,
432707,Drawings and Prints,1933.0,Print collection ornament & architecture,"The Erinye Alecto, from a series of twenty plates depicting mythological subjects, plate 11, bound in Oeuvres. Vol. III",,Artist|Publisher,"French, Paris 1618–1682 Paris|French, Paris 1634–1716 Paris","Le Pautre, Jean|Mariette, Pierre le fils",17th century,Paris,,Prints|Ornament & Architecture,http://www.metmuseum.org/art/collection/search/432707,
5527,The American Wing,1983.0,Paperweight,Paperweight,American,Designer|Manufacturer,"1808–1891|American, East Cambridge, Massachusetts, 1818–1888","Leighton, Sr. William|New England Glass Company ",ca. 1850,East Cambridge,United States,,http://www.metmuseum.org/art/collection/search/5527,
346013,Drawings and Prints,1960.0,Book,A History of the Bible,,Artist, ,Anonymous,1832,Providence,,Books,http://www.metmuseum.org/art/collection/search/346013,
431121,Drawings and Prints,1933.0,Print collection ornament & architecture,"Ceiling with a quatrefoil decoration and an eagle and sea dragon, from Desseins de Plaphons, plate 5, bound in Oeuvres. Vol. I",,Artist|Publisher,"French, Paris 1618–1682 Paris|French, Paris 1634–1716 Paris","Le Pautre, Jean|Mariette, Pierre le fils",17th century,Paris,,Prints|Ornament & Architecture,http://www.metmuseum.org/art/collection/search/431121,
344795,Drawings and Prints,1951.0,Book,"Holiday Suggestions—Special, Nov. 20th to Dec. 22nd, 1917 [trade catalogue]",,Author,"American, New York, 1865–1990",B. Altman & Co.,"November 20–December 22, 1917",New York,,Books,http://www.metmuseum.org/art/collection/search/344795,Girls|Department Stores|Women
448279,Islamic Art,1929.0,Folio from an illustrated manuscript,"""Rustam Discoursing with Isfandiyar"", Folio from a Shahnama (Book of Kings)",,Author|Calligrapher|Patron,"Iranian, Paj ca. 940/41–1020 Tus| |Iranian, ca. 1303–1357 Shiraz","Abu'l Qasim Firdausi|Hasan ibn Muhammad ibn `Ali ibn (?) Husaini, known as al-Mausili|al-Hasan Qawam al-Daula wa'l-Din",dated A.H. 741/1341 CE,Shiraz,Iran,Codices,http://www.metmuseum.org/art/collection/search/448279,Kings|Men
777860,Drawings and Prints,1949.0,Print,"Adam and Eve in the Garden of Eden, Eve at right giving Adam the apple",,Artist|Artist and publisher,"Italian, Venice 1518/19–1594 Venice|Italian, Belluno 1707–1772 Venice","Tintoretto, Jacopo (Jacopo Robusti)|Monaco, Pietro",1741–52,Venice,,Prints,http://www.metmuseum.org/art/collection/search/777860,
626491,Drawings and Prints,1958.0,Print ornament & architecture,"Honos, from Deorum Dearumque Capita : ex vetustis numismatibus in gratiam antiquitatis studiosorum effigiata et edita",,Publisher|Artist|Artist|Artist|Artist,"Netherlandish, Haarlem 1537–1612 Antwerp|Netherlandish, 1528/32–1605|Netherlandish, active 1554–72, died before 1589|Netherlandish, active Antwerp, 1563–73|Netherlandish, active Antwerp, 1563–73","Galle, Philips|Doetecum, Johannes van I|Doetecum, Lucas van|Groeningen, Gerard van|Groeningen, Gerard van",1573,Antwerp,,Ornament & Architecture|Prints,http://www.metmuseum.org/art/collection/search/626491,
690007,Arms and Armor,1929.0,Rapier and parrying dagger,Rapier and Parrying Dagger,"German; rapier blade, Spanish, Toledo",Bladesmith,"Spanish, Toledo, active ca. 1600","Martinez, Juan",ca. 1580,Toledo,,Swords,http://www.metmuseum.org/art/collection/search/690007,
747650,The Libraries,,,Miserable miracle (mescaline),,Author,"French (born Belgium), Namur 1899–1984 Paris","Michaux, Henri",1963,San Francisco,,,http://www.metmuseum.org/art/collection/search/747650,
652713,Drawings and Prints,1951.0,Print,"Plate 2: Chierico di Capella, in profile to the right, holding his hat in his right hand, from Raccolta di XXIV Caricature Disegnate colla penna dell Celebre Cavallier Piet: Leon: Ghezzi [...]",,Artist|Artist,"Italian, Comunanza near Ascoli Piceno 1674–1755 Rome|German, 1716–1778","Ghezzi, Pier Leone|Oesterreich, Matthias",1750,Vienna,,Prints,http://www.metmuseum.org/art/collection/search/652713,
786284,Drawings and Prints,1959.0,Print,A Visit to the Doctor,,Publisher|Artist|Artist,"British, London 1776–1846 London|British, London 1757–1827 London|British, 1765–1809 London","Tegg, Thomas|Rowlandson, Thomas|Woodward, George Murgatroyd",1809–12?,London,,Prints,http://www.metmuseum.org/art/collection/search/786284,Satire|Men|Women|Doctors
349228,Drawings and Prints,1970.0,Book,Up-to-date Windmills,,Author,"Elgin, Illinois",Elgin Wind Power & Pump Co.,1906,Elgin,,Books,http://www.metmuseum.org/art/collection/search/349228,
381133,Drawings and Prints,1954.0,Print,"Governor's Island, New York",,Artist,"American, active New York, 1849–58","Leefe, George E.",ca. 1850–59,New York,,Prints,http://www.metmuseum.org/art/collection/search/381133,
421088,Drawings and Prints,1957.0,Print,"6th Plate, from Trattato delle Piante & Immagini de Sacri Edifizi di Terra Santa (Treatise of the Plans & Images of the Sacred Buildings of the Holy Land)",,Artist|Artist|Publisher,"Italian, active 1593–1619|French, Nancy 1592–1635 Nancy|Italian, active late 16th–early 17th century","Amico, Bernardino|Callot, Jacques|Cecconcelli, Pietro",1620,Florence,,Prints,http://www.metmuseum.org/art/collection/search/421088,
346601,Drawings and Prints,1944.0,Book,Embroidery Lessons with Colored Studies,,Author,"New Haven and New London, Connecticut",Brainerd & Armstrong Co.,1903,New London,,Books,http://www.metmuseum.org/art/collection/search/346601,
349583,Drawings and Prints,1966.0,Book,Beauty's Day,,Author|Translator|Publisher|Printer|Artist|Engraver|Illustrator|Engraver|Engraver|Engraver|Engraver|Engraver,"French, active late 18th century|British, 1781–1864 Tunbridge Wells|London|Edinburgh|French, Paris, ca. 1740–ca. 1796|French, active 18th century|French, 1845–1928|French, active 1883|French, active ca. 1750–79|French, Paris 1723–1807 Paris|French, 1730–1809 Paris|French, Paris 1744?–?1802 Paris","Favre, Abbé de|Keene, Henry George|Vizetelly & Co.|Turnbull & Spears|Le Clerc, Pierre Thomas|Le Roy T.|Lemaire, Madeleine-Jeanne|Depollier|Arrivet, J.|Le Grand, Louis Claude|Halbou, Louis Michel|Patas, Jean-Baptiste",[1890],London,,Books,http://www.metmuseum.org/art/collection/search/349583,
3186,The American Wing,1987.0,Fork,Dinner Fork,American,Designer|Manufacturer,"1864–1926|American, Providence, Rhode Island, 1831–present","Maher, George Washington|Gorham Manufacturing Company",1912,Providence,United States,,http://www.metmuseum.org/art/collection/search/3186,
346714,Drawings and Prints,1957.0,Book,Illustrated Catalog (Copy 159) and price list of domestic furniture,,Author,"Cleveland, Ohio",Brooks Household Art Co.,ca. 1900,Cleveland,,Books,http://www.metmuseum.org/art/collection/search/346714,
734902,Drawings and Prints,1920.0,"Book
Ornament and architecture
Print","View of a Temple, from Temples in the Ancient Style",,Artist,"French, Paris 1510/12–1585 Annecy","Du Cerceau, Jacques Androuet",1550,Orleans,,Books|Ornament & Architecture|Prints,http://www.metmuseum.org/art/collection/search/734902,
13982,The American Wing,1976.0,Carpet,"Carpet from the ""Fintona"" Design Range",British,Designer|Maker|Designer,"British, Hessle, Yorkshire 1857–1941 Winchester| | ","Voysey, Charles|Alexander Morton and Company|Alexander Morton and Company",ca. 1905,Donegal,Ireland,,http://www.metmuseum.org/art/collection/search/13982,Flowers
371137,Drawings and Prints,1941.0,Book,"Les dix livres d'Architecture de Vitruve, corrigez et traduits nouvellement en François, avec notes & de figures",,Author|Translator|Publisher|Engraver|Engraver|Engraver|Engraver|Engraver|Dedicatee|Engraver|Engraver|Engraver,"Roman, active late 1st century BCE|French, 1613–1688|French, active 17th century|Dutch, Antwerp 1640–1707 Paris|French, Paris ca. 1635/40–after 1689 Paris|French, Metz 1637–1714 Paris|French, Paris 1698–after 1755|French, active 17th century|French, Saint-Germain-en-Laye 1638–1715 Versailles|French, Metz 1645/46–1706 Paris|French, active 1653–74|French, Paris before 1670–1724","Vitruvius, Marcus|Perrault, Claude|Coignard, Jean Baptiste|Edelinck, Gérard|Grignon, Jacques|Leclerc, Sébastien, I|Scotin, Gérard Jean-Baptiste|Tournier, Georges|Louis XIV, King of France|Gantrel, Etienne|Patigny, Jean|Pitau, Nicolas",1684,Paris,,Books,http://www.metmuseum.org/art/collection/search/371137,
2177,The American Wing,1941.0,Comb,Comb,American,Maker,1837–present,Tiffany & Co.,ca. 1910,New York,United States,,http://www.metmuseum.org/art/collection/search/2177,
22378,Arms and Armor,1914.0,Wheellock rifle,Wheellock Rifle,"German, Munich",Steel-chiseler|Stock maker,"German, Munich, recorded 1602–32|German, Munich, recorded 1597–1637","Sadeler, Daniel|Borstorffer, Hieronymus",ca. 1610–30,Munich,,Firearms-Guns-Wheellock,http://www.metmuseum.org/art/collection/search/22378,Dogs|Men|Hunting|Deer
710378,Drawings and Prints,1952.0,Book,"The Delineator, A Monthly Magazine Illustrating Metropolitan Fashions, Vol. XXI, No. 1",,Publisher,"New York, NY","Butterick, E. and Co.",January 1883,New York,,Books,http://www.metmuseum.org/art/collection/search/710378,
716896,The American Wing,2020.0,Vase,Losanti vase with grape leaves,American,Maker,"American, Cincinnati, Ohio 1847–1939 Cincinnati, Ohio","McLaughlin, M. Louise",ca. 1900–4,Cincinnati,United States,,http://www.metmuseum.org/art/collection/search/716896,
644516,Drawings and Prints,1948.0,Print,"Seated young man caressing a standing woman, bound in L'Oeuvre original de Vivant Denon. Collection de eaux-fortes, Volume 2",,Artist|Publisher,"French, Givry 1747–1825 Paris| ","Denon, Dominique Vivant Baron|Barrand, A.",1873,Paris,,Books,http://www.metmuseum.org/art/collection/search/644516,
642787,Drawings and Prints,1948.0,Print,"Diplomatic body of Naples in 1784, bound in L'Oeuvre original de Vivant Denon. Collection de eaux-fortes, Volume 2",,Artist|Publisher,"French, Givry 1747–1825 Paris| ","Denon, Dominique Vivant Baron|Barrand, A.",1873,Paris,,Books,http://www.metmuseum.org/art/collection/search/642787,
432545,Drawings and Prints,1933.0,Print collection ornament & architecture,"Fountain in profile with its basin, the tap of which is a putto riding a dolphin, from Fontaines, cuvettes et cartouches, plate 4, bound in Oeuvres. Vol. III",,Artist|Publisher,"French, Paris 1618–1682 Paris|French, Paris 1634–1716 Paris","Le Pautre, Jean|Mariette, Pierre le fils",17th century,Paris,,Prints|Ornament & Architecture,http://www.metmuseum.org/art/collection/search/432545,
377555,Drawings and Prints,1985.0,Print,Advertising Card for a Call Bell: No. 37,,Publisher,"American, Brooklyn, New York 1853–1936 Buffalo, New York","Rohlfs, Charles",1907,Buffalo,,Prints,http://www.metmuseum.org/art/collection/search/377555,Candlesticks|Advertisements|Bells
501767,Musical Instruments,1889,Double Virginal,Double Virginal,Flemish,Maker,"Flemish, active Middelburg, Zeeland, The Netherlands 1593–1600",Grouwels Lodewijck,1600,Middelburg,The Netherlands,Chordophone-Zither-plucked-virginal,http://www.metmuseum.org/art/collection/search/501767,Men|Women|Crowd|Horses
2095,The American Wing,1925.0,Clock,Clock,,Maker, ,Jacob,1800–1830,Paris,France,,http://www.metmuseum.org/art/collection/search/2095,George Washington|Lions|Eagles|Men
430898,Drawings and Prints,1933.0,Print collection ornament & architecture,"Fireplace ornamented with a Bacchic scene in a medallion, from Cheminées et lambris, plate 4, bound in Oeuvres. Vol. I",,Artist|Publisher,"French, Paris 1618–1682 Paris|French, Paris 1634–1716 Paris","Le Pautre, Jean|Mariette, Pierre le fils",17th century,Paris,,Prints|Ornament & Architecture,http://www.metmuseum.org/art/collection/search/430898,
687437,Drawings and Prints,1922.0,Book ; periodical,"Les Artistes Anciens et Modernes, Volume IV",,Publisher|Artist|Artist|Artist|Artist|Artist," |French (born Italy), Rome 1813–1873 Bourron-Marlotte|French, Besançon 1816–1885 Geneva|French, Plombières-les-Bains 1814–1897 Plombières-les-Bains|French, Caen 1807–1863 Paris|French, Paris 1820–1881 Paris","Bertauts|Nanteuil, Célestin|Baron, Henri-Charles-Antoine|Français, François-Louis|Leroux, Eugène|Mouilleron, Adolphe",1848–62,Paris,,Books|Periodicals,http://www.metmuseum.org/art/collection/search/687437,
347068,Drawings and Prints,1932.0,Book,"Treatise on Carriage, Sign, and Ornamental Painting",,Author|Publisher,"American, 19th century|New York, NY","Campbell, Orson|Lewis, Russell R.",1841,New York,,Books,http://www.metmuseum.org/art/collection/search/347068,
435445,Drawings and Prints,1918.0,Print collection ornament & architecture,"Two variant designs for paneling with a river god at left and a putto riding a sea lion at right, from Ornements de panneaux pour enrichir les lambris, plate 4, in A Bound Collection of Print Series Including Cheminées et Lambris, Alcoves à la Romaine, Feuillages et autres ornemens..., etc.",,Artist|Publisher|Publisher,"French, Paris 1618–1682 Paris|French, 1712–1784|French, Paris 1634–1716 Paris","Le Pautre, Jean|Jombert, Charles Antoine|Mariette, Pierre le fils",1751,Paris,,Prints|Ornament & Architecture,http://www.metmuseum.org/art/collection/search/435445,
427181,Drawings and Prints,1959.0,Print,"Francesco I d'Este Sets Out for the Seige of Cremona, Crosses the Trench Between Himself and the Spanish, and Takes the City with Great Force, from L'Idea di un Principe ed Eroe Cristiano in Francesco I d'Este, di Modena e Reggio Duca VIII [...]",,Artist|Author, | ,Fenice (Fénis)|Gamberti,1659,Modena,,Prints,http://www.metmuseum.org/art/collection/search/427181,Horses|Battles|Army
346832,Drawings and Prints,1966.0,Book,The Pike Commands,,Author|Illustrator|Translator|Publisher,"Russian|Russian, Nizhnii Novgorod 1900–1996 Moscow| | ","Bulatov, Mikhail Aleksandrovich|Mavrina, Tatiana Alekseevna|Altschuler, Helen|Foreign Languages Publishing House",1960–69,Moscow,,Books,http://www.metmuseum.org/art/collection/search/346832,
5319,The American Wing,1939.0,Mug,Mug,American,Maker|Maker,1690–1758|1729–1800,"Bassett, I Francis|Bassett, II Francis",1718–85,New York,United States,,http://www.metmuseum.org/art/collection/search/5319,
348701,Drawings and Prints,1931.0,Book,Specimen des Caractères de la Fonderie Normale à Bruxelles. Provenant de la Fonderie de Jules Didot et de Son Pere Pierre Didot.,,Publisher|Designer|Designer,"Haarlem|French, 1761–1853| ","Enschedé, Johannes, en Zonen|Didot, Pierre l'ainé|Didot, Jules",1914,Haarlem,,Books,http://www.metmuseum.org/art/collection/search/348701,
431840,Drawings and Prints,1933.0,Print collection ornament & architecture,"A grotto with a fountain ornamented with a dolphin, from Grottes et fontaines, plate 5, bound in Oeuvres. Vol. II",,Artist|Publisher,"French, Paris 1618–1682 Paris|French, Metz 1645/46–1706 Paris","Le Pautre, Jean|Gantrel, Etienne",17th century,Paris,,Prints|Ornament & Architecture,http://www.metmuseum.org/art/collection/search/431840,
349014,Drawings and Prints,1945.0,Book,Gems of Business and Ornamental Penmanship,,Author|Publisher,"American, 19th century|Pittsburgh, Pennsylvania","Duncan, J. S.|Duff, P.",ca. 1858,Pittsburgh,,Books,http://www.metmuseum.org/art/collection/search/349014,
5119,The American Wing,1883.0,Medallion,Medallion,American,Maker, ,"Vett, B. L.",1800–1830,New York,United States,,http://www.metmuseum.org/art/collection/search/5119,Men|Profiles
3948,The American Wing,1883.0,Medallion,George Washington,,Maker,active 1819–30,"Desprez, Jr. ",1820–30,Paris,France,,http://www.metmuseum.org/art/collection/search/3948,George Washington|Profiles
433670,Drawings and Prints,1972.0,Print,"Christ, from Christ, the Apostles, and Saint Paul",,Artist|Artist|Publisher,"Netherlandish, Antwerp 1565–1629 The Hague|Netherlandish, 1561–ca. 1604|Netherlandish, Antwerp 1565–1629 The Hague","Gheyn, Jacques de, II|Dolendo, Zacharias|Gheyn, Jacques de, II",,Leiden,,Prints,http://www.metmuseum.org/art/collection/search/433670,
14059,The American Wing,1944.0,Sampler,Embroidered Sampler,American,Maker,born 1787,"Hyde, Laura",1800,Franklin,United States,,http://www.metmuseum.org/art/collection/search/14059,Eagles|Women|Ships|Animals
727162,Drawings and Prints,1991.0,Book Prints Ornament & Architecture,"Studio d'Arts Décoratifs..., Pl. 14, Cinq Dessins en noir",,Publisher|Designer,"French, active ca. 1890–1920| ","Guérinet, Armand|Sorokine, Nicolas",[ca. 1930],Paris,,Books|Prints|Ornament & Architecture,http://www.metmuseum.org/art/collection/search/727162,
468673,Medieval Art,1964.0,Candlestick,Candlestick,South Netherlandish,Artist,"Netherlandish, active Maastricht 1492–1501","van Tricht, Jehan Aert",ca. 1500,Maastricht or Xanten,,Metalwork-Brass,http://www.metmuseum.org/art/collection/search/468673,Men
312021,"Arts of Africa, Oceania, and the Americas",1978.0,Bark painting,Painting from a Ceremonial House Ceiling,"Kwoma, Amachi-Kalaba clan",Artist|Artist, | ,"Artists of Mariwai Village|Numei, Amachi Kalaba",1970,Mariwai village,Papua New Guinea,Bark-Paintings,http://www.metmuseum.org/art/collection/search/312021,
312069,"Arts of Africa, Oceania, and the Americas",1978.0,Bark painting,Painting from a Ceremonial House Ceiling,"Kwoma, Sunggwei Wanyi clan",Artist|Artist, | ,"Artists of Mariwai Village|Yinongwut, Sunggwei Wanyi",1970,Mariwai village,Papua New Guinea,Bark-Paintings,http://www.metmuseum.org/art/collection/search/312069,
338583,Drawings and Prints,1971.0,Book,"The Plays of William Shakespeare,  vol. 9, containing Romeo and Juliet, Hamlet, Othello",,Author|Illustrator|Engraver|Engraver|Engraver|Publisher|Editor|Printer|Editor,"British, Stratford-upon-Avon 1564–1616 Stratford-upon-Avon|Swiss, Zürich 1741–1825 London|British, London 1757–1827 London|British, 1778–1810|British, 1765–1838|London|British, Stepney 1734–1800 Hampstead|British, active London 1804–10|British (born Scotland), Aberdeen 1759–1834 London","Shakespeare, William|Fuseli, Henry|Blake, William|Smith, Joseph Clarendon|Rhodes, Richard|Rivington, F. C. & J.|Steevens, George|Baldwin, C. and R.|Chalmers, Alexander A.M.",1805,London,,Books,http://www.metmuseum.org/art/collection/search/338583,
349092,Drawings and Prints,1977.0,Book ; Ornament and architecture,"Hints on Household Taste in Furniture, Upholstery, and Other Details",,Author|Publisher,"British, Plymouth 1836–1906 London|Boston, Massachusetts","Eastlake, Charles Locke|Osgood, James R., & Co.",1872,Boston,,Books|Ornament & Architecture,http://www.metmuseum.org/art/collection/search/349092,
13472,The American Wing,1993.0,Sampler,Embroidered Sampler,American,Maker, ,"Lalor, Maria",1793,New York,United States,,http://www.metmuseum.org/art/collection/search/13472,
435483,Drawings and Prints,1918.0,Print collection ornament & architecture,"Landscape in an oval with two griffins below, from Divers panneaux d'ornements, plate 6, in A Bound Collection of Print Series Including Cheminées et Lambris, Alcoves à la Romaine, Feuillages et autres ornemens..., etc.",,Artist|Publisher|Publisher,"French, Paris 1618–1682 Paris|French, 1712–1784|French, Paris 1634–1716 Paris","Le Pautre, Jean|Jombert, Charles Antoine|Mariette, Pierre le fils",1751,Paris,,Prints|Ornament & Architecture,http://www.metmuseum.org/art/collection/search/435483,
700050,The Libraries,,,"Traité de l'horlogerie, méchanique et pratique, approuvé par l'Academie royale des sciences",,Author,1692–1767,"Thiout, Antoine",1741,Paris,,,http://www.metmuseum.org/art/collection/search/700050,
347036,Drawings and Prints,1966.0,Book,Three Young Rats and other Rhymes,,Designer|Editor|Publisher,"American, Philadelphia, Pennsylvania 1898–1976 New York|American, 1900–1986| ","Calder, Alexander|Sweeney, James Johnson|Museum of Modern Art, New York",1946,New York,,Books,http://www.metmuseum.org/art/collection/search/347036,
370875,Drawings and Prints,1934.0,Album Print Ornament & Architecture,"Two Armorial Trophies marked by the incorporation of a Cuirass and Battering Ram with a Ram's Head, plate 14 from ""Libro de' Trofei""",,Artist|Former Attribution|Publisher|Artist," |Italian, Parma 1523–1567 Ferrara|French, Orgelet, Franche-Comte ca. 1512–1577 Rome|Italian, Caravaggio ca. 1499–ca. 1543 Messina","Anonymous, Italian, 16th century|Vico, Enea|Lafreri, Antonio|Caravaggio, Polidoro da",ca. 1550–53,Rome,,Prints|Albums|Ornament & Architecture,http://www.metmuseum.org/art/collection/search/370875,
709280,Drawings and Prints,1952.0,Book,"The Delineator, A Monthly Magazine Illustrating Metropolitan Fashions, Vol. XVIII, No. 6",,Publisher,"New York, NY","Butterick, E. and Co.",December 1881,New York,,Books,http://www.metmuseum.org/art/collection/search/709280,
746058,Drawings and Prints,1956.0,Print,Pièce commémorative d'un mariage,,Artist,"French, Paris 1730–1809 Paris","Choffard, Pierre Philippe",1780,Paris,,Prints,http://www.metmuseum.org/art/collection/search/746058,
2962,The American Wing,1912.0,Cup plate,Cup Plate,British (American market),Maker,"British, active Burslem, 1818–46","Wood & Sons, Enoch",ca. 1841–ca. 1846,Stoke-on-Trent,England,,http://www.metmuseum.org/art/collection/search/2962,
21913,Arms and Armor,1891.0,Blade and mounting for a short sword (Wakizashi),Blade and Mounting for a Short Sword (Wakizashi),Japanese,Swordsmith|Fittings maker|Decorator,"Japanese, Yamagata 1778–1857 Edo|Japanese, Hagi, active 19th century|Japanese, Edo period, 19th century","Naotane Taikei|Yukinaka|Yoshitane, Honjō","blade, dated 1839; mounting, early–mid 19th century",Hagi,,Swords,http://www.metmuseum.org/art/collection/search/21913,
13885,The American Wing,1962.0,Quilt,"Quilt, Double X pattern",American,Maker, ,R. M.,1849,Lancaster,United States,,http://www.metmuseum.org/art/collection/search/13885,
645013,Drawings and Prints,1958.0,Print,"Mary, Queen of Scots, on the eve previous to her execution (from ""The History of England,"" volume III, chapter XLII)",,Sitter|Artist|Artist|Author|Publisher,"British, Linlithgow 1542–1587 Fotheringhay|American, Delaware County, Pennsylvania 1794–1869 Philadelphia, Pennsylvania|British, Edinburgh 1754/5–1817 Edinburgh|British, Edinburgh, Scotland 1711–1776 Edinburgh|American, 1797–1870, active Philadelphia, Pennsylvania","Mary Queen of Scots|Longacre, James Barton|Graham, John|Hume, David|Littell, Eliakim",1828,Philadelphia,,Prints,http://www.metmuseum.org/art/collection/search/645013,Queens|Women|Mary Queen of Scots
665113,Drawings and Prints,1926.0,Book Ornament & Architecture,"Livre de Moresques, page 6 (recto)",,Publisher|Publisher|Artist,"Netherlandish, Hertogenbosch ca. 1510?–before 1556 Groningen| |Italian, born Florence, died 1552","Bos, Cornelis|de Gormont, Hiérosme|Pellegrino, Francesco di",1546,Paris,,Books|Ornament & Architecture,http://www.metmuseum.org/art/collection/search/665113,Ornament
434315,Drawings and Prints,1960.0,Print,"The King, from ""The Powers That Rule the World""",,Publisher|Artist|Artist,"Netherlandish, Antwerp 1565–1629 The Hague|Netherlandish, Meulebeke 1548–1606 Amsterdam|Netherlandish, 1561–ca. 1604","Gheyn, Jacques de, II|Mander, Karel van, I|Dolendo, Zacharias",,Leiden,,Prints,http://www.metmuseum.org/art/collection/search/434315,
789,The American Wing,1946.0,Bowl,Bowl,American,Maker,1866–1891,"Challinor, Taylor and Company ",1870–90,Tarentum,United States,,http://www.metmuseum.org/art/collection/search/789,
772006,Drawings and Prints,1951.0,Print,"The Infanta Donna Isabella, Governante of Flanders",,Sitter|Artist|Artist|Publisher,"Spanish, Segovia 1566–1633 Brussels|German, Nuremberg 1715–1790 London|Flemish, Siegen 1577–1640 Antwerp|British, Dorrington, Shropshire 1720–1804 London","Isabella Clara Eugenia Infanta|Müller, Johann Sebastian|Rubens, Peter Paul|Boydell, John",1767,London,,Prints,http://www.metmuseum.org/art/collection/search/772006,Portraits|Women
760473,Drawings and Prints,1931.0,Book Print Ornament and Architecture,"Plate 91: Landskip, from ""A New Book of Chinese Designs""",,Artist and publisher|Artist and publisher,"British, Stratford 1694–1773 Plaistow|British, ca. 1720–1780 London","Edwards, George|Darly, Matthew",1754,London,,Ornament & Architecture|Books|Prints,http://www.metmuseum.org/art/collection/search/760473,
376241,Drawings and Prints,1959.0,Print,"Plate 1: Saint Peter, head and shoulders, holding keys; from the series of Apostles",,Artist|Artist,"Italian, Venice 1682–1754 Venice|Italian, Venice 1702–1786 Venice","Piazzetta, Giovanni Battista|Pitteri, Marco Alvise",1742,Venice,,Prints,http://www.metmuseum.org/art/collection/search/376241,
344681,Drawings and Prints,1965.0,Book,Album of French XIX century candy labels,,Printer, ,Maison Berthaiu,n.d.,Paris,,Books,http://www.metmuseum.org/art/collection/search/344681,
734371,Drawings and Prints,1963.0,"Book
Ornament & Architecture
Prints","Chimney, from Second Book of Architecture",,Artist|Publisher,"French, Paris 1510/12–1585 Annecy| ","Du Cerceau, Jacques Androuet|Wechel, André",1561,Paris,,Books|Ornament & Architecture|Prints,http://www.metmuseum.org/art/collection/search/734371,
435417,Drawings and Prints,1918.0,Print collection ornament & architecture,"Chapel enclosure topped with trophies of arms, from Clôtures de chapelles, plate 6, in A Bound Collection of Print Series Including Cheminées et Lambris, Alcoves à la Romaine, Feuillages et autres ornemens..., etc.",,Artist|Publisher|Publisher,"French, Paris 1618–1682 Paris|French, 1712–1784|French, Paris 1634–1716 Paris","Le Pautre, Jean|Jombert, Charles Antoine|Mariette, Pierre le fils",1751,Paris,,Prints|Ornament & Architecture,http://www.metmuseum.org/art/collection/search/435417,
9329,The American Wing,1981.0,Vase,Vase,American,Maker,"American, White Mills, Pennsylviania, 1881–1921",Dorflinger and Sons Christian,1900–1910,White Mills,United States,,http://www.metmuseum.org/art/collection/search/9329,Flowers
311617,"Arts of Africa, Oceania, and the Americas",1978.0,Bowl,Bowl,Asmat people,Artist, ,Esepe,early to mid-20th century,Sauwa village,Indonesia,Wood-Containers,http://www.metmuseum.org/art/collection/search/311617,
351001,Drawings and Prints,1972.0,Book,Princess Belle-Etoile,,Illustrator|Publisher|Engraver,"British, Liverpool 1845–1915 Horsham| |British, Southwark, London 1826–1905 Ventnor, Isle of Wight","Crane, Walter|Routledge, George & Sons|Evans, Edmund",1875,London|New York,,Books,http://www.metmuseum.org/art/collection/search/351001,
452130,Islamic Art,1970.0,Folio from an illustrated manuscript,"""Kai Kavus Ascends to the Sky"", Folio 134r from the Shahnama (Book of Kings) of Shah Tahmasp",,Artist|Author,"Iranian, active ca. 1525–1565|Iranian, Paj ca. 940/41–1020 Tus",Qadimi|Abu'l Qasim Firdausi,ca. 1525–30,Tabriz,Iran,Codices,http://www.metmuseum.org/art/collection/search/452130,Eagles|Thrones|Men
700240,The Libraries,,,"The cabinet-maker and upholsterer's guide, or, Repository of designs for every article of household furniture, in the newest and most approved taste : displaying a great variety of patterns for chairs, stools ... in the plainest and most enriched styles : with a scale to each, and an explanation in letter press : also the plan of a room, shewing the proper distribution of the furniture ... from drawings",,Publisher|Author,"London|British, 18th century","Taylor, I. & J.|Hepplewhite, A. & Co.",1788,London,,,http://www.metmuseum.org/art/collection/search/700240,
346057,Drawings and Prints,1951.0,Book,The Museum of Arts & Universal Penmanship,,Designer|Designer,"British, London ca. 1704–1771 Richmond, Surrey|British, active 18th century","Bickham, George, Jr.|Bickham, John",1745,London,,Books,http://www.metmuseum.org/art/collection/search/346057,
2728,The American Wing,1933.0,Cream pot,Creampot,American,Maker,"American, Boston, Massachusetts 1734–1818 Boston, Massachusetts","Revere, Paul, Jr.",ca. 1795,Boston,United States,,http://www.metmuseum.org/art/collection/search/2728,
348403,Drawings and Prints,1952.0,Book ; Ornament and architecture,"Nouveau Livre des cinq ordres d'architecture, par Jacques Barozzio Vignole, Enrichi de différents Cartels, et Morceaux d'Architectures, Protails, Fontaines, . . .Le Tout nécessaires aux Artistes",,Engraver|Engraver|Author|Publisher|Designer|Designer,"French, born 1749|French, active Paris, 1750–70|Italian, Vignola 1507–1573 Rome|French, active ca. 1750–before 1775|French, Rouen 1705–1774 Paris|French, Paris 1646–1708 Marly","Poulleau, Claude René Gabriel|Le Canu, Jean Dominique Etienne|Vignola, Jacopo [Giacomo] Barozzi da|Daumont, Jean François|Blondel, Jacques François|Mansart, Jules Hardouin",[1760–75],Paris,,Books|Ornament & Architecture,http://www.metmuseum.org/art/collection/search/348403,
734883,Drawings and Prints,1920.0,"Book
Ornament and architecture
Print","View of a Temple, from Temples in the Ancient Style",,Artist,"French, Paris 1510/12–1585 Annecy","Du Cerceau, Jacques Androuet",1550,Orleans,,Books|Ornament & Architecture|Prints,http://www.metmuseum.org/art/collection/search/734883,
491200,Modern and Contemporary Art,1943,Textile sample,Sample,American,Maker|Maker,"American (born Germany), Frankfurt-am-Main 1863–1962 Staten Island, New York|American (born Germany ?), 1868– (?)","Stirn, Louis A.|Stirn, Edmund A.",1925,New York,America,Textiles-Printed,http://www.metmuseum.org/art/collection/search/491200,
349752,Drawings and Prints,1968.0,Book,The Works of Quintus Horatius Flaccus,,Artist and engraver|Publisher|Author|Author,"British, 1811–1864 London|London and Glasgow|British, 1797–1878|Roman, Venusia 65 BCE–8 BCE Rome","Sargent, George Frederick|Griffin, Richard and Co.|Thompson, Henry|Horace (Quintus Horatius Flaccus)",1854,London,,Books,http://www.metmuseum.org/art/collection/search/349752,
742703,Drawings and Prints,1957.0,Book,Patent Victoria Stone Company - Pamphlet,,Author,"British, 19th century",Victoria Stone Company,1878,Paris,,Books,http://www.metmuseum.org/art/collection/search/742703,
660935,Drawings and Prints,1953.0,Books Prints Ornament & Archiecture,"Fiori di Ricami Nuovamente Posti in Luce, page 3 (recto)",,Designer|Publisher,"Italian, active Siena, ca. 1581–died 1613|Italian, active 16th century","Florimi, Matteo|Franceschi Francesco de'",1591,Venice,,Books|Prints|Ornament & Architecture,http://www.metmuseum.org/art/collection/search/660935,Ornament
5226,The American Wing,1980.0,Coin,Morgan Dollar,American,Maker,"British, Birmingham 1845–1925 Philadelphia, Pennsylvania","Morgan, George T.",1878,Washington DC,United States,,http://www.metmuseum.org/art/collection/search/5226,
431316,Drawings and Prints,1933.0,Print collection ornament & architecture,"Fireplace surmounted with a pot à feu, from a Series of Four Fireplaces, plate 2, bound in Oeuvres. Vol. I",,Artist|Publisher,"French, Paris 1618–1682 Paris|French, Blois 1688–1776 Paris","Le Pautre, Jean|Chereau, Jacques II Sr.",17th century,Paris,,Prints|Ornament & Architecture,http://www.metmuseum.org/art/collection/search/431316,
660643,Drawings and Prints,1921.0,Books Prints Ornament & Architecture,"Splendore delle virtuose giovani, title page (recto)",,Designer|Publisher,"Italian, active Venice, 1557| ","Foresto, Iseppo|Calepino",1564,Venice,,Books|Prints|Ornament & Architecture,http://www.metmuseum.org/art/collection/search/660643,Architecture
434168,Drawings and Prints,1953.0,Print collection ornament & architecture,"Asclepius appears as a dragon, from a series of twenty-two plates depicting mythological subjects, plate 22",,Artist|Publisher,"French, Paris 1618–1682 Paris|French, ca. 1590–1666 Paris","Le Pautre, Jean|Leblond, Jean I",17th century,Paris,,Prints|Ornament & Architecture,http://www.metmuseum.org/art/collection/search/434168,
735229,Drawings and Prints,1959.0,Print,Two New Slides for the State Magic Lantern,,Artist|Subject|Subject|Subject|Subject|Publisher,"British, London 1757–1827 London|British, London 1738–1820 Windsor|British, 1732–1792|British, 1749–1806|British, born Ireland, Dublin 1729–1797 Beaconsfield|British, 1742?–in or before 1814","Rowlandson, Thomas|George III, King of Great Britain and Ireland|North, Frederick, 2nd Earl of Guilford|Fox, Charles James|Burke, Edmund The Right Honorable|Humphrey, William","December 29, 1783",London,,Prints,http://www.metmuseum.org/art/collection/search/735229,Caricature|Animals|Satire|Men|Women
892616,The Libraries,,,A new specimen book of Curwen pattern papers,,Publisher|Author," |British, born 1948","Whittington Press|McKitterick, David",1987,"Andoversford, Gloucestershire",England,,http://www.metmuseum.org/art/collection/search/892616,
8466,The American Wing,1923.0,Spoon,Tea Spoon,American,Maker,1723–1795,"Myers, Myer",1760–75,New York,United States,,http://www.metmuseum.org/art/collection/search/8466,
746198,Drawings and Prints,1944.0,Book Print Ornament & Architecture,"Designs for textiles (?) with scrolling motifs, geometric patterns and semi-abstract patterns",,Publisher|Designer|Lithographer,"French, 19th century|French, 19th Century|French","Chavant, Fleury|Dumas, Jules|Schlatter, Georges",[after 1844],Paris,,Books|Prints|Ornament & Architecture,http://www.metmuseum.org/art/collection/search/746198,
755774,The Libraries,,,"Nouvelle description des chateaux et parcs de Versailles et de Marly : contenant une explication historique de toutes les peintures, tableaux, statues, vases & ornemens qui s'y voient : leurs dimensions : & les noms des peintres, des sculpteurs & des graveurs qui les ont faits",,Author,1673–1753,"Piganiol de La Force, Jean-Aimar",1724,Paris,France,,http://www.metmuseum.org/art/collection/search/755774,
13410,The American Wing,1990.0,Saucer,Saucer,American,Maker,"American, Trenton, New Jersey, 1871–1893",Ott and Brewer ,1882–90,Trenton,United States,,http://www.metmuseum.org/art/collection/search/13410,
727096,Drawings and Prints,1991.0,Book Prints Ornaments & Architecture,"Prismes: 40 Planches de Dessins et Coloris Nouveaux, Pl. 37",,Designer|Publisher,"French, 1877–1951|French","Séguy, Emile-Allain|Moreau, Charles Editions d'Art",[ca. 1930],Paris,,Books|Prints|Ornament & Architecture,http://www.metmuseum.org/art/collection/search/727096,
23198,Arms and Armor,1929.0,Armor,Armor from a Small Garniture for Field and Tournament,"German, Nuremberg",Armorer,"German, Nuremberg, 1510–1567","Lochner, Kunz","dated 1548, with later restorations",Nuremberg,,Armor for Man,http://www.metmuseum.org/art/collection/search/23198,
746719,Drawings and Prints,1944.0,Book Print Ornament & Architecture,Textile patterns with semi-abstract designs,,Designer|Lithographer|Publisher,"French (?), 19th Century|French|French, 19th century","Séraphin|Schlatter, Georges|Chavant, Fleury",[after 1844],Paris,,Books|Prints|Ornament & Architecture,http://www.metmuseum.org/art/collection/search/746719,
345555,Drawings and Prints,1969.0,Book,No. 430 General Catalogue Wire and Iron Work,,Author,"Detroit, Michigan","Barnum, E. T.",1912,Detroit,,Books,http://www.metmuseum.org/art/collection/search/345555,
333829,Drawings and Prints,1921.0,Book,"Bewick Gleanings: Being Impressions from Copperplates and Wood Blocks, Engraved in the Bewick Workshop, Remaining in the Possession of the Family Until the Death of the Last Miss Bewick, and Sold Afterwards by Order of Her Executors",,Printer|Artist|Editor,"Newcastle-upon-Tyne|British, Eltringham, Northumberland 1753–1828 Gateshead|British, 1846–1892","Reid, Andrew|Bewick, Thomas|Boyd, Julia",1886,Newcastle-upon-Tyne,,Books,http://www.metmuseum.org/art/collection/search/333829,
9080,The American Wing,1946.0,Tumbler,Tumbler,American,Maker,1863–1891,"Hobbs, Brockunier and Company ",after 1886,Wheeling,United States,,http://www.metmuseum.org/art/collection/search/9080,
788990,Drawings and Prints,1917.0,Print,"Plate 16, from ""World in Miniature""",,Publisher|Artist,"British, active 1794–1829|British, London 1757–1827 London","Ackermann, Rudolph|Rowlandson, Thomas",1816,London,,Prints,http://www.metmuseum.org/art/collection/search/788990,Barns|Men|Women|Dogs|Carts
347308,Drawings and Prints,1969.0,Book,Mounting and Registering of Printing Plates,,Author,"Grand Haven, Michigan",Challenge Machinery Company,after 1903,Grand Haven,,Books,http://www.metmuseum.org/art/collection/search/347308,
432713,Drawings and Prints,1933.0,Print collection ornament & architecture,"The Battle of the Lapiths and Centaurs, from a series of twenty plates depicting mythological subjects, plate 16, bound in Oeuvres. Vol. III",,Artist|Publisher,"French, Paris 1618–1682 Paris|French, Paris 1634–1716 Paris","Le Pautre, Jean|Mariette, Pierre le fils",17th century,Paris,,Prints|Ornament & Architecture,http://www.metmuseum.org/art/collection/search/432713,
9450,The American Wing,1955.0,Vase,Vase,American,Manufacturer|Maker|Designer,"American, 1892–1902|1902–32|American, New York 1848–1933 New York","Tiffany Glass and Decorating Company|Tiffany Studios |Tiffany, Louis C.",ca. 1902,New York,United States,,http://www.metmuseum.org/art/collection/search/9450,
506806,Musical Instruments,2012,Guitar,Guitar,American,Maker,"Markneukirchen, Saxony 1796–1873 Nazareth, Pennsylvania",Martin Christian Frederick,before 1867,Nazareth,United States,Chordophone-Lute-plucked-fretted,http://www.metmuseum.org/art/collection/search/506806,
347186,Drawings and Prints,1969.0,Book,Les Sept Peches Capitaux,,Artist|Illustrator,"French, 19th century|German (born France), Mulhouse 1788–1839 Mulhouse","Carulli, Gustave|Engelmann, Godefroy",ca. 1820,Paris,,Books,http://www.metmuseum.org/art/collection/search/347186,
642982,Drawings and Prints,1948.0,Print,"Abbot Zani, bound in L'Oeuvre original de Vivant Denon. Collection de eaux-fortes, Volume 2",,Artist|Publisher|Artist,"French, Givry 1747–1825 Paris| |Italian, Castelfranco Veneto 1477/78–1510 Venice","Denon, Dominique Vivant Baron|Barrand, A.|Giorgione",1873,Paris,,Books,http://www.metmuseum.org/art/collection/search/642982,
345575,Drawings and Prints,1963.0,Book,"The city of domes: a walk with an architect about the courts and palaces of the Panama-Pacific International Exposition, with a discussion of its architecture, its sculpture, its mural decorations, its coloring and its lighting...",,Author|Publisher,"American, 1866–1942|San Francisco, California","Barry, John Daniel|Newbegin",1915,San Francisco,,Books,http://www.metmuseum.org/art/collection/search/345575,
350548,Drawings and Prints,1952.0,Book,Le Vite dei Dodeci Visconti,,Author,"Italian, 1483–1552","Giovio, Paolo",1645,Milan,,Books,http://www.metmuseum.org/art/collection/search/350548,
380554,Drawings and Prints,1937.0,Book Ornament & Architecture,"Il primo libro d'architettura di Sebastiano Serlio Bolognese. Il secondo libro di perspecttia di Sebastiano Serlio, Bolognese.",,Author|Publisher|Translator|Dedicatee,"Italian, Bologna 1475–1554 Fontainebleau|French, died 1547|French, died 1553|Château de Cognac 1494–1547 Château de Rambouillet","Serlio, Sebastiano|Barbé, Jean|Martin, Jean|François I, King of France",1545,Paris,,Books|Ornament & Architecture,http://www.metmuseum.org/art/collection/search/380554,
734876,Drawings and Prints,1920.0,"Book
Ornament and architecture
Print","View of a Temple, from Temples in the Ancient Style",,Artist,"French, Paris 1510/12–1585 Annecy","Du Cerceau, Jacques Androuet",1550,Orleans,,Books|Ornament & Architecture|Prints,http://www.metmuseum.org/art/collection/search/734876,
698488,Drawings and Prints,1921.0,Book,"Plate 27: Joseph escapes Zuleika, wife of Potiphar; from 'Imagines Veteris Ac Novi Testamenti A Raphaele Sanctio Urbinate in Vaticani Palatii Xystis' after Raphael",,Publisher|Artist|Artist,"Italian, Rome 1627–1691 Rome|Italian, Urbino 1483–1520 Rome|Italian, Florence 1660–1675","Rossi, Giovanni Giacomo De|Raphael (Raffaello Sanzio or Santi)|Fantetti, Cesare",1675,Rome,,Books,http://www.metmuseum.org/art/collection/search/698488,
427534,Drawings and Prints,1930.0,Album,"Desseins d'Arc de Triomphe and Second Liure d'Arc de Triomphe et Porte de Ville, part of Œuvres du Sr. D. Marot",,Artist|Publisher,"French, Paris 1661–1752 The Hague| ","Marot, Daniel, the Elder|Husson, Pierre",published 1703 or 1712,The Hague,,Albums|Ornament & Architecture|Prints,http://www.metmuseum.org/art/collection/search/427534,
19941,The American Wing,2018.0,Vase,Vase,American,Maker|Manufacturer, | ,"Robbins, Rhoda|Threshold Pottery",,Syracuse,United States,,http://www.metmuseum.org/art/collection/search/19941,
709285,Drawings and Prints,1952.0,Book,"The Delineator, A Monthly Magazine Illustrating Metropolitan Fashions, Vol. XIX, No. 4",,Publisher,"New York, NY","Butterick, E. and Co.",April 1882,New York,,Books,http://www.metmuseum.org/art/collection/search/709285,
349188,Drawings and Prints,1932.0,Albums Prints Ornament & Architecture,Veelderhande Niewe Compartimente,,Artist|Publisher|Engraver,"Dutch, Amsterdam 1621–1674 Amsterdam|Dutch, Brunsbüttel (Landkreis Dithmarschen) 1624/1625–1677 Amsterdam|Dutch, born 1630","Eeckhout, Gerbrand van den|Jonghe, Clement de|Mosyn, Michiel",[ca. 1650–74],Amsterdam,,Albums|Prints|Ornament & Architecture,http://www.metmuseum.org/art/collection/search/349188,
430865,Drawings and Prints,1933.0,Print collection ornament & architecture,"Two variants for a fireplace with an octagonal painting depicting the death of Dido, from Grandes cheminées à la romaine, plate 3, bound in Oeuvres. Vol. I",,Artist|Publisher,"French, Paris 1618–1682 Paris|French, Paris 1634–1716 Paris","Le Pautre, Jean|Mariette, Pierre le fils",published 1663,Paris,,Prints|Ornament & Architecture,http://www.metmuseum.org/art/collection/search/430865,
352175,Drawings and Prints,1965.0,Book,Wesoly Zwierzyniec,,Author|Illustrator|Publisher|Editor,Polish|Polish| |Polish,"Jenikowski, Franciszek|Rychlicki, Zbigniew|Ludowa Spotdzielnia Wydawnicza|Niemiec, Henryka",1961,Warsaw,,Books,http://www.metmuseum.org/art/collection/search/352175,
629302,Drawings and Prints,1948.0,Print ornament & architecture,"Well placed at a street corner, the hoisting hook supported by two columns of the Ionic order and crowned by a pediment with a man's head, from Small Wells, plate 2",,Artist|Artist|Artist|Publisher,"Netherlandish, Leeuwarden 1527–1606 (?)  Antwerp (?)|Netherlandish, 1528/32–1605|Netherlandish, active 1554–72, died before 1589|Netherlandish, Haarlem 1537–1612 Antwerp","Vredeman de Vries, Hans|Doetecum, Johannes van I|Doetecum, Lucas van|Galle, Philips",ca. 1574,Antwerp,,Prints|Ornament & Architecture,http://www.metmuseum.org/art/collection/search/629302,
734373,Drawings and Prints,1963.0,"Book
Ornament & Architecture
Prints","Chimney, from Second Book of Architecture",,Publisher|Artist," |French, Paris 1510/12–1585 Annecy","Wechel, André|Du Cerceau, Jacques Androuet",1561,Paris,,Books|Ornament & Architecture|Prints,http://www.metmuseum.org/art/collection/search/734373,
652984,Arms and Armor,2004.0,Drawings,Design for the Decoration of Firearms,"French, Versailles",Designer,"French, Versailles and Paris, 1761–1833","Boutet, Nicholas-Noël",ca. 1797–1805,Versailles,,Works on Paper-Drawings,http://www.metmuseum.org/art/collection/search/652984,Ornament
335514,Drawings and Prints,1991.0,Book,Des Couleurs et de leurs Applications aux Arts Industriels à l'Aide de Cercles Chromatiques,,Author|Artist and engraver|Printer|Publisher|Printer,"French, born 1786|French, born Paris 1844|French, 19th century|French| ","Chevreuil, Michel Eugène|Digeon, Antoine-René|Lamoureux|Balière, J. B. et Fils|Martinet, E.",1864,Paris,,Books,http://www.metmuseum.org/art/collection/search/335514,
701567,Drawings and Prints,1951.0,"Print, Fete, Ornament & Architecture","Plate 34: King Ferdinand as Neptune, seated on a whale at center, with putti atop two small fish on either side; from Guillielmus Becanus's 'Serenissimi Principis Ferdinandi, Hispaniarum Infantis...'",,Artist|Publisher,"Flemish, Antwerp 1610–after 1660 Antwerp|Flemish, active 1620–47","Neeffs, Jacob|Meursius, Johannes",1636,Antwerp,,Prints|Prints-Fete,http://www.metmuseum.org/art/collection/search/701567,Putti|Neptune|Fish|Whales
5488,The American Wing,1968.0,Oyster plate,Oyster plate,American,Maker,1863–1922,Union Porcelain Works ,1881,Brooklyn,United States,,http://www.metmuseum.org/art/collection/search/5488,Shells
349383,Drawings and Prints,1935.0,Book,Étrennes Mignones Curieuses et Utiles Augmentées pour l'année Bissextile,,Publisher, ,"Durand, Pierre-François",1744,Paris,,Books,http://www.metmuseum.org/art/collection/search/349383,
641342,Drawings and Prints,1948.0,Print,"Annibale Carraci, bound in L'Oeuvre original de Vivant Denon. Collection de eaux-fortes, Volume 1",,Artist|Publisher,"French, Givry 1747–1825 Paris| ","Denon, Dominique Vivant Baron|Barrand, A.",1873,Paris,,Books,http://www.metmuseum.org/art/collection/search/641342,
431830,Drawings and Prints,1933.0,Print collection ornament & architecture,"Mausoleum epitaph with two cherubs flanking a medallion depicting the Resurrection of the Dead, from Mausolées, plate 5, bound in Oeuvres. Vol. II",,Artist|Publisher,"French, Paris 1618–1682 Paris|French, ca. 1590–1666 Paris","Le Pautre, Jean|Leblond, Jean I",published ca. 1651,Paris,,Prints|Ornament & Architecture,http://www.metmuseum.org/art/collection/search/431830,
9116,The American Wing,1946.0,Tumbler,Tumbler,American,Maker,1863–1891,"Hobbs, Brockunier and Company ",after 1886,Wheeling,United States,,http://www.metmuseum.org/art/collection/search/9116,
7171,The American Wing,1946.0,Sauce dish,Sauce Dish,American,Maker,1866–1891,"Challinor, Taylor and Company ",1870–90,Tarentum,United States,,http://www.metmuseum.org/art/collection/search/7171,
344600,Drawings and Prints,1965.0,Book,Stencil Catalog Cut Stencils for the Use of Practical Men,,Author,"Grand Rapids, Michigan",Alabastine Company,ca. 1900,New York|Grand Rapids,,Books,http://www.metmuseum.org/art/collection/search/344600,
344132,Drawings and Prints,1926.0,Book,[Set of designs for knife handles],,Artist,"German, 1587–1656 Amsterdam","Le Blon, Michiel",17th century,Amsterdam,,Books,http://www.metmuseum.org/art/collection/search/344132,
626153,Drawings and Prints,1947.0,Print ornament & architecture,"Mars, from Deorum Dearumque Capita : ex vetustis numismatibus in gratiam antiquitatis studiosorum effigiata et edita",,Publisher|Artist,"Netherlandish, Haarlem 1537–1612 Antwerp|Netherlandish, Leeuwarden 1527–1606 (?)  Antwerp (?)","Galle, Philips|Vredeman de Vries, Hans",1573,Antwerp,,Ornament & Architecture|Prints,http://www.metmuseum.org/art/collection/search/626153,
345728,Drawings and Prints,1925.0,Book,Annotationes in Legem II. De Captivis et postliminio reversis.,,Author|Illustrator|Artist|Printer|Printer," |German, active 1517–1541|German, 16th century|Swiss, 1528–1563|Swiss, 1529–1564","Bayfius, Lazarus|Schnitt, Conrad|Master CS|Froben, Hieronymus|Episcopius, Nikolaus",1537,Basel,,Books,http://www.metmuseum.org/art/collection/search/345728,
434870,Drawings and Prints,1953.0,Print collection ornament & architecture,"Two friezes with male figures fighting lions at top and with a bull hunt at bottom, from Frises, feuillages et ornements à l'italienne, plate 6",,Artist|Publisher,"French, Paris 1618–1682 Paris|French, Paris 1634–1716 Paris","Le Pautre, Jean|Mariette, Pierre le fils",17th century,Paris,,Prints|Ornament & Architecture,http://www.metmuseum.org/art/collection/search/434870,
14468,The American Wing,1992.0,Wallpaper,Wallpaper,American,Maker,"American, Brooklyn, New York","Graves, Robert, & Co.",ca. 1880–90,New York,United States,,http://www.metmuseum.org/art/collection/search/14468,
656018,Drawings and Prints,1947.0,Print,Tiger Taking the Water,,Publisher|Artist|Artist," |British, London 1795–1880 London|British (born India), Murshidabad 1781–1845 Florence","Bohn, Henry G.|Landseer, Thomas|D'Oyly, Charles Sir",1853,London,,Prints,http://www.metmuseum.org/art/collection/search/656018,
350421,Drawings and Prints,1964.0,Book,"The Lighting of Hotels, Cafés, and Clubs",,Author,"Harrison, New Jersey",General Electric Lighting Co.,November 1911,Schenectady,,Books,http://www.metmuseum.org/art/collection/search/350421,
20191,The American Wing,2018.0,Pitcher,Pitcher,American,Manufacturer|Decorator|Manufacturer,"American, Cincinnati, Ohio 1880–1967|1857–1943|1879–1882","Rookwood Pottery Company|Fry, Laura A.|Cincinnati Pottery Club",1881,Cincinnati,United States,,http://www.metmuseum.org/art/collection/search/20191,
377250,Drawings and Prints,1917.0,Print,Poetry,,Engraver|Artist|Publisher,"Italian, Florence 1728–1815 Lisbon|Swiss, Chur 1741–1807 Rome|British, 1743–1816 London","Bartolozzi, Francesco|Kauffmann, Angelica|Tomkins, Thomas","May 18, 1793",London,,Prints,http://www.metmuseum.org/art/collection/search/377250,
7173,The American Wing,1946.0,Sauce dish,Sauce Dish,American,Maker,1866–1891,"Challinor, Taylor and Company ",1870–90,Tarentum,United States,,http://www.metmuseum.org/art/collection/search/7173,
372920,Drawings and Prints,1941.0,Book ; Ornament and Architecture,"The civil architecture of Vitruvius. Comprising those books of the author which relate to the public and private edifices of the ancients. With an introduction, containing an historical view of the rise and progress of architecture amongst the Greeks (De architectura)",,Author|Translator|Printer|Author|Dedicatee|Engraver|Engraver|Publisher,"Roman, active late 1st century BCE|British, 1778–1839|London|British, Edinburgh, Scotland 1784–1860 London|British, Edinburgh, Scotland 1784–1860 London|British, Whitehaven, Cumbria 1762–1824 London|British, active 19th century| ","Vitruvius, Marcus|Wilkins, William|Davison, Thomas|Gordon, George Hamilton-|Gordon, George Hamilton-|Lowry, Wilson|Porter, Samuel|Longman, Hurst, Rees, Orme and Brown",1812–17,London,,Books|Ornament & Architecture,http://www.metmuseum.org/art/collection/search/372920,
17560,The American Wing,2003.0,Sundial,Sundial,American,Maker, ,"Johnson, Isaac",1731,New York,United States,,http://www.metmuseum.org/art/collection/search/17560,Sundials
746262,Drawings and Prints,1944.0,Book Print Ornament & Architecture,Ornamental designs with stylized flowers and leaves,,Designer|Publisher|Lithographer|Designer,"French, 19th Century|French, 19th century|French|French, 19th Century","Pointis Mme.|Chavant, Fleury|Schlatter, Georges|Herault",[after 1844],Paris,,Books|Prints|Ornament & Architecture,http://www.metmuseum.org/art/collection/search/746262,
383279,Drawings and Prints,2008.0,Print,Tomb and Medals of Gregory XIII,,Sitter|Artist,"Italian, Bologna 1502–1585 Rome|German, Strassburg ca. 1566–1638 Rome","Gregory XIII Pope|Greuter, Matthaeus",1630,Rome,,Prints,http://www.metmuseum.org/art/collection/search/383279,
491091,Modern and Contemporary Art,1943,Textile sample,Sample,American,Maker|Maker,"American (born Germany), Frankfurt-am-Main 1863–1962 Staten Island, New York|American (born Germany ?), 1868– (?)","Stirn, Louis A.|Stirn, Edmund A.",1925,New York,America,Textiles-Printed,http://www.metmuseum.org/art/collection/search/491091,
346663,Drawings and Prints,1958.0,Book,Seem-so's,,Artist|Publisher,"American, 1857–1931|New York, NY","Bridgman, L. J. (Lewis Jesse)|Caldwell, H. M. Co.",1906,New York,,Books,http://www.metmuseum.org/art/collection/search/346663,
9849,The American Wing,1972.0,Stained glass window,"Window from the J. C. Cross House, Minneapolis, Minnesota",American,Manufacturer|Designer,"1909–13|American, Aberdeenshire 1871–1952 Chicago, Illinois","Purcell, Feick and Elmslie |Elmslie, George Grant",1911,Minneapolis,United States,,http://www.metmuseum.org/art/collection/search/9849,
5361,The American Wing,1933.0,Cann,Cann,American,Maker,1723–1791,"Otis, Jonathan",1760–85,Newport|Middletown,United States|United States,,http://www.metmuseum.org/art/collection/search/5361,
427133,Drawings and Prints,1967.0,Print,A horse-drawn cart with three Russian peasants,,Publisher|Artist,London| ,"Dickinson, Joseph|Anonymous, Russian, 19th century",1821,London,,Prints,http://www.metmuseum.org/art/collection/search/427133,
887874,Drawings and Prints,1949,Print Ornament & Architecture,Flemish Grotesque with Venus in a Cart,,Publisher|Artist,"Netherlandish, Antwerp ca. 1510–1570 Antwerp|Netherlandish, Antwerp before 1514–1575 Antwerp","Cock, Hieronymus|Floris, Cornelis, II",1552,Antwerp,,Albums|Prints|Ornament & Architecture,http://www.metmuseum.org/art/collection/search/887874,
505118,Musical Instruments,1976,Svirale (Dvojnice),Svirale (Dvojnice),Eastern European (Croatian),Maker,"Croatian, 19th century","Savin, Milan Komazec",1937,Zegar-Obrovac-Benkovac,Croatia (former Yugoslavia),Aerophone-Whistle Flute-whistle flute,http://www.metmuseum.org/art/collection/search/505118,
670005,Drawings and Prints,1952.0,Print,"Ancien Temple de la Déesse de la Toux auprès de Tivoli, from Recueil de divers Monumens Anciens répandus en plusieurs endroits de L'Italie",,Printer|Publisher|Artist|Etcher," |Rome|French, Viarmes 1718–1762 Rome|Italian, active Rome, ca. 1750–76","Giunchi Heritiers de Komarek|Bouchard & Gravier|Barbault, Jean|Montagu, Dominico",1770,Rome,,Prints,http://www.metmuseum.org/art/collection/search/670005,
390620,Drawings and Prints,1920.0,Drawing Ornament and Architecture,"Cabinet, from Chippendale Drawings, Vol. II",,Artist,"British, baptised Otley, West Yorkshire 1718–1779 London","Chippendale, Thomas",1754,London,,Drawings|Ornament & Architecture,http://www.metmuseum.org/art/collection/search/390620,Cabinets
345311,Drawings and Prints,1949.0,Book,Catalogue of Carriages,,Author, ,Bail Jeune Freres,n.d.,Paris,,Books,http://www.metmuseum.org/art/collection/search/345311,
345447,Drawings and Prints,1949.0,Book,Esequie Reali alla Catt. Maesta del Re Filippo IV Celebrate in Milano alli 17 Decembre 1665.,,Author|Designer|Dedicatee|Author|Printer|Etcher|Engraver,"Italian, 1631–1687|Italian, active 17th century|Italian, active 17th century|Italian, active 17th century| |Italian, active 1660–1704|Italian, active 17th century","Barella, Giovanni Battista|Pessina, Giovanni Ambrogio|Ponce, de Leon Luigi de Guzman|Stampa, Gerolamo|Malatesta, Marc' Antonio Pandolfo|Durelli, Simone|Bianchi",1665,Milan,,Books,http://www.metmuseum.org/art/collection/search/345447,
628837,Drawings and Prints,1948.0,Print ornament & architecture,"Scene with a goddess on a throne, set in a frame and surrounded by grotesques, from Grottesco: in diversche manieren",,Artist|Artist|Artist|Publisher,"Netherlandish, Leeuwarden 1527–1606 (?)  Antwerp (?)|Netherlandish, 1528/32–1605|Netherlandish, active 1554–72, died before 1589|Netherlandish, 1509/17–1591","Vredeman de Vries, Hans|Doetecum, Johannes van I|Doetecum, Lucas van|Jode, Gerard de",ca. 1565–71,Antwerp,,Prints|Ornament & Architecture,http://www.metmuseum.org/art/collection/search/628837,
8024,The American Wing,1928.0,Sugar Bowl,Sugar Bowl,American,Maker|Maker,1778–1818|1771–1852,"Sayre, Joel|Sayre, John",ca. 1800,New York,United States,,http://www.metmuseum.org/art/collection/search/8024,
345299,Drawings and Prints,1990.0,Book,Bresdin to Redon. Six Letters 1870 to 1881,,Editor|Illustrator|Publisher|Sitter|Sitter,"French, 1923–2013|American, New Brunswick, New Jersey 1922–2000 Northampton, Massachusetts|American, Northampton, Massachusetts|French, Bordeaux 1840–1916 Paris|French, Montrelais 1822–1885 Sèvres","Bacou, Roseline|Baskin, Leonard|Gehenna Press|Redon, Odilon|Bresdin, Rodolphe",1969,Norhampton,,Books,http://www.metmuseum.org/art/collection/search/345299,
503203,Musical Instruments,1982,Ūd,Ūd,Egyptian,Maker,Egyptian,Les fils de Gamil Georges,1977,Cairo,Egypt,Chordophone-Lute-plucked-unfretted,http://www.metmuseum.org/art/collection/search/503203,
503668,Musical Instruments,2003,Pedal Harpsichord,Pedal Harpsichord,American,Maker,"American, South Lyon, Michigan 1907–1974 New York City",Challis John,1967,New York,United States,Chordophone-Zither-plucked-harpsichord,http://www.metmuseum.org/art/collection/search/503668,
505185,Musical Instruments,1889,Solophon,Solophon,German,Maker, ,Becker,late 19th century,Markneukirchen,Germany,Chordophone-Zither-bowed,http://www.metmuseum.org/art/collection/search/505185,
552,The American Wing,1985.0,Bonnet,Bonnet,"American, Shaker",Maker,"American, active ca. 1750–present",United Society of Believers in Christ’s Second Appearing,1800–1900,New Lebanon,United States,,http://www.metmuseum.org/art/collection/search/552,
3626,The American Wing,1946.0,Finger bowl,Hobnail Finger Bowl,American,Maker,1863–1891,"Hobbs, Brockunier and Company ",after 1886,Wheeling,United States,,http://www.metmuseum.org/art/collection/search/3626,
344746,Drawings and Prints,1946.0,Book,'El Sol Eclypsado ...' (Mexico City 1701),,Author|Publisher|Artist,"Mexican, 18th century| |Mexican, active ca. 1700","Alferez, Agustín de Mora|Carrascoso, Juan José G.|Castro, Antonio de",1701,Mexico City,,Books,http://www.metmuseum.org/art/collection/search/344746,
381579,Drawings and Prints,1972.0,Print,"Perspective of the summer residence for Mr. Harold McCormick, Lake Forest, Illinois",,Architect|Publisher,"American, Richland Center, Wisconsin 1867–1959 Phoenix, Arizona|Berlin","Wright, Frank Lloyd|Wasmuth, Ernst",1910,Berlin,,Prints,http://www.metmuseum.org/art/collection/search/381579,
433005,Drawings and Prints,1933.0,Print collection ornament & architecture,"Three friezes with putti, rinceaux, and with a cornucopia at center, from Frises, feuillages et ornements, plate 3, bound in Oeuvres. Vol. IV",,Artist|Publisher,"French, Paris 1618–1682 Paris|French, Paris 1634–1716 Paris","Le Pautre, Jean|Mariette, Pierre le fils",17th century,Paris,,Prints|Ornament & Architecture,http://www.metmuseum.org/art/collection/search/433005,
644515,Drawings and Prints,1948.0,Print,"Offering to the god Priapus, bound in L'Oeuvre original de Vivant Denon. Collection de eaux-fortes, Volume 2",,Artist|Publisher,"French, Givry 1747–1825 Paris| ","Denon, Dominique Vivant Baron|Barrand, A.",1873,Paris,,Books,http://www.metmuseum.org/art/collection/search/644515,
714224,The American Wing,2016.0,"Woodcut, print",Nabby's Point,American,Artist,"American, Ipswich, Massachusetts 1857–1922 New York State","Dow, Arthur Wesley",ca. 1913,Ipswich,United States,,http://www.metmuseum.org/art/collection/search/714224,Abstraction
690483,Drawings and Prints,1934.0,Book,"The Artist's Repository, or Encyclopedia of Fine Arts",,Publisher,"British, Shenfield, Essex 1756–1823 London","Taylor, Charles",1813,London,,Books,http://www.metmuseum.org/art/collection/search/690483,
785214,The American Wing,2018.0,Tureen,Covered sauce tureen,French,Manufacturer|Retailer,"1799–1828 Paris, France| ","G. Baruch Weil|Airé & Cie, Paris",ca. 1801–04,Paris,France,,http://www.metmuseum.org/art/collection/search/785214,
688131,Drawings and Prints,1941.0,Book ; periodical,"La Caricature, numbers 53–78",,Author|Publisher,"French, Lyons 1800–1862 Paris| ","Philipon, Charles|Aubert et Cie","November 5, 1831–April 26, 1832",Paris,,Books|Periodicals,http://www.metmuseum.org/art/collection/search/688131,
4874,The American Wing,1910.0,Looking glass,Looking Glass,American,Maker,1780–1857,"Doggett, John",1810–20,Roxbury,United States,,http://www.metmuseum.org/art/collection/search/4874,
7148,The American Wing,1967.0,Sauce dish,Sauce Dish,American,Maker,"American, 1825–1888, Sandwich, Massachusetts",Boston and Sandwich Glass Company ,before 1867,Sandwich,United States,,http://www.metmuseum.org/art/collection/search/7148,
347149,Drawings and Prints,1932.0,Book,Carriage Builders' and Harness Makers' Art Journal,,Publisher,"British, London","Tallis, Frederick",ca. 1859,London,,Books,http://www.metmuseum.org/art/collection/search/347149,
381741,Drawings and Prints,1972.0,Print,"Perspective and plans for the suburban dwelling of Mr. Warren F. Hickox, Kankakee, Illinois",,Architect|Publisher|Draftsman,"American, Richland Center, Wisconsin 1867–1959 Phoenix, Arizona|Berlin|American, 1871–1962","Wright, Frank Lloyd|Wasmuth, Ernst|Griffin, Marion Mahony",ca. 1922,Berlin,,Prints,http://www.metmuseum.org/art/collection/search/381741,
347222,Drawings and Prints,1962.0,Book,Catalogue and Price List of Stereoscopes and Stereoscopic Views,,Author, ,T. H. McAllister,1860s,Philadelphia,,Books,http://www.metmuseum.org/art/collection/search/347222,
348713,Drawings and Prints,1925.0,Book,La Vita de Philosophi,,Author|Publisher,"Roman, active 3rd century CE|Italian, active Florence ca. 1495-1514","Diogenes, Laertius|Pacini, Piero","February 22, 1505",Florence,,Books,http://www.metmuseum.org/art/collection/search/348713,
778077,Drawings and Prints,1949.0,Print,Cybele crowned with a tower riding a chariot drawn by a pair of lions,,Artist|Artist|Publisher|Artist,"Italian, Venice 1518/19–1594 Venice|Italian, Venice ca. 1670–ca. 1734 Venice| |Italian, Venice 1679–1740 Dresden","Tintoretto, Jacopo (Jacopo Robusti)|Manaigo, Silvestro|Lovisa, Domenico|Zucchi, Andrea",ca. 1720,Venice,,Prints,http://www.metmuseum.org/art/collection/search/778077,
506826,Musical Instruments,2017,Guitar,Guitar,American,Maker,"Markneukirchen, Saxony 1796–1873 Nazareth, Pennsylvania",Martin Christian Frederick,ca. 1837,New York,United States,Chordophone-Lute-plucked-fretted,http://www.metmuseum.org/art/collection/search/506826,
311589,"Arts of Africa, Oceania, and the Americas",1978.0,Male figure,Male Figure,Asmat people,Artist, ,Chief Warsekomen,mid-20th century,Sjuru village,Indonesia,Wood-Sculpture,http://www.metmuseum.org/art/collection/search/311589,Men
343927,Drawings and Prints,1964.0,Book,Das Königliche Böhmische Crönungs-Ceremoniel,,Publisher,German,"Riegel, Christoph",1723,Frankfurt/ Leipzig,,Books,http://www.metmuseum.org/art/collection/search/343927,
347500,Drawings and Prints,1947.0,Book,Les Marques d'Honneur de la Maison de Tassis,,Artist|Engraver|Artist|Publisher|Engraver|Engraver|Author|Engraver,"Bohemian, Prague 1607–1677 London|Flemish, Antwerp 1615–1678 Antwerp|Flemish, Antwerp 1587/98–1646 Brussels| |Dutch, Liège 1611–1668 Liège|Flemish, Antwerp 1603–1658 Antwerp|French, 1615–1676|Flemish, 1606–ca. 1674","Hollar, Wenceslaus|Galle, Cornelis II|Horst, Nicolaas van der|Moretus, Balthasar|Natalis, Michael Noël|Pontius, Paulus|Chifflet, Jules|Jode, Pieter de II",1645,Antwerp,,Books,http://www.metmuseum.org/art/collection/search/347500,
746712,Drawings and Prints,1944.0,Book Print Ornament & Architecture,"Ornamental design with scrolling motifs decorated with stripes, zig-zagging lines, lozenges, and rosettes",,Designer|Lithographer|Publisher,"French (?), 19th Century|French|French, 19th century","Vasselon|Schlatter, Georges|Chavant, Fleury",[after 1844],Paris,,Books|Prints|Ornament & Architecture,http://www.metmuseum.org/art/collection/search/746712,
346875,Drawings and Prints,1965.0,Book,Little Lord Fauntleroy,,Author|Illustrator|Publisher,"American, Manchester, England 1849–1924 Plandome Manor, New York|American, London 1856–1943 New York|New York, NY","Burnett, Frances Hodgson|Birch, Reginald Bathurst|Scribner's, Charles, Sons",1887,New York,,Books,http://www.metmuseum.org/art/collection/search/346875,
430669,Drawings and Prints,1933.0,Print collection ornament & architecture,"Title Page, from Lambris à la romaine, plate 1, bound in Oeuvres. Vol. I",,Publisher|Artist,"French, Paris 1634–1716 Paris|French, Paris 1618–1682 Paris","Mariette, Pierre le fils|Le Pautre, Jean",published 1661,Paris,,Prints|Ornament & Architecture,http://www.metmuseum.org/art/collection/search/430669,
431693,Drawings and Prints,1933.0,Print collection ornament & architecture,"Fountain with two river gods with dolphins at top, from Fontaines ou jets d'eau à l'italienne, plate 4, bound in Oeuvres. Vol. II",,Artist|Publisher,"French, Paris 1618–1682 Paris|French, Paris 1634–1716 Paris","Le Pautre, Jean|Mariette, Pierre le fils",published 1661,Paris,,Prints|Ornament & Architecture,http://www.metmuseum.org/art/collection/search/431693,
9373,The American Wing,1964.0,Vase,Vase,American,Maker,1901–ca. 1924,Quezal Art Glass and Decorating Company ,1902–18,New York,United States,,http://www.metmuseum.org/art/collection/search/9373,
660646,Drawings and Prints,1921.0,Books Prints Ornament & Architecture,"Splendore delle virtuose giovani, page 2 (verso)",,Designer|Publisher,"Italian, active Venice, 1557| ","Foresto, Iseppo|Calepino",1564,Venice,,Books|Prints|Ornament & Architecture,http://www.metmuseum.org/art/collection/search/660646,Grapes|Female Nudes|Peacocks|Leaves|Vases
381462,Drawings and Prints,1972.0,Print,"Plans of a city dwelling for W. R. Heath, Buffalo, New York",,Architect|Publisher,"American, Richland Center, Wisconsin 1867–1959 Phoenix, Arizona|Berlin","Wright, Frank Lloyd|Wasmuth, Ernst",1910,Berlin,,Prints,http://www.metmuseum.org/art/collection/search/381462,
771908,Drawings and Prints,1953.0,Print,Landscape with Temple,,Artist and publisher|Artist,"Italian, Thalendorf 1706–1780 Venice|French, Paris 1721–1820 Auteuil","Wagner, Joseph|Clérisseau, Charles Louis",ca. 1750–70,Venice,,Prints,http://www.metmuseum.org/art/collection/search/771908,
630127,Drawings and Prints,1945.0,Print,"Vendor of Grain Sifters, from Di Bologna l'Arti per via D'An.ibal' Ca.rac, plate 26",,Artist|Artist|Publisher|Printer,"Italian, Bologna (?) 1634–1718 Bologna|Italian, Bologna 1560–1609 Rome|Italian, Rome 1627–1691 Rome| ","Mitelli, Giuseppe Maria|Carracci, Annibale|Rossi, Giovanni Giacomo De|Calcografia, Camerale La",printed 1740,Rome,,Prints,http://www.metmuseum.org/art/collection/search/630127,
746932,Drawings and Prints,1944.0,Book Print Ornament & Architecture,Ornamental designs with thin bundles and garlands of flowers and leaves,,Publisher|Designer|Lithographer,"French, 19th century|French (?), 19th Century|French","Chavant, Fleury|Séraphin|Schlatter, Georges",[after 1844],Paris,,Books|Prints|Ornament & Architecture,http://www.metmuseum.org/art/collection/search/746932,
788035,Drawings and Prints,1933.0,"Print, Ornament & Architecture",Plate 6: Landscape with Animals,,Artist,"German, born Ansbach, 1579","Hermann, Georg",1595,Ansbach,,Prints|Ornament & Architecture,http://www.metmuseum.org/art/collection/search/788035,
2756,The American Wing,1946.0,Cruet,Hobnail Cruet,American,Maker,1863–1891,"Hobbs, Brockunier and Company ",after 1886,Wheeling,United States,,http://www.metmuseum.org/art/collection/search/2756,
432636,Drawings and Prints,1933.0,Print collection ornament & architecture,"Two elements of carriage decoration, the one at left depicting Diana the Huntress, from Dessins pour embellir les carrosses, plate 2, bound in Oeuvres. Vol. III",,Artist|Publisher,"French, Paris 1618–1682 Paris|French, Paris 1634–1716 Paris","Le Pautre, Jean|Mariette, Pierre le fils",17th century,Paris,,Prints|Ornament & Architecture,http://www.metmuseum.org/art/collection/search/432636,
427899,Drawings and Prints,1961.0,Prints Collection Ornament & Architecture,"Copy of Design for a Vase with the Crowned Escutcheon of Great Britain, from Vasses de la Maison Royalle de L'oo",,Artist|Publisher,"French, Paris 1661–1752 The Hague| ","Marot, Daniel, the Elder|Benthemensus",after 1703,Amsterdam,,Prints|Ornament & Architecture,http://www.metmuseum.org/art/collection/search/427899,
368497,Drawings and Prints,1941.0,Book,M. Vitruvii Pollionis De Architectura Libri Decem,,Author|Publisher|Author|Author,"Roman, active late 1st century BCE|French, 1504–1564|French, 1505–1565|German, 1494–1555","Vitruvius, Marcus|Tournes, Jean de|Guillaume Philander|Agricola, Giorgio",1586,Lyon,,Books,http://www.metmuseum.org/art/collection/search/368497,
692418,Islamic Art,2016.0,Ceramic panel,Broken II,,Artist,"Turkish, born Görele, Turkey, 1976","Bingöl, Burçak",2013,Istanbul,Turkey,Ceramics,http://www.metmuseum.org/art/collection/search/692418,
715517,The American Wing,2020.0,Mug,Mug,American,Maker,ca.1893–ca.1902,Volkmar Ceramic Company,1899,New York City,United States,,http://www.metmuseum.org/art/collection/search/715517,Portraits|Women
349484,Drawings and Prints,1940.0,Book,L'uso della squadra mobile,,Author|Publisher, |Italian,"Fabri, Ottavio|Gattella, Andrea",1670,Padua,,Books,http://www.metmuseum.org/art/collection/search/349484,
349751,Drawings and Prints,1963.0,Book,"Decimus Junius Juvenalis, and Aulus Persius Flaccus",,Translator|Printer|Publisher|Author|Author,"British, Oxford 1593–1661 Iffley|Oxford|Oxford|Aquinum 55/60?–?127/140|Volterra 34–62 Campania","Holyday, Barten|Downing, W.|Oxlad F. Senior, Adams J., and Oxlad F. Junior|Juvenal, Decimus Junius|Flaccus, Aulus Persius",1673,Oxford,,Books,http://www.metmuseum.org/art/collection/search/349751,
434255,Drawings and Prints,1953.0,Print collection ornament & architecture,"Choir door topped with the Virgin mourning over the dead Christ, from Portes de choeur, plate 4",,Artist|Publisher,"French, Paris 1618–1682 Paris|French, ca. 1590–1666 Paris","Le Pautre, Jean|Leblond, Jean I",17th century,Paris,,Prints|Ornament & Architecture,http://www.metmuseum.org/art/collection/search/434255,
18873,The American Wing,2005.0,Knife,Cake Knife,American,Retailer|Maker,"American, New York, 1851–1874|1826–1907","Ball, Black & Co.|Wendt, John R.",ca. 1865,New York,United States,,http://www.metmuseum.org/art/collection/search/18873,
712238,Drawings and Prints,1937.0,Book Prints Ornament & Architecture,Huitième Cahier du Recueil d'Ornemens. Plafond d'Entre Colonnement au Temple de Jupiter Tonnant. (Ceiling Decoration between the Columns of the Temple of Jupiter in Rome).,,Draftsman|Etcher|Publisher|Draftsman,"French, active Paris, ca. 1778|French, born Paris, 1751|French, Paris 1742–1794 Paris|French, active Paris, 1780–90","L, R.|Brinclaire, Elisabeth|Chereau, Jacques François|Lalonde, Richard de",ca. 1778–1782,Paris,,Books|Prints|Ornament & Architecture,http://www.metmuseum.org/art/collection/search/712238,
491121,Modern and Contemporary Art,1943,Textile sample,Sample,American,Maker|Maker,"American (born Germany), Frankfurt-am-Main 1863–1962 Staten Island, New York|American (born Germany ?), 1868– (?)","Stirn, Louis A.|Stirn, Edmund A.",1925,New York,America,Textiles-Printed,http://www.metmuseum.org/art/collection/search/491121,
412742,Drawings and Prints,1949.0,Print collection ornament & architecture,"Prosperity, from Livre de Cartouches (Book of Cartouches), plate 7",,Artist|Publisher|Artist,"French, Paris 1703–1770 Paris|French, Orléans 1695–1772 Paris|French, Orléans 1695–1772 Paris","Boucher, François|Huquier, Gabriel|Huquier, Gabriel",1730–70,Paris,,Prints|Ornament & Architecture,http://www.metmuseum.org/art/collection/search/412742,
452183,Islamic Art,1970.0,Folio from an illustrated manuscript,"""Bahram Chubina Slays the Lion-Ape"", Folio 715v from the Shahnama (Book of Kings) of Shah Tahmasp",,Artist|Artist|Author,"Iranian, active ca. 1525–55|Iranian, active ca. 1525–60|Iranian, Paj ca. 940/41–1020 Tus",Mir Musavvir|Qasim ibn 'Ali|Abu'l Qasim Firdausi,ca. 1530–35,Tabriz,Iran,Codices,http://www.metmuseum.org/art/collection/search/452183,Kings|Men|Horses
6907,The American Wing,1896.0,Roundel,Roundel,American,Designer|Maker,"American, New York 1848–1933 New York|American, 1892–1902","Tiffany, Louis C.|Tiffany Glass and Decorating Company",1893–96,New York,United States,,http://www.metmuseum.org/art/collection/search/6907,Flowers
13598,The American Wing,1917.0,Coverlet,Coverlet,American,Maker,1749–1848,"Parker, Nancy",1814,Decatur,United States,,http://www.metmuseum.org/art/collection/search/13598,
826741,Drawings and Prints,1943.0,Print,George Rudolph Weckerlin,,Artist|Engraver|Sitter,"Dutch (Flemish origin), Delft ca. 1590–ca. 1647 The Hague (?)|British, London ca. 1620–1691 London|German, 1584–1653","Mytens, Daniel I|Faithorne, William, the Elder|Weckerlin, George Rudolph",1653 or after,London,,Prints,http://www.metmuseum.org/art/collection/search/826741,
347568,Drawings and Prints,1924.0,Book,"The Entertaining History of King Philip's War, which began in the month of June 1765: As also of Expeditions more lately made against the Common Enemy, and Indian Rebels, in the Eastern Parts of New England...",,Subject|Publisher|Engraver|Sitter|Sitter|Author|Author|Author,"American, 1840–1899|Newport, Rhode, Island|American, Boston, Massachusetts 1734–1818 Boston, Massachusetts|American, 1639–1718|American, 1640–1676|American, 1674–1746|American, 1639–1718|American, North Haven, Connecticut 1727–1795 New Haven, Connecticut","McKee, Thomas Jefferson|Southwick, Solomon|Revere, Paul, Jr.|Church, Benjamin|Philip, Sachem of the Wampanoags|Church, Thomas|Church, Benjamin|Stiles, Ezra",1772,Newport,,Books,http://www.metmuseum.org/art/collection/search/347568,
777866,Drawings and Prints,1924.0,Print,"Portrait of Marco Antonio de Dominis, Archbishop of Spalatro",,Sitter|Artist|Artist,"British, 1566–1624|British, London 1763–1848 London|Italian, Venice 1518/19–1594 Venice","de Dominis, Marco Antonio Archbishop of Spalatro|Skelton, William|Tintoretto, Jacopo (Jacopo Robusti)",1778–1848,Paris,,Prints,http://www.metmuseum.org/art/collection/search/777866,
349334,Drawings and Prints,1933.0,Book,Historiale Beschrÿvinghe der Goudtrÿcke Landen in Chile ende Arauco...,,Author,"Spanish, 1533–1594","Ercilla, Alouso di Don",1619,Rotterdam,,Books,http://www.metmuseum.org/art/collection/search/349334,
433287,Drawings and Prints,1933.0,Print collection ornament & architecture,"Panel with a view of a city attack in a cartouche, from Ornements de panneaux pour l'enrichissement des lambris, plate 5, bound in Oeuvres. Vol. IV",,Artist|Publisher,"French, Paris 1618–1682 Paris|French, Paris 1634–1716 Paris","Le Pautre, Jean|Mariette, Pierre le fils",published ca. 1656–57,Paris,,Prints|Ornament & Architecture,http://www.metmuseum.org/art/collection/search/433287,
427052,Drawings and Prints,1959.0,Print,"Francesco I d'Este Speaks About his Victories with an Honest Comportment, from L'Idea di un Principe ed Eroe Cristiano in Francesco I d'Este, di Modena e Reggio Duca VIII [...]",,Artist|Author, | ,Fenice (Fénis)|Gamberti,1659,Modena,,Prints,http://www.metmuseum.org/art/collection/search/427052,Men|Women
350016,Drawings and Prints,1941.0,Book ; Ornament and Architecture,"The Ruins of Palmyra, Otherwise Tedmor, in the Desert",,Author,"British, 1717–1771","Wood, Robert",1753,London,,Books|Ornament & Architecture,http://www.metmuseum.org/art/collection/search/350016,
416189,Drawings and Prints,1985.0,Print,Croquis russes,,Artist|Publisher,"Russian, 1820–1895| ","Timm, Vasilii|Daziaro",,Moscow and St. Petersburg,,Prints,http://www.metmuseum.org/art/collection/search/416189,
429,The American Wing,1980.0,Beaker,Beaker,American,Maker,1723–1795,"Myers, Myer",1770–90,New York,United States,,http://www.metmuseum.org/art/collection/search/429,
343808,Drawings and Prints,1943.0,Book,Neues Zieratenbuch den Schreinern Tischlern oder Künstlern und Bildhauern sehr dienstlich,,Author|Publisher,"German, Berlin ca. 1600–1670 Frankfurt am Main|German, 1608–1666","Unteutsch, Friedrich|Fürst, Paulus",ca. 1650,Nuremberg,,Books,http://www.metmuseum.org/art/collection/search/343808,
443146,Islamic Art,1883.0,Bowl,Bowl,,Maker,"British, Birmingham, 1829–1963",Elkington & Co.,19th century,Birmingham,England,Reproductions,http://www.metmuseum.org/art/collection/search/443146,
433907,Drawings and Prints,1970.0,Print,"Simeon, from The Twelve Sons of Jacob",,Artist|Artist|Author|Publisher,"Netherlandish, Antwerp 1565–1629 The Hague|Netherlandish, Meulebeke 1548–1606 Amsterdam|Netherlandish, Amsterdam 1519/22–1590 Gouda|Netherlandish, active Amsterdam, 1588–1615","Gheyn, Jacques de, II|Mander, Karel van, I|Coornhert, Dirck Volckertsz|Pitten, Jan",,Amsterdam,,Prints,http://www.metmuseum.org/art/collection/search/433907,
677865,The American Wing,2015.0,Sugar Box,Sugar Box,American,Artist,baptized 1685–ca. 1750,"Soumaine, Simeon",ca. 1720,New York,United States,,http://www.metmuseum.org/art/collection/search/677865,Horses|Coat of Arms
7553,The American Wing,1951.0,Slipper chair,Slipper Chair,American,Maker|Maker,"American, born Germany 1804-1863 New York|1854–1865","Belter, John Henry|J. H. Belter & Co.",ca. 1855,New York,United States,,http://www.metmuseum.org/art/collection/search/7553,Grapes
659756,Drawings and Prints,1952.0,Print,"Partie du Forum ou Place du Nerva Communement appelée aujourd'huy l'Arco de Pantani, from Les Plus Beaux Monuments de Rome Ancienne ou Recueil des plus beaux Morceaux de l'Antiquité Romaine qui existent encore",,Artist|Publisher|Printer|Engraver,"French, Viarmes 1718–1762 Rome|Rome| |Italian, active Rome, ca. 1750–76","Barbault, Jean|Bouchard & Gravier|Giunchi Heritiers de Komarek|Montagu, Dominico",1761,Rome,,Prints,http://www.metmuseum.org/art/collection/search/659756,
426434,Drawings and Prints,1930.0,Prints Collection Ornament & Architecture,"Le Petit Coté de l'Escallier de Voorts, from Nouveaux Liure de Pintures de Salles et d'Escalliers, part of Œuvres du Sr. D. Marot",,Artist|Publisher,"French, Paris 1661–1752 The Hague| ","Marot, Daniel, the Elder|Husson, Pierre",published 1703 or 1712,The Hague,,Prints|Ornament & Architecture,http://www.metmuseum.org/art/collection/search/426434,
344869,Drawings and Prints,1955.0,Book,Catalogue of Silver Plated Hollwware,,Author,"Bristol, Connecticut",American Silver Co.,July 1908,Bristol,,Books,http://www.metmuseum.org/art/collection/search/344869,
345779,Drawings and Prints,1977.0,Book,David Becket: His Book of Bookplates Consisting of 24 Original Designs,,Artist|Publisher|Author,"British, active ca. 1906|Edinburgh|British, 1882–1964","Becket, David|Schulze, Otto & Company|Hoggarth, Arthur Henry Graham",1906,Edinburgh,,Books,http://www.metmuseum.org/art/collection/search/345779,
681654,Drawings and Prints,1952.0,Print,"D'après l'antique, from Recueil de divers Monumens Anciens répandus en plusieurs endroits de L'Italie",,Artist|Publisher|Printer,"French, Viarmes 1718–1762 Rome|Rome| ","Barbault, Jean|Bouchard & Gravier|Giunchi Heritiers de Komarek",1770,Rome,,Prints,http://www.metmuseum.org/art/collection/search/681654,
6414,The American Wing,1946.0,Plate,Plate,American,Maker, ,Adams and Company ,1870–90,Pittsburgh,United States,,http://www.metmuseum.org/art/collection/search/6414,
679565,Drawings and Prints,1952.0,Print,"Vases Cinereres, from Recueil de divers Monumens Anciens répandus en plusieurs endroits de L'Italie",,Artist|Publisher|Printer,"French, Viarmes 1718–1762 Rome|Rome| ","Barbault, Jean|Bouchard & Gravier|Giunchi Heritiers de Komarek",1770,Rome,,Prints,http://www.metmuseum.org/art/collection/search/679565,
347878,Drawings and Prints,1928.0,Book ; Ornament and architecture,"12 plates from 'A New Book of Ornaments with Twelve Leaves Consisting of Chimneys, Sconces, Tables, Spandle Panels, Spring Clock Cases, Stands, a Chandelier and Girandole, etc.'",,Designer|Designer,"British, ca. 1706–1753|British, London ca. 1710–ca. 1765 London","Copland, Henry|Lock, Matthias","November 13, 1752",London,,Books|Ornament & Architecture,http://www.metmuseum.org/art/collection/search/347878,Ornament
434274,Drawings and Prints,1953.0,Print collection ornament & architecture,The Adoration of the Kings,,Artist|Publisher,"French, Paris 1618–1682 Paris|French, ca. 1590–1666 Paris","Le Pautre, Jean|Leblond, Jean I",17th century,Paris,,Prints|Ornament & Architecture,http://www.metmuseum.org/art/collection/search/434274,
407360,Drawings and Prints,1933.0,Print,The Death – Fox Hunting – A Landscape Scene,,Artist,"British, London 1757–1827 London","Rowlandson, Thomas",1787,London,,Prints,http://www.metmuseum.org/art/collection/search/407360,Horses|Men|Hunting|Foxes|Landscapes
504259,Musical Instruments,2005,Flute,Flute,British,Maker,British,Rudall & Rose,1843,London,United Kingdom,Aerophone-Blow Hole-side-blown flute (transverse),http://www.metmuseum.org/art/collection/search/504259,
431516,Drawings and Prints,1933.0,Print collection ornament & architecture,"Title Page depicting variants for chapel enclosures, with worshippers entering the open door, from Clôtures de chapelles, plate 1, bound in Oeuvres. Vol. II",,Artist|Publisher,"French, Paris 1618–1682 Paris|French, Paris 1634–1716 Paris","Le Pautre, Jean|Mariette, Pierre le fils",17th century,Paris,,Prints|Ornament & Architecture,http://www.metmuseum.org/art/collection/search/431516,
344653,Drawings and Prints,1970.0,Book,Ornamenti Diversi Inventati Disegnete ed esequiti...,,Artist|Engraver,"Italian, Bedano 1742–1839 Milan|Italian, 1745–1825","Albertolli, Giocondo (Guiseppe)|Mercoli, Giacomo",1782,Milan,,Books,http://www.metmuseum.org/art/collection/search/344653,
372071,Drawings and Prints,1941.0,Book,"Des Marcus Vitruvius Pollio Baukunst, aus der Römischen Urschrift übersetzt von August Rode",,Author|Editor|Publisher|Designer|Engraver|Author,"Roman, active late 1st century BCE| |German|Polish, active 18th century|German, Dresden 1756–1834 Dresden|Roman, 180–238","Vitruvius, Marcus|Rode, Augustus|Göschen, Georg Joachim|Knöbel, Jan Fryderyk|Krüger, Ephraim Gottlieb|Pollux, Julius",1796,Leipzig,,Books,http://www.metmuseum.org/art/collection/search/372071,
727929,Drawings and Prints,1991.0,Book Prints Ornament & Architecture,"Fleurs (Flowers), Plate 7",,Publisher|Printer|Designer," | |French, active 1920–30s","Editions ""Synth""|Kadar, G.|Gladky, Serge",1929,Paris,,Books|Prints|Ornament & Architecture,http://www.metmuseum.org/art/collection/search/727929,
2223,The American Wing,1969.0,Compote,Compote,American,Maker,1863–1922,Union Porcelain Works ,1885,Brooklyn,United States,,http://www.metmuseum.org/art/collection/search/2223,
482076,Modern and Contemporary Art,1980.0,Coin,Morgan Dollar,,Artist,"British, Birmingham 1845–1925 Philadelphia, Pennsylvania","Morgan, George T.",1921,"Washington, D. C.",United States,Coins,http://www.metmuseum.org/art/collection/search/482076,
2368,The American Wing,1946.0,Dish,Figure Dish,American,Maker,1856–89,McKee and Brothers ,1880–90,Pittsburgh,United States,,http://www.metmuseum.org/art/collection/search/2368,Turkeys
433909,Drawings and Prints,1953.0,Print collection ornament & architecture,"Palace in front of which pass a carriage and horsemen, from Portes cochères à la moderne, plate 2",,Artist|Publisher,"French, Paris 1618–1682 Paris|French, ca. 1590–1666 Paris","Le Pautre, Jean|Leblond, Jean I",17th century,Paris,,Prints|Ornament & Architecture,http://www.metmuseum.org/art/collection/search/433909,
5100,The American Wing,1883.0,Medal,Medal,American,Maker|Maker,active 1790–1800|active 1793,"Manley, James|Brooks, S.",1790,Philadelphia,United States,,http://www.metmuseum.org/art/collection/search/5100,George Washington
659807,Drawings and Prints,1922.0,Books Prints Ornament & Architecture,"Convivio delle Belle Donne, page 21 (verso)",,Publisher|Designer,"Italian, Ferrara 1478/80–1544 Venice|Italian, active 16th century","Zoppino, Nicolò|Treviso, Matteo da",August 1532,Venice,,Books|Prints|Ornament & Architecture,http://www.metmuseum.org/art/collection/search/659807,
4830,The American Wing,2006.0,Cream pot,Creampot,American,Maker,1845–99,Wood and Hughes ,1862–63,New York,United States,,http://www.metmuseum.org/art/collection/search/4830,Men|Flowers|Working
355084,Drawings and Prints,1958.0,Book ; Ornament and architecture,"A Gentlewoman's Home. The Whole Art of Building, Furnishing, and Beautifying the Home",,Author|Publisher,"British, 1847–1923|London","Panton, Jane Ellen|Gentlewoman Offices",1896,London,,Books|Ornament & Architecture,http://www.metmuseum.org/art/collection/search/355084,
344218,Drawings and Prints,1948.0,Book,"'T veheugd  Amsterdam, ... besoek .. Hoogheden, Willem Prinse van Oranje en Nassau, ... en zyne Gemaahlinne Frederica Sophia Wilhelmina, Prinsesse van Pruissen ... 1768",,Author|Artist and engraver|Artist and engraver|Publisher,"Dutch, Amsterdam 1709—1773 Amsterdam|Dutch, Amsterdam 1741–1816 Amsterdam|Dutch, Amsterdam 1712–1784 Amsterdam|Dutch, active Amsterdam, 18th century (second half)","Wagenaar, Jan|Vinkeles, Reinier|Fokke, Simon|Yntema and Tieboel",after 1768,Amsterdam,,Books,http://www.metmuseum.org/art/collection/search/344218,
345901,Drawings and Prints,1961.0,Book,Musique des Chansons de Béranger,,Author|Publisher|Publisher|Illustrator|Illustrator,"French, Paris 1780–1857 Paris| | |French, Paris 1804–1860 Genoa|French, Nancy 1803–1847 Vanves","Béranger, Pierre Jean de|Perrotin|Halévy et Mainvielle-Fodor|Raffet, Auguste|Grandville, J. J.",1856,Paris,,Books,http://www.metmuseum.org/art/collection/search/345901,
349289,Drawings and Prints,1949.0,Book,Gems from Emerson,,Publisher|Author,"Boston, Massachusetts|American, Boston, Massachusetts 1803–1882 Concord, Massachusetts","De Wolfe, Fiske & Co.|Emerson, Ralph Waldo",ca. 1904,Boston,,Books,http://www.metmuseum.org/art/collection/search/349289,
2251,The American Wing,1980.0,Table,Center table,American,Maker|Maker,"1854–1865|American, born Germany 1804-1863 New York","J. H. Belter & Co.|Belter, John Henry",ca. 1855,New York,United States,,http://www.metmuseum.org/art/collection/search/2251,Grapes
377576,Drawings and Prints,1985.0,Print,Advertising Card for a Shell Shade,,Publisher,"American, Brooklyn, New York 1853–1936 Buffalo, New York","Rohlfs, Charles",1907,Buffalo,,Prints,http://www.metmuseum.org/art/collection/search/377576,
371852,Drawings and Prints,1949.0,Print,"Head of Satyr and Three Figures, from ""Ex Antiquis Cameorum et Gemmae Delineata/ Liber Secundus/et ab Enea Vico Parmen Incis""",,Dedicatee|Artist|Publisher|Former Attribution|Artist,"Terni 1559 or 1587–1652 Rome|Italian, Venice ca. 1510–1561 Venice|French, Troyes 1562–1622 Rome|Italian, Parma 1523–1567 Ferrara| ","Angeloni, Francesco|Franco, Battista|Thomassin, Philippe|Vico, Enea|Anonymous, Italian, 16th century",published ca. 1599–1622,Rome,,Prints,http://www.metmuseum.org/art/collection/search/371852,Male Nudes|Women|Satyrs
349798,Drawings and Prints,1965.0,Book,Trick Photography and Photo-mechanical Lettering,,Author,"New York, NY",Flexo Lettering,1948,New York,,Books,http://www.metmuseum.org/art/collection/search/349798,
700232,The Libraries,,,"The cabinet-maker and upholsterer's drawing-book, in three parts",,Publisher|Printer|Author,"British, Stockton-on-Tees 1751–1806 London|British, baptised London 1759–1835|British, Stockton-on-Tees 1751–1806 London","Sheraton, Thomas|Bensley, Thomas|Sheraton, Thomas",1793–94,London,,,http://www.metmuseum.org/art/collection/search/700232,
382837,Drawings and Prints,1991.0,Book,Wooden Eagle,,Publisher|Illustrator," |Ukrainian, 1886–1920","Knebel, I.|Narbut, Georgiy Iwanowitsch",[1909],Moscow,,Books,http://www.metmuseum.org/art/collection/search/382837,
357158,Drawings and Prints,1952.0,Book ; Ornament and architecture,"The Cabinet Dictionary, containing An Explanation of all the Terms used in the Cabinet, Chair and Upholstery Branches",,Designer|Printer,"British, Stockton-on-Tees 1751–1806 London|London","Sheraton, Thomas|Smith, W.",1803,London,,Books|Ornament & Architecture,http://www.metmuseum.org/art/collection/search/357158,Cabinets
665222,Drawings and Prints,1926.0,Book Ornament & Architecture,"Livre de Moresques, page 15 (verso)",,Publisher|Publisher|Artist," |Netherlandish, Hertogenbosch ca. 1510?–before 1556 Groningen|Italian, born Florence, died 1552","de Gormont, Hiérosme|Bos, Cornelis|Pellegrino, Francesco di",1546,Paris,,Books|Ornament & Architecture,http://www.metmuseum.org/art/collection/search/665222,Ornament
1989,The American Wing,1910.0,Chest,Chest,American,Maker|Maker|Artist,died 1667| |1638–1706,"Searle, William|Searle-Dennis, shop tradition|Dennis, Thomas",1670–90,Ipswich,United States,,http://www.metmuseum.org/art/collection/search/1989,
491227,Modern and Contemporary Art,1943,Textile sample,Sample,American,Maker|Maker,"American (born Germany), Frankfurt-am-Main 1863–1962 Staten Island, New York|American (born Germany ?), 1868– (?)","Stirn, Louis A.|Stirn, Edmund A.",1925,New York,America,Textiles-Printed,http://www.metmuseum.org/art/collection/search/491227,
381799,Drawings and Prints,1983.0,Book,Dictionnaire raisonné du mobilier français de l'Epoque Carlovingienne à la Renaissance,,Author|Publisher|Printer,"French, Paris 1814–1879 Lausanne|Paris| ","Viollet-le-Duc, Eugène-Emmanuel|Morel A. et Cie., Veuve|Comte-Jacquet",1874,Paris,,Books,http://www.metmuseum.org/art/collection/search/381799,
4665,The American Wing,1933.0,Ladle,Ladle,American,Maker,1750–1832,"Humphreys, Richard",1775–1800,Philadelphia,United States,,http://www.metmuseum.org/art/collection/search/4665,
311523,"Arts of Africa, Oceania, and the Americas",1978.0,Food pounder ,Sago Pounder,Asmat people,Artist, ,Zoap,mid-20th century,Sauwa village,Indonesia,Wood-Implements,http://www.metmuseum.org/art/collection/search/311523,
627488,Drawings and Prints,1921.0,Print ornament & architecture,"Tiberius, in an oval crowned by a vase with fruits under a canopy, from XII Caesarum Romanorum Imagines, plate 3",,Author|Printer|Artist|Artist|Publisher|Artist,"Netherlandish, 1567–1629|Netherlandish, active Antwerp, ca. 1611|Netherlandish, 1528/32–1605|Netherlandish, active 1554–72, died before 1589|Netherlandish, active Antwerp, ca. 1575—1610|Netherlandish, Leeuwarden 1527–1606 (?)  Antwerp (?)","Sweerts, Pierre François|Robert Bruneau|Doetecum, Johannes van I|Doetecum, Lucas van|Vrints, Johannes Baptista|Vredeman de Vries, Hans",Published 1603,Antwerp,,Prints|Ornament & Architecture,http://www.metmuseum.org/art/collection/search/627488,
371611,Drawings and Prints,1941.0,Book,M. Vitruvii Pollionis Architectura; textu ex recensione codicum emendato cum exercitationibus notisque novissimis Joannis Poleni et commentariis variorum additis nunc primum studiis Simonis Stratico.,,Author|Printer|Author|Author|Publisher|Author,"Roman, active late 1st century BCE|Italian, active 19th century|Italian, Venice 1683–1761 Padua|Italian, 1733–1824|Italian, active 19th century|Italian","Vitruvius, Marcus|Officiana Peciliana|Poleni, Giovanni Marchese|Stratico, Simone|Mattiuzzi|Pontedera, Giulio",1825–30,Udine,,Books,http://www.metmuseum.org/art/collection/search/371611,
392496,Drawings and Prints,1949.0,Print,"Razor's Levée, or Ye Heads of a New Wig Ad[ministration] on a Broad Bottom",,Artist|Publisher,"British, 1748–1823|British, active 1780–92","Sayers, James|Cornell, Thomas","April 21, 1783",London,,Prints,http://www.metmuseum.org/art/collection/search/392496,Men|Satire|Politics
491124,Modern and Contemporary Art,1943,Textile sample,Sample,American,Maker|Maker,"American (born Germany), Frankfurt-am-Main 1863–1962 Staten Island, New York|American (born Germany ?), 1868– (?)","Stirn, Louis A.|Stirn, Edmund A.",1925,New York,America,Textiles-Printed,http://www.metmuseum.org/art/collection/search/491124,
661876,Drawings and Prints,1918.0,Books Prints Ornament & Architecture,"Corona delle Nobili et Virtuose Donne: Libro I-IV, page 63 (recto)",,Publisher,"Italian, Pieve di Cadore 1521–1601 Venice","Vecellio, Cesare",1601,Venice,,Books|Prints|Ornament & Architecture,http://www.metmuseum.org/art/collection/search/661876,Animals|Birds|Ornament
392478,Drawings and Prints,1917.0,Print,"A Wooden Substitute, or Any Port in a Storm",,Artist|Publisher,"British, Isleworth ca. 1800–1828 London|British, 1773?–1831?","Lane, Theodore|Humphrey, George","January 19, 1821",London,,Prints,http://www.metmuseum.org/art/collection/search/392478,Men|Women|Satire|Politics
24814,Arms and Armor,1950.0,Composed armor,Composed Armor,"European, Italian and German",Armorer,"German, Landshut, documented 1485–1505","Deutsch, Matthes",15th century and later,Landshut,,Armor for Man,http://www.metmuseum.org/art/collection/search/24814,
8538,The American Wing,1986.0,Tile,Tile,American,Manufacturer|Designer,"American, Chelsea, Massachusetts, 1877–1903| ","Low Art Tile Works, J. and J. G.|Osborne, Arthur",ca. 1882–84,Chelsea,United States,,http://www.metmuseum.org/art/collection/search/8538,Birds
8383,The American Wing,1924.0,Teapot,Teapot,American,Maker,1711–1784,"Richardson, Joseph Sr.",ca. 1740,Philadelphia,United States,,http://www.metmuseum.org/art/collection/search/8383,
2136,The American Wing,1942.0,Coffeepot,Coffeepot,British,Maker,active from 1755,"Brewood, Benjamin, II",1762–63,London,England,,http://www.metmuseum.org/art/collection/search/2136,Flowers
641246,Drawings and Prints,1948.0,Print,"The Chef, bound in L'Oeuvre original de Vivant Denon. Collection de eaux-fortes, Volume 1",,Publisher|Artist," |French, Givry 1747–1825 Paris","Barrand, A.|Denon, Dominique Vivant Baron",1873,Paris,,Books,http://www.metmuseum.org/art/collection/search/641246,
343799,Drawings and Prints,1942.0,Collection Ornament & Architecture,Gantz Neue Inventionen von Rauch und Schnupff Tobacks Dosen (...),,Artist|Publisher,"German, 1694–1744|German, 1694–1744","Baumgartner, Johann Jakob|Baumgartner, Johann Jakob",ca. 1720,Augsburg,,Prints|Ornament & Architecture,http://www.metmuseum.org/art/collection/search/343799,
776534,Drawings and Prints,1937.0,"Print, Ornament & Architecture",Design for a Cup with a Cherubs' Head,,Artist|Publisher,"German, Nuremberg before 1567–after 1631 Nuremberg|German, Lübeck ca. 1548–1633 Nuremberg","Flindt, Paul|Dürer, Friedrich",1594,Nuremberg,,Prints|Ornament & Architecture,http://www.metmuseum.org/art/collection/search/776534,
344833,Drawings and Prints,1945.0,Book,American Coach Makers' Magazine,,Artist, ,Anonymous,1857–58,Columbus,,Books,http://www.metmuseum.org/art/collection/search/344833,
627027,Drawings and Prints,1937.0,Print ornament & architecture,"Lower parts of two columns and on pilaster, decorated with strapwork and grotesques, leaves and figures, plate 12, from Das ander Buech Gemacht auff die zway Colonnen, Corinthia und Composita",,Artist|Artist|Artist|Publisher|Publisher,"Netherlandish, Leeuwarden 1527–1606 (?)  Antwerp (?)|Netherlandish, 1528/32–1605|Netherlandish, active 1554–72, died before 1589|Netherlandish, Antwerp ca. 1510–1570 Antwerp|Netherlandish, active Antwerp, second half 16th century","Vredeman de Vries, Hans|Doetecum, Johannes van I|Doetecum, Lucas van|Cock, Hieronymus|Dierix, Volcxken",,Antwerp,,Prints|Ornament & Architecture,http://www.metmuseum.org/art/collection/search/627027,
432638,Drawings and Prints,1933.0,Print collection ornament & architecture,"Two variants for panels of carriage embellishment with foliate designs, from Dessins pour embellir les carrosses, plate 4, bound in Oeuvres. Vol. III",,Artist|Publisher,"French, Paris 1618–1682 Paris|French, Paris 1634–1716 Paris","Le Pautre, Jean|Mariette, Pierre le fils",17th century,Paris,,Prints|Ornament & Architecture,http://www.metmuseum.org/art/collection/search/432638,
5810,The American Wing,1984.0,Pitcher,Pitcher,American,Maker,1863–1891,"Hobbs, Brockunier and Company ",ca. 1884,Wheeling,United States,,http://www.metmuseum.org/art/collection/search/5810,
19869,The American Wing,2018.0,Vase,Vase,American,Maker|Manufacturer,"American, Felicity, Ohio 1869–1904 Colorado Springs, Colorado|1901–present","Van Briggle, Artus|Van Briggle Pottery Company ",1903,Colorado Springs,United States,,http://www.metmuseum.org/art/collection/search/19869,
626375,Drawings and Prints,1958.0,Print ornament & architecture,"Title plate with an oval strapwork cartouche surrounded by a garland of fruits and leaves, from Deorum Dearumque Capita : ex vetustis numismatibus in gratiam antiquitatis studiosorum effigiata et edita",,Artist|Artist|Artist|Publisher,"Netherlandish, Leeuwarden 1527–1606 (?)  Antwerp (?)|Netherlandish, 1528/32–1605|Netherlandish, active 1554–72, died before 1589|Netherlandish, Haarlem 1537–1612 Antwerp","Vredeman de Vries, Hans|Doetecum, Johannes van I|Doetecum, Lucas van|Galle, Philips",1573,Antwerp,,Ornament & Architecture|Prints,http://www.metmuseum.org/art/collection/search/626375,
343914,Drawings and Prints,1962.0,Book,Ideen zur äussern und innern Verzierung der Gebäude,,Author|Engraver, | ,"Pein, Georg|Spiegel, J.",1811,Vienna [n.d.],,Books,http://www.metmuseum.org/art/collection/search/343914,
19862,The American Wing,2018.0,Vase,Vase,American,Manufacturer|Artist,1895–1943|1844–1908,"Dedham Pottery|Robertson, Hugh C",ca. 1896–1908,Dedham,United States,,http://www.metmuseum.org/art/collection/search/19862,
347377,Drawings and Prints,1960.0,Book,Diverses Ornemens & Masque,,Artist|Engraver|Publisher|Artist,"French, baptised Lyon 1623–1674 Paris|French, Langres 1614–1685 Paris|French, Lyons 1640–1703 Paris|British, baptised London 1650–1719 Norfolk","Charmeton, Georges|Robert, Nicolas|Audran, Girard|Talman, William",1676,Paris,,Books,http://www.metmuseum.org/art/collection/search/347377,
390511,Drawings and Prints,1920.0,Drawing Ornament and Architecture,"Chinese Bed, in Chippendale Drawings, Vol. I",,Artist,"British, baptised Otley, West Yorkshire 1718–1779 London","Chippendale, Thomas",1754,London,,Drawings|Ornament & Architecture,http://www.metmuseum.org/art/collection/search/390511,Beds
311530,"Arts of Africa, Oceania, and the Americas",1978.0,Food pounder ,Sago Pounder,Asmat people,Artist, ,Mbonno,mid-20th century,Jipajer village,Indonesia,Wood-Implements,http://www.metmuseum.org/art/collection/search/311530,
412555,Drawings and Prints,1968.0,Portfolio,"Plate 8 from Sonia Delaunay: ses peintures, ses objets, ses tissus simultanés, ses modes",,Artist|Publisher,"French (born Ukraine), Gradizhsk 1885–1979 Paris| ","Delaunay, Sonia|Librairie des Arts Décoratifs",[1925],Paris,,Portfolios,http://www.metmuseum.org/art/collection/search/412555,Fashion|Women|Dresses
350155,Drawings and Prints,1969.0,Book,Herrschaft und Dienst,,Author|Publisher|Artist,"German| |German, 1865–1937","Wolters, Friedrich|Einhorn-Presse, Verlag Otto v. Holten, Berlin|Lechter, Melchior",1909,Berlin,,Books,http://www.metmuseum.org/art/collection/search/350155,
346869,Drawings and Prints,1959.0,Book,Reims: la cathédrale,,Author|Publisher|Illustrator,"French, 1882-1953| |Spanish, 1891–1981","Burnand, Robert|Berger-Levrault|Benito, Edouard-García",1918,Paris,,Books,http://www.metmuseum.org/art/collection/search/346869,Swords|Men|Horses|Trees
7594,The American Wing,1959.0,Sofa,Sofa,American,Maker,"American (born Scotland), near Lock Fannich, Ross-Shire, Scotland 1768/1770–1854 New York","Phyfe, Duncan",1810–20,New York,United States,,http://www.metmuseum.org/art/collection/search/7594,
348384,Drawings and Prints,1949.0,Book,Sketches Abroad with Pen and Pencil,,Artist|Publisher|Binder,"American, Philadelphia, Pennsylvania 1822–1888 Claymont, Delaware|New York, NY|New York, NY","Darley, Felix Octavius Carr|Hurd and Houghton|Hurd, Melancthon M.",1869,New York,,Books,http://www.metmuseum.org/art/collection/search/348384,
623578,Drawings and Prints,1949.0,Print ornament & architecture,"View into a street with a wall fountain with three statues in niches in the foreground at right, and woman and child in the foreground at left, plate 15, from Artis Perspectivæ",,Artist|Artist|Artist|Publisher,"Netherlandish, Leeuwarden 1527–1606 (?)  Antwerp (?)|Netherlandish, 1528/32–1605|Netherlandish, active 1554–72, died before 1589|Netherlandish, 1509/17–1591","Vredeman de Vries, Hans|Doetecum, Johannes van I|Doetecum, Lucas van|Jode, Gerard de",1568,Antwerp,,Ornament & Architecture|Prints,http://www.metmuseum.org/art/collection/search/623578,
216,The American Wing,1959.0,Armchair,Armchair,American,Maker,1740–1795,"Affleck, Thomas",1765–75,Philadelphia,United States,,http://www.metmuseum.org/art/collection/search/216,
349028,Drawings and Prints,1921.0,Book,Recueil de Cent Sujets de Divers Genres,,Artist,"French, Paris 1747–1819 Paris","Duplessi-Bertaux, Jean",1814,Paris,,Books,http://www.metmuseum.org/art/collection/search/349028,
336560,Drawings and Prints,1974.0,Print,The Game-Keeper's Fireside,,Artist|Artist,"British, 19th century|British, Marlborough, Wiltshire 1802–1877","Scott, W. R.|Hancock, Charles",after 1838,London,,Prints,http://www.metmuseum.org/art/collection/search/336560,
345202,Drawings and Prints,1968.0,Book,Handbook of Christian Symbolism,,Artist|Artist|Publisher,"British, Elgin, Scotland 1838–1925 Bloomfield, New Jersey|British, Dufftown, Scotland 1833–1907| ","Audsley, George Ashdown|Audsley, William James|Day & Son, Ltd.",1865,London,,Books,http://www.metmuseum.org/art/collection/search/345202,
426467,Drawings and Prints,1930.0,Prints Collection Ornament & Architecture,"Title Plate with the Design for a Stage Set, from Liure de Decoration Diferante, part of Œuvres du Sr. D. Marot",,Artist|Publisher,"French, Paris 1661–1752 The Hague| ","Marot, Daniel, the Elder|Husson, Pierre",published 1703 or 1712,The Hague,,Prints|Ornament & Architecture,http://www.metmuseum.org/art/collection/search/426467,
390521,Drawings and Prints,1920.0,Drawing Ornament and Architecture,"Bed Pillars, in Chippendale Drawings, Vol. I",,Artist,"British, baptised Otley, West Yorkshire 1718–1779 London","Chippendale, Thomas",1759,London,,Drawings|Ornament & Architecture,http://www.metmuseum.org/art/collection/search/390521,Furniture
350584,Drawings and Prints,1970.0,Book,Contes d'une Vieille Fille à ses Neveux,,Illustrator|Illustrator|Publisher|Author,"French, Strasbourg 1832–1883 Paris|French, 19th century| |French, 1804–1855","Doré, Gustave|Fath, G.|Lévy, Michel Frères|Girardin, Madame Emile de",after 1856,Paris,,Books,http://www.metmuseum.org/art/collection/search/350584,
660889,Drawings and Prints,1921.0,Books Prints Ornament & Architecture,"Lucidario di Recami, page 14 (verso)",,Designer|Publisher,"Italian, active Venice, 1557| ","Foresto, Iseppo|Calepino",1564,Venice,,Books|Prints|Ornament & Architecture,http://www.metmuseum.org/art/collection/search/660889,Vines
348834,Drawings and Prints,1924.0,Book ; Ornament and architecture,"A Treatise on the Theory and Practice of Landscape Gardening Adapted to North America; with a view to the Improvement of Country Residences...[and] Remarks on Rural Architecture, 4th editiion",,Illustrator|Publisher|Publisher|Etcher|Author,"American, New York 1803–1892 West Orange, New Jersey| | |American, 19th century|American, Newburgh, New York 1815–1852 Yonkers, New York","Davis, Alexander Jackson|Putnam, G. P.|Longman and Co.|Jordan, H.|Downing, Andrew Jackson",1849,New York|London,,Books|Ornament & Architecture,http://www.metmuseum.org/art/collection/search/348834,
371944,Drawings and Prints,1941.0,Book,Vitruvii de architectura libri decem iterum edidit V. Rose,,Author|Editor|Publisher|Author,"Roman, active late 1st century BCE| | |Roman, 3rd century CE","Vitruvius, Marcus|Rose, Valentino|Teubner, G. B.|Faventius, Marcus Cetius",1899,Leipzig,,Books,http://www.metmuseum.org/art/collection/search/371944,
421123,Drawings and Prints,1957.0,Print,"32nd Plate, from Trattato delle Piante & Immagini de Sacri Edifizi di Terra Santa (Treatise of the Plans & Images of the Sacred Buildings of the Holy Land)",,Artist|Artist|Publisher,"Italian, active 1593–1619|French, Nancy 1592–1635 Nancy|Italian, active late 16th–early 17th century","Amico, Bernardino|Callot, Jacques|Cecconcelli, Pietro",1620,Florence,,Prints,http://www.metmuseum.org/art/collection/search/421123,
652993,Arms and Armor,2004.0,Drawings,Design for the Decoration of Firearms,"French, Versailles",Designer,"French, Versailles and Paris, 1761–1833","Boutet, Nicholas-Noël",ca. 1797–1805,Versailles,,Works on Paper-Drawings,http://www.metmuseum.org/art/collection/search/652993,Lions|Ornament|Swans
348812,Drawings and Prints,1941.0,Book ; Ornament and architecture,Gulielmi Philandri Castilioni Galli Civis Ro. in Decem libros M. Vitruvii Pollionis De Architectura Annotationes,,Author|Author|Publisher,"French, 1505–1565|Roman, active late 1st century BCE| ","Guillaume Philander|Vitruvius, Marcus|Dossena, Giovanni Andrea",1544,Rome,,Books|Ornament & Architecture,http://www.metmuseum.org/art/collection/search/348812,
343978,Drawings and Prints,1970.0,Book ; Ornament and architecture,"Sammlung von Aufsätzen und Nachrichten, die Baukunst betreffend. Erster Band 1800, Zweiter Band 1799",,Author|Publisher|Author|Author|Engraver|Author,"German, Szczecin, Poland 1772–1800 Carlsbad, Czech Republic|German|German, Wrocław (Breslau) 1766–1811 Berlin|German, Kamienna Góra (Landeshut in Schlesien) 1732–1808 Wrocław (Breslau)|German, Silesia ca. 1765–ca. 1836 Berlin|German, Behla, Donauschingen 1759–1837 Berlin","Gilly, Friedrich|Hayn, Gottfried|Gentz, Heinrich|Langhans, Carl Gotthard|Wachsmann, Anton|Hirt, Aloys Ludwig",1799–1800,Berlin,,Books|Ornament & Architecture,http://www.metmuseum.org/art/collection/search/343978,
18874,The American Wing,2005.0,Caster,Caster,American,Maker|Retailer,1893–ca. 1905|1830–1922,"Goodnow & Jenks|Bigelow, Kennard & Co.",ca. 1900,Boston,United States,,http://www.metmuseum.org/art/collection/search/18874,
466179,Medieval Art,1990.0,Bifolium,Bifolium with the Decretals of Gratian,French,Artist,French,Honore Master,ca. 1290,Paris,France,Manuscripts and Illuminations,http://www.metmuseum.org/art/collection/search/466179,Men|Bishops
348968,Drawings and Prints,1953.0,Book,Illustrated Catalogue of Undertaker's Trimmings,,Author,"Baltimore, Maryland","Duer, John & Sons",1877,Baltimore,,Books,http://www.metmuseum.org/art/collection/search/348968,
7156,The American Wing,1946.0,Sauce dish,Sauce Dish,American,Maker, ,Adams and Company ,1870–80,Pittsburgh,United States,,http://www.metmuseum.org/art/collection/search/7156,
6949,The American Wing,1946.0,Salt caster,Salt Caster,American,Maker,ca. 1870–1890,Richards and Hartley Flint Glass Co. ,ca. 1888,Tarentum,United States,,http://www.metmuseum.org/art/collection/search/6949,
32176,Arms and Armor,1935.0,Set of four pistols with case and accessories,"Pair of Four-Barreled Turnover Percussion Pistols of Henry Pelham Fiennes Pelham-Clinton, 4th Duke of Newcastle-under-Lyne (1785–1851), with Pair of Box-Lock Turn-Off Pocket Pistols, Case, and Accessories","British, London",Gun assembler|Gunsmith|Stock polisher|Engraver,"British, London, active 19th century|British, London 1784–1863 Margate|British, London, active 19th century|British, London, active 19th century","Atkin, Henry|Purdey, James|Robins, Abbe|Gumbrell, Peter",1831,London,,Firearms-Pistols-Percussion,http://www.metmuseum.org/art/collection/search/32176,
642979,Drawings and Prints,1948.0,Print,"Small head of a woman, bound in L'Oeuvre original de Vivant Denon. Collection de eaux-fortes, Volume 2",,Artist|Publisher|Artist,"French, Givry 1747–1825 Paris| |Italian, Castelfranco Veneto 1477/78–1510 Venice","Denon, Dominique Vivant Baron|Barrand, A.|Giorgione",1873,Paris,,Books,http://www.metmuseum.org/art/collection/search/642979,
3522,The American Wing,1946.0,Egg cup,Egg Cup,American,Maker,"American, East Cambridge, Massachusetts, 1818–1888",New England Glass Company ,1860–70,East Cambridge,United States,,http://www.metmuseum.org/art/collection/search/3522,
708840,The Libraries,,,Interieurs Modernes 3. Repetoire de l'Architecture,,Artist|Publisher, | ,"Delacroix, Henry|Editions S. de Bonadona",ca. 1934,Paris,France,,http://www.metmuseum.org/art/collection/search/708840,
349807,Drawings and Prints,1970.0,Book,Autour de la table,,Author|Illustrator|Illustrator|Engraver|Engraver|Engraver|Engraver|Engraver|Engraver|Engraver|Publisher|Illustrator,"French, 1775–1814 Seaux|French, 19th century|French, Paris 1813–1879 Paris|French, Forges-les-Eaux 1797–1869 Hyers|French, 1800–1867|British, active 1835–49|French, 19th century|French, active 1834–73|French, 19th century|French, 19th century| |French, Nancy 1803–1847 Vanves","Florian, Jean Pierre Claris de|Seguin, G.|Marville, Charles|Brevière, Louis-Henri|Porret, Henri-Désiré|Best, Andrew|Quichon|Brugnot|Cherrier|Berdeil|Paulin et Le Chevalier|Grandville, J. J.",1849,Paris,,Books,http://www.metmuseum.org/art/collection/search/349807,
469986,The Cloisters,1998.0,Stained glass panel,Man of Sorrows,German,Artist|Artist,"active Southern and Central Germany, ca. 1470–1500|German, active late 15th century","Hemmel von Andlau, Peter Circle of|Lautenbach Master",ca. 1480,Strasbourg,Germany (present-day France),Glass-Stained,http://www.metmuseum.org/art/collection/search/469986,Christ
630090,Drawings and Prints,1945.0,Print,"Chimney Sweep, from Di Bologna l'Arti per via D'An.ibal' Ca.rac, plate 9",,Artist|Artist|Publisher|Printer,"Italian, Bologna (?) 1634–1718 Bologna|Italian, Bologna 1560–1609 Rome|Italian, Rome 1627–1691 Rome| ","Mitelli, Giuseppe Maria|Carracci, Annibale|Rossi, Giovanni Giacomo De|Calcografia, Camerale La",printed 1740,Rome,,Prints,http://www.metmuseum.org/art/collection/search/630090,
19875,The American Wing,2017.0,Vase,Vase,American,Maker,"American, Biloxi, Mississippi 1857–1918  Biloxi, Mississippi","Ohr, George E.",1900,Biloxi,United States,,http://www.metmuseum.org/art/collection/search/19875,
722417,Arms and Armor,2016.0,Engraving,Plate Eleven from Nouveavx Desseins D'Arquebvseries,"French, Paris",Engraver,"French, Liège 1722–1776 Paris","Demarteau, Gilles",ca. 1749,Paris,,Works on Paper-Engravings,http://www.metmuseum.org/art/collection/search/722417,Ornament
823344,The American Wing,2020.0,Plate,Bread and butter plate,American,Manufacturer|Designer,"Vernon, California, 1931–1958|American, Tarrytown, New York 1882–1971 Plattsburgh, New York","Vernon Kilns|Kent, Rockwell",1935,Vernon,United States,,http://www.metmuseum.org/art/collection/search/823344,
8406,The American Wing,1980.0,Teapot,Teapot,American,Maker,baptized 1705–1766,"Wynkoop, Jr. Benjamin",1725–35,Fairfield,United States,,http://www.metmuseum.org/art/collection/search/8406,Eagles
446612,Islamic Art,1913.0,Folio from an illustrated manuscript,"""Alexander at a Banquet"", Folio 321b from a Khamsa (Quintet) of Nizami of Ganja",,Calligrapher|Author,"Iranian, ca. 1472–ca. 1536|present-day Azerbaijan, Ganja 1141–1209 Ganja",Sultan Muhammad Nur|Nizami,dated A.H. 931/1524–25 CE,Herat,present-day Afghanistan,Codices,http://www.metmuseum.org/art/collection/search/446612,Musical Instruments|Alexander The Great|Men
785208,The American Wing,2018.0,Plate,Plate,French,Manufacturer|Retailer,"1799–1828 Paris, France| ","G. Baruch Weil|Airé & Cie, Paris",ca. 1801–04,Paris,France,,http://www.metmuseum.org/art/collection/search/785208,
14214,The American Wing,1991.0,Pitcher,Pitcher,American,Maker,"American, 1900–1970",Kalo Shop,1912–18,Chicago,United States,,http://www.metmuseum.org/art/collection/search/14214,
7364,The American Wing,1933.0,Seal,Seal,American,Maker,ca. 1657–1729,"Boelen, Jacob",ca. 1704,New York,United States,,http://www.metmuseum.org/art/collection/search/7364,Coat of Arms
746714,Drawings and Prints,1944.0,Book Print Ornament & Architecture,Ornamental designs for Point d'Alençon lace with thin garlands of stylized flowers and leaves,,Publisher|Lithographer|Designer,"French, 19th century|French| ","Chavant, Fleury|Schlatter, Georges|Atelier de H. Mereau",[after 1844],Paris,,Books|Prints|Ornament & Architecture,http://www.metmuseum.org/art/collection/search/746714,
345042,Drawings and Prints,1937.0,Book,Il Meschino Atramente detto Il Guerrino,,Author|Publisher, | ,"Aragona, Tullia D'|Sessa Giovanni Battista & Melchior, Fratelli",1560,Venice,,Books,http://www.metmuseum.org/art/collection/search/345042,
626585,Drawings and Prints,1958.0,Print ornament & architecture,"Vestal Virgins, from Deorum Dearumque Capita : ex vetustis numismatibus in gratiam antiquitatis studiosorum effigiata et edita",,Publisher|Artist|Artist|Artist,"Netherlandish, Haarlem 1537–1612 Antwerp|Netherlandish, 1528/32–1605|Netherlandish, active 1554–72, died before 1589|Netherlandish, Leeuwarden 1527–1606 (?)  Antwerp (?)","Galle, Philips|Doetecum, Johannes van I|Doetecum, Lucas van|Vredeman de Vries, Hans",1573,Antwerp,,Ornament & Architecture|Prints,http://www.metmuseum.org/art/collection/search/626585,
347725,Drawings and Prints,1970.0,Book,Histoiriettes Morales,,Author|Illustrator|Publisher,"French, 1810–1876|French, active 19th century| ","Colet, Louise|Bertrand|Royer",19th century,Paris,,Books,http://www.metmuseum.org/art/collection/search/347725,
3120,The American Wing,1969.0,Demitasse cup and saucer,Demitasse Cup and Saucer,American,Maker,1863–1922,Union Porcelain Works ,1885–87,Brooklyn,United States,,http://www.metmuseum.org/art/collection/search/3120,
311495,"Arts of Africa, Oceania, and the Americas",1978.0,Paddle,Paddle,Asmat people,Artist, ,Jenis,mid-20th century,Monu village,Indonesia,Wood-Implements,http://www.metmuseum.org/art/collection/search/311495,
487653,Modern and Contemporary Art,1929,Vase,Vase,,Designer,"American, Middletown, Connecticut, 1865–1929 Syracuse, New York","Robineau, Adelaide Alsop",1927,Syracuse,United States,Ceramics-Porcelain,http://www.metmuseum.org/art/collection/search/487653,
346265,Drawings and Prints,1942.0,Book,Filli di Sciro; Favola Patorale,,Author|Illustrator|Publisher," | |Italian, 17th century","Bonarelli, Guid. Ubaldo|Vallegio, F.|Baldini",1607,Ferrara,,Books,http://www.metmuseum.org/art/collection/search/346265,
17547,The American Wing,1910.0,Figure,Figur,American,Maker|Maker,1757–1806| ,"Skillin, Simeon|Skillin, John",ca. 1790,Salem,United States,,http://www.metmuseum.org/art/collection/search/17547,Women|Snakes
503703,Musical Instruments,1914,Jagdhorn in G,Jagdhorn in G,German,Maker,"German, Nuremberg 1642–1720","Schmidt, Jacob",ca. 1710–20,Nürnberg,Germany,Aerophone-Lip Vibrated-horn,http://www.metmuseum.org/art/collection/search/503703,
433875,Drawings and Prints,1949.0,Print,"Peter, from Christ, the Apostles, and Saint Paul",,Artist|Artist|Publisher,"Netherlandish, Antwerp 1565–1629 The Hague|Netherlandish, 1561–ca. 1604|Netherlandish, Antwerp 1565–1629 The Hague","Gheyn, Jacques de, II|Dolendo, Zacharias|Gheyn, Jacques de, II",,Leiden,,Prints,http://www.metmuseum.org/art/collection/search/433875,
655992,Drawings and Prints,1947.0,Print,"Neptune, a Newfoundland Dog, the property of W. E. Gosling Esq.",,Publisher|Etcher|Artist," |British, London 1795–1880 London|British, London 1802–1873 London","Bohn, Henry G.|Landseer, Thomas|Landseer, Edwin Henry, Sir",1853,London,,Prints,http://www.metmuseum.org/art/collection/search/655992,
14048,The American Wing,1913.0,Sampler,Embroidered Sampler,American,Maker,born 1783,"Easton, Elizabeth",1795,Newport,United States,,http://www.metmuseum.org/art/collection/search/14048,Men|Women|Flowers|Birds|Houses
381572,Drawings and Prints,1972.0,Print,"Perspective of the summer house for Mrs. Elizabeth Stone, Glencoe, Illinois",,Publisher|Architect,"Berlin|American, Richland Center, Wisconsin 1867–1959 Phoenix, Arizona","Wasmuth, Ernst|Wright, Frank Lloyd",1910,Berlin,,Prints,http://www.metmuseum.org/art/collection/search/381572,
627037,Drawings and Prints,1937.0,Print ornament & architecture,"Three compartments, each with two spandrels, decorated with strapwork and children, plate 22, from Das ander Buech Gemacht auff die zway Colonnen, Corinthia und Composita",,Artist|Artist|Artist|Publisher|Publisher,"Netherlandish, Leeuwarden 1527–1606 (?)  Antwerp (?)|Netherlandish, 1528/32–1605|Netherlandish, active 1554–72, died before 1589|Netherlandish, Antwerp ca. 1510–1570 Antwerp|Netherlandish, active Antwerp, second half 16th century","Vredeman de Vries, Hans|Doetecum, Johannes van I|Doetecum, Lucas van|Cock, Hieronymus|Dierix, Volcxken",,Antwerp,,Prints|Ornament & Architecture,http://www.metmuseum.org/art/collection/search/627037,
361,The American Wing,1984.0,Basket,Basket,"American, Shaker",Maker,"American, active ca. 1750–present",United Society of Believers in Christ’s Second Appearing,1800–1900,New Lebanon,United States,,http://www.metmuseum.org/art/collection/search/361,
658771,Drawings and Prints,1921.0,Books Prints Ornament & Architecture,"Esemplario di lavori, page 8 (verso)",,Publisher,"Italian, Ferrara 1478/80–1544 Venice","Zoppino, Nicolò",August 1529,Venice,,Books|Prints|Ornament & Architecture,http://www.metmuseum.org/art/collection/search/658771,Ornament
760084,Drawings and Prints,1931.0,Book Print Ornament and Architecture,"Plate 26: Two Oval Landscapes, from ""A New Book of Chinese Designs""",,Artist and publisher|Artist and publisher,"British, Stratford 1694–1773 Plaistow|British, ca. 1720–1780 London","Edwards, George|Darly, Matthew",1754,London,,Ornament & Architecture|Books|Prints,http://www.metmuseum.org/art/collection/search/760084,
372167,Drawings and Prints,1941.0,Book,Des Vitruvius Zehn Büches über Architektur,,Author|Translator|Publisher,"Roman, active late 1st century BCE|German|German","Vitruvius, Marcus|Reber, Franz|Langenscheidtsche",1917,Berlin,,Books,http://www.metmuseum.org/art/collection/search/372167,
345534,Drawings and Prints,1926.0,Book,Historia de vita et gesti Scanderbergi Epirotarum Principis,,Author|Publisher, | ,"Barletius, Marinus|Vitali, Bernardino de'",between 1508–10,Rome,,Books,http://www.metmuseum.org/art/collection/search/345534,
760367,Drawings and Prints,1931.0,Book Print Ornament and Architecture,"Plate 78: Single flowered thorn, from ""A New Book of Chinese Designs""",,Artist and publisher|Artist and publisher,"British, Stratford 1694–1773 Plaistow|British, ca. 1720–1780 London","Edwards, George|Darly, Matthew",1754,London,,Ornament & Architecture|Books|Prints,http://www.metmuseum.org/art/collection/search/760367,
729864,Drawings and Prints,1991.0,Book Prints Ornamet & Architecture,"Papiers Peints et Tentures Modernes, Pl. 23, Percale imprimée, composition de Eric Bagge",,Author|Printer|Publisher|Artist,French| | | ,"Clouzot, Henri|Catala frères|Massin, Ch. & Cie.|Bagge, Eric",[1929],Paris,,Books|Prints|Ornament & Architecture,http://www.metmuseum.org/art/collection/search/729864,
392296,Drawings and Prints,1975.0,Print,"The Convex Petitioner: The Taste of the Day, no. 34 (Le Solliciteur Convèxe: Le Goût du Jour, No. 34)",,Publisher|Artist,"French, 1762–1841| ","Martinet, Aaron|Anonymous, French, 19th century",1817,Paris,,Prints,http://www.metmuseum.org/art/collection/search/392296,Men
16745,The American Wing,1999.0,Vase,Vase,French,Manufacturer,established 1798–1834,"Schoelcher, Marc",ca. 1815–20,Paris,France,,http://www.metmuseum.org/art/collection/search/16745,Animals|Landscapes
433804,Drawings and Prints,1953.0,Print collection ornament & architecture,"Ceiling decoration with Hercules and the Hydra, from Plafonds modernes, plate 4",,Artist|Publisher,"French, Paris 1618–1682 Paris|French, ca. 1590–1666 Paris","Le Pautre, Jean|Leblond, Jean I",published ca. 1651,Paris,,Prints|Ornament & Architecture,http://www.metmuseum.org/art/collection/search/433804,
640494,Drawings and Prints,1948.0,Print,"Bust of a young man with his gaze down, bound in L'Oeuvre original de Vivant Denon. Collection de eaux-fortes, Volume 1",,Artist|Publisher|Artist,"French, Givry 1747–1825 Paris| |Italian, Cento 1591–1666 Bologna","Denon, Dominique Vivant Baron|Barrand, A.|Guercino (Giovanni Francesco Barbieri)",1873,Paris,,Books,http://www.metmuseum.org/art/collection/search/640494,
853947,The Libraries,,,A weaver of dreams,,Author|Artist|Publisher,"American, 1874–1911|American, New York 1867–1944 New York| ","Reed, Myrtle|Armstrong, Margaret Neilson|G.P. Putnam & Co., New York",1911,New York,,,http://www.metmuseum.org/art/collection/search/853947,
751614,The American Wing,2021.0,Salad servers,Salad servers,American,Maker,"American, Brooklyn, New York 1853–1936 Buffalo, New York","Rohlfs, Charles",1902—05,Buffalo,United States,,http://www.metmuseum.org/art/collection/search/751614,
26554,Arms and Armor,1997.0,Snaphaunce hunting rifle,Snaphaunce Hunting Rifle,"Swedish, Stockholm",Stock maker,"Swedish, active 1715–died 1748","Schertiger, Jonas the Younger",dated 1722,Stockholm,,Firearms,http://www.metmuseum.org/art/collection/search/26554,
346473,Drawings and Prints,1921.0,Book,De la maniere de graver à l'eau forte et au burin... Nouvelle édition augmentée,,Artist|Publisher,"French, Tours 1602/04–1676 Paris|French, 1712–1784","Bosse, Abraham|Jombert, Charles Antoine",1758,Paris,,Books,http://www.metmuseum.org/art/collection/search/346473,
14370,The American Wing,1991.0,Chocolate pot,Chocolate Pot,American,Maker,1876–1914,New England Pottery Company ,ca. 1889–95,Boston,United States,,http://www.metmuseum.org/art/collection/search/14370,Flowers
9418,The American Wing,1951.0,Vase,Vase,American,Designer|Maker,"American, New York 1848–1933 New York|American, 1892–1902","Tiffany, Louis C.|Tiffany Glass and Decorating Company",ca. 1900,New York,United States,,http://www.metmuseum.org/art/collection/search/9418,Feathers
344668,Drawings and Prints,1956.0,Book,Album Blouses Nouvelles; Chic Parisien,,Publisher, ,"Bachwitz, Arnold",Winter 1932,Paris,,Books,http://www.metmuseum.org/art/collection/search/344668,
350118,Drawings and Prints,1960.0,Book,"The Monarch Catalogue No. 61, [for rings]",,Author,"New York, NY","Friedlander, R. L. & M.",1900–50,New York,,Books,http://www.metmuseum.org/art/collection/search/350118,
896955,The Libraries,,,12 původních litografií z německých koncentračních táborů,,Artist,"German, 1901–1983","Haas, Leo",1947,Prague,Czech Republic,,http://www.metmuseum.org/art/collection/search/896955,
343898,Drawings and Prints,1961.0,Book ; Ornament and architecture,Architectura civilis,,Engraver|Engraver|Author,"German, active Augsburg, 1590–1651, died Frankfurt-am-Main|German, active Augsburg first half 17th century|German, 1591–1667","Custos, Raphael|Custos, Jakob|Furttenbach, Joseph the Elder",1628–50,n.l.,,Books|Ornament & Architecture,http://www.metmuseum.org/art/collection/search/343898,
626180,Drawings and Prints,1947.0,Print ornament & architecture,"Solis Invictus, from Deorum Dearumque Capita : ex vetustis numismatibus in gratiam antiquitatis studiosorum effigiata et edita",,Publisher|Artist|Artist|Artist|Artist,"Netherlandish, Haarlem 1537–1612 Antwerp|Netherlandish, 1528/32–1605|Netherlandish, active 1554–72, died before 1589|Netherlandish, active Antwerp, 1563–73|Netherlandish, active Antwerp, 1563–73","Galle, Philips|Doetecum, Johannes van I|Doetecum, Lucas van|Groeningen, Gerard van|Groeningen, Gerard van",1573,Antwerp,,Ornament & Architecture|Prints,http://www.metmuseum.org/art/collection/search/626180,
434879,Drawings and Prints,1953.0,Print collection ornament & architecture,"Copy of Apollo and Daphne, from a series of twenty-two plates depicting mythological subjects, plate 1",,Artist|Publisher,"French, Paris 1618–1682 Paris|Dutch (born Germany), Elberfeld 1660–ca. 1713 Amsterdam","Le Pautre, Jean|Schenck, Pieter",17th century,Paris,,Prints|Ornament & Architecture,http://www.metmuseum.org/art/collection/search/434879,
412557,Drawings and Prints,1968.0,Portfolio,"Plate 10 from Sonia Delaunay: ses peintures, ses objets, ses tissus simultanés, ses modes",,Artist|Publisher,"French (born Ukraine), Gradizhsk 1885–1979 Paris| ","Delaunay, Sonia|Librairie des Arts Décoratifs",[1925],Paris,,Portfolios,http://www.metmuseum.org/art/collection/search/412557,
19853,The American Wing,2018.0,Vase,Vase,American,Decorator|Manufacturer,"1860–1937|American, Cincinnati, Ohio 1880–1967","Daly, Matthew Andrew|Rookwood Pottery Company",1900,Cincinnati,United States,,http://www.metmuseum.org/art/collection/search/19853,
655710,Drawings and Prints,1958.0,Print,"Mary, Queen of Scots with her son James",,Sitter|Etcher|Artist|Artist|Sitter|Publisher,"British, Linlithgow 1542–1587 Fotheringhay|Italian, Florence 1728–1815 Lisbon|Italian, Sant'Angelo in Vado 1540/42–1609 Ancona|Italian, active London 1779|British, Edinburgh 1566–1625 Theobalds|Italian, active London 1779","Mary Queen of Scots|Bartolozzi, Francesco|Zuccaro, Federico|Roma, Spiridione|Scotland, James VI of King|Roma, Spiridione","January 26, 1779",London,,Prints,http://www.metmuseum.org/art/collection/search/655710,
355105,Drawings and Prints,1933.0,Book,[Works. Furniture designs.],,Artist|Publisher|Publisher,"French, Cambrai 1753–1835 Valenciennes| |French, Paris 1736–1793 Saint-Mandé, Val-de-Marne","Parent, Aubert Henri Joseph|Mondhare et Jean|Bonnet, Louis Marin",[1788–89],Paris,,Books,http://www.metmuseum.org/art/collection/search/355105,
348763,Drawings and Prints,1962.0,Book,"The ""Domestic"" Sewing Machine Instructor",,Author,"American, established 1869",Domestic Sewing Machine Company,1880–90 (?),New York,,Books,http://www.metmuseum.org/art/collection/search/348763,
662158,Drawings and Prints,1952.0,Print,"Vüe des restes du Chateau de l'Eau Marcia Sur le Mont Esquilin prés de St. Eusebe, from Les Plus Beaux Monuments de Rome Ancienne ou Recueil des plus beaux Morceaux de l'Antiquité Romaine qui existent encore",,Artist|Publisher|Printer|Engraver,"French, Viarmes 1718–1762 Rome|Rome| |Italian, active Rome, ca. 1750–76","Barbault, Jean|Bouchard & Gravier|Giunchi Heritiers de Komarek|Montagu, Dominico",1761,Rome,,Prints,http://www.metmuseum.org/art/collection/search/662158,
468319,Medieval Art,1949.0,Triptych panel,Triptych Panel with Saint Catherine,French,Artist,ca. 1490–ca. 1515,Master of the Triptych of Louis XII,15th–16th century,Limoges,France,Enamels-Painted,http://www.metmuseum.org/art/collection/search/468319,Swords|Men
4795,The American Wing,1980.0,Lintel,Lintel,American,Maker|Designer,"1902–32|American, New York 1848–1933 New York","Tiffany Studios |Tiffany, Louis C.",1905–15,New York,United States,,http://www.metmuseum.org/art/collection/search/4795,
725300,Drawings and Prints,1945.0,Book Print Ornament and Architecture,Folded Paper Pattern for Embroidery with Design for Border with Dwarf Arctiotis Motifs,,Designer,"British, active second half 19th century","Courbould, Elvira Mary",1870–1880,London,,Books|Ornament & Architecture|Prints,http://www.metmuseum.org/art/collection/search/725300,
344227,Drawings and Prints,1948.0,Book,Strapwork Cartouches with Interlaced Band Patterns,,Artist|Publisher,"Netherlandish, Leeuwarden 1527–1606 (?)  Antwerp (?)|Netherlandish, Antwerp ca. 1510–1570 Antwerp","Vredeman de Vries, Hans|Cock, Hieronymus",ca. 1555–60,Antwerp,,Books|Ornament & Architecture,http://www.metmuseum.org/art/collection/search/344227,
348186,Drawings and Prints,1965.0,Book,Album de Serrurerie de Luxe,,Manufacturer|Lithographer|Designer," |French, active 1819–40|French","Cugnot, Amédée|Villain, François de|Cordier, A.",19th century,Paris,,Books,http://www.metmuseum.org/art/collection/search/348186,
888597,The Libraries,,,"The watchmaker's wife, and other stories",,Artist|Publisher|Author,"American, New York 1867–1944 New York| |American, 1834–1902","Armstrong, Margaret Neilson|Charles Scribners and Sons|Stockton, Frank Richard",1893,New York,,,http://www.metmuseum.org/art/collection/search/888597,
652998,Arms and Armor,2004.0,Drawings,Partial Design for the Decoration of Firearms,"French, Versailles",Designer,"French, Versailles and Paris, 1761–1833","Boutet, Nicholas-Noël",ca. 1797–1805,Versailles,,Works on Paper-Drawings,http://www.metmuseum.org/art/collection/search/652998,Ornament
366776,Drawings and Prints,1962.0,Print,Lady Betty Bustle and Her Maid Lucy Preparing for the Masquerade at the Pantheon,,Publisher,"British, 1724–1793","Bowles, Carington I",1745–1800,London,,Prints,http://www.metmuseum.org/art/collection/search/366776,
359790,Drawings and Prints,1970.0,Book ; Ornament and architecture,Guide to House Furnishing,,Author|Lithographer|Illustrator|Illustrator|Illustrator,"British, established 1848|British, active 1879–91|British, active 1878–1892|British, late 19th century|British, active London late 19th century","Oetzmann & Co.|Allbut and Daniel|Riley, Thomas|Gaunt|Waterlows",[1879],London,,Books|Ornament & Architecture,http://www.metmuseum.org/art/collection/search/359790,
344103,Drawings and Prints,1921.0,Book,Hieroglyphica of Merkbeelden der oude Volkeren,,Editor|Illustrator|Designer|Engraver|Designer|Publisher|Sitter,"Dutch|Dutch, Amsterdam 1645–1708 Haarlem|Dutch, 1690–1759|Dutch, Dordrecht 1698–1780 Amsterdam|Dutch|Dutch, 1719–1752|Dutch, Amsterdam 1645–1708 Haarlem","Westerhovius, Arn. Henr.|Hooghe, Romeyn de|Wandelaar, Jan|Houbraken, Jacob|Bos, H.|Woude, Joris van der|Hooghe, Romeyn de",1735,Amsterdam,,Books,http://www.metmuseum.org/art/collection/search/344103,
701204,Drawings and Prints,1951.0,"Print, Fete, Ornament & Architecture","Plate 22: Emperor Charles V, victory at Pavia; from Guillielmus Becanus's 'Serenissimi Principis Ferdinandi, Hispaniarum Infantis...'",,Artist|Publisher,"Flemish, Antwerp 1610–after 1660 Antwerp|Flemish, active 1620–47","Neeffs, Jacob|Meursius, Johannes",1636,Antwerp,,Prints|Prints-Fete|Ornament & Architecture,http://www.metmuseum.org/art/collection/search/701204,Horses|Soldiers|Swords|Women
887833,The Libraries,,,Mosaic curtain for the National Theatre of Mexico,,Author,1902–32,Tiffany Studios ,1911,New York,U.S.A.,,http://www.metmuseum.org/art/collection/search/887833,
372979,Drawings and Prints,1941.0,Book ; Ornament and Architecture,The Architecture of M. Vitruvius Pollio,,Engraver|Artist and publisher|Author,"British, 1735–1790|British, London 1748–ca. 1804|Roman, active late 1st century BCE","Newton, William|Newton, James|Vitruvius, Marcus",1791,London,,Books|Ornament & Architecture,http://www.metmuseum.org/art/collection/search/372979,
391907,Drawings and Prints,1967.0,Print,"Fee Simple, a Councellor and Beau Bungey, a Cringing Courtier",,Artist,"British, 1730–1769","Spilsbury, John",ca. 1750–70,London,,Prints,http://www.metmuseum.org/art/collection/search/391907,
347852,Drawings and Prints,1941.0,Book,The Modish Round Hand,,Author|Publisher|Engraver,"British, active ca. 1750|London|British, active mid-18th century","Cook, Solomon|Overton, Henry and Hoole J.|Fryer, William",[1750],London,,Books,http://www.metmuseum.org/art/collection/search/347852,
390489,Drawings and Prints,1920.0,Drawing Ornament and Architecture,"French Chairs, in Chippendale Drawings, Vol. I",,Artist,"British, baptised Otley, West Yorkshire 1718–1779 London","Chippendale, Thomas",1759,London,,Drawings|Ornament & Architecture,http://www.metmuseum.org/art/collection/search/390489,Chairs
348263,Drawings and Prints,1971.0,Book,"Catalogue B. No. 11, Electrical Novelties, Experimental Apparatus, Dynamo and Motors, etc.",,Author|Author,"Boston, Massachusetts|Cincinnati, Ohio","Fuller, Seth W., & Co.|Carlisle & Finch Co.",1907,Cincinnati,,Books,http://www.metmuseum.org/art/collection/search/348263,
503345,Musical Instruments,1988,Ūd,Ūd,American,Maker, ,Jahromi Toufighe,ca. 1928,Brooklyn,United States,Chordophone-Lute-plucked-unfretted,http://www.metmuseum.org/art/collection/search/503345,
8546,The American Wing,1942.0,Tile,Tile,British,Maker,1720–1789,"Sadler, John",1757–61,Liverpool,England,,http://www.metmuseum.org/art/collection/search/8546,Ships
345913,Drawings and Prints,1969.0,Book,"Classic Metal Ceilings, Catalogue No. 6A",,Author,"Canton, Ohio",Berger Manufacturing Company,1890s (?),Canton,,Books,http://www.metmuseum.org/art/collection/search/345913,
8193,The American Wing,1986.0,Tankard,Tankard,American,Maker,1655/56–1722,"Coney, John",ca. 1685,Boston,United States,,http://www.metmuseum.org/art/collection/search/8193,Coat of Arms
427834,Drawings and Prints,1961.0,Prints Collection Ornament & Architecture,"Title Plate with Design for a Clock, from Nouveaux Liure de Boites de Pendulles de Coqs et Etuys de Montres et Autres Necessaire au Orlogeurs",,Artist|Publisher,"French, Paris 1661–1752 The Hague|French, Paris 1642–1711 Paris","Marot, Daniel, the Elder|Bonnart, Henri II",after 1706,Amsterdam,,Prints|Ornament & Architecture,http://www.metmuseum.org/art/collection/search/427834,
344365,Drawings and Prints,1926.0,Book,Abuze en Court and Le Doctrinal du Temps Présent,,Publisher, ,Association Guillaume le Roy,ca. 1926 [reproducing ca. 1484 original],Lyon,,Books,http://www.metmuseum.org/art/collection/search/344365,
789050,Arms and Armor,2018.0,Flintlock Wender Pistol,Flintlock Wender Pistol,"French, Lyon",Gunsmith,"French, active Lyon, ca. 1640–60","Cunet, Claude",ca. 1650,Lyon,,Firearms-Pistols-Flintlock,http://www.metmuseum.org/art/collection/search/789050,
432623,Drawings and Prints,1933.0,Print collection ornament & architecture,"Altar with Christ in Glory above, bound in Oeuvres. Vol. III",,Artist|Publisher,"French, Paris 1618–1682 Paris|French, Paris 1634–1716 Paris","Le Pautre, Jean|Mariette, Pierre le fils",17th century,Paris,,Prints|Ornament & Architecture,http://www.metmuseum.org/art/collection/search/432623,
788996,Drawings and Prints,1917.0,Print,"Plate 22, from ""World in Miniature""",,Artist|Publisher,"British, London 1757–1827 London|British, active 1794–1829","Rowlandson, Thomas|Ackermann, Rudolph",1816,London,,Prints,http://www.metmuseum.org/art/collection/search/788996,Castles|Men|Women|Horses|Carriages
7373,The American Wing,1969.0,Vegetable dish,Vegetable Dish,American,Maker,1863–1922,Union Porcelain Works ,1885,Brooklyn,United States,,http://www.metmuseum.org/art/collection/search/7373,
345037,Drawings and Prints,1925.0,Book,Della puritá della conscientia & deli modo da confessari,,Author,"Italian, 1225–1274","Aquinas, Thomas","August 14, 1512",Florence,,Books,http://www.metmuseum.org/art/collection/search/345037,
16977,The American Wing,2012.0,Dining table,Drop-leaf dining table,American,Maker,1732–1809,"Townsend, John",1756,Newport,United States,,http://www.metmuseum.org/art/collection/search/16977,
430642,Drawings and Prints,1963.0,Print,"The First Four Trombones, from The Apocalypse",,Artist|Publisher,"German, Augsburg 1473–1531 Augsburg|German, active Augsburg, 1513–40","Burgkmair, Hans|Otmar, Silvan",1523–24,Augsburg,,Prints,http://www.metmuseum.org/art/collection/search/430642,Trombones|Apocalypse
361861,Drawings and Prints,1995.0,Book,The History of Japan: Giving an Account of the Antient [sic] and Present State and Government of That Empire...,,Translator|Printer|Engraver|Engraver|Engraver|Publisher|Designer|Dedicatee|Publisher|Author,"British (born Switzerland), Zürich 1702–1729 Chelsea|London|British, active 1732–49|British, active 1768–1773|British, London 1696–1776 London|British (born Switzerland), Zürich 1702–1729 Chelsea|British (born Switzerland), Zürich 1702–1729 Chelsea|Hanover 1683–1760 London|London|German, Lemgo, Westphalia 1651–1716 Lemgo, Westphalia","Scheuchzer, John Gaspar|Woodward, Thomas|King, G.|Moore, C.|Vandergucht, Gerard|Scheuchzer, John Gaspar|Scheuchzer, John Gaspar|George II, King of Great Britain and Ireland|Davis, Charles|Kaempfer, Engelbert",1728,London,,Books,http://www.metmuseum.org/art/collection/search/361861,
1476,The American Wing,1933.0,Caster,Caster,American,Maker,1733–1787,"Nelson, Mark",1750–70,Portsmouth,United States,,http://www.metmuseum.org/art/collection/search/1476,
6657,The American Wing,1940.0,Porringer,Porringer,American,Maker,ca. 1768–1813,"Billings, William",1791–1806,Providence,United States,,http://www.metmuseum.org/art/collection/search/6657,
845711,The Libraries,,,"A catalogue of the library of the late John, Duke of Roxburghe : arranged by G. and W. Nicol ; which will be sold by auction ... on Monday, 18th May, 1812, and the forty-one following days, Sundays excepted ... by Robert H. Evans",,Subject of book|Author|Publisher|Printer," |British, 1778–1857|London|London","Roxburghe, John Ker|Evans, Robert Harding|Nicol, G. and W.|Bulmer, William & Co.",1812,London,England,,http://www.metmuseum.org/art/collection/search/845711,
435325,Drawings and Prints,1918.0,Print collection ornament & architecture,"Frieze with a flying female figure amidst rinceaux, from Frises et différents ornements à l'italienne, plate 2, in A Bound Collection of Print Series Including Cheminées et Lambris, Alcoves à la Romaine, Feuillages et autres ornemens..., etc.",,Artist|Publisher|Publisher,"French, Paris 1618–1682 Paris|French, 1712–1784|French, Paris 1634–1716 Paris","Le Pautre, Jean|Jombert, Charles Antoine|Mariette, Pierre le fils",1751,Paris,,Prints|Ornament & Architecture,http://www.metmuseum.org/art/collection/search/435325,
505461,Musical Instruments,1984,Violoncello,Violoncello,French,Maker,"French, Mirecourt 1798–1875 Paris",Vuillaume Jean Baptiste,mid-19th century,Paris,France,Chordophone-Lute-bowed-unfretted,http://www.metmuseum.org/art/collection/search/505461,
643642,Drawings and Prints,1948.0,Print,"Legislator in profile, bound in L'Oeuvre original de Vivant Denon. Collection de eaux-fortes, Volume 2",,Artist|Publisher,"French, Givry 1747–1825 Paris| ","Denon, Dominique Vivant Baron|Barrand, A.",1873,Paris,,Books,http://www.metmuseum.org/art/collection/search/643642,
668768,The American Wing,2022.0,Pitcher,Pitcher,American,Manufacturer,1876–1914,New England Pottery Company ,ca. 1886–90,East Boston,United States,,http://www.metmuseum.org/art/collection/search/668768,
344111,Drawings and Prints,1926.0,Book,Various Plates of Grotesques from Three Series,,Artist|Publisher|Engraver|Engraver,"Netherlandish, Antwerp before 1514–1575 Antwerp|Netherlandish, Antwerp ca. 1510–1570 Antwerp|Netherlandish, 1528/32–1605|Netherlandish, active 1554–72, died before 1589","Floris, Cornelis, II|Cock, Hieronymus|Doetecum, Johannes van I|Doetecum, Lucas van",1554–57,Antwerp,,Books,http://www.metmuseum.org/art/collection/search/344111,Grotesques|Ornament
371830,Drawings and Prints,1941.0,Book,"Architecture, ou, Art de bien bastir de Marc Vitruve Pollion, autheur romain antique; mis de latin en francoys par Ian Martin",,Author|Publisher|Translator|Illustrator|Publisher,"Roman, active late 1st century BCE|French, active 16th century|French, died 1553|French, ca. 1510–ca. 1565 Bologna (?)|French","Vitruvius, Marcus|Gazeau, Jacque|Martin, Jean|Goujon, Jean|Veuue & Heritiers of Jean Barbé",1547,Paris,,Books,http://www.metmuseum.org/art/collection/search/371830,
8084,The American Wing,1968.0,Table,Table,American,Maker,1824–1887,"Marcotte, Léon",ca. 1860,New York,United States,,http://www.metmuseum.org/art/collection/search/8084,
687920,Drawings and Prints,1922.0,Book ; periodical,"Les Artistes Anciens et Modernes, Volume X",,Artist|Publisher|Artist|Artist|Artist|Artist|Artist|Artist|Artist|Artist|Artist|Artist,"French, active 1860–73| |French, Caen 1807–1863 Paris|French, Paris 1820–1881 Paris|French (born Italy), Rome 1813–1873 Bourron-Marlotte|French, Paris 1831–1914|French, Toulouse 1813–1895 Bühl|French, Plombières-les-Bains 1814–1897 Plombières-les-Bains|French, Paris 1797–1871 Paris|French, Beauvais 1834–1904 Paris|French, Boulogne-sur-Mer 1820–1889 Paris|French, Besançon 1816–1885 Geneva","Mariani, Léon|Bertauts|Leroux, Eugène|Mouilleron, Adolphe|Nanteuil, Célestin|Didier, Jules|Bida, Alexandre|Français, François-Louis|Bertin, Edouard|Sirouy, Achille-Louis-Joseph|Hédouin, Edmond|Baron, Henri-Charles-Antoine",1848–62,Paris,,Books|Periodicals,http://www.metmuseum.org/art/collection/search/687920,
311552,"Arts of Africa, Oceania, and the Americas",1978.0,Spear,Spear,Asmat people,Artist, ,Jewer,mid-20th century,Omadesep village,Indonesia,Wood-Implements,http://www.metmuseum.org/art/collection/search/311552,Spears
659633,Drawings and Prints,1952.0,Print,"Centaures D'aprés un Basrelief antique, from Les Plus Beaux Monuments de Rome Ancienne ou Recueil des plus beaux Morceaux de l'Antiquité Romaine qui existent encore",,Artist|Publisher|Printer,"French, Viarmes 1718–1762 Rome|Rome| ","Barbault, Jean|Bouchard & Gravier|Giunchi Heritiers de Komarek",1761,Rome,,Prints,http://www.metmuseum.org/art/collection/search/659633,
32217,Arms and Armor,1932.0,Waist lame,Waist Lame,"German, Landshut",Armorer|Armorer,"German, Landshut, active ca. 1517–62|German, Landshut, recorded 1555–79","Grosschedel, Wolfgang|Grosschedel, Franz",ca. 1555–60,Landshut,,Armor Parts,http://www.metmuseum.org/art/collection/search/32217,
2851,The American Wing,1948.0,Cup and saucer,Cup and Saucer,German,Maker,"German, founded 1763",Koenigliche Porzellan Manufaktur,ca. 1844–47,Berlin,Germany,,http://www.metmuseum.org/art/collection/search/2851,
9335,The American Wing,1969.0,Vase,Vase,American,Manufacturer|Maker,1894–ca. 1911|active 1899–1910,"Grueby Faience Company |Erickson, Ruth",1899–1910,Boston,United States,,http://www.metmuseum.org/art/collection/search/9335,
427900,Drawings and Prints,1961.0,Prints Collection Ornament & Architecture,"Copy of Design for a Vase with Britannia, from Vasses de la Maison Royalle de L'oo",,Artist|Publisher,"French, Paris 1661–1752 The Hague| ","Marot, Daniel, the Elder|Benthemensus",after 1703,Amsterdam,,Prints|Ornament & Architecture,http://www.metmuseum.org/art/collection/search/427900,
247,The American Wing,1968.0,Armchair,Armchair,American,Maker,1813–1893,"Jelliff, John",1868–70,Newark,United States,,http://www.metmuseum.org/art/collection/search/247,
3520,The American Wing,1946.0,Egg cup,Egg Cup,American,Maker, ,Adams and Company ,1870–80,Pittsburgh,United States,,http://www.metmuseum.org/art/collection/search/3520,
889362,The Libraries,,,Never forget / Yéil Ya-Tseen = Nicholas Galanin,,Publisher|Artist," |Tlingit and Unangax̂born, born Sitka, Alaska, 1979","Minor Matters Books|Galanin, Nicholas",2021,Seattle,United States,,http://www.metmuseum.org/art/collection/search/889362,
478980,Medieval Art,1949.0,Plaque,Plaque with the Crucifixion,French,Artist,"French, 1470–1542/43","Pénicaud, Nardon",late 15th–early 16th century,Limoges,France,Enamels-Painted,http://www.metmuseum.org/art/collection/search/478980,Christ|Crucifixion|Horses
373627,Drawings and Prints,1941.0,Book,L'architecture de Vitruve,,Translator|Publisher|Author,"French|French, 1780–1844|Roman, active late 1st century BCE","Maufras, Charles L.|Panckoucke, Charles Louis Fleury|Vitruvius, Marcus",1847,Paris,,Books,http://www.metmuseum.org/art/collection/search/373627,
659616,Drawings and Prints,1918.0,Books Prints Ornament & Architecture,"Esemplario di Lauori..., page 23 (recto)",,Designer|Publisher,"Italian, active 16th century|Italian, active Venice 1530–1573","Vavassore, Florio|Vavassore, Giovanni Andrea","August 1, 1532",Venice,,Books|Prints|Ornament & Architecture,http://www.metmuseum.org/art/collection/search/659616,
742605,Drawings and Prints,2016.0,Book Ornament & Architecture,"The Twenty Styles of Architecture, Illustrated by Plates of the Finest Edifices of the World",,Author,"American, active second half 19th century","Wood, Wallace",1881,London,,Books|Ornament & Architecture,http://www.metmuseum.org/art/collection/search/742605,
787698,Drawings and Prints,1959.0,Print,A Bonnet Shop,,Artist|Publisher,"British, London 1757–1827 London|British, London 1776–1846 London","Rowlandson, Thomas|Tegg, Thomas","May 15, 1810",London,,Prints,http://www.metmuseum.org/art/collection/search/787698,Satire|Men|Women
716894,The American Wing,2019.0,Vase,Covered vase on stand with teasel,American,Maker,"American, Middletown, Connecticut, 1865–1929 Syracuse, New York","Robineau, Adelaide Alsop",1912,Syracuse,United States,,http://www.metmuseum.org/art/collection/search/716894,
894673,Drawings and Prints,1924,Print,The Unlucky Loss of the French Warships Quebec and Surveillant – Etat Malheureux du Quebeck et Surveillant Vais de Guerre,,Artist|Engraver,"British, 1717–1791|German, active 1751–1800","Paton, Richard|Leizel, Balthasar Friedrich",ca. 1779,Augsburg,,Prints,http://www.metmuseum.org/art/collection/search/894673,
344637,Drawings and Prints,1941.0,Book ; Ornament and architecture,I dieci libri de l'architettura di Leon Battista de gli Alberti Fiorentino,,Author|Publisher|Translator|Dedicatee,"Italian, Genoa 1404–1472 Rome| |Italian, ca. 1510–ca. 1568|Italian","Alberti, Leon Battista|Vaugris, Vincenzo|Lauro, Pietro|Bevilacqua, Bonifacio",1546,Venice,,Books|Ornament & Architecture,http://www.metmuseum.org/art/collection/search/344637,
1336,The American Wing,1910.0,Candlestick,Candlestick,American,Maker,1852–58,United States Pottery Company ,1849–58,Bennington,United States,,http://www.metmuseum.org/art/collection/search/1336,
640289,Drawings and Prints,1948.0,Print,"Man blowing on charcoal, bound in L'Oeuvre original de Vivant Denon. Collection de eaux-fortes, Volume 1",,Artist|Publisher|Artist,"French, Givry 1747–1825 Paris| |Italian, Brizane 1498–1578 Rome","Denon, Dominique Vivant Baron|Barrand, A.|Clovio, Giulio",1873,Paris,,Books,http://www.metmuseum.org/art/collection/search/640289,
431784,Drawings and Prints,1933.0,Print collection ornament & architecture,"A grotto of arcades topped with a terrace, from Grottes et fontaines de jardins à l'italienne, plate 4, bound in Oeuvres. Vol. II",,Artist|Publisher,"French, Paris 1618–1682 Paris|French, Paris 1634–1716 Paris","Le Pautre, Jean|Mariette, Pierre le fils",17th century,Paris,,Prints|Ornament & Architecture,http://www.metmuseum.org/art/collection/search/431784,
344938,Drawings and Prints,1986.0,Book,Fairy Tales,,Editor|Author|Illustrator|Printer|Publisher,"British, London 1867–1939 Limpsfield, Surrey|Danish, Odense 1805–1875 Copenhagen|British, London 1867–1939 Limpsfield, Surrey|Edinburgh|London","Rackham, Arthur|Andersen, Hans Christian|Rackham, Arthur|Clark, R. & R.|Harrap, George G. & Co. Ltd.",1932,London,,Books,http://www.metmuseum.org/art/collection/search/344938,
351556,Drawings and Prints,1952.0,Book ; facsimile,"The Cabinet-Maker and Upholsterer's Guide; Or, Repository of Designs for Every Article of Household Furniture",,Author|Printer|Publisher,"British, 18th century|British, founded London 1843|London","Hepplewhite, A. & Co.|Batsford, B. T., Ltd.|Taylor, I. & J.",1897 [copy of 1794 original],London,,Books,http://www.metmuseum.org/art/collection/search/351556,
661158,Drawings and Prints,1953.0,Books Prints Ornament & Architecture,"Prima parte de' fiori, page 12 (recto)",,Author|Printer|Publisher,"Italian, born Siena, ca. 1560| |Italian, active 16th century","Ciotti, Giovanni Battista|Moretti, Nicolo|Franceschi Francesco de'",1591,Venice,,Books|Prints|Ornament & Architecture,http://www.metmuseum.org/art/collection/search/661158,Ornament
430672,Drawings and Prints,1963.0,Print,"Recto of Sheet with The Clothing of the Elect, from The Apocalypse",,Artist|Publisher,"German, Augsburg 1473–1531 Augsburg|German, active Augsburg, 1513–40","Burgkmair, Hans|Otmar, Silvan",1523–24,Augsburg,,Prints,http://www.metmuseum.org/art/collection/search/430672,Apocalypse
341780,Drawings and Prints,1945.0,Book,"Pompa Introitus Honori .. Ferdinandi Austriaci ... "" (Entry of Cardinal-Infante Ferdinand into Antwerp, April 17, 1635)",,Author|Designer|Engraver|Etcher|Publisher,"Flemish, 1593–1666|Flemish, Siegen 1577–1640 Antwerp|Flemish, Antwerp 1610–after 1660 Antwerp|Flemish, 's-Hertogenbosch 1606–1669 's-Hertogenbosch|Flemish, 's-Hertogenbosch 1606–1669 's-Hertogenbosch","Gevaerts, Jan Caspar|Rubens, Peter Paul|Neeffs, Jacob|Thulden, Theodoor van|Thulden, Theodoor van",1642,"Antwerp, n.d.",,Books,http://www.metmuseum.org/art/collection/search/341780,Soldiers|Men|Women|Dragons|Horses
311449,"Arts of Africa, Oceania, and the Americas",1978.0,Drum,Drum,Asmat people,Artist, ,Danaskat,mid-20th century,Omadesep village,Indonesia,Wood-Musical Instruments,http://www.metmuseum.org/art/collection/search/311449,
4092,The American Wing,1968.0,Goblet,Goblet,American,Maker,"American, East Cambridge, Massachusetts, 1818–1888",New England Glass Company ,1855–70,East Cambridge,United States,,http://www.metmuseum.org/art/collection/search/4092,
503615,Musical Instruments,2003,Bassoon,Bassoon,Italian,Maker,"Naples, active late 19th century",Esposito Giosue,1881,Naples,Italy,Aerophone-Reed Vibrated-double reed,http://www.metmuseum.org/art/collection/search/503615,
433120,Drawings and Prints,1949.0,Print,"A soldier molding the match into the right shape, from the Musketeers series, plate 9, in Waffenhandlung von den Rören Musquetten undt Spiessen / Wapenhandelinghe van Roers Musquetten ende Spiessen (The Exercise of Arms)",,Artist|Artist|Artist,"Netherlandish, Antwerp 1565–1629 The Hague|Netherlandish, Antwerp 1565–1629 The Hague|Netherlandish, 1574/5–1659","Gheyn, Jacques de, II|Gheyn, Jacques de, II|Baudous, Robert Willemsz de",published 1608,The Hague,,Prints,http://www.metmuseum.org/art/collection/search/433120,
4444,The American Wing,1962.0,Inkwell,Inkwell,American,Designer|Maker,"American, New York 1848–1933 New York|1902–32","Tiffany, Louis C.|Tiffany Studios ",ca. 1910–20,New York,United States,,http://www.metmuseum.org/art/collection/search/4444,
622970,Drawings and Prints,1918.0,Print collection ornament & architecture,"Ceiling decoration with a satyr approaching a sleeping nymph, from Plafonds modernes, plate 5, in A Bound Collection of Print Series Including Cheminées et Lambris, Alcoves à la Romaine, Feuillages et autres ornemens..., etc.",,Artist|Publisher|Publisher,"French, Paris 1618–1682 Paris|French, 1712–1784|French, Paris 1634–1716 Paris","Le Pautre, Jean|Jombert, Charles Antoine|Mariette, Pierre le fils",1751,Paris,,Prints|Ornament & Architecture,http://www.metmuseum.org/art/collection/search/622970,
390524,Drawings and Prints,1920.0,Drawing Ornament and Architecture,"Frames for Marble Slabs, in Chippendale Drawings, Vol. I",,Artist,"British, baptised Otley, West Yorkshire 1718–1779 London","Chippendale, Thomas",1760,London,,Drawings|Ornament & Architecture,http://www.metmuseum.org/art/collection/search/390524,Ornament
351725,Drawings and Prints,1922.0,Book,Plusieurs Models...en l'Art d'Arquebuzerie...,,Engraver|Designer|Designer,"French, Paris, active mid-17th century|French, Paris, active mid-17th century|French, Paris, active mid-17th century","Jacquinet, C.|Thuraine|Hollandois, Le",1660,Paris,,Books,http://www.metmuseum.org/art/collection/search/351725,
5891,The American Wing,1946.0,Pitcher,Pitcher,American,Maker,"American, 1825–1888, Sandwich, Massachusetts",Boston and Sandwich Glass Company ,1883–90,Sandwich,United States,,http://www.metmuseum.org/art/collection/search/5891,
19915,The American Wing,2018.0,Vase,Vase,American,Maker,1870–1921,"Walrath, Frederick Emory",ca. 1908–15,Rochester,United States,,http://www.metmuseum.org/art/collection/search/19915,
5638,The American Wing,1968.0,Pier table,Pier Table,American,Maker|Maker|Maker,"1840–1847|1837–1840, active New York|American (born Scotland), near Lock Fannich, Ross-Shire, Scotland 1768/1770–1854 New York","Phyfe & Son, D.|Phyfe & Sons, D.|Phyfe, Duncan",1835–40,New York,United States,,http://www.metmuseum.org/art/collection/search/5638,
350436,Drawings and Prints,1968.0,Book,Toi et Moi,,Author|Artist|Publisher,"French, 1885–1983|French, Cuiseaux 1868–1940 La Baule| ","Géraldy, Paul|Vuillard, Edouard|Crès George, et Cie.",1917,Paris,,Books,http://www.metmuseum.org/art/collection/search/350436,
349950,Drawings and Prints,1970.0,Book,"Official Catalogue 1900, Doors, Glazed Sash, Blinds, Mouldings",,Author,"Chicago, Illinois",Foster-Munger Co.,1900,Chicago,,Books,http://www.metmuseum.org/art/collection/search/349950,
8143,The American Wing,1924.0,Spoon,Table Spoon,American,Maker,active ca. 1730–42,"Reed, Jonathon",1720–30,Boston,United States,,http://www.metmuseum.org/art/collection/search/8143,
349558,Drawings and Prints,1923.0,Book,Theorica et Pratica. . .de modo Scribendi,,Author|Publisher|Engraver,"Italian, born Ferrara, active Venice 16th century|Italian, active 16th century|Italian, Carpi ca. 1480–1532 Bologna","Fanti, Sigismundo|Vercellensis|Carpi, Ugo da","December 1, 1514",Venice,,Books,http://www.metmuseum.org/art/collection/search/349558,
390353,Drawings and Prints,2018.0,Print,Architectural View with an Arch,,Artist|Artist,"Italian, Venice 1688–1782 Venice|French, Saint-Jean-du-Bruel 1709–1780 London","Visentini, Antonio Maria|Vivares, Francois",1740,London,,Prints,http://www.metmuseum.org/art/collection/search/390353,
682012,The Libraries,,,Epistole eroiche di P. Ovidio Nasone,,Author|Illustrator|Publisher|Author|Translator,"Roman, Sulmo 43 BCE–17 CE Tomis, Moesia|Italian, Florence 1719–1759 Florence|French, 18th century|Italian, 1720–1791|Italian, 1521?–?1581","Ovid|Gregori, Carlo|Durand|Conti, Giovan Stefano|Nannini, Remigio",1762,Paris,France,,http://www.metmuseum.org/art/collection/search/682012,
678034,Drawings and Prints,1942.0,Print,Dressing for the Masquerade – Laetitia flies from reflection to public entertainments,,Engraver|Artist|Publisher,"British, baptized Derby 1751–1812 Doncaster|British, London 1763–1804 London|British, baptized Derby 1751–1812 Doncaster","Smith, John Raphael|Morland, George|Smith, John Raphael","January 1, 1789",Philadelphia,,Prints,http://www.metmuseum.org/art/collection/search/678034,
389,The American Wing,1933.0,Beaker,Beaker,American,Maker,1737–1783,"Edwards, Jr. Joseph",ca. 1768,Boston,United States,,http://www.metmuseum.org/art/collection/search/389,
14323,The American Wing,1991.0,Piece,"Length, Design 104, Printed Silk and Fortisan Casement",American,Designer|Maker,"American, Richland Center, Wisconsin 1867–1959 Phoenix, Arizona|1889–present","Wright, Frank Lloyd|Schumacher & Co., F.",1955,New York,United States,,http://www.metmuseum.org/art/collection/search/14323,
345107,Drawings and Prints,1978.0,Book,Art de confectionner les Fleurs artificielles. Nouvelle édition ornée de figures,,Publisher, ,"Delarue, and Lille, Castiaux",[1850 (?)],Paris,,Books,http://www.metmuseum.org/art/collection/search/345107,
638281,The American Wing,2013.0,Bookend,Bookend,American,Artist,"American, born Russia, 1882–1964","Cauman, Rebecca",ca. 1927,Boston,United States,,http://www.metmuseum.org/art/collection/search/638281,Fruit|Trees
20017,The American Wing,2018.0,Vase,Vase,American,Designer|Manufacturer,"American (born England), Hanley, Stoke-on-Trent 1880–1942 New York|1892–1954","Rhead, Frederick Hurten|Roseville Pottery",ca. 1904–8,Zanesville,United States,,http://www.metmuseum.org/art/collection/search/20017,
8040,The American Wing,1927.0,Ladle,Ladle,American,Maker|Maker,1734–1817|1723–1795,"Halsted, Benjamin|Myers, Myer",ca. 1765,New York,United States,,http://www.metmuseum.org/art/collection/search/8040,
6932,The American Wing,1969.0,Salad plate,Salad Plate,American,Maker,1863–1922,Union Porcelain Works ,1885–87,Brooklyn,United States,,http://www.metmuseum.org/art/collection/search/6932,
640465,Drawings and Prints,1948.0,Print,"Head of an old man, bound in L'Oeuvre original de Vivant Denon. Collection de eaux-fortes, Volume 1",,Publisher|Artist|Artist," |Italian, Cento 1591–1666 Bologna|French, Givry 1747–1825 Paris","Barrand, A.|Guercino (Giovanni Francesco Barbieri)|Denon, Dominique Vivant Baron",1873,Paris,,Books,http://www.metmuseum.org/art/collection/search/640465,
348291,Drawings and Prints,1963.0,Book,"Dame Mantel Company, Manufacturers of Mantels",,Author,"Harriman, Tennesee",Dame Mantel Company,20th century,Harriman,,Books,http://www.metmuseum.org/art/collection/search/348291,
698568,Drawings and Prints,1921.0,Book,Plate 52: The last supper; from 'Imagines Veteris Ac Novi Testamenti A Raphaele Sanctio Urbinate in Vaticani Palatii Xystis' after Raphael,,Publisher|Artist|Artist,"Italian, Rome 1627–1691 Rome|Italian, Urbino 1483–1520 Rome|Italian, Marsala, Sicily 1650–1692/1700 Rome","Rossi, Giovanni Giacomo De|Raphael (Raffaello Sanzio or Santi)|Aquila, Pietro",1675,Rome,,Books,http://www.metmuseum.org/art/collection/search/698568,
416823,Drawings and Prints,1972.0,Portfolio,L'Art Décoratif Théâtral Moderne,,Artist|Artist|Publisher,"Russian, 1881–1964|French (born Russia), Nagaevo 1881–1962 Paris| ","Larionov, (Larionow) Michaïl|Goncharova, Natalia|La Cible",1919,Paris,,Portfolios,http://www.metmuseum.org/art/collection/search/416823,
5869,The American Wing,1984.0,Pitcher,Pitcher,American,Maker,1852–58,United States Pottery Company ,1850–58,Bennington,United States,,http://www.metmuseum.org/art/collection/search/5869,Corn
347586,Drawings and Prints,1949.0,Book,Furniture Specialties,,Author,"Boston, Massachusetts","Clark, Carroll W., & Co.",after 1877,Boston,,Books,http://www.metmuseum.org/art/collection/search/347586,
346755,Drawings and Prints,1964.0,Book,The Indian Races of North and South America,,Author|Publisher,"American, 1822–1909|Hartford, Connecticut","Brownwell, Charles DeWolf|Hurlbut, Kellog & Co.",1860,Hartford,,Books,http://www.metmuseum.org/art/collection/search/346755,
506851,Musical Instruments,2012,Clarinet in A,Clarinet in A,American,Maker, ,Haynes Co. William S.,1930,Boston,United States,Aerophone-Reed Vibrated-single reed cylindrical,http://www.metmuseum.org/art/collection/search/506851,
20316,The American Wing,2018.0,Vase,Vase,American,Manufacturer,1899–1935,Fulper Pottery Company,1911–17,Flemington,United States,,http://www.metmuseum.org/art/collection/search/20316,
349498,Drawings and Prints,1970.0,Book,Was der Jahrmarkt bringt,,Author|Illustrator|Publisher|Printer|Illustrator,"German, late 19th century|German| | | ","Anders, Moriss|Schäfer, W.|Effenberger, Wilhelm|Löwe, F. Verlag|Offterdinger, C.",late 19th century,Stuttgart|Leipzig,,Books,http://www.metmuseum.org/art/collection/search/349498,
345455,Drawings and Prints,1963.0,Book,General Price List and Catalogue,,Publisher,"British, 1894–2006","Barker, John & Co., Ltd.",[1910],London,,Books,http://www.metmuseum.org/art/collection/search/345455,
349865,Drawings and Prints,1969.0,Book,I Pregj della Toscana,,Author|Publisher,"Italian, 1649–1723| ","Fontana, Fulvio|Pier Mattia Miccioni & Michele Nestunus",1701,Florence,,Books,http://www.metmuseum.org/art/collection/search/349865,
351952,Drawings and Prints,1937.0,Book,Poeticon Astronomicon (Hyginus),,Author|Author|Author|Publisher," | |German|German, Augsburg ca. 1447–ca. 1528 Augsburg","Hyginus, Gaius Julius|Sentinus, Jacobus|Santritter, J. L.|Ratdolt, Erhard","October 14, 1482",Venice,,Books,http://www.metmuseum.org/art/collection/search/351952,
628900,Drawings and Prints,1943.0,Print ornament & architecture,"Town square with a three story fountain topped by a woman holding a tazza and drinking cup at center and a woman drying linen at left, from Artis Perspectivæ, plate 9",,Artist|Artist|Artist|Publisher,"Netherlandish, Leeuwarden 1527–1606 (?)  Antwerp (?)|Netherlandish, 1528/32–1605|Netherlandish, active 1554–72, died before 1589|Netherlandish, 1509/17–1591","Vredeman de Vries, Hans|Doetecum, Johannes van I|Doetecum, Lucas van|Jode, Gerard de",1568,Antwerp,,Prints|Ornament & Architecture,http://www.metmuseum.org/art/collection/search/628900,
312029,"Arts of Africa, Oceania, and the Americas",1978.0,Bark painting,Painting from a Ceremonial House Ceiling,"Kwoma, Amachi-Kalaba clan",Artist|Artist, | ,"Artists of Mariwai Village|Mburrnggei, Amachi-Kalaba",1970,Mariwai village,Papua New Guinea,Bark-Paintings,http://www.metmuseum.org/art/collection/search/312029,
355899,Drawings and Prints,1960.0,Book,"Ransom Stove Works, Circular for 1855",,Author|Printer,"Albany, New York|American, 19th century","Ransom, S. H., & Company|Van Benthuysen",1855,Albany,,Books,http://www.metmuseum.org/art/collection/search/355899,
347285,Drawings and Prints,1966.0,Book,The History of Don Quixote de la Mancha,,Author|Translator|Illustrator|Publisher|Author|Printer,"Spanish, Alcalá 1547–1616 Madrid|British, active 1598–1629|Belgian, Uccle 1878–1953|British, London|British, 1887–1958|Edinburgh","Cervantes, Saavedra Miguel de|Shelton, Thomas|Bosschère, Jean de|Constable & Co., Ltd.|Trend, J. B.|Constable, T. and A.",1922,London,,Books,http://www.metmuseum.org/art/collection/search/347285,
13933,The American Wing,1985.0,Braided Rug,Rug,"American, Shaker",Maker|Maker," |American, active ca. 1750–present","Collins, Sister Sarah|United Society of Believers in Christ’s Second Appearing",ca. 1935,New Lebanon,United States,,http://www.metmuseum.org/art/collection/search/13933,
887859,Drawings and Prints,1949,Album Print Ornament & Architecture,Vertical Grotesque Panel with a Terminal Figure,,Artist,"Netherlandish, Hertogenbosch ca. 1510?–before 1556 Groningen","Bos, Cornelis",1548,Antwerp,,Albums|Prints|Ornament & Architecture,http://www.metmuseum.org/art/collection/search/887859,
435211,Drawings and Prints,1918.0,Print collection ornament & architecture,"Fireplace topped with captives and trophies of arms, from Cheminées et lambris, plate 5, in A Bound Collection of Print Series Including Cheminées et Lambris, Alcoves à la Romaine, Feuillages et autres ornemens..., etc.",,Artist|Publisher|Publisher,"French, Paris 1618–1682 Paris|French, 1712–1784|French, Paris 1634–1716 Paris","Le Pautre, Jean|Jombert, Charles Antoine|Mariette, Pierre le fils",1751,Paris,,Prints|Ornament & Architecture,http://www.metmuseum.org/art/collection/search/435211,
432991,Drawings and Prints,1933.0,Print collection ornament & architecture,"Frieze at right with a centaur turning into rinceaux, from Frises et différents ornements à l'italienne, plate 5, bound in Oeuvres. Vol. IV",,Artist|Publisher,"French, Paris 1618–1682 Paris|French, Paris 1634–1716 Paris","Le Pautre, Jean|Mariette, Pierre le fils",17th century,Paris,,Prints|Ornament & Architecture,http://www.metmuseum.org/art/collection/search/432991,
312049,"Arts of Africa, Oceania, and the Americas",1978.0,Bark painting,Painting from a Ceremonial House Ceiling,"Kwoma, Abgwala Kalaba clan",Artist|Artist, | ,"Artists of Mariwai Village|Yuanei, Abgwala Kalaba",1970,Mariwai village,Papua New Guinea,Bark-Paintings,http://www.metmuseum.org/art/collection/search/312049,
310963,"Arts of Africa, Oceania, and the Americas",1978.0,Head crest,Head Crest,"Okpoto peoples, Idoma group",Artist, ,Ochai,1946,Otobi village,Nigeria,Wood-Sculpture,http://www.metmuseum.org/art/collection/search/310963,
3841,The American Wing,1979.0,Frieze,"Frieze from Chicago Stock Exchange Building, Chicago",American,Maker,"American, Boston, Massachusetts 1856–1924 Chicago, Illinois","Sullivan, Louis Henry",1893–94,Chicago,United States,,http://www.metmuseum.org/art/collection/search/3841,
348686,Drawings and Prints,1966.0,Book,Knight's Gems or Device Book,,Publisher|Publisher|Publisher|Engraver|Artist|Artist|Artist|Engraver|Artist|Artist|Artist|Engraver|Engraver|Engraver|Engraver|Engraver|Artist|Engraver|Author|Publisher,"London|British, active 1815–53|British, active 1829–55|British, 19th century|British, London 1785–1851 London|British, active 19th century|British, London 1787–1868 Greenwich|British, active 1827–35|British, 19th century|British, 19th century|British, 19th century|British, 19th century|British, Edinburgh, Scotland 1805–1899|British, 19th century|Mexican, born England, active 1838–58|British, 19th century|Italian, Florence 1727–1785 Hammersmith (active London)|British, 1781–1847|British, active 1830s|London","Williams, J.|Tilt, Charles|Ackermann & Co.|Dick, Thomas|Alken, Henry Thomas|Taylor, W.|Cooper, Abraham|Scott, John R.|Vining, C.|Poyie|Sneider|Hebblethwaite, R.|Forrest, William|Applebee|Periam, George August|March, T.|Cipriani, Giovanni Battista|Stalker, Ebenezer|Knight, Frederick|Simpkin & Marshall",[ca. 1830],London,,Books,http://www.metmuseum.org/art/collection/search/348686,
347061,Drawings and Prints,1955.0,Book,Campagnes des Français sous le Consulat et l'Empire,,Artist|Publisher,"French, Bordeaux 1758–1836 Paris|French","Vernet, Carle (Antoine Charles Horace)|Librairie rue Visconti",n.d.,Paris,,Books,http://www.metmuseum.org/art/collection/search/347061,
435509,Drawings and Prints,1918.0,Print collection ornament & architecture,"Variant ornament designs with a seated faun holding a garland at right, from Ornements de panneaux à la romaine, plate 6, in A Bound Collection of Print Series Including Cheminées et Lambris, Alcoves à la Romaine, Feuillages et autres ornemens..., etc.",,Artist|Publisher|Publisher,"French, Paris 1618–1682 Paris|French, 1712–1784|French, Paris 1634–1716 Paris","Le Pautre, Jean|Jombert, Charles Antoine|Mariette, Pierre le fils",1751,Paris,,Prints|Ornament & Architecture,http://www.metmuseum.org/art/collection/search/435509,
503390,Musical Instruments,1990,Guitar,Guitar,Spanish,Maker,"Spanish, Barcelona 1690–1764 Barcelona","Massague, José",ca. 1755–60,Barcelona,Spain,Chordophone-Lute-plucked-fretted,http://www.metmuseum.org/art/collection/search/503390,
21932,Arms and Armor,1904.0,Cup-hilted rapier,Cup-Hilted Rapier,"hilt, Italian, probably Naples; blade, German, Solingen",Bladesmith,"German, Solingen, active 17th century","Bongen, Johann",ca. 1650–75,probably Naples|Solingen,,Swords,http://www.metmuseum.org/art/collection/search/21932,
2658,The American Wing,1933.0,Cream pot,Creampot,American,Maker,"American, Boston, Massachusetts 1729–1805 Boston, Massachusetts","Burt, Benjamin",1755–70,Boston,United States,,http://www.metmuseum.org/art/collection/search/2658,
698055,Drawings and Prints,1941.0,Book Ornament & Architecture,"Villa Barbaro, from I quattro libri dell'architettura di Andrea Palladio (Book 2, page 51)",,Illustrator|Illustrator|Publisher|Author|Dedicatee|Dedicatee,"German, active 16th century|German, born Nuremberg, died Venice, ca. 1590|Italian, active 1557–86|Italian, Padua 1508–1580 Vicenza|Italian, 1528–1580|Italian","Chrieger, Johann|Krieger, Christoph of Nuremberg|Franceschi, Dominico de'|Palladio, Andrea|Filiberto, Emanuele|Angarano, Giacomo",1570,Venice,,Books|Ornament & Architecture,http://www.metmuseum.org/art/collection/search/698055,Architecture
13960,The American Wing,1963.0,Rug,Hooked Rug,American,Maker, ,"Blackstone, Elenore",ca. 1880–90,Lacon,United States,,http://www.metmuseum.org/art/collection/search/13960,Bicycles|Cooking|Girls|Men|Women
433180,Drawings and Prints,1949.0,Print,"A soldier on guard lifting his musket from his shoulder with his right hand, from the Musketeers series, plate 35, in Waffenhandlung von den Rören Musquetten undt Spiessen / Wapenhandelinghe van Roers Musquetten ende Spiessen (The Exercise of Arms)",,Artist|Artist|Artist,"Netherlandish, Antwerp 1565–1629 The Hague|Netherlandish, Antwerp 1565–1629 The Hague|Netherlandish, 1574/5–1659","Gheyn, Jacques de, II|Gheyn, Jacques de, II|Baudous, Robert Willemsz de",published 1608,The Hague,,Prints,http://www.metmuseum.org/art/collection/search/433180,
347017,Drawings and Prints,1969.0,Book,Cabot's Creasote Shingle Stains,,Publisher|Author,"Boston, Massachusetts|Boston, Massachusetts","Forbes Lithographic Manufacturing Co.|Cabot, Samuel",1903,Boston,,Books,http://www.metmuseum.org/art/collection/search/347017,
491050,Modern and Contemporary Art,1943,Textile sample,Sample,American,Maker, ,Roth-Getzoff and Company ,1940–41,New York,America,Textiles-Printed,http://www.metmuseum.org/art/collection/search/491050,Flowers|Leaves
431143,Drawings and Prints,1933.0,Print collection ornament & architecture,"Ceiling decoration with an octagon in which cherubs are depicted throwing flowers, from Nouveaux dessins de plafonds, plate 3, bound in Oeuvres. Vol. I",,Artist|Publisher,"French, Paris 1618–1682 Paris|French, Saint Benoît 1660–1742 Paris","Le Pautre, Jean|Mariette, Jean",17th century,Paris,,Prints|Ornament & Architecture,http://www.metmuseum.org/art/collection/search/431143,
14080,The American Wing,1984.0,Sampler,Embroidered Sampler,American,Maker,born ca. 1785,"Glover, Priscilla T.",1798,Salem,United States,,http://www.metmuseum.org/art/collection/search/14080,Birds|Flowers
506860,Musical Instruments,2013,Mandola,Mandola,American,Maker,"American, founded Kalamazoo, Michigan 1902","Gibson Mandolin-Guitar Manufacturing Co., Ltd.",1917,Kalamazoo,United States,Chordophone-Lute-plucked-fretted,http://www.metmuseum.org/art/collection/search/506860,
553,The American Wing,1914.0,Flask,Flask,American,Maker,1852–58,United States Pottery Company ,ca. 1853–58,Bennington,United States,,http://www.metmuseum.org/art/collection/search/553,Books
350170,Drawings and Prints,1924.0,Book,"Wisdom in Miniature; or the Young Gentleman and Lady's Magazine, Being a Collection of Sentences, Divine & Moral",,Publisher,"American, 1765?–1814","Adams, John",1805,Philadelphia,,Books,http://www.metmuseum.org/art/collection/search/350170,
7200,The American Wing,1986.0,Sauceboat,Sauceboat,American,Maker,1706–1770,"Boudinot, Elias",1740–50,Philadelphia,United States,,http://www.metmuseum.org/art/collection/search/7200,
430577,Drawings and Prints,1933.0,Print collection ornament & architecture,"A pavillion on a stone bridge, from Portes cochères à la moderne, plate 4, bound in Oeuvres. Vol. I",,Publisher|Artist,"French, Paris 1634–1716 Paris|French, Paris 1618–1682 Paris","Mariette, Pierre le fils|Le Pautre, Jean",17th century,Paris,,Prints|Ornament & Architecture,http://www.metmuseum.org/art/collection/search/430577,
8541,The American Wing,1942.0,Tile,Tile,British,Maker,1720–1789,"Sadler, John",1757–61,Liverpool,England,,http://www.metmuseum.org/art/collection/search/8541,Men|Women|Sheep
9745,The American Wing,1933.0,Waste Bowl,Waste Bowl,American,Maker,1758–1820,"Lownes, Joseph",ca. 1800,Philadelphia,United States,,http://www.metmuseum.org/art/collection/search/9745,
347255,Drawings and Prints,1944.0,Book,Urbis Romae Aedificiorum illustriumquae,,Engraver|Draftsman|Publisher,"Italian, near Trent ca. 1525–1601 Rome|Italian, Florence/S. Gimignano 1533–1609 Rome/Naples|Italian, near Trent ca. 1525–1601 Rome","Cavalieri, Giovanni Battista|Dosio, Giovanni Antonio|Cavalieri, Giovanni Battista",1569,Rome,,Books,http://www.metmuseum.org/art/collection/search/347255,
17526,The American Wing,2002.0,Scrapbook,Scrapbook,American,Maker,1902–32,Tiffany Studios ,ca. 1897–1901,New York,United States,,http://www.metmuseum.org/art/collection/search/17526,
343980,Drawings and Prints,1970.0,Book,Der Moderne Stil,,Publisher|Editor|Printer,active Stuttgart|German| ,"Hoffmann, Julius|Hoffmann, Julius Jr.|Hoffmannsche Buchdruckerei (Felix Krais)",1899,Stuttgart,,Books,http://www.metmuseum.org/art/collection/search/343980,
734998,Drawings and Prints,1948.0,Book ; Ornament and architecture,"View of a Temple, from Temples in the Ancient Style",,Artist,"French, Paris 1510/12–1585 Annecy","Du Cerceau, Jacques Androuet",1550,Paris,,Books|Ornament & Architecture|Prints,http://www.metmuseum.org/art/collection/search/734998,
433735,Drawings and Prints,1933.0,Print collection ornament & architecture,"Apollo kills Diomedes during the Seige of Troy, from a series of twenty-two plates depicting mythological subjects, plate 18, bound in Oeuvres. Vol. IV",,Artist|Publisher,"French, Paris 1618–1682 Paris|French, Blois 1688–1776 Paris","Le Pautre, Jean|Chereau, Jacques II Sr.",17th century,Paris,,Prints|Ornament & Architecture,http://www.metmuseum.org/art/collection/search/433735,
1704,The American Wing,1968.0,Side Chair,Side Chair,American,Maker,1813–1893,"Jelliff, John",1868–70,Newark,United States,,http://www.metmuseum.org/art/collection/search/1704,
639584,Drawings and Prints,1958.0,Print,"Mary, Queen of Scots (from ""La Touraine, Anienne et Moderne"")",,Artist|Sitter|Author,"French, Paris 1819–1886 Ecouen|British, Linlithgow 1542–1587 Fotheringhay|French, 1814–1859","Frère, Pierre-Edouard|Mary Queen of Scots|Bellanger, Stanislas",1845,Paris,,Prints,http://www.metmuseum.org/art/collection/search/639584,Queens|Portraits|Women|Mary Queen of Scots
380610,Drawings and Prints,1927.0,Book,"Ornemens ou Placarts pour l'enrichissement des Chambres, et Alcoves",,Artist and engraver|Publisher,"French, Paris 1619–1679 Paris|French, 1596–1657","Marot, Jean|Mariette, Pierre",1635–57,Paris,,Books,http://www.metmuseum.org/art/collection/search/380610,
344329,Drawings and Prints,1941.0,Book,Cousin Lucy Among the Mountains,,Author|Publisher,"American, Maine 1803–1879|New York, NY","Abbott, Jacob|Clark, Austin & Co.",1852,New York,,Books,http://www.metmuseum.org/art/collection/search/344329,
631046,Drawings and Prints,1943.0,Print,"Portrait of Duke Francesco II d'Este, from Maria Vergine Coronata; Descrizione e dichiarazione della Divota Solennita fatta in Reggio li 13 Maggio 1674",,Author|Printer|Artist,"Italian| |Italian, Bologna (?) 1634–1718 Bologna","Certani, Giacomo|Vedrotti, Prospero|Mitelli, Giuseppe Maria",1675,Reggio,,Prints,http://www.metmuseum.org/art/collection/search/631046,
356925,Drawings and Prints,1952.0,Book ; Ornament and architecture,"Recueil D'Architecture, dessiné et mesuré en Italie, dans les années 1791, 92, et 93",,Artist|Publisher|Etcher,"French, 1771–1840| |French, Nantes 1784–1865 Nantes","Seheult, François Léonard|Bance l'ainé|Picou, Henri Jean",1821,Paris,,Books|Ornament & Architecture,http://www.metmuseum.org/art/collection/search/356925,
32197,Arms and Armor,1904.0,Portions of an armor garniture,Portions of an Armor Garniture,"German, Augsburg",Etcher,"German, Augsburg, ca. 1522–1603","Sorg the Younger, Jörg","ca. 1550–55, some etched decoration, 19th century",Augsburg,,Armor,http://www.metmuseum.org/art/collection/search/32197,
5864,The American Wing,1947.0,Pitcher,Pitcher,American,Maker,1852–58,United States Pottery Company ,1852–58,Bennington,United States,,http://www.metmuseum.org/art/collection/search/5864,Flowers
14436,The American Wing,1992.0,Andiron,Andiron,American,Maker,"American, born Russian Empire [now Ukraine], Mohyliv Podilskyi (Mogilev Podolsky) 1884–1940 New York City","Yellin, Samuel",ca. 1911,Philadelphia,United States,,http://www.metmuseum.org/art/collection/search/14436,
348639,Drawings and Prints,1969.0,Book,"Trade Catalogue of Masks, Theatrical Hair Goods, Properties, &c.",,Author,"American, established 1871",Dessart Brothers,1893–94,New York,,Books,http://www.metmuseum.org/art/collection/search/348639,
1666,The American Wing,1954.0,Side Chair,Side Chair,American,Maker,active ca. 1805–15,"Buttre, William",ca. 1815,Albany,United States,,http://www.metmuseum.org/art/collection/search/1666,
7120,The American Wing,1969.0,Sauce dish,Sauce Dish,American,Maker,1863–1922,Union Porcelain Works ,1885–87,Brooklyn,United States,,http://www.metmuseum.org/art/collection/search/7120,
690085,Drawings and Prints,1952.0,Print,"Lampes, from Recueil de divers Monumens Anciens répandus en plusieurs endroits de L'Italie",,Artist|Publisher|Printer,"French, Viarmes 1718–1762 Rome|Rome| ","Barbault, Jean|Bouchard & Gravier|Giunchi Heritiers de Komarek",1770,Rome,,Prints,http://www.metmuseum.org/art/collection/search/690085,
390665,Drawings and Prints,1920.0,Drawing Ornament and Architecture,"China Tables, from Chippendale Drawings, Vol. II",,Artist,"British, baptised Otley, West Yorkshire 1718–1779 London","Chippendale, Thomas",1754,London,,Drawings|Ornament & Architecture,http://www.metmuseum.org/art/collection/search/390665,Tables
2787,The American Wing,1933.0,Cup,Cup,American,Maker,1680/81–1725,"Dixwell, John",ca.1715,Boston,United States,,http://www.metmuseum.org/art/collection/search/2787,
491073,Modern and Contemporary Art,1943,Textile sample,Sample,American,Maker|Maker,"American (born Germany), Frankfurt-am-Main 1863–1962 Staten Island, New York|American (born Germany ?), 1868– (?)","Stirn, Louis A.|Stirn, Edmund A.",1925,New York,America,Textiles-Printed,http://www.metmuseum.org/art/collection/search/491073,
348097,Drawings and Prints,1962.0,Book,Nothing or the Booklist,,Publisher|Author,"London|British, Stevenage, Hertfordshire 1872–1966 Vence, France","Chatto & Windus|Craig, Edward Gordon",1925,London,,Books,http://www.metmuseum.org/art/collection/search/348097,
347289,Drawings and Prints,1973.0,Book,L'Ingenieux hidalgo Don Quichotte de la Manche,,Author|Artist|Engraver|Publisher,"Spanish, Alcalá 1547–1616 Madrid|French, Strasbourg 1832–1883 Paris|French, Marseille 1822–1890 Bailly|French","Cervantes, Saavedra Miguel de|Doré, Gustave|Pisan, Hélidore-Joseph|Hachette, L. et Cie Librairie de",1863,Paris,,Books,http://www.metmuseum.org/art/collection/search/347289,
347879,Drawings and Prints,1930.0,Book ; Ornament and architecture,"Plate from 'A New Book of Ornaments with Twelve Leaves Consisting of Chimneys, Sconces, Tables, Spandle Panels, Spring Clock Cases, Stands, a Chandelier and Girandole, etc.'",,Designer|Designer,"British, London ca. 1710–ca. 1765 London|British, ca. 1706–1753","Lock, Matthias|Copland, Henry","November 13, 1752",London,,Books|Ornament & Architecture,http://www.metmuseum.org/art/collection/search/347879,
643865,Drawings and Prints,1948.0,Print,"A venetian gondolier on the steps of a palazzo, bound in L'Oeuvre original de Vivant Denon. Collection de eaux-fortes, Volume 2",,Artist|Publisher,"French, Givry 1747–1825 Paris| ","Denon, Dominique Vivant Baron|Barrand, A.",1873,Paris,,Books,http://www.metmuseum.org/art/collection/search/643865,
3179,The American Wing,1966.0,Dining Table,Dining Table,"American, Shaker",Maker,"American, active ca. 1750–present",United Society of Believers in Christ’s Second Appearing,1800–1825,Hancock,United States,,http://www.metmuseum.org/art/collection/search/3179,
729948,Drawings and Prints,1953.0,Book Prints Ornament & Architecture,Costumes Brodés: Costume Cléopatre,,Designer|Artist, |French,E. M. & Cie.|Pescheux-Paulet,summer 1891,Paris,,Books|Prints|Ornament & Architecture,http://www.metmuseum.org/art/collection/search/729948,
5535,The American Wing,1985.0,Parallel rule with protractor and plotting scale,Parallel Rule with Protractor and Plotting Scale,American,Maker,1739–1816,"Dod, Lebbeus",1796,Newark,United States,,http://www.metmuseum.org/art/collection/search/5535,
7138,The American Wing,1969.0,Sauce dish,Sauce Dish,American,Maker,1863–1922,Union Porcelain Works ,1885–87,Brooklyn,United States,,http://www.metmuseum.org/art/collection/search/7138,
371445,Drawings and Prints,1941.0,Book ; Ornament and architecture,"Architecture generale de Vitruve reduite en abregé, par M. Perrault de l'Academie des Sciences à Paris. Dernier edition enrichie de figures en cuivre",,Patron|Publisher|Author|Printer|Translator,"Netherlandish| |Roman, active late 1st century BCE|Netherlandish|French, 1613–1688","Graft, Keyser|Gallet, George|Vitruvius, Marcus|Les Huguetans|Perrault, Claude",1691,Amsterdam,,Books|Ornament & Architecture,http://www.metmuseum.org/art/collection/search/371445,
21362,The American Wing,2012.0,Armchair,Armchair,American,Maker,"German, active New York, 1864–1906",Herter Brothers,1881–82,New York,United States,,http://www.metmuseum.org/art/collection/search/21362,
626506,Drawings and Prints,1958.0,Print ornament & architecture,"Isis, from Deorum Dearumque Capita : ex vetustis numismatibus in gratiam antiquitatis studiosorum effigiata et edita",,Publisher|Artist|Artist|Artist,"Netherlandish, Haarlem 1537–1612 Antwerp|Netherlandish, active Antwerp, 1563–73|Netherlandish, 1528/32–1605|Netherlandish, active 1554–72, died before 1589","Galle, Philips|Groeningen, Gerard van|Doetecum, Johannes van I|Doetecum, Lucas van",1573,Antwerp,,Ornament & Architecture|Prints,http://www.metmuseum.org/art/collection/search/626506,
746204,Drawings and Prints,1944.0,Book Print Ornament & Architecture,Ornamental designs with bundles of stylized flowers and leaves,,Publisher|Designer|Lithographer,"French, 19th century|French (?), 19th Century|French","Chavant, Fleury|Buffardin, Stanislas Nicolas Théodore|Schlatter, Georges",[after 1844],Paris,,Books|Prints|Ornament & Architecture,http://www.metmuseum.org/art/collection/search/746204,
895020,Drawings and Prints,1924,Print,General Arnold,,Artist|Sitter|Engraver|Publisher,"American (born Switzerland), Geneva 1737–1784 Philadelphia, Pennsylvania|American, Norwich, Connecticut 1741–1801 London|British, Colchester, Essex active 1780–1820|British, active 1778–1812","du Simitière, Pierre Eugène|Arnold, Benedict|Reading, Burnet|Richardson, William","May 10, 1783",London,,Prints,http://www.metmuseum.org/art/collection/search/895020,
700046,The Libraries,,,Les cathédrales de France,,Author|Author|Publisher," |French, Paris 1840–1917 Meudon| ","Morice, Charles|Rodin, Auguste|Armand Colin et Cie.",1914,Paris,,,http://www.metmuseum.org/art/collection/search/700046,
433887,Drawings and Prints,1963.0,Print collection ornament & architecture,"Fireplace between two ornamented panels, from Cheminées et lambris, plate 6",,Artist|Publisher,"French, Paris 1618–1682 Paris|French, ca. 1590–1666 Paris","Le Pautre, Jean|Leblond, Jean I",17th century,Paris,,Prints|Ornament & Architecture,http://www.metmuseum.org/art/collection/search/433887,
20272,The American Wing,2009.0,Dish,Rectangular Dish,American,Maker,American,D. M.,ca. 1925,Bergenfield|Evanston|Park Ridge,United States|United States|United States,,http://www.metmuseum.org/art/collection/search/20272,
377569,Drawings and Prints,1985.0,Print,Advertising Card for a Double Bell: No. 54 Tokio,,Publisher,"American, Brooklyn, New York 1853–1936 Buffalo, New York","Rohlfs, Charles",1907,Buffalo,,Prints,http://www.metmuseum.org/art/collection/search/377569,
8109,The American Wing,1924.0,Spoon,Table Spoon,American,Maker,1749–1801,"Emery, Stephen",ca. 1790,Boston,United States,,http://www.metmuseum.org/art/collection/search/8109,
354112,Drawings and Prints,1953.0,Book,Modell - Magazin für Gold- und Silberarbeiter,,Publisher,Leipzig,Industrie-Comptoir,1802–5,Leizpig,,Books,http://www.metmuseum.org/art/collection/search/354112,
19850,The American Wing,2018.0,Vase,Vase,American,Decorator|Manufacturer,"1857–1943|American, Cincinnati, Ohio 1880–1967","Fry, Laura A.|Rookwood Pottery Company",1884,Cincinnati,United States,,http://www.metmuseum.org/art/collection/search/19850,
351928,Drawings and Prints,1932.0,Book,Screens,,Publisher|Artist,"French, 18th century|French, Orléans 1695–1772 Paris","Chez Huquier|Huquier, Gabriel",n.d.,Paris,,Books,http://www.metmuseum.org/art/collection/search/351928,
356184,Drawings and Prints,1918.0,Book,Aus der Dichtung und Sage. Ernst und Scherz,,Artist|Publisher|Printer|Editor,"German, Dresden 1803–1884 Dresden| | | ","Richter, Adrian Ludwig|Dürr, Alphons|Edelmann, Alexander|Scherer, Georg",1878,Leipzig,,Books,http://www.metmuseum.org/art/collection/search/356184,
690812,Drawings and Prints,1952.0,Book,"Vue du Port de Ripa grande, from Les Plus Beaux Edifices de Rome Moderne, ou Recueil des plus belles vues des principales eglises, places, palais, fontaines etc. qui sont dans Rome",,Printer|Artist|Publisher|Artist," |French, Viarmes 1718–1762 Rome|Rome|Italian, active Rome, ca. 1750–76","Komarek|Barbault, Jean|Bouchard & Gravier|Montagu, Dominico",1763,Rome,,Books,http://www.metmuseum.org/art/collection/search/690812,
712789,Drawings and Prints,1922.0,Book Print Ornament and Architecture,"Nouveau Livre de Desseins contenant les Ouvrages de la Joaillerie inventes et dessines par L. van der Cruycen en 1770, No. 5",,Publisher,"Flemish?, active Brussels and Paris, ca. 1760–80","Cruycen, L. van der",1770,Paris,,Ornament & Architecture|Prints|Books,http://www.metmuseum.org/art/collection/search/712789,
10018,The American Wing,1939.0,Book,"Book: The Works of Virgil (P. Virgilii Maronis Opera, Volume IV of four volumes)",German,Author,70–19 BCE,"Maro, Publius Virgilius",1767–75 (edition),Leipzig,Germany,,http://www.metmuseum.org/art/collection/search/10018,
348472,Drawings and Prints,1960.0,Book,Illustrated Catalogue of Period Ornaments for Furniture,,Author,"Chicago, Illinois",Decorators Supply Co.,1922,Chicago,,Books,http://www.metmuseum.org/art/collection/search/348472,
20554,The American Wing,2013.0,Porringer,Porringer,American,Maker,"American, 1891–1960","Oakes, Edward Everett",ca. 1940,Boston,United States,,http://www.metmuseum.org/art/collection/search/20554,
344965,Drawings and Prints,1930.0,Book,Arte de Escribir,,Designer|Publisher, | ,"Anduaga y Garimberti, José de|Imprenta Real",1781,Madrid,,Books,http://www.metmuseum.org/art/collection/search/344965,
380550,Drawings and Prints,1951.0,Albums Prints Ornament & Architecture,"Nouveau Dessein de Cheminées, construittes dans les principaux hotels et Palais de la France (...)",,Designer|Publisher,"French|French, active ca. 1660, died 1683","de, (Girard) Marly Antoine|Jollain, Gérard",1687,Paris,,Albums|Prints|Ornament & Architecture,http://www.metmuseum.org/art/collection/search/380550,
349061,Drawings and Prints,1966.0,Book,The Origin of the Graces.  Illustrated with the original copperplate engravings after the designs of C.N. Cochin,,Author|Designer|Publisher," |French, Paris 1715–1790 Paris|London","Duséjour, Dionis|Cochin, Charles Nicolas, II|Vizetelly & Co.",n.d.,London,,Books,http://www.metmuseum.org/art/collection/search/349061,
690552,Drawings and Prints,1952.0,Book,"Eglise de Saint Paul hors des Murs, from Les Plus Beaux Edifices de Rome Moderne, ou Recueil des plus belles vues des principales eglises, places, palais, fontaines etc. qui sont dans Rome",,Publisher|Artist|Printer,"Rome|French, Viarmes 1718–1762 Rome| ","Bouchard & Gravier|Barbault, Jean|Komarek",1763,Rome,,Books,http://www.metmuseum.org/art/collection/search/690552,
503054,Musical Instruments,1969,Shamisen,Shamisen,Japanese,Maker|Maker, | ,"Matsukawa, Takechi|Wakamura workshop",1891,Kyoto,Japan,Chordophone-Lute-plucked-unfretted,http://www.metmuseum.org/art/collection/search/503054,
430753,Drawings and Prints,1933.0,Print collection ornament & architecture,"A wood-paneled bedroom without a bed, from Alcôves à l'italienne, plate 4, bound in Oeuvres. Vol. I",,Publisher|Artist,"French, Paris 1634–1716 Paris|French, Paris 1618–1682 Paris","Mariette, Pierre le fils|Le Pautre, Jean",published ca. 1656–57,Paris,,Prints|Ornament & Architecture,http://www.metmuseum.org/art/collection/search/430753,
353330,Drawings and Prints,1921.0,Book,"1) Titi Livii Patavia Romanae Historiae Principis, libri omnes",,Author|Illustrator|Publisher,"Roman, 59 BC–17 AD|Swiss, Zurich before 1539–1591 Nuremberg|German","Livius, Titus (Livy)|Amman, Jost|Corvinus Georg, Sigmund Feyerabend, heirs of Wygand Galle",1568,Frankfurt am Main,,Books,http://www.metmuseum.org/art/collection/search/353330,
346907,Drawings and Prints,1952.0,Book,"Busiest House in America Thirtieth Annual Illustrated Catalogue, Jewelry",,Author, ,"Anonymous, American, 20th century",1906,Chicago,,Books,http://www.metmuseum.org/art/collection/search/346907,
852848,The Libraries,,,Surrealist exhibition,,Author|Publisher,"American, Chicago 1943–2009 Chicago| ","Rosemont, Franklin|Gallery Bugs Bunny",1968,Chicago,United States,,http://www.metmuseum.org/art/collection/search/852848,
6121,The American Wing,1914.0,Plate,Plate,British (American market),Maker,"British, Cobridge, Stoke-on-Trent, active ca. 1818–36","Clews, James and Ralph",ca. 1824–34,Stoke-on-Trent,England,,http://www.metmuseum.org/art/collection/search/6121,Flowers|Ships
631724,Drawings and Prints,1953.0,Album Prints Ornament & Architecture,"Plate 3: Beati quorum, from ""Septem Psalmi Davidici"" (Seven Psalms of David)",,Calligrapher|Engraver|Publisher,"German, born Munich, active Antwerp, ca. 1594–1608|Netherlandish, ca. 1553–1619 Antwerp|Flemish, Antwerp 1580–1638 Paris","Model, Melchior|Wierix, Jerome (Hieronymous)|Firens, Pierre I",1608,Antwerp,,Albums|Prints|Ornament & Architecture,http://www.metmuseum.org/art/collection/search/631724,
311380,"Arts of Africa, Oceania, and the Americas",1978.0,Shield,Shield,Asmat people,Artist, ,Pono,mid-20th century,Momogo or Agani village (?),Indonesia,Wood-Implements,http://www.metmuseum.org/art/collection/search/311380,
348123,Drawings and Prints,1931.0,Book,"The Quiver of Love, A Collection of Valentines Ancient and Modern",,Illustrator|Illustrator|Publisher,"British, Liverpool 1845–1915 Horsham|British, London 1846–1901 London| ","Crane, Walter|Greenaway, Kate|Ward, Marcus & Company, Ltd.",1876,London,,Books,http://www.metmuseum.org/art/collection/search/348123,
347198,Drawings and Prints,1945.0,Book,Fortezza Reale del Cuore Humano,,Publisher|Designer," |Italian, active 17th century","Cassiani, Giuliano|Ronco, Alb.",1628,Modena,,Books,http://www.metmuseum.org/art/collection/search/347198,
347562,Drawings and Prints,1972.0,Book,Tarif-Album Extrait. Couverts et Orfévrerie Argentés.,,Designer|Printer,French|Paris,Christofle Charles & Cie.|Typographie Philippe Renoward,1914,Paris,,Books,http://www.metmuseum.org/art/collection/search/347562,
350074,Drawings and Prints,1977.0,Book,Le Journal de Bébé,,Artist|Publisher,"French, 1878–1942| ","Franc-Nohain, Marie-Madelaine|Grasset Bernard, Editions",1914,Paris,,Books,http://www.metmuseum.org/art/collection/search/350074,Bears|Children|Beds|Toys
392596,Drawings and Prints,1917.0,Print,The Laughing Audience,,Publisher|Artist,"British, 1724–1793|British, London 1697–1764 London","Bowles, Carington I|Hogarth, William",second half 18th century,London,,Prints,http://www.metmuseum.org/art/collection/search/392596,Men|Women|Spectators
361887,Drawings and Prints,1949.0,Print,Venus and Mars Embracing as Vulcan Works at His Forge,,Artist|Artist,"Italian, Parma 1523–1567 Ferrara|Italian, Parma 1503–1540 Casalmaggiore","Vico, Enea|Parmigianino (Girolamo Francesco Maria Mazzola)",1543,Rome,,Prints,http://www.metmuseum.org/art/collection/search/361887,Beds|Mars|Venus|Blacksmiths|Armor|Men
349280,Drawings and Prints,1921.0,Book,Orus Apollo de Aegypte,,Publisher|Translator|Artist|Artist," |French, died 1553|French, ca. 1510–ca. 1565 Bologna (?)|French, Souci (?) ca. 1490–ca. 1560 Paris (?)","Kerver, Jacques|Martin, Jean|Goujon, Jean|Cousin, Jean, the Elder",1543,Paris,,Books,http://www.metmuseum.org/art/collection/search/349280,
376313,Drawings and Prints,1930.0,Book,Engravings by Eric Gill: A Selection of Engravings on Wood and Metal Representative of His Work to the End of the Year 1927...,,Publisher|Printer|Author|Sitter,"British, Bristol 1903–1987 London|London|British, Brighton, Sussex 1882–1940 Uxbridge, London|British, Brighton, Sussex 1882–1940 Uxbridge, London","Cleverdon, Douglas|Fanfare Press|Gill, Eric|Gill, Eric",1929,Bristol,,Books,http://www.metmuseum.org/art/collection/search/376313,
22227,Arms and Armor,1914.0,Close-helmet,Close-Helmet for the Tournament on Foot,"Italian, Milan",Armorer,"Italian, Milan, active ca. 1590–1620","Master of the Castle Mark, the",ca. 1600–1610,Milan,,Helmets,http://www.metmuseum.org/art/collection/search/22227,
384224,Drawings and Prints,2008.0,Print,"Palais de S.A.I.Mgr. Le Duc de Leuchtenberg, from the series Vues pittoresques des palais & jardins impériaux aux environs de St. Petersbourg",,Artist|Artist|Printer|Publisher,active mid 19th century| |Paris| ,"Meyer, J.|Schultz, C.|Lemercier|Velten, J.",ca. 1850,Paris|Karlsruhe|St. Petersburg,,Prints,http://www.metmuseum.org/art/collection/search/384224,Animals|Palaces|Men|Flowers|Trees
370481,Drawings and Prints,1967.0,Print,Last Civil War Veteran,,Artist|Publisher,"American, Bronx, New York 1923–2002 Southampton, New York| ","Rivers, Larry|Universal Limited Art Editions",1961,West Islip,,Prints,http://www.metmuseum.org/art/collection/search/370481,
856196,Drawings and Prints,1962,Print,The Dog in the Manger,,Publisher|Artist,"British, 1724–1793| ","Bowles, Carington I|Anonymous, British, 18th century","April 17, 1775",London,,Prints,http://www.metmuseum.org/art/collection/search/856196,
344993,Drawings and Prints,1977.0,Book,"The Antiquarian Itinerary, comprising specimens of Architecture, Monastic, Castellated, and Domestic; with other vestiges of antiquity in Great Britain",,Publisher|Printer|Draftsman|Draftsman|Engraver,"London|London|British, 1791–1861|British, 1795–1855|British, active 1803–53","Clarke William, etc.|Howlett and Brimmer|Deeble, William|Varrall, John Charles|Greig, John",1816,London,,Books,http://www.metmuseum.org/art/collection/search/344993,
312054,"Arts of Africa, Oceania, and the Americas",1978.0,Bark painting,Painting from a Ceremonial House Ceiling,Kwoma,Artist|Artist, | ,Artists of Mariwai Village|Abwiyeti,1970,Mariwai village,Papua New Guinea,Bark-Paintings,http://www.metmuseum.org/art/collection/search/312054,
346734,Drawings and Prints,1941.0,Book ; Ornament and Architecture,"The Mirror of Architecture or the Ground Rules of the Art of Building according to Vincenzo Scamozzi, with the Description and Use of a Joynt Rule by John Brown, Whereunto is Added a Compendium of the Art of Building",,Author|Publisher|Author|Author|Author,"British, 1568–1639|London|Italian, 1548–1616|British, 17th century|British, early 18th century","Wotton, Henry, Sir|Sprint, J. & B.|Scamozzi, Vincenzo|Browne, John|Leyburn, William",1721,London,,Books|Ornament & Architecture,http://www.metmuseum.org/art/collection/search/346734,
15933,The American Wing,1997.0,Vase,Vase,American,Designer|Manufacturer|Maker,"American, New York 1848–1933 New York|American, 1892–1902|New York","Tiffany, Louis C.|Tiffany Glass and Decorating Company|Tiffany Furnaces",ca. 1900–1915,New York,United States,,http://www.metmuseum.org/art/collection/search/15933,
734482,Drawings and Prints,1963.0,"Book
Ornament & Architecture
Prints","Design for a fountain, from Second Book of Architecture",,Publisher|Artist," |French, Paris 1510/12–1585 Annecy","Wechel, André|Du Cerceau, Jacques Androuet",1561,Paris,,Books|Ornament & Architecture|Prints,http://www.metmuseum.org/art/collection/search/734482,
349894,Drawings and Prints,1924.0,Book ; Ornament and architecture,"The Horticulturist and Journal of Rural Art and Rural Taste, vols. 1-11",,Designer|Editor|Publisher|Engraver,"American, 19th century|American, Newburgh, New York 1815–1852 Yonkers, New York|Albany, New York|American, New York 1775–1870 Jersey City, New Jersey","Forbes, Elisha|Downing, Andrew Jackson|Tucker, Luther|Anderson, Alexander",1846–56,Albany,,Books|Ornament & Architecture,http://www.metmuseum.org/art/collection/search/349894,
712570,Drawings and Prints,1947.0,Print ; Ornament and architecture,"The entry of Marcantonio Colonna and the Christian army in Rome after victory at the battle of Lepanto, December 11, 1571",,Publisher,"Italian, active Rome and Venice, 1526–died 1576","Tramezzino, Francesco",1571,Milan,,Prints|Ornament & Architecture|Prints-Fete,http://www.metmuseum.org/art/collection/search/712570,Horses|Battles|Army|Weapons|Crowd
380579,Drawings and Prints,1950.0,Print,Troisieme Livre de Cartouches,,Artist|Artist,"French, Paris 1686–1761 Paris| ","La Joue, Jacques de, the Younger|Merz, Johann Georg",[before 1736],Paris,,Prints,http://www.metmuseum.org/art/collection/search/380579,
348743,Drawings and Prints,1939.0,Book,Le Trasformationi,,Translator|Publisher|Author|Designer,"Italian, Venice 1508–1568 Venice|Italian, born Ferrara, active Venice from 1538, died 1578|Roman, Sulmo 43 BCE–17 CE Tomis, Moesia|ca. 1520–1587","Dolce, Lodovico|Giolito, Gabriele|Ovid|Rusconi, Giovanni Antonio",1558,Venice,,Books,http://www.metmuseum.org/art/collection/search/348743,
655987,Drawings and Prints,1947.0,Print ; book,"Lions, after Rubens",,Publisher|Etcher|Artist|Artist," |British, London 1795–1880 London|British, active 1800–40|Flemish, Siegen 1577–1640 Antwerp","Bohn, Henry G.|Landseer, Thomas|Spilsbury, Edgar Ashe|Rubens, Peter Paul",1853,London,,Prints|Books,http://www.metmuseum.org/art/collection/search/655987,
344093,Drawings and Prints,1991.0,Book,Farbige Blatt-Motive,,Artist|Publisher,"German, 20th century|German","Sachs, R.|Stoll, Christ , Inh: H. Schmittner",ca. 1930,Plauen,,Books,http://www.metmuseum.org/art/collection/search/344093,
788271,Arms and Armor,2018.0,Pair of flintlock pistols with case and accessories,"Pair of Flintlock Pistols of the Prince of Wales, later George IV (1762–1830), with Case and Accessories","British, London",Gunsmith|Silversmith,"British, born Switzerland, baptized Oberbuchsiten, Switzerland 1748–1831 London|British, Workington, Cumberland 1758–1823 London","Egg, Durs|Barnett, Michael",hallmarked for 1787–88,London,,Firearms-Pistols-Flintlock,http://www.metmuseum.org/art/collection/search/788271,
393344,Drawings and Prints,1947.0,Print,"Portraits of Their Majesty's and the Royal Family Viewing the Exhibition of the Royal Academy, 1788",,Engraver|Artist|Publisher|Sitter|Sitter|Sitter|Sitter,"Italian, Trescali 1738–1797 Parma|German, Hanover 1763–1840 Hanover|Italian, Florence 1744–1836 Paris|American, Swarthmore, Pennsylvania 1738–1820 London|British, London 1738–1820 Windsor|British, London 1762–1830 Windsor|1744–1818","Martini, Pietro Antonio|Ramberg, Johann Heinrich|Poggi, Antonio Cesare|West, Benjamin|George III, King of Great Britain and Ireland|Prine of Wales, George|Charlotte Queen, consort","March 6, 1789",London,,Prints,http://www.metmuseum.org/art/collection/search/393344,
344629,Drawings and Prints,1941.0,Book ; Ornament and Architecture,A Parallel of the Ancient Architecture with the Modern with Leon Battista Alberti's Treatise on Statues,,Author|Author|Author|Author|Translator|Printer,"British, 1568–1639|British, 1620–1706 Wotton, Surrey|Italian, Genoa 1404–1472 Rome|French, 1606–1676|British, 1620–1706 Wotton, Surrey|British, 18th century","Wotton, Henry, Sir|Evelyn, John|Alberti, Leon Battista|Fréart, Roland Sieur de Chambray|Evelyn, John|T. W.",1733,London,,Books|Ornament & Architecture,http://www.metmuseum.org/art/collection/search/344629,
491013,Modern and Contemporary Art,1942,Textile piece,Piece,American,Maker,"American, founded New York, 1889–1989",Catoir Silk Company ,1942,New York,America,Textiles-Woven,http://www.metmuseum.org/art/collection/search/491013,
433557,Drawings and Prints,1949.0,Print,"Three cavalrymen in full armor with drawn swords, riding to the right, from The Riding School or Exercise of Cavalry",,Publisher|Artist|Artist,"Dutch, Brunsbüttel (Landkreis Dithmarschen) 1624/1625–1677 Amsterdam|Netherlandish, Antwerp 1565–1629 The Hague|Netherlandish, Antwerp 1565–1629 The Hague","Jonghe, Clement de|Gheyn, Jacques de, II|Gheyn, Jacques de, II",,Amsterdam,,Prints,http://www.metmuseum.org/art/collection/search/433557,
353064,Drawings and Prints,1960.0,Book,La Décoration Moderne à la Manufacture Nationale de Sèvres,,Author|Printer|Publisher, | | ,"Lechevallier-Chevignard, G.|Catala frères|Massin, Ch. & Cie.",n.d.,Paris,,Books,http://www.metmuseum.org/art/collection/search/353064,
627036,Drawings and Prints,1937.0,Print ornament & architecture,"Three compartments, each with three spandrels, plate 21, from Das ander Buech Gemacht auff die zway Colonnen, Corinthia und Composita",,Artist|Artist|Artist|Publisher|Publisher,"Netherlandish, Leeuwarden 1527–1606 (?)  Antwerp (?)|Netherlandish, 1528/32–1605|Netherlandish, active 1554–72, died before 1589|Netherlandish, Antwerp ca. 1510–1570 Antwerp|Netherlandish, active Antwerp, second half 16th century","Vredeman de Vries, Hans|Doetecum, Johannes van I|Doetecum, Lucas van|Cock, Hieronymus|Dierix, Volcxken",,Antwerp,,Prints|Ornament & Architecture,http://www.metmuseum.org/art/collection/search/627036,
660920,Drawings and Prints,1933.0,Books Prints Ornament & Architecture,"Prima Parte de' Fiori, e Disegni di varie sorti di Ricami Moderni, page 8 (recto)",,Author|Publisher,"Italian, born Siena, ca. 1560|Italian, active 16th century","Ciotti, Giovanni Battista|Franceschi Francesco de'",1591,Venice,,Books|Prints|Ornament & Architecture,http://www.metmuseum.org/art/collection/search/660920,Ornament
450576,Islamic Art,1945.0,Folio from an illustrated manuscript,"""The Fire Ordeal of Siyavush"", Folio from a Shahnama (Book of Kings) of Firdausi",,Author,"Iranian, Paj ca. 940/41–1020 Tus",Abu'l Qasim Firdausi,dated A.H. 887/1482 CE,probably Shiraz,Iran,Codices,http://www.metmuseum.org/art/collection/search/450576,Horses|Men|Women|Fire
623571,Drawings and Prints,1949.0,Print ornament & architecture,"Courtyard of a palace, the facade with statues in wallniches, with a fountain placed on a square basin set in the center of a garden with parterres and surrounded by a wooden closure, plate 10, from Artis Perspectivæ",,Artist|Artist|Artist|Publisher,"Netherlandish, Leeuwarden 1527–1606 (?)  Antwerp (?)|Netherlandish, 1528/32–1605|Netherlandish, active 1554–72, died before 1589|Netherlandish, 1509/17–1591","Vredeman de Vries, Hans|Doetecum, Johannes van I|Doetecum, Lucas van|Jode, Gerard de",1568,Antwerp,,Ornament & Architecture|Prints,http://www.metmuseum.org/art/collection/search/623571,
421111,Drawings and Prints,1957.0,Print,"23rd Plate, from Trattato delle Piante & Immagini de Sacri Edifizi di Terra Santa (Treatise of the Plans & Images of the Sacred Buildings of the Holy Land)",,Artist|Artist|Publisher,"Italian, active 1593–1619|French, Nancy 1592–1635 Nancy|Italian, active late 16th–early 17th century","Amico, Bernardino|Callot, Jacques|Cecconcelli, Pietro",1620,Florence,,Prints,http://www.metmuseum.org/art/collection/search/421111,
887872,Drawings and Prints,1949,Album Print Ornament & Architecture,Flemish Grotesque with a Seated Nymph on a Fantastic Cart,,Artist,"Netherlandish, Hertogenbosch ca. 1510?–before 1556 Groningen","Bos, Cornelis",ca. 1550,Antwerp,,Albums|Prints|Ornament & Architecture,http://www.metmuseum.org/art/collection/search/887872,
390643,Drawings and Prints,1920.0,Drawing Ornament and Architecture,"Clothes Press, from Chippendale Drawings, Vol. II",,Artist,"British, baptised Otley, West Yorkshire 1718–1779 London","Chippendale, Thomas",1753,London,,Drawings|Ornament & Architecture,http://www.metmuseum.org/art/collection/search/390643,Furniture
2020,The American Wing,1972.0,Chest of drawers,Chest of Drawers,American,Maker,1724–1785,"Goddard, John",1755–85,Newport,United States,,http://www.metmuseum.org/art/collection/search/2020,
718128,The American Wing,2020.0,Vase,Vase with flowers,American,Decorator|Manufacturer,"American, Navarro County, Texas 1875–1965 Lafayette, Louisiana|1894–1940","Joor, Harriet Coulter|Newcomb Pottery ",ca. 1902–04,New Orleans,United States,,http://www.metmuseum.org/art/collection/search/718128,
20568,The American Wing,2000.0,Brooch,Brooch,American,Maker,1837–present,Tiffany & Co.,1854–70,New York,United States,,http://www.metmuseum.org/art/collection/search/20568,Flowers
701902,Drawings and Prints,1960.0,"Print, Fete, Ornament & Architecture",Plate 64: The magistrates of the city of Brussels marching in the funeral procession of Archduke Albert of Austria; from 'Pompa Funebris ... Alberti Pii',,Artist|Artist,"Netherlandish, Antwerp 1576–1650 Antwerp|French, Brussels 1577–1651 Brussels","Galle, Cornelis, I|Francquart, Jacques",1623,Brussels,,Prints|Prints-Fete,http://www.metmuseum.org/art/collection/search/701902,Men|Funerals
347787,Drawings and Prints,1970.0,Book,"The Comical Creatures from Wurtemberg with Twenty Illustrations, Drawn from the Stuffed Animals Contributed by Hermann Ploucquet of Stuttgart to the Great Exhibition",,Publisher|Printer|Illustrator,"British, active London, 1807/8–56|London|British, Lewes 1824–1906 Appledore, Kent","Bogue, David|Levey, Robson and Franklyn|Weir, Harrison William",1851,London,,Books,http://www.metmuseum.org/art/collection/search/347787,
431487,Drawings and Prints,1933.0,Print collection ornament & architecture,"Chapel enclosure with the Holy Family surrounded by Angels at left and the Flight into Egypt at right, from Clôtures de chapelles, plate 2, bound in Oeuvres. Vol. II",,Artist|Publisher,"French, Paris 1618–1682 Paris|French, Paris 1634–1716 Paris","Le Pautre, Jean|Mariette, Pierre le fils",published 1659,Paris,,Prints|Ornament & Architecture,http://www.metmuseum.org/art/collection/search/431487,
715550,The American Wing,2020.0,Plaque,Plaque with Madonna and Child,American,Maker|Manufacturer,"American (born Finland), Helsinki 1899–1973 Pontiac, Michigan| ","Grotell, Maija|Henry Street Settlement",ca. 1928–38,New York City,United States,,http://www.metmuseum.org/art/collection/search/715550,
344567,Drawings and Prints,1917.0,Book,Household Stories from the Collection of the Brothers Grimm,,Illustrator|Translator|Publisher|Author|Author,"British, Liverpool 1845–1915 Horsham|British, 1842–1882| |German, Hanau, Hesse-Kassel 1785–1863 Berlin|German, Hanau 1786–1859 Berlin","Crane, Walter|Crane, Lucy|Macmillan & Co.|Grimm, Jacob Ludwig Carl|Grimm, Wilhelm Carl",1882,London,,Books,http://www.metmuseum.org/art/collection/search/344567,Cranes|Men|Women|Lutes|Cats|Dogs|Flowers|Allegory|Sleeping
13675,The American Wing,1985.0,Floorcoverings,Floorcoverings,"American, Shaker",Maker,"American, active ca. 1750–present",United Society of Believers in Christ’s Second Appearing,1800–1900,New Lebanon,United States,,http://www.metmuseum.org/art/collection/search/13675,
432889,Drawings and Prints,1933.0,Print collection ornament & architecture,"Frieze with a man strangling a sea monster at top, from Ornements pour embellir les chapiteax, architraves, friezes, and cornices, plate 3, bound in Oeuvres. Vol. IV",,Artist|Publisher,"French, Paris 1618–1682 Paris|French, Paris 1634–1716 Paris","Le Pautre, Jean|Mariette, Pierre le fils",17th century,Paris,,Prints|Ornament & Architecture,http://www.metmuseum.org/art/collection/search/432889,
311358,"Arts of Africa, Oceania, and the Americas",1978.0,Shield,Shield,Asmat people,Artist, ,Siti,mid-20th century,Erma,Indonesia,Wood-Implements,http://www.metmuseum.org/art/collection/search/311358,
687765,"Arts of Africa, Oceania, and the Americas",2015.0,Negative,Couple,,Artist,"Malian, Bamako ca. 1921–2001 Paris","Keïta, Seydou",1950s–1960s,Bamako,Mali,Negatives,http://www.metmuseum.org/art/collection/search/687765,Couples|Men|Women|Portraits
452113,Islamic Art,1970.0,Folio from an illustrated manuscript,"""Zahhak is Told His Fate"", Folio 29v from the Shahnama (Book of Kings) of Shah Tahmasp",,Artist|Author,"Iranian, active first half 16th century|Iranian, Paj ca. 940/41–1020 Tus",Sultan Muhammad|Abu'l Qasim Firdausi,ca. 1524,Tabriz,Iran,Codices,http://www.metmuseum.org/art/collection/search/452113,Men
2150,The American Wing,1933.0,Coffeepot,Coffeepot,American,Maker,1755–1845,"Vernon, John",ca. 1790,New York,United States,,http://www.metmuseum.org/art/collection/search/2150,
389104,Drawings and Prints,1970.0,Print,"All on Hobbies, Gee Up, Gee Ho!",,Sitter|Publisher|Artist|Sitter|Sitter|Sitter|Sitter|Sitter|Sitter,"American, Hanover County, Virginia 1777–1852 Washington, D.C.|American, died 1850|American, Philadelphia, Pennsylvania 1799–1857 New York|American, Neosho, Missouri 1889–1975 Kansas City, Missouri|American, 1782–1862|American, Salisbury, New Hampshire 1782–1852 Marshfield, Massachusetts|American, Braintree, Massachusetts 1767–1848 Washington, D.C.|American, 1782–1850|American, 1773–1841","Clay, Henry|Robinson, Henry R.|Clay, Edward Williams|Benton, Thomas Hart|Buren, Martin Van|Webster, Daniel|Adams, John Quincy|Calhoun, John Caldwell|Harrison, Henry William",1838,New York,,Prints,http://www.metmuseum.org/art/collection/search/389104,Men|Satire|Politics|Horses
639578,Drawings and Prints,1958.0,Print,"Mary, Queen of Scots (from ""Histoire de la guerre de Flandre,"" volume 2, folio 598)",,Sitter|Author|Translator,"British, Linlithgow 1542–1587 Fotheringhay|Italian, Rome 1572–1649|French, 1606–1658","Mary Queen of Scots|Strada, Famiano|Du Ryer, Pierre",1665,Paris,,Prints,http://www.metmuseum.org/art/collection/search/639578,Queens|Portraits|Women|Mary Queen of Scots
503415,Musical Instruments,1991,Pochette Bow,Pochette Bow,British,Maker, ,Dodd workshop,late 18th century,London,United Kingdom,Chordophone-Accessories-bow,http://www.metmuseum.org/art/collection/search/503415,
347471,Drawings and Prints,1942.0,Book,"Memoir of John Cheney, Engraver",,Author|Publisher|Engraver|Designer,"American, Boston, Massachusetts 1824–1904|Boston, Massachusetts|American, Manchester, Connecticut 1801–1885 Manchester, Connecticut|American, 1810–1856","Cheney, Ednah Dow|Lee and Shepard|Cheney, John|Cheney, Seth Wells",1881 and 1889,Boston,,Books,http://www.metmuseum.org/art/collection/search/347471,
432909,Drawings and Prints,1933.0,Print collection ornament & architecture,"Frieze at the top with two variant medallion designs, from Différents morceaux d'ornements à la romaine, plate 2, bound in Oeuvres. Vol. IV",,Artist|Publisher,"French, Paris 1618–1682 Paris|French, Paris 1634–1716 Paris","Le Pautre, Jean|Mariette, Pierre le fils",17th century,Paris,,Prints|Ornament & Architecture,http://www.metmuseum.org/art/collection/search/432909,
8200,The American Wing,1933.0,Tankard,Tankard,American,Maker,1720–1785,"Fueter, Daniel Christian",ca. 1760,New York,United States,,http://www.metmuseum.org/art/collection/search/8200,
727053,Drawings and Prints,1991.0,Book Prints Ornaments & Architecture,"Prismes: 40 Planches de Dessins et Coloris Nouveaux, Pl. 22",,Designer|Publisher,"French, 1877–1951|French","Séguy, Emile-Allain|Moreau, Charles Editions d'Art",[ca. 1930],Paris,,Books|Prints|Ornament & Architecture,http://www.metmuseum.org/art/collection/search/727053,
407365,Drawings and Prints,1933.0,Print,Love in the East,,Artist,"British, London 1757–1827 London","Rowlandson, Thomas",1787,London,,Prints,http://www.metmuseum.org/art/collection/search/407365,Couples|Men|Women
383276,Drawings and Prints,2008.0,Print,Tomb of Pope Adrian VI,,Sitter|Artist,"Netherlandish, 1459–1523|German, Strassburg ca. 1566–1638 Rome","Adrian VI, Pope|Greuter, Matthaeus",1630,Rome,,Prints,http://www.metmuseum.org/art/collection/search/383276,
709277,Drawings and Prints,1952.0,Book,"The Delineator, A Monthly Magazine Illustrating European and American Fashions, Vol. XI, No. 6",,Publisher,"New York, NY","Butterick, E. and Co.",June 1878,New York,,Books,http://www.metmuseum.org/art/collection/search/709277,
7369,The American Wing,1966.0,Seed stand,Seed Stand,"American, Shaker",Maker,"American, active ca. 1750–present",United Society of Believers in Christ’s Second Appearing,1800–1825,New Lebanon,United States,,http://www.metmuseum.org/art/collection/search/7369,
661775,Drawings and Prints,1952.0,Print,"Plan des Thermes de Tite, from Les Plus Beaux Monuments de Rome Ancienne ou Recueil des plus beaux Morceaux de l'Antiquité Romaine qui existent encore",,Artist|Publisher|Printer|Engraver,"Italian, Udine ca. 1486–1552 Rome|Rome| |Italian, active Rome, ca. 1750–76","Bufalini, Leonardo di Giovanni Pietro|Bouchard & Gravier|Giunchi Heritiers de Komarek|Montagu, Dominico",1761,Rome,,Prints,http://www.metmuseum.org/art/collection/search/661775,
347459,Drawings and Prints,1968.0,Book,Les Histoires du Petit Renaud,,Author|Illustrator|Publisher,"French, Lyon 1870–1940 Paris|French, Fontenay-aux-Roses 1867–1947 Le Cannet| ","Chauveau, Leopold|Bonnard, Pierre|Librairie Gallimard",1927,Paris,,Books,http://www.metmuseum.org/art/collection/search/347459,
345443,Drawings and Prints,1956.0,Book,Traité Encyclopédique de l'Art du Tailleur,,Author|Printer,"French, active 19th century| ","Barde, F. A.|Hippolyte Tillilard",1834,Paris,,Books,http://www.metmuseum.org/art/collection/search/345443,
5775,The American Wing,1967.0,Pitcher,Pitcher,American,Manufacturer,"American, 1825–1888, Sandwich, Massachusetts",Boston and Sandwich Glass Company ,ca. 1843–67,Sandwich,United States,,http://www.metmuseum.org/art/collection/search/5775,
432614,Drawings and Prints,1933.0,Print collection ornament & architecture,"Title Page depicting a monstrance before which the faithfull kneel, within a rich border, from Ostensoirs, reliquaires et appliques, plate 1, bound in Oeuvres. Vol. III",,Artist|Publisher,"French, Paris 1618–1682 Paris|French, Paris 1634–1716 Paris","Le Pautre, Jean|Mariette, Pierre le fils",17th century,Paris,,Prints|Ornament & Architecture,http://www.metmuseum.org/art/collection/search/432614,
347147,Drawings and Prints,1931.0,Book,Il Funerale d'Agostin Carroccio fatto in Bologna sua Patria da gl'Incaminati Academici del Disegno,,Dedicatee|Publisher|Etcher|Engraver,"Italian, Bologna 1557–1602 Parma|Italian, active 16th century|Italian, Bologna 1575–1642 Bologna|Italian, Bologna ca. 1574–1623 Bologna","Carracci, Agostino|Benacci, Vittorio|Reni, Guido|Brizio, Francesco",1603,Bologna,,Books,http://www.metmuseum.org/art/collection/search/347147,
690785,Drawings and Prints,1952.0,Book,"Propaganda Fide, from Les Plus Beaux Edifices de Rome Moderne, ou Recueil des plus belles vues des principales eglises, places, palais, fontaines etc. qui sont dans Rome",,Artist|Publisher|Artist|Printer,"French, Viarmes 1718–1762 Rome|Rome|Italian, active Rome, mid-18th century| ","Barbault, Jean|Bouchard & Gravier|Freicenet|Komarek",1763,Rome,,Books,http://www.metmuseum.org/art/collection/search/690785,
433473,Drawings and Prints,1949.0,Print,"The soldier lifting the pike, from the Lansquenets series, plate 18, in Waffenhandlung von den Rören Musquetten undt Spiessen / Wapenhandelinghe van Roers Musquetten ende Spiessen (The Exercise of Arms)",,Artist|Artist|Artist,"Netherlandish, Antwerp 1565–1629 The Hague|Netherlandish, Antwerp 1565–1629 The Hague|Netherlandish, 1574/5–1659","Gheyn, Jacques de, II|Gheyn, Jacques de, II|Baudous, Robert Willemsz de",published 1608,The Hague,,Prints,http://www.metmuseum.org/art/collection/search/433473,
628929,Drawings and Prints,1948.0,Print ornament & architecture,"Cartouche with a recumbent river god and river goddess holding fruit at bottom left and right, from Strapwork Cartouches with Grotesques, plate 7",,Artist|Publisher,"Netherlandish, Leeuwarden 1527–1606 (?)  Antwerp (?)|Netherlandish, Antwerp ca. 1510–1570 Antwerp","Vredeman de Vries, Hans|Cock, Hieronymus",ca. 1555–70,Antwerp,,Prints|Ornament & Architecture,http://www.metmuseum.org/art/collection/search/628929,
368379,Drawings and Prints,1941.0,Book ; Ornament and architecture,Hoc in volumine haec opera continentur Cleonidae harmonicum introductorium interprete Georgio Valla Placentino. L. Vitruvii Pollionis de Architectura libri decem. Sexti Iulii Frontini de Aquaeductibus liber unus. Angeli policiani opusculum: quod Panepi...,,Designer|Author|Author|Editor|Printer|Author|Author|Author,"Italian|2nd century CE|Roman, active late 1st century BCE|Italian, 1430–1500|active 1485–1518|Italian, Montepulciano 1454–1494 Florence|ca. 30–104|Roman, 4th century CE","Pico Master|Cleonides|Vitruvius, Marcus|Valla, Giorgio|Bevilaqua, Simon|Poliziano, Angelo|Frontinus, Sextus Julius|Maternus, Julius Firmicus",1497,Venice,,Books|Ornament & Architecture,http://www.metmuseum.org/art/collection/search/368379,
659764,Drawings and Prints,1922.0,Books Prints Ornament & Architecture,"Convivio delle Belle Donne, page 8 (verso)",,Publisher|Designer,"Italian, Ferrara 1478/80–1544 Venice|Italian, active 16th century","Zoppino, Nicolò|Treviso, Matteo da",August 1532,Venice,,Books|Prints|Ornament & Architecture,http://www.metmuseum.org/art/collection/search/659764,Ornament|Dogs|Rabbits|Birds|Lions
347827,Drawings and Prints,1959.0,Book,"Catalog A; Costumers, Medicine Cabinets, Office Tables, Cafe Tables, Butlers Trays and Stands. . .",,Author,"Shelbyville, Indiana",Conrey-Davis Manufacturing Co.,1909,Shelbyville,,Books,http://www.metmuseum.org/art/collection/search/347827,
421038,Drawings and Prints,1957.0,Print,"St. James Major, from Les Grands Apôtres Debout, Représentant Le Sauveur, La Bienheureuse Marie et Les Saints Apôtres (The Large Standing Apostles, Representing The Savior, The Blessed Mary and The Apostles)",,Publisher|Artist,"French, Nancy ca. 1590–1661 Paris|French, Nancy 1592–1635 Nancy","Henriet, Israël|Callot, Jacques",1631,Paris,,Prints,http://www.metmuseum.org/art/collection/search/421038,
732214,The American Wing,2016.0,Vase,Vase,American,Manufacturer,"American, Providence, Rhode Island, 1831–present",Gorham Manufacturing Company,1898,Providence,United States,,http://www.metmuseum.org/art/collection/search/732214,
470328,The Cloisters,1953.0,Painting,The Intercession of Christ and the Virgin,Italian,Artist,"Italian, Florence (?) ca. 1370–1425 Florence (?)",Lorenzo Monaco (Piero di Giovanni),before 1402,Florence,Italy,Paintings-Canvas,http://www.metmuseum.org/art/collection/search/470328,Christ|Virgin Mary|Doves|God the Father
734391,Drawings and Prints,1963.0,"Book
Ornament & Architecture
Prints","Chimney, from Second Book of Architecture",,Publisher|Artist," |French, Paris 1510/12–1585 Annecy","Wechel, André|Du Cerceau, Jacques Androuet",1561,Paris,,Books|Ornament & Architecture|Prints,http://www.metmuseum.org/art/collection/search/734391,
3682,The American Wing,2000.0,Firescreen,Firescreen,American,Maker,"American, New York 1835–1910 Providence, Rhode Island","La Farge, John",1884,New York,United States,,http://www.metmuseum.org/art/collection/search/3682,
729579,Drawings and Prints,1927.0,"Print
Ornament & Architecture",Bed-hanging design,,Publisher|Artist,"French, active 18th century|French, died Paris, 1743","Gautrot, Nicolas|Ducerceau, Guillaume Gabriel Androuet",ca. 1700–10,Paris,,Prints|Ornament & Architecture|Books,http://www.metmuseum.org/art/collection/search/729579,
7435,The American Wing,1933.0,Coin,Shilling,American,Maker|Maker,1624–1683|ca. 1608–1693,"Hull, John|Sanderson, Robert",1652,Boston,United States,,http://www.metmuseum.org/art/collection/search/7435,
433402,Drawings and Prints,1933.0,Print collection ornament & architecture,"Two designs with Bacchus seated at left, from Montants à la romaine, plate 6, bound in Oeuvres. Vol. IV",,Artist|Publisher,"French, Paris 1618–1682 Paris|French, Paris 1634–1716 Paris","Le Pautre, Jean|Mariette, Pierre le fils",17th century,Paris,,Prints|Ornament & Architecture,http://www.metmuseum.org/art/collection/search/433402,
16757,The American Wing,2000.0,Marrow Scoop,Marrow Scoop,American,Maker,"American, baptized 1744–1810","Brasher, Ephraim",ca. 1770,New York,United States,,http://www.metmuseum.org/art/collection/search/16757,
504157,Musical Instruments,1989,Alto Recorder in F,Alto Recorder in F,British,Maker,"British, founded London 1785",Goulding & Co.,ca. 1800–1810,London,England,Aerophone-Whistle Flute-recorder,http://www.metmuseum.org/art/collection/search/504157,
348711,Drawings and Prints,1961.0,Book,Pirotecnia Moderna,,Author|Publisher, |Milan,"Di Maio, Fiorina|Hoepli, Ulrico",1891,Milan,,Books,http://www.metmuseum.org/art/collection/search/348711,
345007,Drawings and Prints,1970.0,Book,"Aperçu et Nouveaux Modèles sur l'Art de Composer, de Distribuer et de Décorer Toute Espéce de Jardins, Extraits de Divers Ouvrage",,Publisher, ,"Mat, C. J.",1829,Bruxelles,,Books,http://www.metmuseum.org/art/collection/search/345007,
479000,The Cloisters,2010.0,Stained glass panel,Two Sections of a Border,French,Artist,"French, active Reims, late 12th–early 13th century",Rémois Atelier,1175–1200,Reims,France,Glass-Stained,http://www.metmuseum.org/art/collection/search/479000,
4581,The American Wing,1933.0,Jug,Jug,American,Maker,1781–1864,"Forbes, John W.",ca. 1810,New York,United States,,http://www.metmuseum.org/art/collection/search/4581,Hunting|Dogs|Men
425844,Drawings and Prints,1953.0,Print ornament & architecture,"Horizontal Panel with a Row of Flowers Above a Frieze with a Hunting Scene in a Landscape, from Livre Nouveau de Fleurs Tres-Util",,Artist|Publisher,"French, Troyes 1610–1686 Paris|French, Rouen 1600–1668 Paris","Cochin, Nicolas|Moncornet, Balthazar",1645,Paris,,Ornament & Architecture|Prints,http://www.metmuseum.org/art/collection/search/425844,Horses|Flowers
1868,The American Wing,1966.0,Side Chair,Side Chair,"American, Shaker",Maker,"American, active ca. 1750–present",United Society of Believers in Christ’s Second Appearing,1840–60,Watervliet|New Lebanon,United States|United States,,http://www.metmuseum.org/art/collection/search/1868,
710721,Drawings and Prints,1974.0,Print,Us,,Publisher|Poet|Printer|Artist," |American, 1926–1966|American, Summit, New Jersey 1920–2003 New York|American, Bronx, New York 1923–2002 Southampton, New York","Universal Limited Art Editions|O'Hara, Frank|Blackburn, Robert|Rivers, Larry",1957,West Islip,,Portfolios|Prints,http://www.metmuseum.org/art/collection/search/710721,
505329,Musical Instruments,1963,Alpine Zither,Alpine Zither,German,Maker,"German, Mittenwald 1824–1884 Munich",Haslwanter Johann,ca. 1825–1900,Munich,Germany,Chordophone-Zither-plucked,http://www.metmuseum.org/art/collection/search/505329,
112,The American Wing,1985.0,Andiron,Andiron,American,Maker,active ca. 1800–1820,"Molineux, John",ca. 1810,Boston,United States,,http://www.metmuseum.org/art/collection/search/112,
15862,The American Wing,1969.0,Vase,Vase,American,Manufacturer,1901–present,Van Briggle Pottery Company ,1906,Colorado Springs,United States,,http://www.metmuseum.org/art/collection/search/15862,
14140,The American Wing,1987.0,Tablecloth,Embroidered Table Scarf,American,Maker,"American, Osceola, Wisconsin 1858–1942 Syracuse, New York","Stickley, Gustav",ca. 1906,Fayetteville,United States,,http://www.metmuseum.org/art/collection/search/14140,
349346,Drawings and Prints,1975.0,Book,Woman Alive,,Author|Illustrator|Publisher,"British, 1894–1985|British, 1904–1975|New York, NY","Ertz, Susan|Pares, Bip|Appleton, D. & Co.",1936,New York|London,,Books,http://www.metmuseum.org/art/collection/search/349346,
628939,Drawings and Prints,1948.0,Print ornament & architecture,"Cartouche with an oval central compartment topped by the head of a monkey, from Strapwork Cartouches with Grotesques, plate 15",,Artist|Publisher,"Netherlandish, Leeuwarden 1527–1606 (?)  Antwerp (?)|Netherlandish, Antwerp ca. 1510–1570 Antwerp","Vredeman de Vries, Hans|Cock, Hieronymus",ca. 1555–70,Antwerp,,Prints|Ornament & Architecture,http://www.metmuseum.org/art/collection/search/628939,
760414,Drawings and Prints,1931.0,Book Print Ornament and Architecture,"Plate 84: Six Various Pannels, from ""A New Book of Chinese Designs""",,Artist and publisher|Artist and publisher,"British, ca. 1720–1780 London|British, Stratford 1694–1773 Plaistow","Darly, Matthew|Edwards, George",1754,London,,Ornament & Architecture|Books|Prints,http://www.metmuseum.org/art/collection/search/760414,
6931,The American Wing,1969.0,Salad plate,Salad Plate,American,Maker,1863–1922,Union Porcelain Works ,1885–87,Brooklyn,United States,,http://www.metmuseum.org/art/collection/search/6931,
760083,Drawings and Prints,1931.0,Book Print Ornament and Architecture,"Plate 25: Palisade, from ""A New Book of Chinese Designs""",,Artist and publisher|Artist and publisher,"British, Stratford 1694–1773 Plaistow|British, ca. 1720–1780 London","Edwards, George|Darly, Matthew",1754,London,,Ornament & Architecture|Books|Prints,http://www.metmuseum.org/art/collection/search/760083,
381022,Drawings and Prints,1954.0,Print,"The Rigging House, 120 William Street, New York",,Lithographer,"American, died 1850","Robinson, Henry R.",1846,New York,,Prints,http://www.metmuseum.org/art/collection/search/381022,
351495,Drawings and Prints,1934.0,Book ; Ornament and architecture,A New Book of Shields useful for all sorts of Artificers,,Designer|Engraver|Publisher,"British, active mid 18th century|British, before 1710–after 1790|British, 1724–1793","Heckell, A.|Roberts, Henry|Bowles, Carington I",18th century,London,,Books|Ornament & Architecture,http://www.metmuseum.org/art/collection/search/351495,
695556,Drawings and Prints,1951.0,Print,"Plate 3: Allegorical representation of papal authority flanked by Prudence on the left and Glory on the right; to the far left are Vulcan and a Cyclops; from 'Barberinae aulae fornix', after the frescoes by Pietro da Cortona on the ceiling of the salone of the Palazzo Barberini, Rome",,Publisher|Artist,"Italian, Rome 1627–1691 Rome|Italian, Cortona 1596–1669 Rome","Rossi, Giovanni Giacomo De|Cortona, Pietro da (Pietro Berrettini)",ca. 1677,Rome,,Prints|Ornament & Architecture,http://www.metmuseum.org/art/collection/search/695556,
348518,Drawings and Prints,1953.0,Book,Die Schöne Andalusierin,,Author|Illustrator,"Spanish, ca. 1480– ca. 1535|Austrian, Zagreb 1866–1924 Vienna","Delicado, Francisco|Bayros, Franz von",1907,Munich,,Books,http://www.metmuseum.org/art/collection/search/348518,
5320,The American Wing,1941.0,Mug,Mug,American,Maker,1740–1800,"Bassett, Frederick",1761–99,Hartford|New York,United States|United States,,http://www.metmuseum.org/art/collection/search/5320,
727100,Drawings and Prints,1991.0,Book Prints Ornament & Architecture,"Collection ""Décors et Couleurs"" Album No. 2, Planche 1",,Publisher|Artist|Artist, |French| ,"Lévy, Albert, Editions|Saudé, Jean|Burkhalter, Jean",[ca. 1930],Paris,,Books|Prints|Ornament & Architecture,http://www.metmuseum.org/art/collection/search/727100,
346942,Drawings and Prints,1969.0,Book,The Artist and Tradesman's Companion with Illustrations,,Editor|Publisher,"American, 1826–1903|New York, NY","Byrn, M. Lafayette|Stringer & Townsend",1857,New York,,Books,http://www.metmuseum.org/art/collection/search/346942,
776653,Drawings and Prints,1937.0,"Print, Ornament & Architecture",Design for a Covered Cup with a Cherubs' Head,,Publisher|Artist,"German, Lübeck ca. 1548–1633 Nuremberg|German, Nuremberg before 1567–after 1631 Nuremberg","Dürer, Friedrich|Flindt, Paul",1594,Nuremberg,,Prints|Ornament & Architecture,http://www.metmuseum.org/art/collection/search/776653,
21186,The American Wing,2012.0,Oil study,Studies of Native American Leaders Made at Fort Laramie,American,Artist,"American, Solingen 1830–1902 New York","Bierstadt, Albert",ca. 1859,Fort Laramie,United States,,http://www.metmuseum.org/art/collection/search/21186,Heads|Men|Portraits|Profiles
729250,Drawings and Prints,1991.0,Book Prints Ornament & Architecture,"Idées 1, Plate 11",,Artist|Publisher|Printer,"French, born Angers 1893| |French","Camus, Maurice-Jacques-Yvan|Librairie des Arts Décoratifs|Calavas, A.",ca. 1933,Paris,,Books|Prints|Ornament & Architecture,http://www.metmuseum.org/art/collection/search/729250,
430945,Drawings and Prints,1933.0,Print collection ornament & architecture,"Fireplace with closed shutters, surrounded by lavish architecture, from Cheminées à la romaine, plate 3, bound in Oeuvres. Vol. I",,Artist|Publisher,"French, Paris 1618–1682 Paris|French, Paris 1634–1716 Paris","Le Pautre, Jean|Mariette, Pierre le fils",published ca. 1656–57,Paris,,Prints|Ornament & Architecture,http://www.metmuseum.org/art/collection/search/430945,
2252,The American Wing,1980.0,Console table,Console Table,American,Maker|Maker,"1854–1865|American, born Germany 1804-1863 New York","J. H. Belter & Co.|Belter, John Henry",ca. 1855,New York,United States,,http://www.metmuseum.org/art/collection/search/2252,
626164,Drawings and Prints,1947.0,Print ornament & architecture,"Penates, from Deorum Dearumque Capita : ex vetustis numismatibus in gratiam antiquitatis studiosorum effigiata et edita",,Publisher|Artist|Artist|Artist,"Netherlandish, Haarlem 1537–1612 Antwerp|Netherlandish, Leeuwarden 1527–1606 (?)  Antwerp (?)|Netherlandish, 1528/32–1605|Netherlandish, active 1554–72, died before 1589","Galle, Philips|Vredeman de Vries, Hans|Doetecum, Johannes van I|Doetecum, Lucas van",1573,Antwerp,,Prints|Ornament & Architecture,http://www.metmuseum.org/art/collection/search/626164,
18988,The American Wing,1985.0,Drawing,Design Drawing,American,Artist,1837–present,Tiffany & Co.,ca. 1893,New York,United States,,http://www.metmuseum.org/art/collection/search/18988,Flowers
638381,Drawings and Prints,1957.0,Print,"Vincenzo Gonzaga with His Head Turned Forward, from Effigie naturali dei maggior prencipi et piu valorosi capitani di questa eta con l'arme loro",,Artist|Publisher|Sitter,"Italian, Venice 1550–1620 Venice|Italian, Venice 1550–1620 Venice|r. 1587–1612","Franco, Giacomo|Franco, Giacomo|Gonzaga, Vincenzo I",1596,Venice,,Prints,http://www.metmuseum.org/art/collection/search/638381,
503010,Musical Instruments,1934,Violin,"""The Francesca"" Violin",Italian (Cremona),Maker,"Italian, Cremona 1644–1737 Cremona","Stradivari, Antonio",1694,Cremona,Italy,Chordophone-Lute-bowed-unfretted,http://www.metmuseum.org/art/collection/search/503010,
346894,Drawings and Prints,1926.0,Book,Münchner Bilderbogen No. 28. A-B-C Buch aus dem Thierreich in Reimen und Bildern,,Illustrator|Publisher,"German, 1832–1908|Munich","Busch, Wilhelm|Braun & Schneider",ca. 1890,Munich,,Books,http://www.metmuseum.org/art/collection/search/346894,
681018,The American Wing,2015.0,Painting,Atmospheric landscape at sunset,American,Artist,"American, New York 1850–1932 Santa Barbara, California","de Forest, Lockwood",1904,Santa Barbara,United States,,http://www.metmuseum.org/art/collection/search/681018,
349232,Drawings and Prints,1956.0,Book,Elite Color Inserts for Distinctive Yearbooks,,Publisher,"Chicago, Illinois",Elite School Publishing Co.,ca. 1928,Chicago,,Books,http://www.metmuseum.org/art/collection/search/349232,
368596,Drawings and Prints,1949.0,Print,Two Pilgrims in a Landscape,,Artist|Artist,"Italian, Parma 1523–1567 Ferrara|Italian, Arezzo 1511–1574 Florence","Vico, Enea|Vasari, Giorgio",1542,Rome,,Prints,http://www.metmuseum.org/art/collection/search/368596,
382574,Drawings and Prints,1933.0,Book,"Recueil de Planches, sur les Sciences, Les Arts Libéraux, et Les Arts Méchaniques, avec leur explication. Neuvieme Volume",,Illustrator|Illustrator|Editor|Editor|Publisher|Engraver|Illustrator,"French, active 18th century|French, 1722–1799|French, 1713–1784|French, 1717–1783| |French, Paris 1734–after 1777|French, Paris 1740–1818 Paris","Lucotte, J. R.|Goussier, Louis Jacques|Diderot, Denis|Alembert, Jean Le Rond d'|Briasson|Bénard, Robert|Petit-Radel, Louis François",1771,Paris,,Books,http://www.metmuseum.org/art/collection/search/382574,
503808,Musical Instruments,1889,Valve Trumpet in F,Valve Trumpet in F,British,Maker,"British, London ca. 1810–1878 London","Kohler, John Augustus",ca. 1839,London,United Kingdom,Aerophone-Lip Vibrated-trumpet / trombone,http://www.metmuseum.org/art/collection/search/503808,
344933,Drawings and Prints,1967.0,Book,Ancient Spanish Ballads; Historical and Romantic,,Illustrator|Illustrator|Illustrator|Translator|Illustrator|Illustrator|Illustrator|Publisher|Artist|Printer,"British, Stockbridge, Scotland 1796–1864 London|British, Newcastle-upon-Tyne 1796–1866 Richmond, Surrey|British, London 1794–1879 London|British, Wishaw, Lanarkshire, Scotland 1794–1854 Abbotsford, Roxburghshire|British, Edinburgh, Scotland 1782–1850 Edinburgh|British, Dundee, Scotland 1798/1799–1847 London|British, active 1840–50|London|British, London 1809–1874 London|London","Roberts, David|Harvey, William|Warren, Henry|Lockhart, John Gibson|Allan, William, Sir|Simson, William|Aubrey, C. E.|Murray, John|Jones, Owen|Vizetelly Brothers & Co.",1842,London,,Books,http://www.metmuseum.org/art/collection/search/344933,
354223,Drawings and Prints,1933.0,Book,"The Search After Happiness: A Pastoral Drama. To Which is Added, Joseph Made Known to His Brethern: A Sacred Drama.",,Author|Publisher|Publisher|Artist|Engraver,"British, Bristol 1745–1833 Bristol|Philadelphia, Pennsylvania|American, Lancaster County, Pennsylvania 1779–1869 Philadelphia|British, London 1755–1834 London|American, New York 1775–1848 Baltimore, Maryland","More, Hannah|Johnson & Warner|Bailey, Lydia R.|Stothard, Thomas|Tanner, Benjamin",1811,Philadelphia,,Books,http://www.metmuseum.org/art/collection/search/354223,
771736,Drawings and Prints,1935.0,Print,Portrait of a praying nun,,Artist|Artist,"Flemish, Siegen 1577–1640 Antwerp|German, Wöhrd bei Nürnberg 1743–1790 Paris","Rubens, Peter Paul|Guttenberg, Carl",ca. 1771,Paris,,Prints,http://www.metmuseum.org/art/collection/search/771736,Portraits|Women
467781,Medieval Art,1941.0,Plaque,Plaque with the Crucifixion,French,Artist,"French, 1470–1542/43","Pénicaud, Nardon",16th century,Limoges,France,Enamels-Painted,http://www.metmuseum.org/art/collection/search/467781,Virgin Mary|Crucifixion|Mary Magdalene
5806,The American Wing,1946.0,Pitcher,Hobnail Pitcher,American,Maker,1863–1891,"Hobbs, Brockunier and Company ",after 1886,Wheeling,United States,,http://www.metmuseum.org/art/collection/search/5806,
2523,The American Wing,1983.0,Sugar bowl,Covered Sugar Bowl,American,Maker,"American, Trenton, New Jersey, 1871–1893",Ott and Brewer ,1876–83,Trenton,United States,,http://www.metmuseum.org/art/collection/search/2523,Plants
1881,The American Wing,1968.0,Side Chair,Side Chair,American,Maker,1875–1954,Tobey Furniture Company,ca. 1890,Chicago,United States,,http://www.metmuseum.org/art/collection/search/1881,
623317,Drawings and Prints,1949.0,Print ornament & architecture,"Town square with a three story fountain topped by a woman holding a tazza and drinking cup at center and a woman drying linen at left, plate 9, from Artis Perspectivæ",,Artist|Artist|Artist|Publisher,"Netherlandish, Leeuwarden 1527–1606 (?)  Antwerp (?)|Netherlandish, 1528/32–1605|Netherlandish, active 1554–72, died before 1589|Netherlandish, 1509/17–1591","Vredeman de Vries, Hans|Doetecum, Johannes van I|Doetecum, Lucas van|Jode, Gerard de",1568,Antwerp,,Ornament & Architecture|Prints,http://www.metmuseum.org/art/collection/search/623317,
435324,Drawings and Prints,1918.0,Print collection ornament & architecture,"Title Page with a frieze at top ornamented with a variant design for a medallion containing the figure of Hope, from Frises et différents ornements à l'italienne, plate 1, in A Bound Collection of Print Series Including Cheminées et Lambris, Alcoves à la Romaine, Feuillages et autres ornemens..., etc.",,Artist|Publisher|Publisher,"French, Paris 1618–1682 Paris|French, 1712–1784|French, Paris 1634–1716 Paris","Le Pautre, Jean|Jombert, Charles Antoine|Mariette, Pierre le fils",1751,Paris,,Prints|Ornament & Architecture,http://www.metmuseum.org/art/collection/search/435324,
687436,Drawings and Prints,1922.0,Book ; periodical,"Les Artistes Anciens et Modernes, Volume III",,Artist|Publisher|Artist|Artist|Artist|Artist|Artist|Artist,"French, Besançon 1816–1885 Geneva| |French (born Italy), Rome 1813–1873 Bourron-Marlotte|French, Plombières-les-Bains 1814–1897 Plombières-les-Bains|French, Caen 1807–1863 Paris|French, Paris 1820–1881 Paris|Swiss, Riesbach 1809–1893 Barbizon|French, Paris 1813–1894 Paris","Baron, Henri-Charles-Antoine|Bertauts|Nanteuil, Célestin|Français, François-Louis|Leroux, Eugène|Mouilleron, Adolphe|Bodmer, Karl|Jacque, Charles",1848–62,Paris,,Books|Periodicals,http://www.metmuseum.org/art/collection/search/687436,
345254,Drawings and Prints,1949.0,Book,Ir Cahier de Vases,,Artist,"French, Paris 1744–1831 Paris","Avril, Jean Jacques, the Elder",n.d.,Paris,,Books,http://www.metmuseum.org/art/collection/search/345254,
670263,Drawings and Prints,1952.0,Print,"Autels, from Recueil de divers Monumens Anciens répandus en plusieurs endroits de L'Italie",,Artist|Publisher|Printer,"French, Viarmes 1718–1762 Rome|Rome| ","Barbault, Jean|Bouchard & Gravier|Giunchi Heritiers de Komarek",1770,Rome,,Prints,http://www.metmuseum.org/art/collection/search/670263,
435027,Drawings and Prints,1917.0,Print collection ornament & architecture,"Altarpiece ornamented with Mary and Saints weeping over the dead Christ, from Trois projets de retables d'autels, plate 3",,Artist|Publisher,"French, Paris 1618–1682 Paris|French, Blois 1688–1776 Paris","Le Pautre, Jean|Chereau, Jacques II Sr.",17th century,Paris,,Prints|Ornament & Architecture,http://www.metmuseum.org/art/collection/search/435027,
666207,Drawings and Prints,1952.0,Print,"Mort de Melagre Basrelief antique. Les trois Parques qui mettent le Tison dans le feu, au quel etoit attaché la vie de Meleagre, from Les Plus Beaux Monuments de Rome Ancienne ou Recueil des plus beaux Morceaux de l'Antiquité Romaine qui existent encore",,Artist|Publisher|Printer,"French, Viarmes 1718–1762 Rome|Rome| ","Barbault, Jean|Bouchard & Gravier|Giunchi Heritiers de Komarek",1761,Rome,,Prints,http://www.metmuseum.org/art/collection/search/666207,
431136,Drawings and Prints,1933.0,Print collection ornament & architecture,"Ceiling decoration with a female figure holding a demi-cartouche ornamented with a bust, from Quarts de plafons, plate 6, bound in Oeuvres. Vol. I",,Artist|Publisher,"French, Paris 1618–1682 Paris|French, Paris 1634–1716 Paris","Le Pautre, Jean|Mariette, Pierre le fils",17th century,Paris,,Prints|Ornament & Architecture,http://www.metmuseum.org/art/collection/search/431136,
423466,Drawings and Prints,1967.0,Print,"The Storming of the First-Class Turkish Fortress Kars, 6 November 1877",,Lithographer|Publisher,"Russian, active late 19th century|Russian, active late 19th century","Meshkov, I.|Konovavovoi, E.",1897,Moscow,,Prints,http://www.metmuseum.org/art/collection/search/423466,
760517,Drawings and Prints,1931.0,Book Print Ornament and Architecture,"Plate 106: Various birds, from ""A New Book of Chinese Designs""",,Artist and publisher|Artist and publisher,"British, ca. 1720–1780 London|British, Stratford 1694–1773 Plaistow","Darly, Matthew|Edwards, George",1754,London,,Ornament & Architecture|Books|Prints,http://www.metmuseum.org/art/collection/search/760517,
9383,The American Wing,2019.0,Vase,Vase with moths,American,Maker,"American, Middletown, Connecticut, 1865–1929 Syracuse, New York","Robineau, Adelaide Alsop",1905,Syracuse,United States,,http://www.metmuseum.org/art/collection/search/9383,
718136,The American Wing,2020.0,Vase,Vase,American,Maker|Manufacturer,"American, Middletown, Connecticut, 1865–1929 Syracuse, New York|1909–14","Robineau, Adelaide Alsop|University City Pottery",1910,University City,United States,,http://www.metmuseum.org/art/collection/search/718136,
371581,Drawings and Prints,1991.0,Book,"On the Use of Improved Papier Mâché in Furniture, in the Interior Decoration of Buildings, and in Works of Art",,Author|Printer,"British, active 1836–50|London","Bielefeld, Charles Frederick|Nichols, J. B. and Son",1840,London,,Books,http://www.metmuseum.org/art/collection/search/371581,
355050,Drawings and Prints,1941.0,Book Ornament & Architecture,I quattro libri dell'architettura di Andrea Palladio,,Patron|Engraver|Author|Publisher,"British, ca. 1674–1770|Italian, Belluno 1707–1772 Venice|Italian, Padua 1508–1580 Vicenza|active 1730–90","Smith, Joseph|Monaco, Pietro|Palladio, Andrea|Pasquali, Giambattista",ca. 1770,Venice,,Books|Ornament & Architecture,http://www.metmuseum.org/art/collection/search/355050,
345654,Drawings and Prints,1960.0,Book,Catalogue spécial des nouveautés en fantaisies ornements et caractères de texte moderne,,Author, ,Fonderie Bauer,1911 (?),Frankfurt am Main and Barcelona,,Books,http://www.metmuseum.org/art/collection/search/345654,
463602,Medieval Art,1912.0,Antiphonary; Manuscript cutting,"Manuscript Illumination with Scenes of Easter in an Initial A, from an Antiphonary",Italian,Artist,"Italian, Bolognese, active 1310–1325",Nerius,ca. 1320,Bologna,Italy,Manuscripts and Illuminations,http://www.metmuseum.org/art/collection/search/463602,Men|Women|Angels|Christ
17504,The American Wing,2005.0,Drawing,Design Drawing,American,Artist,"American, 1892–1902",Tiffany Glass and Decorating Company,ca. 1898–99,New York,United States,,http://www.metmuseum.org/art/collection/search/17504,Fruit
696211,Drawings and Prints,1951.0,Print,"Plate 1: Composition with a large vase of flowers framed by two male nudes at left, to the right two putti play with a hare, all framed by grotesque friezes and architectural elements; from 'David trionfante di Golia e de' filistei', after the frescoes by Pietro da Cortona in the Palazzo del Pigneto, Rome",,Artist|Publisher|Artist,"Italian, active ca. 1660–70|Italian, 1647–1729|Italian, Cortona 1596–1669 Rome","Carrocci, Filippo|Rossi, Domenico De|Cortona, Pietro da (Pietro Berrettini)",ca. 1660–70,Rome,,Prints|Ornament & Architecture,http://www.metmuseum.org/art/collection/search/696211,
652718,Drawings and Prints,1951.0,Print,"Plate 7: Man in profile with a Maltese Cross pin and with a hat under his left arm, from Raccolta di XXIV Caricature Disegnate colla penna dell Celebre Cavallier Piet: Leon: Ghezzi [...]",,Artist|Artist,"Italian, Comunanza near Ascoli Piceno 1674–1755 Rome|German, 1716–1778","Ghezzi, Pier Leone|Oesterreich, Matthias",1750,Vienna,,Prints,http://www.metmuseum.org/art/collection/search/652718,
384650,Drawings and Prints,1928.0,Print,L'Inconnu,,Artist|Publisher|Printer,"French, Paris 1833–1914 Sèvres|French, 1825–1875|French, Paris 1822–1907 Paris","Bracquemond, Félix|Cadart, Alfred|Delâtre, Auguste",1862,Paris,,Prints,http://www.metmuseum.org/art/collection/search/384650,Ducks|Turtles
395511,Drawings and Prints,2011.0,Print,Monsieur Le Medicin,,Publisher|Publisher|Artist,"British, ca. 1720–1780 London|British, 1760–1781|British, Mildenhall, Suffolk 1750–1811 Keswick, Cumberland","Darly, Matthew|Darly, Mary|Bunbury, Henry William","June 13, 1771",London,,Prints,http://www.metmuseum.org/art/collection/search/395511,Men
665822,Drawings and Prints,1952.0,Print,"Baccantes d'apres l'Antique, from Les Plus Beaux Monuments de Rome Ancienne ou Recueil des plus beaux Morceaux de l'Antiquité Romaine qui existent encore",,Artist|Publisher|Printer,"French, Viarmes 1718–1762 Rome|Rome| ","Barbault, Jean|Bouchard & Gravier|Giunchi Heritiers de Komarek",1761,Rome,,Prints,http://www.metmuseum.org/art/collection/search/665822,
356551,Drawings and Prints,1920.0,Book ; Ornament and architecture,"Della architettura di Gio. Antonio Rusconi, con centosessanta figure dissegnate dal medesimo, secondo i precetti di Vitruvio, e con chiarezza, e breuità di chiarate libri dieci.",,Illustrator|Author|Publisher|Dedicatee|Author,"ca. 1520–1587|ca. 1520–1587| |Italian, 1574–1631|Roman, active late 1st century BCE","Rusconi, Giovanni Antonio|Rusconi, Giovanni Antonio|Gioliti, I|Montefeltro, della Rovere Francesco Maria|Vitruvius, Marcus",1590,Venice,,Books|Ornament & Architecture,http://www.metmuseum.org/art/collection/search/356551,
350086,Drawings and Prints,1981.0,Book,Woodcuts,,Artist|Printer|Publisher,"Uruguayan-American (born Argentina), Buenos Aires 1919–2013 New York|New York, NY| ","Frasconi, Antonio|Spiral Press|Weyhe, E.",1957,New York,,Books,http://www.metmuseum.org/art/collection/search/350086,
348816,Drawings and Prints,1963.0,Book,Notre ami Pierrot,,Author|Illustrator|Publisher,"French, born 1865|French, Paris 1855–1938 Migennes|Paris","Doucet, Jérôme|Morin, Louis|Ollendorff, Paul",n.d.,Paris,,Books,http://www.metmuseum.org/art/collection/search/348816,
785220,The American Wing,2018.0,Plate,Plate,French,Retailer|Manufacturer," |1799–1828 Paris, France","Airé & Cie, Paris|G. Baruch Weil",ca. 1801–04,Paris,France,,http://www.metmuseum.org/art/collection/search/785220,
344455,Drawings and Prints,1921.0,Book,"Toy Books: My Mother, Valentine and Orson, The Sleeping Beauty",,Illustrator|Publisher|Engraver,"British, Liverpool 1845–1915 Horsham| |British, Southwark, London 1826–1905 Ventnor, Isle of Wight","Crane, Walter|Routledge, George & Sons|Evans, Edmund","1873, 1874, 1876",London,,Books,http://www.metmuseum.org/art/collection/search/344455,
433882,Drawings and Prints,1949.0,Print,"Matthew, from Christ, the Apostles, and Saint Paul",,Artist|Artist|Publisher,"Netherlandish, Antwerp 1565–1629 The Hague|Netherlandish, 1561–ca. 1604|Netherlandish, Antwerp 1565–1629 The Hague","Gheyn, Jacques de, II|Dolendo, Zacharias|Gheyn, Jacques de, II",,Leiden,,Prints,http://www.metmuseum.org/art/collection/search/433882,
760511,Drawings and Prints,1931.0,Book Print Ornament and Architecture,"Plate 101: Heads, from ""A New Book of Chinese Designs""",,Artist and publisher|Artist and publisher,"British, Stratford 1694–1773 Plaistow|British, ca. 1720–1780 London","Edwards, George|Darly, Matthew",1754,London,,Ornament & Architecture|Books|Prints,http://www.metmuseum.org/art/collection/search/760511,
5812,The American Wing,1933.0,Cream pot,Creamer,American,Maker,"American, New York 1766–1855 Albany, New York","Hutton, Isaac",1810–30,Albany,United States,,http://www.metmuseum.org/art/collection/search/5812,
727935,Drawings and Prints,1991.0,Book Prints Ornament & Architecture,"Fleurs (Flowers), Plate 11",,Publisher|Designer|Printer," |French, active 1920–30s| ","Editions ""Synth""|Gladky, Serge|Kadar, G.",1929,Paris,,Books|Prints|Ornament & Architecture,http://www.metmuseum.org/art/collection/search/727935,
653016,Arms and Armor,2004.0,Drawings,Designs for the Decoration of Firearms,"French, Versailles",Designer,"French, Versailles and Paris, 1761–1833","Boutet, Nicholas-Noël",ca. 1797–1805,Versailles,,Works on Paper-Drawings,http://www.metmuseum.org/art/collection/search/653016,Eagles|Crocodiles
638282,The American Wing,2013.0,Bookend,Bookend,American,Artist,"American, born Russia, 1882–1964","Cauman, Rebecca",ca. 1927,Boston,United States,,http://www.metmuseum.org/art/collection/search/638282,Fruit|Trees
640294,Drawings and Prints,1948.0,Print,"Another head of an Angel, bound in L'Oeuvre original de Vivant Denon. Collection de eaux-fortes, Volume 1",,Publisher|Artist|Artist," |Italian, Correggio, active by 1514–died 1534 Correggio|French, Givry 1747–1825 Paris","Barrand, A.|Correggio (Antonio Allegri)|Denon, Dominique Vivant Baron",1873,Paris,,Books,http://www.metmuseum.org/art/collection/search/640294,
2734,The American Wing,1946.0,Cream pot,Creamer,American,Maker,ca. 1870–1890,Richards and Hartley Flint Glass Co. ,ca. 1888,Tarentum,United States,,http://www.metmuseum.org/art/collection/search/2734,
345266,Drawings and Prints,1930.0,Book,Arte Nuevo de Escribir por Preceptos Geometricos y reglas matematicas,,Author|Publisher, | ,"Aznar de Polanco, Juan Claudio|Ruiz de Murga Manuel Heirs of",1719,Madrid,,Books,http://www.metmuseum.org/art/collection/search/345266,
371607,Drawings and Prints,1941.0,Book ; Ornament and architecture,M. Vitruvii Pollionis Architectura; textu ex recensione codicum emendato cum exercitationibus notisque novissimis Joannis Poleni et commentariis variorum additis nunc primum studiis Simonis Stratico.,,Printer|Author|Author|Author|Author|Publisher,"Italian, active 19th century|Italian, Venice 1683–1761 Padua|Italian, 1733–1824|Italian|Roman, active late 1st century BCE|Italian, active 19th century","Officiana Peciliana|Poleni, Giovanni Marchese|Stratico, Simone|Pontedera, Giulio|Vitruvius, Marcus|Mattiuzzi",1825–30,Udine,,Books|Ornament & Architecture,http://www.metmuseum.org/art/collection/search/371607,
427171,Drawings and Prints,1959.0,Print,"German and Spanish Forts Near Bohemia Were Taken with Great Force Near Bohemia, from L'Idea di un Principe ed Eroe Cristiano in Francesco I d'Este, di Modena e Reggio Duca VIII [...]",,Artist|Author, | ,Fenice (Fénis)|Gamberti,1659,Modena,,Prints,http://www.metmuseum.org/art/collection/search/427171,Wars|Soldiers|Cannons|Trees
503352,Musical Instruments,1988,Mezzo Violin,Mezzo Violin,American,Maker,"Springfield, Massachusetts, 1911–2007 Wolfeboro, New Hampshire",Hutchins Carleen M.,1976,Montclair,United States,Chordophone-Lute-bowed-unfretted,http://www.metmuseum.org/art/collection/search/503352,
503564,Musical Instruments,2002,Vertical Viola Top,Vertical Viola Top,American,Maker,"Springfield, Massachusetts, 1911–2007 Wolfeboro, New Hampshire",Hutchins Carleen M.,1998,Montclair,United States,Chordophone-Lute-bowed-unfretted,http://www.metmuseum.org/art/collection/search/503564,
627035,Drawings and Prints,1937.0,Print ornament & architecture,"Shaft, capital and entablature of the Corinthian order and six consoles and one mutules, plate 20, from Das ander Buech Gemacht auff die zway Colonnen, Corinthia und Composita",,Artist|Artist|Artist|Publisher|Publisher,"Netherlandish, Leeuwarden 1527–1606 (?)  Antwerp (?)|Netherlandish, 1528/32–1605|Netherlandish, active 1554–72, died before 1589|Netherlandish, Antwerp ca. 1510–1570 Antwerp|Netherlandish, active Antwerp, second half 16th century","Vredeman de Vries, Hans|Doetecum, Johannes van I|Doetecum, Lucas van|Cock, Hieronymus|Dierix, Volcxken",,Antwerp,,Prints|Ornament & Architecture,http://www.metmuseum.org/art/collection/search/627035,
504250,Musical Instruments,1982,Violin Bow,Violin Bow,French,Maker,1833–1885,Voirin Francois Nicolas,ca. 1860–80,Paris,France,Chordophone-Accessories-bow,http://www.metmuseum.org/art/collection/search/504250,
20532,The American Wing,2010.0,Clock,Clock with Bust of Washington and Relief of Cornwallis Resigning his Sword to Washington,American,Maker,1806–1813,"L’Ainé, Armingaud",ca. 1815,Paris,France,,http://www.metmuseum.org/art/collection/search/20532,George Washington
381606,Drawings and Prints,1951.0,Print,"Cahier de Baromètres, Cartels de Pendules, Chenets, etc.",,Artist|Engraver|Publisher,"French, active Paris, 1780–90|French, 1726–after 1759|French","Lalonde, Richard de|Foin, Augustin|Chereau",second half 18th century,Paris,,Prints,http://www.metmuseum.org/art/collection/search/381606,
727891,Drawings and Prints,1991.0,Book Prints Ornament & Architecture,"Fleurs (Flowers), Title Page",,Publisher|Designer|Printer," |French, active 1920–30s| ","Editions ""Synth""|Gladky, Serge|Kadar, G.",1929,Paris,,Books|Prints|Ornament & Architecture,http://www.metmuseum.org/art/collection/search/727891,
433062,Drawings and Prints,1949.0,Print,"A soldier blowing out sparks, from the Marksmen series, plate 15, in Waffenhandlung von den Rören Musquetten undt Spiessen / Wapenhandelinghe van Roers Musquetten ende Spiessen (The Exercise of Arms)",,Artist|Artist|Artist,"Netherlandish, Antwerp 1565–1629 The Hague|Netherlandish, Antwerp 1565–1629 The Hague|Netherlandish, 1574/5–1659","Gheyn, Jacques de, II|Gheyn, Jacques de, II|Baudous, Robert Willemsz de",published 1608,The Hague,,Prints,http://www.metmuseum.org/art/collection/search/433062,
657691,Drawings and Prints,1952.0,Print,"Centaure jouant de la Lire d'aprés l'Antique, from Les Plus Beaux Monuments de Rome Ancienne ou Recueil des plus beaux Morceaux de l'Antiquité Romaine qui existent encore",,Artist|Publisher|Printer,"French, Viarmes 1718–1762 Rome|Rome| ","Barbault, Jean|Bouchard & Gravier|Giunchi Heritiers de Komarek",1761,Rome,,Prints,http://www.metmuseum.org/art/collection/search/657691,
503369,Musical Instruments,1989,Kimkim,Kimkim,American,Maker,"Nigerian, born 1947",Ahuwan Abbas,1989,Freehold,United States,Aerophone and Idiophone-flue blown / vessel rattle,http://www.metmuseum.org/art/collection/search/503369,
508076,"Arts of Africa, Oceania, and the Americas",1997,Photograph,Man Leaning on Radio,,Artist,"Malian, Bamako ca. 1921–2001 Paris","Keïta, Seydou",1955,Bamako,Mali,Photographs,http://www.metmuseum.org/art/collection/search/508076,Men|Portraits
501495,Musical Instruments,1889,Bassoon in C,Bassoon in C,American,Maker,"American, Enfield, Connecticut 1785–1844 Albany, New York",Meacham John,ca. 1811,Albany,United States,Aerophone-Reed Vibrated-double reed,http://www.metmuseum.org/art/collection/search/501495,
501477,Musical Instruments,1889,Cabrette,Cabrette,French,Maker,"Effiat, Puy de Dome, 1820–1900","Bechonnet, Joseph",19th century,"Effiat, Puy-de-Dôme",France,Aerophone-Reed Vibrated-bagpipe,http://www.metmuseum.org/art/collection/search/501477,Animals
9480,The American Wing,1896.0,Vase,Vase,American,Designer|Maker,"American, New York 1848–1933 New York|American, 1892–1902","Tiffany, Louis C.|Tiffany Glass and Decorating Company",1893–96,New York,United States,,http://www.metmuseum.org/art/collection/search/9480,Feathers
629867,Drawings and Prints,1958.0,Print,"Mary Stuart, At the age of Sixteen (from Memoirs of Eminent Englishwomen)",,Artist|Artist|Publisher|Sitter|Author,"British, 1799–1870|British, 1809–1887|British, London|British, Linlithgow 1542–1587 Fotheringhay|British, 1799–1870","Costello, Louisa Stuart|Brown, Joseph|Bentley, Richard|Mary Queen of Scots|Costello, Louisa Stuart",1844,London,,Prints,http://www.metmuseum.org/art/collection/search/629867,Portraits|Women|Mary Queen of Scots
5551,The American Wing,1985.0,Pattern,Pattern for applied gold floral motifs on the Magnolia Vase,American,Maker,1837–present,Tiffany & Co.,ca. 1893,New York,United States,,http://www.metmuseum.org/art/collection/search/5551,
431591,Drawings and Prints,1933.0,Print collection ornament & architecture,"Confessional with a penitent at left, wearing contemporary clothing, from Confessionnaux nouvellement inventés, plate 5, bound in Oeuvres. Vol. II",,Artist|Publisher,"French, Paris 1618–1682 Paris|French, Paris 1634–1716 Paris","Le Pautre, Jean|Mariette, Pierre le fils",17th century,Paris,,Prints|Ornament & Architecture,http://www.metmuseum.org/art/collection/search/431591,
367801,Drawings and Prints,1941.0,Book,"Exercitationes Vitruvianae primae. Hoc est: Ioannis Poleni commentarius criticus de M. Vitruvii Pollionis Architecti X librorum editionibus, necnon de eorundem editoribus, atque de aliis, qui Vitruvium quocumque modo explicarunt, aut illustrarunt",,Author|Editor|Printer|Publisher|Artist and engraver|Author|Author|Author|Author,"Roman, active late 1st century BCE|Italian, Venice 1683–1761 Padua|Italian, active 17th century|Italian, active 17th century|Italian, Venice 1688–1782 Venice|Italian, 1682–1771|Italian, 1553–1617|Mantua 1516–1576 Mantua|Italian, Castelnuovo di Garfagnana ca. 1520–ca. 1575 Venice","Vitruvius, Marcus|Poleni, Giovanni Marchese|Manfre, Giovanni|Pitteri, Francesco|Visentini, Antonio Maria|Morgagni, Giambattista|Baldi, Bernardino|Bertano, Giovanni Battista|Salviati, Giuseppe (Giuseppe Porta, called Il Salviati)",1739,Venice,,Books,http://www.metmuseum.org/art/collection/search/367801,
346688,Drawings and Prints,1957.0,Book,"Graphic Illustrations with Historical Descriptive Accounts of Toddington, Gloucestershire, The Seat of the Lord Sudley",,Author|Artist,"British, Kington St. Michael, 1771–1857 London (?)|British, active 1840","Britton, John|Kitton, R.",1840,London,,Books,http://www.metmuseum.org/art/collection/search/346688,
431118,Drawings and Prints,1933.0,Print collection ornament & architecture,"Ceiling decoration with a central square flanked by olive branches, from Desseins de Plaphons, plate 3, bound in Oeuvres. Vol. I",,Artist|Publisher,"French, Paris 1618–1682 Paris|French, Paris 1634–1716 Paris","Le Pautre, Jean|Mariette, Pierre le fils",17th century,Paris,,Prints|Ornament & Architecture,http://www.metmuseum.org/art/collection/search/431118,
431525,Drawings and Prints,1933.0,Print collection ornament & architecture,"Chapel enclosure with an open door and Capuchin friar at left, from Clôtures de chapelles, plate 5, bound in Oeuvres. Vol. II",,Artist|Publisher,"French, Paris 1618–1682 Paris|French, Paris 1634–1716 Paris","Le Pautre, Jean|Mariette, Pierre le fils",17th century,Paris,,Prints|Ornament & Architecture,http://www.metmuseum.org/art/collection/search/431525,
19007,The American Wing,2014.0,Armchair,Armchair,American,Maker,"American, Osceola, Wisconsin 1858–1942 Syracuse, New York","Stickley, Gustav",ca. 1903,Eastwood,United States,,http://www.metmuseum.org/art/collection/search/19007,
376251,Drawings and Prints,1962.0,Print,"Saint John the Evangelist; head and shoulders, writing with a quill; from the series of The Holy Family and Apostles after Giovanni Battista Piazzetta",,Artist|Artist,"Italian, Venice 1702–1786 Venice|Italian, Venice 1682–1754 Venice","Pitteri, Marco Alvise|Piazzetta, Giovanni Battista",ca. 1730–86,Venice,,Prints,http://www.metmuseum.org/art/collection/search/376251,
354352,Drawings and Prints,1921.0,Book,Musaei Iovani Imagines Artifice manu ad vivum  expressae,,Author|Printer|Draftsman," |1522–1582|Swiss, Schaffhausen 1539–1584 Strasbourg","Müller, Theobaldus|Perna, Peter|Stimmer, Tobias",March 1577,Basel,,Books,http://www.metmuseum.org/art/collection/search/354352,
4796,The American Wing,1941.0,Figure,Standing lion,American,Designer|Manufacturer|Manufacturer,active 1838–ca. 1861|1849–52|1852–58,"Greatbach, Daniel|Lyman, Fenton and Company |United States Pottery Company ",1849–52,Bennington,United States,,http://www.metmuseum.org/art/collection/search/4796,Lions
698683,The American Wing,2015.0,Vase,Vase with mistletoe,American,Maker|Designer|Manufacturer,"Japanese, active United States 1894 – ca. 1904.|American, Felicity, Ohio 1869–1904 Colorado Springs, Colorado|1901–present","Asano, Yosakichi|Van Briggle, Artus|Van Briggle Pottery Company ",1904,Colorado Springs,United States,,http://www.metmuseum.org/art/collection/search/698683,
347044,Drawings and Prints,1976.0,Book,The Best of H.T. Webster--A Memorial Collection,,Author|Designer|Publisher|Author,"American, 1889–1947|American, Parkersville, West Virginia, 1885–1952|New York, NY|American, New Rochelle, New York 1896–1955 New York","Calhoun, Philo Clarke|Webster, Harold Tucker|Simon & Schuster|Sherwood, Robert E.",1953,New York,,Books,http://www.metmuseum.org/art/collection/search/347044,
32380,Arms and Armor,1931.0,Powder flask,Powder Flask,"British, probably London; spout, Sheffield",Silversmith,"British, founded Sheffield, 1806","Dixon, James & Sons","flask, before 1801; spout, after 1835",probably London,,Firearms Accessories-Powder Horns,http://www.metmuseum.org/art/collection/search/32380,
355220,Drawings and Prints,1924.0,Book,Pennsylvania Magazine or American Monthly Museum,,Engraver|Engraver|Engraver|Engraver|Publisher|Engraver|Artist,"American, 18th century|American, ca. 1754–ca. 1828|American, 18th century|American (born England), 1741–1797 Philadelphia, Pennsylvania|American (born Scotland), Dalkeith 1735–1802 Philadelphia, Pennsylvania|American (born Scotland), Dalkeith 1735–1802 Philadelphia, Pennsylvania|American (born Switzerland), Geneva 1737–1784 Philadelphia, Pennsylvania","Poupard, James|Lownes, Caleb|Tully, Christopher|Smither, James|Aitken, Robert|Aitken, Robert|du Simitière, Pierre Eugène",January–December 1775,Philadelphia,,Books,http://www.metmuseum.org/art/collection/search/355220,Houses|Trees|Ships|Horses
9575,The American Wing,1968.0,Vase,Vase,British (American market),Designer|Manufacturer,1835–1913|1793–present,"Solon, Marc-Louis Emanuel|Minton and Company ",1870,Stoke-on-Trent,England,,http://www.metmuseum.org/art/collection/search/9575,Bow and Arrow|Children|Women|Fishing
447798,Islamic Art,1925.0,Illustrated single work,The Old man and the Youth,,Calligrapher|Artist," |Iranian, ca. 1565–d. 1635",Nur al-Din Muhammad Lahiji|Riza-yi `Abbasi,second quarter 17th century,Isfahan,Iran,Codices,http://www.metmuseum.org/art/collection/search/447798,Men
366269,Drawings and Prints,1941.0,Book ; Ornament and architecture,Architecttura con il suo co[m]mento et figure Vitruvio in volgar lingua raportato per M. Gianbatista Caporali di Perugia,,Author|Translator|Publisher,"Roman, active late 1st century BCE|Italian, 1476–1560| ","Vitruvius, Marcus|Caporali, Giovanni Battista|Bigazzini, Giano",1536,Perugia,,Books|Ornament & Architecture,http://www.metmuseum.org/art/collection/search/366269,
9772,The American Wing,1946.0,Water pitcher,Water Pitcher,American,Maker,1836–1882,"Bakewell, Pears and Company ",1850–70,Pittsburgh,United States,,http://www.metmuseum.org/art/collection/search/9772,
727951,Drawings and Prints,1991.0,Book Prints Ornament & Architecture,"Fleurs (Flowers), Plate 25",,Printer|Designer|Publisher," |French, active 1920–30s| ","Kadar, G.|Gladky, Serge|Editions ""Synth""",1929,Paris,,Books|Prints|Ornament & Architecture,http://www.metmuseum.org/art/collection/search/727951,
334055,Drawings and Prints,1939.0,Book ; Ornament and architecture,Art Furniture,,Publisher|Lithographer|Manufacturer|Illustrator|Illustrator|Dedicatee|Designer,"British, founded London 1843|British, London 1837–1915 London|London|British, active 19th century|British, Lewes, Sussex 1849–1933 Brentford, Middlesex|British, London 1848–1939 London|British, Bristol 1833–1886 London","Batsford, B. T., Ltd.|Way, Thomas|Watt, William|Howard, Theodore|Adams, Maurice Bingham|Louise, Princess, Duchess of Argyll|Godwin, Edward William",1877,London,,Books|Ornament & Architecture,http://www.metmuseum.org/art/collection/search/334055,Screens|Chairs|Mirrors
349812,Drawings and Prints,1967.0,Book,Fables,,Lithographer|Publisher|Author," | |French, 1775–1814 Seaux","Chopard, G.|Gonin & Cie.|Florian, Jean Pierre Claris de",1937,Lausanne,,Books,http://www.metmuseum.org/art/collection/search/349812,
347247,Drawings and Prints,1920.0,Book,Recueil d'Ornemens A l'Usage des Jeunes Artistes qui se destinent à la décoration des bâtimens,,Artist and publisher|Etcher|Etcher|Engraver|Engraver|Etcher|Engraver|Engraver|Engraver|Dedicatee,"French, Aix 1731–1788 Paris|French, Nemours 1736–1820 Paris|French, 18th century|French|Italian, Trescali 1738–1797 Parma|French|French|French, Paris 1755–1810 Paris|French|French, Versailles 1755–1824 Paris","Cauvet, Gilles Paul|Miger, Simon Charles|Hemery|Le Roy, Jacques|Martini, Pietro Antonio|Liottier, Françoise Charlotte|Petit|Viel, Pierre|Darby, Mme.|Louis Stanislas Xavier de Bourbon",1777,Paris,,Books,http://www.metmuseum.org/art/collection/search/347247,Garlands|Ornament|Female Nudes|Vases
431713,Drawings and Prints,1933.0,Print collection ornament & architecture,"Fountain formed by three tritons, from Jets d'eau, plate 1, bound in Oeuvres. Vol. II",,Artist|Publisher,"French, Paris 1618–1682 Paris|French, Paris 1634–1716 Paris","Le Pautre, Jean|Mariette, Pierre le fils",17th century,Paris,,Prints|Ornament & Architecture,http://www.metmuseum.org/art/collection/search/431713,
351685,Drawings and Prints,1963.0,Book,Im Kranze des Jahres. Ein Gedenk= und Gedichtbuch fürs Haus,,Illustrator|Publisher|Printer,"German, Lichtenberg, Saxony 1839–1893 Dresden| |German","Höppner, Julius|Arnoldische Buchhandlung|Giesecke & Devrient",ca. 1877–90,Leipzig,,Books,http://www.metmuseum.org/art/collection/search/351685,
350505,Drawings and Prints,1941.0,Book,"Gift For All Seasons, A Juvenile Annual",,Publisher|Artist and engraver|Illustrator,"Philadelphia, Pennsylvania|American (born London, England) 1808–1897 Philadelphia, Pennsylvania|19th century","Anners, Henry F.|Sartain, John|Woolnoth, P. A.",1844,Philadelphia,,Books,http://www.metmuseum.org/art/collection/search/350505,
346413,Drawings and Prints,1947.0,Book,Chiron Achillis,,Designer, ,"Bonomi, G. Francesco",1661,Bologna,,Books,http://www.metmuseum.org/art/collection/search/346413,
344786,Drawings and Prints,1954.0,Book,"The Alphabetical Drawing Book, and Pictorial Natural History of Quadrupeds",,Printer|Publisher,"American, died 1850|New York","Robinson, Henry R.|Wiley & Putnam",1847,New York,,Books,http://www.metmuseum.org/art/collection/search/344786,
746855,Drawings and Prints,1944.0,Book Print Ornament & Architecture,Printed papers with abstract designs of different colors,,Editor,"French, 19th century","Chavant, Fleury",[after 1844],Paris,,Books|Prints|Ornament & Architecture,http://www.metmuseum.org/art/collection/search/746855,
2116,The American Wing,1969.0,Coffee cup and saucer,Coffee Cup and Saucer,American,Maker,1863–1922,Union Porcelain Works ,1885,Brooklyn,United States,,http://www.metmuseum.org/art/collection/search/2116,
453673,Islamic Art,1999.0,Illustrated manuscript,Nan va Halva (Breads and Sweets),,Author,"Iranian, born Syria, Baalbek 1547–1621 Isfahan",Muhammad Baha' al-Din al-'Amili,ca. 1690,Aurangabad,India,Codices,http://www.metmuseum.org/art/collection/search/453673,Birds|Men|Dogs
505376,Musical Instruments,1889,Glassichord,Glassichord,Austrian?,Maker,Austrian,"Lendel, F J",late 18th–early 19th century,Vienna?,Austria,Idiophone-Struck-bar-glass,http://www.metmuseum.org/art/collection/search/505376,
20339,The American Wing,2018.0,Pilgrim flask,Pilgrim flask,American,Artist|Manufacturer,1844–1908|1872–1889,"Robertson, Hugh C|Chelsea Keramic Art Works ",ca. 1878–80,Chelsea,United States,,http://www.metmuseum.org/art/collection/search/20339,
348732,Drawings and Prints,1942.0,Book ; ornament and architecture,"A Book of Cyphers Shewing Great Variety, Neatly Contriv'd and Compos'd...",,Designer,"British, active early 18th century","Dod, H.",ca. 1710,London,,Books|Ornament & Architecture,http://www.metmuseum.org/art/collection/search/348732,
348270,Drawings and Prints,1965.0,Book,Denkmale einer sehr ausgebildeten Holzbaukunst aus den frühesten Jahrhunderten in den innern Landschaften Norwegens,,Author,"Norwegian, Bergen 1788–1857 Dresden","Dahl, Johan Christian",1837,Dresden,,Books,http://www.metmuseum.org/art/collection/search/348270,
20894,The American Wing,2011.0,Vase,Vase,American,Maker|Designer,1892–1942|1847–1938,"Taylor, Herbert|Stone, Arthur J.",1915,Gardner,United States,,http://www.metmuseum.org/art/collection/search/20894,
716874,The American Wing,2020.0,Vase,Della Robbia vase with daffodils,American,Manufacturer|Designer|Decorator,"1892–1954|American (born England), Hanley, Stoke-on-Trent 1880–1942 New York| ","Roseville Pottery|Rhead, Frederick Hurten|Meyers, W.",1906–8,Zanesville,United States,,http://www.metmuseum.org/art/collection/search/716874,
455056,Islamic Art,1913.0,Folio from an illustrated manuscript,"""Bahram Gur's Skill with the Bow"", Folio 17v from a Haft Paikar (Seven Portraits) of the Khamsa (Quintet) of Nizami of Ganja",,Author|Calligrapher,"present-day Azerbaijan, Ganja 1141–1209 Ganja|died 1475/76",Nizami|Maulana Azhar,ca. 1430,Herat,present-day Afghanistan,Codices,http://www.metmuseum.org/art/collection/search/455056,Horses|Bow and Arrow|Men|Hunting|Deer
8327,The American Wing,1912.0,Teapot,Teapot,British (American market),Maker,active ca. 1815–42,Rogers & Son John,ca. 1823–ca. 1842,Stoke-on-Trent,England,,http://www.metmuseum.org/art/collection/search/8327,Eagles
14002,The American Wing,1928.0,Sample,Apple-blossom textile,American,Manufacturer|Designer,"American, 1838–1955|1883–1907","Cheney Brothers|Associated, Artists ",1883–1900,South Manchester,United States,,http://www.metmuseum.org/art/collection/search/14002,Flowers
789012,Drawings and Prints,1917.0,Print,"Plate 38, from ""World in Miniature""",,Artist|Publisher,"British, London 1757–1827 London|British, active 1794–1829","Rowlandson, Thomas|Ackermann, Rudolph",1816,London,,Prints,http://www.metmuseum.org/art/collection/search/789012,Interiors|Churches|Men|Women
343708,Drawings and Prints,1929.0,Book,Neue jnvention oder entwurff von Schnupftoback Dosen,,Publisher|Artist,"German, Redwitz 1654–1725 Nuremberg| ","Weigel, Christoph|Anonymous, German, 17th late–18th century early",ca. 1700,[Nuremberg],,Books|Ornament & Architecture,http://www.metmuseum.org/art/collection/search/343708,
347114,Drawings and Prints,1966.0,Book,"Catalogue (Third Issue), Importations of decorative Arts",,Author,"Boston, Massachusetts","Carbone, Inc.",1927,Boston,,Books,http://www.metmuseum.org/art/collection/search/347114,
502639,Musical Instruments,1889,Tenor Slide Trombone,Tenor Slide Trombone,American,Maker, ,"C. A. Zoebisch & Sons, New York",late 19th century,New York,United States,Aerophone-Lip Vibrated-trumpet / trombone,http://www.metmuseum.org/art/collection/search/502639,
449535,Islamic Art,1938.0,Banner,Inscribed Banner,,Maker,Iranian,"Kashani, Isma'il",dated A.H. 1107/1695–96 CE,probably Kashan,Iran,Textiles-Woven,http://www.metmuseum.org/art/collection/search/449535,Arabic|Persian|Banners
663782,Drawings and Prints,1952.0,Print,"Relief fragment with a reclining figure holding a cornucopia, from Les Plus Beaux Monuments de Rome Ancienne ou Recueil des plus beaux Morceaux de l'Antiquité Romaine qui existent encore",,Artist|Publisher|Printer,"French, Viarmes 1718–1762 Rome|Rome| ","Barbault, Jean|Bouchard & Gravier|Giunchi Heritiers de Komarek",1761,Rome,,Prints,http://www.metmuseum.org/art/collection/search/663782,
431370,Drawings and Prints,1933.0,Print collection ornament & architecture,"Title page with an altar mounted with a statue of Salvator Mundi, from Nouveaux dessins d'autels à la romaine, plate 1, bound in Oeuvres. Vol. II",,Artist|Publisher,"French, Paris 1618–1682 Paris|French, Paris 1634–1716 Paris","Le Pautre, Jean|Mariette, Pierre le fils",17th century,Paris,,Prints|Ornament & Architecture,http://www.metmuseum.org/art/collection/search/431370,
6864,The American Wing,1883.0,Ring,Ring,British,Maker,"British, 1784–1825","Brown, William",1800–30,London,England,,http://www.metmuseum.org/art/collection/search/6864,Profiles|George Washington|Men
640600,Drawings and Prints,1948.0,Print,"Fragment of a figure, bound in L'Oeuvre original de Vivant Denon. Collection de eaux-fortes, Volume 1",,Artist|Publisher|Artist,"French, Givry 1747–1825 Paris| |Italian, Parma 1503–1540 Casalmaggiore","Denon, Dominique Vivant Baron|Barrand, A.|Parmigianino (Girolamo Francesco Maria Mazzola)",1873,Paris,,Books,http://www.metmuseum.org/art/collection/search/640600,
1988,The American Wing,1910.0,Chest,Chest,American,Artist, ,"Searle-Dennis, shop tradition",1685–1700,Ipswich,United States,,http://www.metmuseum.org/art/collection/search/1988,
688824,Drawings and Prints,1924.0,Book,Title page from Fiori di Ricami (page 12r),,Publisher,"Italian, active Siena, ca. 1581–died 1613","Florimi, Matteo",1604,Siena,,Books,http://www.metmuseum.org/art/collection/search/688824,
347584,Drawings and Prints,1967.0,Book,The Grass Mountain Mouse (Sioux series),,Author|Publisher|Author|Illustrator,"American, born 1898| |American, active 1920–1950|American (Dakota Sioux), 20th century","Clark, Ann Nolan|Branch of Education, United States Bureau of Indian Affairs|Afraid-of-Hawk, Emil|Standing, Soldier Andrew",1943,Lawrence,,Books,http://www.metmuseum.org/art/collection/search/347584,
19876,The American Wing,2018.0,Vase,Vase,American,Maker,"American, Biloxi, Mississippi 1857–1918  Biloxi, Mississippi","Ohr, George E.",ca. 1895–96,Biloxi,United States,,http://www.metmuseum.org/art/collection/search/19876,
680708,The Libraries,2009.0,,Almanach royal : année bissextile M.DCC.LXXXIV. présenté a Sa Majesté pour la premiere fois en 1699 par Laurent d'Houry ...,,Publisher,"French, 1717?–1786","Houry, Laurent Charles d'",1783,Paris,,,http://www.metmuseum.org/art/collection/search/680708,
7557,The American Wing,1944.0,Waste Bowl,Slop Bowl,American,Retailer|Maker,active 1839–51|active 1848–1854,"Ball, Tompkins and Black |Charters, Cann & Dunn",1848–51,New York,United States,,http://www.metmuseum.org/art/collection/search/7557,
311630,"Arts of Africa, Oceania, and the Americas",1978.0,Bowl,Bowl,Asmat people,Artist, ,Uda,mid-20th century,Tomor (Tjemor) village,Indonesia,Wood-Containers,http://www.metmuseum.org/art/collection/search/311630,Heads
735103,Drawings and Prints,1948.0,"Book
Ornament and architecture
Print","View of a Temple, from ""Temples in the Ancient Style""",,Artist,"French, Paris 1510/12–1585 Annecy","Du Cerceau, Jacques Androuet",1550,Paris,,Books|Ornament & Architecture|Prints,http://www.metmuseum.org/art/collection/search/735103,
1107,The American Wing,1965.0,Brooch,Cameo,American,Maker|Designer,1898–1972|born ca. 1890,"Sutherland, Beth Benton|Coles, Izabel M.",1929,New York,United States,,http://www.metmuseum.org/art/collection/search/1107,Portraits|Men|Profiles
852664,The Libraries,,,Leitmotiv : boletin de hechos & ideas,,Editor|Editor|Artist|Editor|Editor,"American, New York 1917–1992 Jackson, Wyoming|American (born France), Blanville 1887–1968 Neuilly-sur-Seine|Chilean, Santiago 1911–2002 Civitavecchia, Italy|French (born Germany), Brühl 1891–1976 Paris|French, Tinchebray 1896–1966 Paris","Hare, David|Duchamp, Marcel|Matta, Roberto|Ernst, Max|Breton, André",1942-,Santiago,Chile,,http://www.metmuseum.org/art/collection/search/852664,
4123,The American Wing,1946.0,Goblet,Goblet,American,Maker,1866–1891,"Challinor, Taylor and Company ",1870–90,Tarentum,United States,,http://www.metmuseum.org/art/collection/search/4123,
23307,Arms and Armor,1929.0,Top lames of vambraces (arm defenses) from a costume armor,Top Lames of Vambraces (Arm Defenses) from a Costume Armor,"German, Augsburg",Armorer,"German, Augsburg 1471–1532","Helmschmid, Kolman",ca. 1525,Augsburg,,Armor Parts,http://www.metmuseum.org/art/collection/search/23307,
345941,Drawings and Prints,1967.0,Book,Idylles; Romances,,Artist|Publisher,"French, 1747–1791| ","Berquin, Arnaud|Ruault","1775, 1776",Paris,,Books,http://www.metmuseum.org/art/collection/search/345941,
349010,Drawings and Prints,1952.0,Book,"Society Pictures...selected from ""Punch""",,Artist|Publisher,"British, Paris 1834–1896 London|London","Du Maurier, George|Bradbury, Agnew, & Co.",[1890–91],London,,Books,http://www.metmuseum.org/art/collection/search/349010,
642873,"Arts of Africa, Oceania, and the Americas",2014.0,Cloth,Bogolanfini Display Cloth,Bamana peoples,Artist,"Malian, ca. 1923–2002","Traoré, Gneli",1969,Beledougou,Mali,Textiles-Dyed,http://www.metmuseum.org/art/collection/search/642873,
491193,Modern and Contemporary Art,1943,Textile sample,Sample,American,Maker|Maker,"American (born Germany), Frankfurt-am-Main 1863–1962 Staten Island, New York|American (born Germany ?), 1868– (?)","Stirn, Louis A.|Stirn, Edmund A.",1925,New York,America,Textiles-Printed,http://www.metmuseum.org/art/collection/search/491193,
345417,Drawings and Prints,1924.0,Book,Interesting Events in the History of the United States,,Author,"American, Windsor, Connecticut 1798–1885 New Haven, Connecticut","Barber, John Warner",1829,New Haven,,Books,http://www.metmuseum.org/art/collection/search/345417,
19001,The American Wing,2005.0,Honey pot,Covered honey pot,American,Manufacturer,"American, Trenton, New Jersey, 1871–1893",Ott and Brewer ,1882–90,Trenton,United States,,http://www.metmuseum.org/art/collection/search/19001,Plants|Insects
715540,The American Wing,2020.0,Vase,Vase,American,Maker,1870–1921,"Walrath, Frederick Emory",1905,Rochester,United States,,http://www.metmuseum.org/art/collection/search/715540,
4704,The American Wing,1946.0,Lamp,Lamp,American,Maker, ,Adams and Company ,1870–80,Pittsburgh,United States,,http://www.metmuseum.org/art/collection/search/4704,
348188,Drawings and Prints,1957.0,Book,Wanderings and Pencillings amongst Ruins of the Olden Time,,Publisher|Draftsman|Printer,"London|British, baptized Richmond, Yorkshire 1779–1854 Masham|Leicester","Nattali and Bond|Cuitt, the Younger George|Crossley & Clarke",1855,London,,Books,http://www.metmuseum.org/art/collection/search/348188,
13998,The American Wing,1928.0,Sample,Ivy textile,American,Designer,1883–1907,"Associated, Artists ",1883–1900,New York,United States,,http://www.metmuseum.org/art/collection/search/13998,Leaves|Vines
312016,"Arts of Africa, Oceania, and the Americas",1978.0,Bark painting,Painting from a Ceremonial House Ceiling,Kwoma,Artist|Artist, | ,Artists of Mariwai Village|Abwiyeti,1970,Mariwai village,Papua New Guinea,Bark-Paintings,http://www.metmuseum.org/art/collection/search/312016,
872021,The Libraries,,,Afloat and ashore on the Mediterranean,,Publisher|Artist," |American, New York 1867–1944 New York","Charles Scribner's Sons|Armstrong, Margaret Neilson",1892,New York,,,http://www.metmuseum.org/art/collection/search/872021,
427327,Drawings and Prints,1959.0,Print,"After a Long Seige, Francesco I d'Este, with the Aid of the French Army, Takes Valencia, from L'Idea di un Principe ed Eroe Cristiano in Francesco I d'Este, di Modena e Reggio Duca VIII [...]",,Artist|Author, | ,Fenice (Fénis)|Gamberti,1659,Modena,,Prints,http://www.metmuseum.org/art/collection/search/427327,Cities|Army|Horses
347567,Drawings and Prints,1950.0,Book,Silhouettes. Second Series,,Publisher,"Boston, Massachusetts",Estes and Lauriat,1878,Boston,,Books,http://www.metmuseum.org/art/collection/search/347567,
20750,The American Wing,2011.0,Tankard,Tankard,American,Maker,"Baltimore, Maryland, 1882–1914",Chesapeake Pottery ,ca. 1883–85,Baltimore,United States,,http://www.metmuseum.org/art/collection/search/20750,
1026,The American Wing,1953.0,Brooch,Brooch,American,Maker,1837–present,Tiffany & Co.,ca. 1910,New York,United States,,http://www.metmuseum.org/art/collection/search/1026,
343874,Drawings and Prints,1947.0,Book,Gründliche Anweisung zu richtichen Entwürffen und zierlichen Auszeichnungen der Blmen Denen Liebhabern der Zeichen-Kunst mitgetheilet,,Artist|Publisher,"German, Nuremberg 1666–1737 Nuremberg|German, Nuremberg 1666–1737 Nuremberg","Preissler, Johann Daniel|Preissler, Johann Daniel",before 1737,Nuremberg,,Books,http://www.metmuseum.org/art/collection/search/343874,
659703,Drawings and Prints,1952.0,Print,"Biges et Quadriges telles quelles couroient dans le Cirque, from Les Plus Beaux Monuments de Rome Ancienne ou Recueil des plus beaux Morceaux de l'Antiquité Romaine qui existent encore",,Artist|Publisher|Printer,"French, Viarmes 1718–1762 Rome|Rome| ","Barbault, Jean|Bouchard & Gravier|Giunchi Heritiers de Komarek",1761,Rome,,Prints,http://www.metmuseum.org/art/collection/search/659703,
358018,Drawings and Prints,1970.0,Book,Album de Fleuriste,,Designer|Publisher,"French, Nantes 1836–1902 Chenecey-Buillon| ","Tissot, James|Tissot, & Cie. MM.",1900,Paris,,Books,http://www.metmuseum.org/art/collection/search/358018,
446544,Islamic Art,1913.0,Illustrated manuscript,Illuminated Double Page of a Yusuf and Zulaikha of Jami,,Author,"Iranian, Jam 1414–92 Herat",Maulana Nur al-Din `Abd al-Rahman Jami,ca. 1580,Shiraz,Iran,Codices,http://www.metmuseum.org/art/collection/search/446544,
8517,The American Wing,1970.0,Tile,Tile,American,Maker,"American, Chelsea, Massachusetts, 1877–1903","Low Art Tile Works, J. and J. G.",1881–85,Chelsea,United States,,http://www.metmuseum.org/art/collection/search/8517,
353443,Drawings and Prints,1954.0,Book,Lucas' Progressive Drawing Book,,Publisher,"American, Fredericksburg, Virginia 1781–1854 Baltimore, Maryland","Lucas, Fielding, Jr.",[1827],Baltimore,,Books,http://www.metmuseum.org/art/collection/search/353443,
349194,Drawings and Prints,1966.0,Book,Keynotes,,Author|Artist|Publisher|Publisher,"Australian, Melbourne 1859–1945 Crawley, Sussex|British, Brighton, Sussex 1872–1898 Menton|British, London 1887–1894|Boston, Massachusetts","Egerton, George|Beardsley, Aubrey Vincent|Bodley Head, London|Roberts Brothers",1893,Boston|London,,Books,http://www.metmuseum.org/art/collection/search/349194,
2380,The American Wing,1946.0,Dish,Figure Dish,American,Maker,1856–89,McKee and Brothers ,1880–90,Pittsburgh,United States,,http://www.metmuseum.org/art/collection/search/2380,Elephants
349218,Drawings and Prints,1933.0,Book,Essai de Desseins de Bas-Relief Servant a l'Embelissement des Carosses de Ceremonie,,Artist|Publisher,German| ,"Eisler, Caspar Gottlieb|Weigel's, Christoph, Widow",1746,Nuremberg,,Books,http://www.metmuseum.org/art/collection/search/349218,
380662,Drawings and Prints,1980.0,Book,Le Métal,,Author|Publisher,"French, Paris 1901–1984 Nancy|French","Prouvé, Jean|Moreau, Charles Editions d'Art",1915–80,Paris,,Books,http://www.metmuseum.org/art/collection/search/380662,
382119,Drawings and Prints,1991.0,Book Prints Ornament & Architecture,Studio d'Arts Décoratifs: 1e Série-4e Série,,Publisher|Publisher|Designer|Designer,"French, active ca. 1890–1920| | |French","Guérinet, Armand|Librairie d'Architecture et d'Art Décoratif|Sorokine, Nicolas|Hennequin-Rêveur",[ca. 1930],Paris,,Books|Prints|Ornament & Architecture,http://www.metmuseum.org/art/collection/search/382119,
366600,Drawings and Prints,1927.0,Print,Lucretia Preparing to Kill Herself,,Artist|Artist,"Italian, Parma 1523–1567 Ferrara|Italian, Parma 1503–1540 Casalmaggiore","Vico, Enea|Parmigianino (Girolamo Francesco Maria Mazzola)",ca. 1542–43,Rome,,Prints,http://www.metmuseum.org/art/collection/search/366600,Female Nudes
366362,Drawings and Prints,1941.0,Book ; Ornament and architecture,M.L. Vitruuio Pollione Di architettura dal vero esemplare latino nella volgar lingua tradotto: a con le figure a suoi luoghi con mirãdo ordine insignito.,,Author|Editor|Publisher,"Roman, active late 1st century BCE|Italian, active 16th century|Italian, Ferrara 1478/80–1544 Venice","Vitruvius, Marcus|Durantino, Francesco|Zoppino, Nicolò",1535,Venice,,Books|Ornament & Architecture,http://www.metmuseum.org/art/collection/search/366362,
643208,Drawings and Prints,1958.0,Print,"Mary, Queen of Scots (frontispiece, from ""Graham's Magazine,"" volume 46, number 4)",,Sitter|Artist|Publisher,"British, Linlithgow 1542–1587 Fotheringhay|British, active 1840–84|Philadelphia, Pennsylvania","Mary Queen of Scots|Hunt, Thomas William|Graham, George R.",April 1855,Philadelphia,,Prints,http://www.metmuseum.org/art/collection/search/643208,Queens|Portraits|Women|Mary Queen of Scots
350078,Drawings and Prints,1949.0,"Book, Print","'Regole per Imparar a Disegnar i corpi humani ... Giacomo Palma' Libro Primo (title page and 7 plates), bound together with Libro Secondo (title page and 11 plates)",,Artist|Publisher|Publisher,"Italian, Venice ca. 1548–1628 Venice|Italian, born Brescia, active Venice, ca. 1640–1691|German, Munich before 1614–in or after 1650","Palma, Jacopo, the Younger|Scolari, Stefano|Sadeler, Marcus",1636 (republished 1659),Venice,,Books|Prints,http://www.metmuseum.org/art/collection/search/350078,
351935,Drawings and Prints,1933.0,Book,New Book of Trophies of Flowers and Foreign Fruit,,Artist and engraver,"French, Orléans 1695–1772 Paris","Huquier, Gabriel",1715–72,Paris,,Books,http://www.metmuseum.org/art/collection/search/351935,
368495,Drawings and Prints,1917.0,Print,Lucretia's Suicide,,Artist|Artist|Artist|Publisher,"Italian, Parma 1523–1567 Ferrara|Italian, Urbino 1483–1520 Rome|Italian, Argini (?) ca. 1480–before 1534 Bologna (?)|Italian, active Rome, 1540/41–1550","Vico, Enea|Raphael (Raffaello Sanzio or Santi)|Raimondi, Marcantonio|Barlacchi, Tommaso",1541,Rome,,Prints,http://www.metmuseum.org/art/collection/search/368495,
1082,The American Wing,1968.0,Cabinet,Cabinet,American,Maker,1824–1887,"Marcotte, Léon",ca. 1860,New York,United States,,http://www.metmuseum.org/art/collection/search/1082,
7879,The American Wing,1962.0,Stamp box,Stamp Box,American,Designer|Maker,"American, New York 1848–1933 New York|1902–32","Tiffany, Louis C.|Tiffany Studios ",ca. 1910–20,New York,United States,,http://www.metmuseum.org/art/collection/search/7879,
760070,Drawings and Prints,1931.0,Book Print Ornament and Architecture,"Plate 18: Six Varied Pannels, from ""A New Book of Chinese Designs""",,Artist and publisher|Artist and publisher,"British, Stratford 1694–1773 Plaistow|British, ca. 1720–1780 London","Edwards, George|Darly, Matthew",1754,London,,Ornament & Architecture|Books|Prints,http://www.metmuseum.org/art/collection/search/760070,
347106,Drawings and Prints,1969.0,Book,Estasi e Rapimento sopra la Luna,,Author|Publisher,"Italian, 18th century| ","Caputi, Antonio|Pauria, Vincenzo",1763,Naples,,Books,http://www.metmuseum.org/art/collection/search/347106,
348798,Drawings and Prints,1926.0,Book,Geschichte der rheinischen Städtkultur von ihren Unfängen bis zur Gegenwart mit befonderer Berücklichtigung der Stadt Worms. Vol. II,,Artist|Publisher|Author,"German, 1867–1931| |Swiss, Cannstatt 1851–1917 Basel","Sattler, Joseph Zeichner|Stargardt, J. A.|Boos, Heinrich",1897,Berlin,,Books,http://www.metmuseum.org/art/collection/search/348798,
503509,Musical Instruments,1998,Keyed Bugle in E-flat,Keyed Bugle in E-flat,British,Maker,"British, London 1798–1828",Clementi & Co.,ca. 1830,London,United Kingdom,Aerophone-Lip Vibrated-horn,http://www.metmuseum.org/art/collection/search/503509,
345262,Drawings and Prints,1934.0,Book,Emblems of Love in Four Languages Dedicated to the Ladies,,Publisher|Author|Engraver,"London|British, 1638–1712|British, 17th–18th century","Osborn, J.|Ayres, Philip|Nicholls, S.",18th century,London,,Books,http://www.metmuseum.org/art/collection/search/345262,
383381,Drawings and Prints,1977.0,Book ; Ornament and architecture,"Designs for Needlework, Embroidery, Curtains, Church Work, Stained Glass Painting",,Artist and publisher|Printer,"British, 1830?–1897|London","Heaton, John Aldam|Waterlow & Sons",1850–1900,London,,Books|Ornament & Architecture,http://www.metmuseum.org/art/collection/search/383381,
348858,Drawings and Prints,1927.0,Book,Dreams & Derisions,,Printer|Publisher|Designer,"New York, NY| |American, Tarrytown, New York 1882–1971 Plattsburgh, New York","Pynson Printers Inc.|Burke, John|Kent, Rockwell",1927,New York,,Books,http://www.metmuseum.org/art/collection/search/348858,
2118,The American Wing,1969.0,Coffee cup and saucer,Coffee Cup and Saucer,American,Maker,1863–1922,Union Porcelain Works ,1885,Brooklyn,United States,,http://www.metmuseum.org/art/collection/search/2118,
711549,The American Wing,2016.0,"Woodcut, print",Nabby's Point,American,Artist,"American, Ipswich, Massachusetts 1857–1922 New York State","Dow, Arthur Wesley",ca. 1913,Ipswich,United States,,http://www.metmuseum.org/art/collection/search/711549,Landscapes
433035,Drawings and Prints,1933.0,Print collection ornament & architecture,"Two friezes with a cortege of Neptune and Amphitrite at the top, from Frises, feuillages ou tritons marins, antiques et moderns, plate 4, bound in Oeuvres. Vol. IV",,Artist|Publisher,"French, Paris 1618–1682 Paris|French, Paris 1634–1716 Paris","Le Pautre, Jean|Mariette, Pierre le fils",17th century,Paris,,Prints|Ornament & Architecture,http://www.metmuseum.org/art/collection/search/433035,
625115,Drawings and Prints,1966.0,Print ornament & architecture,"Six terms, four female and two male, with the central pair as warriors and the female term at left encased in strapwork, plate 4, from Caryatidum [...] sive Athlantidum multiformium ad quemlibet Architecture ordinem Accommodatarum centuria prima [...]",,Artist|Artist|Artist|Publisher,"Netherlandish, Leeuwarden 1527–1606 (?)  Antwerp (?)|Netherlandish, 1528/32–1605|Netherlandish, active 1554–72, died before 1589|Netherlandish, 1509/17–1591","Vredeman de Vries, Hans|Doetecum, Johannes van I|Doetecum, Lucas van|Jode, Gerard de",ca. 1565,Antwerp,,Ornament & Architecture|Prints,http://www.metmuseum.org/art/collection/search/625115,
33311,Arms and Armor,1919.0,Flintlock pistol,Over-and-Under Flintlock Pistol,"British, London",Gunsmith,"British, London, recorded 1827–70","Sturman, George",1841–48,London,,Firearms-Pistols-Flintlock,http://www.metmuseum.org/art/collection/search/33311,
5833,The American Wing,1981.0,Pitcher,Pitcher,American,Maker|Manufacturer,"American, Biloxi, Mississippi 1857–1918  Biloxi, Mississippi|1883–1906","Ohr, George E.|Biloxi Art Pottery ",ca. 1893–1909,Biloxi,United States,,http://www.metmuseum.org/art/collection/search/5833,
641053,Drawings and Prints,1948.0,Print,"The Philosopher bringing the light to Ignorance, bound in L'Oeuvre original de Vivant Denon. Collection de eaux-fortes, Volume 1",,Publisher|Artist|Artist," |Italian, 1776–1842|French, Givry 1747–1825 Paris","Barrand, A.|Suntach, Giovanni|Denon, Dominique Vivant Baron",1873,Paris,,Books,http://www.metmuseum.org/art/collection/search/641053,
451400,Islamic Art,1957.0,Folio from an illustrated manuscript,"""Preparing Medicine from Honey"", from a Dispersed Manuscript of an Arabic Translation of De Materia Medica of Dioscorides",,Calligrapher, ,'Abdullah ibn al-Fadl,dated A.H. 621 / 1224 CE,Baghdad,Iraq,Codices,http://www.metmuseum.org/art/collection/search/451400,Men|Medicine
366279,Drawings and Prints,1941.0,Book ; Ornament and architecture,M. Vitruvius per Iocundum solito castigatior factus cum figuris et tabula ut iam legi et intelligi possit,,Artist|Editor|Publisher|Author,"Italian, Verona 1433–1515 Rome|Italian, Verona 1433–1515 Rome|Italian, active 1492–1536|Roman, active late 1st century BCE","Giocondo, Giovanni da Verona Fra|Giocondo, Giovanni da Verona Fra|Taccuino, Giovanni|Vitruvius, Marcus",1511,Venice,,Books|Ornament & Architecture,http://www.metmuseum.org/art/collection/search/366279,Architecture
349429,Drawings and Prints,1963.0,Book,Illustrations from the Art Gallery of the World's Columbian Exposition,,Editor,"American, 1885–1909","Kurtz, Charles M.",1893,Philadelphia,,Books,http://www.metmuseum.org/art/collection/search/349429,
349212,Drawings and Prints,1949.0,Book,Emblematic Cartouches,,Artist|Publisher,"German, 1717–1782|German, Augsburg ca. 1700–1775 Augsburg","Eichel, Emmanuel|Hertel, Johann Georg",[between 1750–82],Augsburg,,Books,http://www.metmuseum.org/art/collection/search/349212,
707777,Drawings and Prints,1942.0,Print,"Falstaff, Prince Henry and Poins at the Boar's Head Tavern (Shakespeare, King Henry the Fourth, Part 1, Act 2, Scene 4)",,Subject|Artist|Publisher|Engraver,"British, Stratford-upon-Avon 1564–1616 Stratford-upon-Avon|British, Wigton, Cumberland 1752/53–1845 London|British, 1786–1804|British, Patrington 1758–1802 Stevenage","Shakespeare, William|Smirke, Robert|Boydell, John & Josiah|Thew, Robert",1796,London,,Prints,http://www.metmuseum.org/art/collection/search/707777,Taverns|Princes|Men|Shakespeare
736858,The Libraries,,,"Hsi-hsiang chi, chinesische Farbholzschnitte von Min Chʻi-chi 1640",,Author|Author|Artist," |Chinese, 1260-1316|Chinese, 1575 or 1580–?","Dittrich, Edith|Wang, Shifu|Min Qiji",1977,Köln,Germany,,http://www.metmuseum.org/art/collection/search/736858,
348110,Drawings and Prints,1972.0,Book,A Flower Wedding Described by Two Wallflowers,,Illustrator|Publisher,"British, Liverpool 1845–1915 Horsham| ","Crane, Walter|Cassell & Co., Ltd.",1905,London,,Books,http://www.metmuseum.org/art/collection/search/348110,
366296,Drawings and Prints,1941.0,Book ; Ornament and architecture,M. L. Vitrvuio Pollione De architectura traducto di latino in vulgare del vero exemplare con le figure a li soi loci con mirando ordine insignito,,Author|Editor|Publisher|Translator|Translator,"Roman, active late 1st century BCE|Italian, active 16th century|Italian, active Venice, ca. 1522–1545|Italian, 1471–1545|Italian, active 16th century","Vitruvius, Marcus|Durantino, Francesco|Giovanni Antonio di Nicolini da Sabio e i fratelli|Giovio, Benedetto|Mauro, Bono",1524,Venice,,Books|Ornament & Architecture,http://www.metmuseum.org/art/collection/search/366296,
350522,Drawings and Prints,1933.0,Book,"Book of Ornaments of Trophies, Lamp Bottoms...",,Artist|Publisher|Etcher|Publisher,"French, Langres 1673–1722 Paris|French, active Paris, 1714–57|French, Orléans 1695–1772 Paris|French, 18th century","Gillot, Claude|Caillou Chéreau, Marguerite|Huquier, Gabriel|Chez Huquier",1732,Paris,,Books,http://www.metmuseum.org/art/collection/search/350522,
20101,The American Wing,2008.0,Dish with handles,Oval dish with handles (broken),British,Maker, ,Pellatt & Green,1818,London,England,,http://www.metmuseum.org/art/collection/search/20101,
347051,Drawings and Prints,1957.0,Book,Trattato delle Piante & Immagini de Sacri Edifizi di Terra Santa (Treatise of the Plans & Images of the Sacred Buildings of the Holy Land),,Artist|Publisher|Artist,"French, Nancy 1592–1635 Nancy|Italian, active late 16th–early 17th century|Italian, active 1593–1619","Callot, Jacques|Cecconcelli, Pietro|Amico, Bernardino",1620,Florence,,Books,http://www.metmuseum.org/art/collection/search/347051,
660986,Drawings and Prints,1953.0,Books Prints Ornament & Archiecture,"Fiori di Ricami Nuovamente Posti in Luce, page 17 (recto)",,Designer|Publisher,"Italian, active Siena, ca. 1581–died 1613|Italian, active 16th century","Florimi, Matteo|Franceschi Francesco de'",1591,Venice,,Books|Prints|Ornament & Architecture,http://www.metmuseum.org/art/collection/search/660986,Ornament
895277,Drawings and Prints,1924,Print,Horatio Gates Esqr.,,Publisher|Sitter|Artist|Publisher,"German, 1727–1806|American (born England), Maldon, Essex 1727–1806 New York| |British, active 1777–78","Will, Johann Martin|Gates, Horatio|Anonymous, 18th century|Morris, John","May 10, 1778",Augsburg|Londno,,Prints,http://www.metmuseum.org/art/collection/search/895277,
347291,Drawings and Prints,1969.0,Book,El Ingenioso Hidalgo Don Quixote de la Mancha,,Author|Publisher,"Spanish, Alcalá 1547–1616 Madrid| ","Cervantes, Saavedra Miguel de|Imprenta de Tomas Grochs",1859,Barcelona,,Books,http://www.metmuseum.org/art/collection/search/347291,
345616,Drawings and Prints,1949.0,Book ; Ornament and architecture,Alfabetto Pittorico,,Artist,"Italian, Castel Guelfo di Bologna 1774–1843 Bologna","Basoli, Antonio",1843,Bologna,,Books|Ornament & Architecture,http://www.metmuseum.org/art/collection/search/345616,
382888,Drawings and Prints,1972.0,Print,Flight into Egypt,,Artist and engraver,"Russian, 1776–1851","Egorov, Aleksei",1814,St. Petersburg,,Prints,http://www.metmuseum.org/art/collection/search/382888,
504827,Musical Instruments,1889,Tenor (Alto) Ophicleide in E-flat,Tenor (Alto) Ophicleide in E-flat,French,Maker,"French, Lyons active 1812–after 1900 Lyons",Couturier,ca. 1830–50,Lyon,France,Aerophone-Lip Vibrated-horn,http://www.metmuseum.org/art/collection/search/504827,
7057,The American Wing,1946.0,Salt,Salt,American,Maker,"American, 1825–1888, Sandwich, Massachusetts",Boston and Sandwich Glass Company ,1827–35,Sandwich,United States,,http://www.metmuseum.org/art/collection/search/7057,
381800,Drawings and Prints,1983.0,Book,Dictionnaire raisonné du mobilier français de l'Epoque Carlovingienne à la Renaissance,,Author|Publisher|Printer,"French, Paris 1814–1879 Lausanne|Paris| ","Viollet-le-Duc, Eugène-Emmanuel|Morel A. et Cie., Veuve|Comte-Jacquet",1873,Paris,,Books,http://www.metmuseum.org/art/collection/search/381800,
346460,Drawings and Prints,1965.0,Book,Dealers Catalogue no. 18–1909 Born Steel Ranges,,Author,"Cleveland, Ohio",Born Steel Range Co.,1909,Cleveland,,Books,http://www.metmuseum.org/art/collection/search/346460,
776661,Drawings and Prints,1937.0,"Print, Ornament & Architecture",Design for a Cup with an Amorous Couple,,Artist|Publisher,"German, Nuremberg before 1567–after 1631 Nuremberg|German, Lübeck ca. 1548–1633 Nuremberg","Flindt, Paul|Dürer, Friedrich",1594,Nuremberg,,Prints|Ornament & Architecture,http://www.metmuseum.org/art/collection/search/776661,
311560,"Arts of Africa, Oceania, and the Americas",1978.0,Canoe prow,Canoe Prow,Asmat people,Artist, ,Osu,mid-20th century,Erma,Indonesia,Wood-Sculpture,http://www.metmuseum.org/art/collection/search/311560,Animals
490981,Modern and Contemporary Art,1945,Sample,Piece,American,Maker|Designer,"New York|Hungarian, Ujpcst 1895–1961 Paris","Wesley Simpson, Inc. |Vertès, Marcel",1944,New York,America,Textiles-Printed,http://www.metmuseum.org/art/collection/search/490981,
701709,Drawings and Prints,1960.0,"Print, Fete, Ornament & Architecture",Plate 53: Eight figures marching in the funeral procession of Archduke Albert of Austria; from 'Pompa Funebris ... Alberti Pii',,Artist|Artist,"French, Brussels 1577–1651 Brussels|Netherlandish, Antwerp 1576–1650 Antwerp","Francquart, Jacques|Galle, Cornelis, I",1623,Brussels,,Prints|Prints-Fete,http://www.metmuseum.org/art/collection/search/701709,Men
9645,The American Wing,1974.0,Wall sconce,Wall Sconce,American,Designer|Maker,"American, New York 1848–1933 New York|1902–32","Tiffany, Louis C.|Tiffany Studios ",ca. 1910,New York,United States,,http://www.metmuseum.org/art/collection/search/9645,
311582,"Arts of Africa, Oceania, and the Americas",1978.0,Male figure,Male Figure,Asmat people,Artist, ,Vor,ca. 1961,Agani village,Indonesia,Wood-Sculpture,http://www.metmuseum.org/art/collection/search/311582,Men
370679,Drawings and Prints,1941.0,Book,Le due regole della prospettiva pratica di M. Iacomo Barozzi da Vignola,,Author|Editor|Publisher|Engraver,"Italian, Vignola 1507–1573 Rome|Italian, Perugia 1536–1586 Alstri| |Italian, Borgo Sansepolcro 1553–1615 Rome","Vignola, Jacopo [Giacomo] Barozzi da|Danti, Ignazio|Zanetti, Francesco|Alberti, Cherubino (Zaccaria Mattia)",1583,Rome,,Books,http://www.metmuseum.org/art/collection/search/370679,
14780,The American Wing,1993.0,Tongs,Tongs,American,Maker,active 1800–1818,"Philips, D.",1818,New York,United States,,http://www.metmuseum.org/art/collection/search/14780,
390631,Drawings and Prints,1920.0,Drawing Ornament and Architecture,"French Commode, from Chippendale Drawings, Vol. II",,Artist,"British, baptised Otley, West Yorkshire 1718–1779 London","Chippendale, Thomas",1762,London,,Drawings|Ornament & Architecture,http://www.metmuseum.org/art/collection/search/390631,Furniture
853951,The Libraries,,,Old rose and silver,,Artist|Author|Publisher|Printer,"American, New York 1867–1944 New York|American, 1874–1911| |New York, NY","Armstrong, Margaret Neilson|Reed, Myrtle|G.P. Putnam & Co., New York|Knickerbocker Press",1909,New York,,,http://www.metmuseum.org/art/collection/search/853951,
355230,Drawings and Prints,1941.0,Book,IIe Suitte de Vases,,Artist|Publisher,"French, born 1736|French, active Paris, 1714–57","Percenet, L.N.|Caillou Chéreau, Marguerite",1762,Paris,,Books,http://www.metmuseum.org/art/collection/search/355230,
345212,Drawings and Prints,1925.0,Book,Soliloquii del divo padre sancto Augustino volgari,,Author|Publisher,"Souq Ahras, Algeria 354–430 Annaba, Algeria|Italian, active Florence ca. 1495-1514","Augustine, Saint|Pacini, Piero","June 7, 1505",Florence,,Books,http://www.metmuseum.org/art/collection/search/345212,
381760,Drawings and Prints,1972.0,Print,"Perspective of the country house for Mr. C. Thaxter Shaw, Montreal, Canada",,Publisher|Architect|Draftsman,"Berlin|American, Richland Center, Wisconsin 1867–1959 Phoenix, Arizona|American, 1871–1962","Wasmuth, Ernst|Wright, Frank Lloyd|Griffin, Marion Mahony",ca. 1922,Berlin,,Prints,http://www.metmuseum.org/art/collection/search/381760,
431726,Drawings and Prints,1933.0,Print collection ornament & architecture,"Fountain with two tritons taking control of sea monster, from Jets d'eau, plate 3, bound in Oeuvres. Vol. II",,Artist|Publisher,"French, Paris 1618–1682 Paris|French, Paris 1634–1716 Paris","Le Pautre, Jean|Mariette, Pierre le fils",17th century,Paris,,Prints|Ornament & Architecture,http://www.metmuseum.org/art/collection/search/431726,
431198,Drawings and Prints,1933.0,Print collection ornament & architecture,"Two variants for a fireplace with a mantle ornamented with a vase, from Cheminées à la moderne, plate 5, bound in Oeuvres. Vol. I",,Artist|Publisher,"French, Paris 1618–1682 Paris|French, Paris 1618–1682 Paris","Le Pautre, Jean|Le Pautre, Jean",17th century,Paris,,Prints|Ornament & Architecture,http://www.metmuseum.org/art/collection/search/431198,
681545,The Libraries,,,Contes et nouvelles en vers par Jean de la Fontaine,,Author|Printer|Author|Draftsman,"French, 1636–1711|French, 1761–1853|French, Château-Thierry 1621–1695 Paris|French, Valenciennes 1720–1778 Brussels","Boileau Despréaux, Nicolas|Didot, Pierre l'ainé|La Fontaine, Jean de|Eisen, Charles Dominique Joseph",1795,Paris,France,,http://www.metmuseum.org/art/collection/search/681545,
644539,Drawings and Prints,1948.0,Print,"Men defecating back to back, bound in L'Oeuvre original de Vivant Denon. Collection de eaux-fortes, Volume 2",,Artist|Publisher,"French, Givry 1747–1825 Paris| ","Denon, Dominique Vivant Baron|Barrand, A.",1873,Paris,,Books,http://www.metmuseum.org/art/collection/search/644539,
347547,Drawings and Prints,1926.0,Book,Christenfreude in Lied und Bild,,Publisher|Artist|Artist|Artist,"German, Göttingen 1808–1858|German|German, Leipzig 1794–1872 Dresden|German, Dresden 1803–1884 Dresden","Wigand, Georg|Andreae, Carl|Carolsfeld, Julius Schnorr von|Richter, Adrian Ludwig",1855,Leipzig,,Books,http://www.metmuseum.org/art/collection/search/347547,Madonna and Child|Angels
373663,Drawings and Prints,1941.0,Book ; Ornament and architecture,Francisci Marii Grapaldi De partibus aedium cum additamentis quod vides opusculum formis excussum,,Author|Publisher|Dedicatee|Author|Author,"Italian, 1465–1515|Italian|Italian|Italian, 1472–1518|Italian, 1459–1528","Grapaldi, Francesco Mario|Ugoleto, Francisco|Pallavicino, Orlando|Beroaldo, Filippo|Anselmo, Giorgio",1506,Parma,,Books|Ornament & Architecture,http://www.metmuseum.org/art/collection/search/373663,
640545,Drawings and Prints,1948.0,Print,"Adam, Eve and Moses, bound in L'Oeuvre original de Vivant Denon. Collection de eaux-fortes, Volume 1",,Publisher|Artist|Artist," |Italian, Parma 1503–1540 Casalmaggiore|French, Givry 1747–1825 Paris","Barrand, A.|Parmigianino (Girolamo Francesco Maria Mazzola)|Denon, Dominique Vivant Baron",1873,Paris,,Books,http://www.metmuseum.org/art/collection/search/640545,
381797,Drawings and Prints,1983.0,Book,Dictionnaire raisonné du mobilier français de l'Epoque Carlovingienne à la Renaissance,,Author|Publisher|Printer,"French, Paris 1814–1879 Lausanne|French| ","Viollet-le-Duc, Eugène-Emmanuel|Librairie Centrale d'Architecture|Motteroz et Martinet",[1873],Paris,,Books,http://www.metmuseum.org/art/collection/search/381797,
348034,Drawings and Prints,1917.0,Book,The Complete Angler or The Contemplative Man's Recreation,,Author|Author|Publisher|Illustrator,"British, Staffordshire 1630–1687 London|British, baptized Stafford 1593–1683 Winchester| |British, Newcastle-upon-Tyne 1806–1864 London","Cotton, Charles|Walton, Izaak|Little, Brown and Company|Archer, John Wykenham",1870,Boston,,Books,http://www.metmuseum.org/art/collection/search/348034,
347381,Drawings and Prints,1933.0,Book,"Plusieurs Sortes d'Ornemens comme Paneaux ou Montans, Scabellons, Platfonds",,Artist|Publisher|Engraver,"French, baptised Lyon 1623–1674 Paris|French, Lyons 1640–1703 Paris|French, Langres 1614–1685 Paris","Charmeton, Georges|Audran, Girard|Robert, Nicolas",1635–74,Paris,,Books,http://www.metmuseum.org/art/collection/search/347381,
487495,Modern and Contemporary Art,1926,Bowl,Bowl,,Designer,"American, Middletown, Connecticut, 1865–1929 Syracuse, New York","Robineau, Adelaide Alsop",1924,Syracuse,United States,Ceramics-Porcelain,http://www.metmuseum.org/art/collection/search/487495,
350060,Drawings and Prints,1966.0,Book,Histoire de doña Maria d'Avalos et de don Fabricio duc d'Andria.  Manuscrite et enluminée par Leon Lebègue,,Author|Publisher|Artist,"French, Paris 1884–1924 Saint-Cyr-sur-Loire|French|French, Orléans 1863–1944","France, Anatole|Librairie des Bibliophiles|Lebègue, Léon",1902,Paris,,Books,http://www.metmuseum.org/art/collection/search/350060,
376240,Drawings and Prints,1959.0,Print,"Plate 3: Saint James Major, head and shoulders with a staff in his right hand; from the series of Apostles",,Artist|Artist,"Italian, Venice 1682–1754 Venice|Italian, Venice 1702–1786 Venice","Piazzetta, Giovanni Battista|Pitteri, Marco Alvise",1742,Venice,,Prints,http://www.metmuseum.org/art/collection/search/376240,
435056,Drawings and Prints,1957.0,Print collection ornament & architecture,"Epitaph for a prelate, plate 3 from ""Sépultures et épitaphes""",,Artist|Publisher,"French, Paris 1618–1682 Paris|French, Paris 1640–1703","Le Pautre, Jean|Langlois, Nicolas",17th century,Paris,,Prints|Ornament & Architecture,http://www.metmuseum.org/art/collection/search/435056,
658830,Drawings and Prints,1921.0,Books Prints Ornament & Architecture,"Esemplario di lavori, page 17 (recto)",,Publisher,"Italian, Ferrara 1478/80–1544 Venice","Zoppino, Nicolò",August 1529,Venice,,Books|Prints|Ornament & Architecture,http://www.metmuseum.org/art/collection/search/658830,Ornament
4441,The American Wing,1943.0,Inkwell,Inkwell,American,Maker,1756–1840,"Danforth, III Thomas",1807–13,Philadelphia,United States,,http://www.metmuseum.org/art/collection/search/4441,
640554,Drawings and Prints,1948.0,Print,"Figures by a broken bridge, bound in L'Oeuvre original de Vivant Denon. Collection de eaux-fortes, Volume 1",,Publisher|Artist|Artist," |American, 1799–1885|French, Givry 1747–1825 Paris","Barrand, A.|Peale, Titian Ramsey|Denon, Dominique Vivant Baron",1873,Paris,,Books,http://www.metmuseum.org/art/collection/search/640554,
5128,The American Wing,1907.0,Medal,George Washington Commemorative Medal,,Maker,active 18th–19th century,"Wyon, Joseph S. and Alfred",1800–1907,Bristol,England,,http://www.metmuseum.org/art/collection/search/5128,George Washington|Profiles
8025,The American Wing,1933.0,Sugar Bowl,Sugar Bowl,American,Maker,1758–1820,"Lownes, Joseph",ca. 1800,Philadelphia,United States,,http://www.metmuseum.org/art/collection/search/8025,
348561,Drawings and Prints,1930.0,Book,L'Enlevement sans Clair de Lune ou Les Propos et les Amours de Mr. Theodore Decalandre,,Author|Publisher|Sitter|Engraver,"French, 1889–1941| |French, 1889–1941|American (born Bulgaria), Vidin 1885–1930 Paris","Derème, Tristan|Emile-Paul Freres|Derème, Tristan|Pascin, Jules",1924,Paris,,Books,http://www.metmuseum.org/art/collection/search/348561,
9355,The American Wing,1945.0,Vase,Chief Joseph of the Nez Perce,American,Designer|Manufacturer,"American, Cincinnati, Ohio 1864–1931 Cincinnati, Ohio|American, Cincinnati, Ohio 1880–1967","McDonald, William Purcell|Rookwood Pottery Company",1898,Cincinnati,United States,,http://www.metmuseum.org/art/collection/search/9355,Portraits|Men
350612,Drawings and Prints,1961.0,Book,Catalogue of Glassware for Illuminating Purposes. . .,,Author,"New York, NY","Gleason, E. P. Manufacturing Co.",September 1892,New York,,Books,http://www.metmuseum.org/art/collection/search/350612,
626461,Drawings and Prints,1958.0,Print ornament & architecture,"Concordia, from Deorum Dearumque Capita : ex vetustis numismatibus in gratiam antiquitatis studiosorum effigiata et edita",,Publisher|Artist,"Netherlandish, Haarlem 1537–1612 Antwerp|Netherlandish, Leeuwarden 1527–1606 (?)  Antwerp (?)","Galle, Philips|Vredeman de Vries, Hans",1573,Antwerp,,Ornament & Architecture|Prints,http://www.metmuseum.org/art/collection/search/626461,
350297,Drawings and Prints,1944.0,Book,Gaskell's Guide to Writing,,Author,"American, Penn Yan, New York 1844–1885 Jersey City, New Jersey","Gaskell, George Arthur",1884,New York,,Books,http://www.metmuseum.org/art/collection/search/350297,
344581,Drawings and Prints,1963.0,Book ; Ornament and Architecture,"Archtectural Ornaments, or a Collection of Capitals, Friezes, Roses, Entablatures, Mouldings, &c.",,Artist|Publisher|Lithographer,"Italian, Cremona 1777–1857 London|London|British, London 1789–1850 London","Aglio, Augostino , the elder|Priestly and Weale|Hullmandel, Charles Joseph",1820–21,London,,Books|Ornament & Architecture,http://www.metmuseum.org/art/collection/search/344581,
348637,Drawings and Prints,1921.0,Book,Les Etrangers à Paris,,Author|Author|Author|Author|Author|Author|Illustrator|Illustrator|Illustrator|Illustrator|Publisher|Author|Illustrator," |French, 1804–1874|French, Paris 1813–1883 Cannes| | | |French, Paris 1804–1866 Paris|French, Paris 1814–1888 Paris| | | |French, 1814–1859|French, Paris 1819–1886 Ecouen","Desnoyers, Louis|Janin, Jules-Gabriel|Forgues, Paul-Emile-Daurand|Saint-Hilaire, Marco de|Drouineau|Beauvoir, Roger de|Gavarni, Paul|Frère, Charles-Théodore|Emy, Henri|Guérin, Th.|Warée, Charles|Bellanger, Stanislas|Frère, Pierre-Edouard",1844,Paris,,Books,http://www.metmuseum.org/art/collection/search/348637,
631011,Drawings and Prints,1958.0,Print,Maria Stuart Regina Scotiae,,Sitter|Artist|Artist,"British, Linlithgow 1542–1587 Fotheringhay|British, ca. 1695–1756|French, Tours (?), active by 1536–died 1572 Paris","Mary Queen of Scots|Faber, John the Younger|Clouet, François",1720–56,London,,Prints,http://www.metmuseum.org/art/collection/search/631011,Portraits|Women|Mary Queen of Scots
349082,Drawings and Prints,1956.0,Book,Beacon Lights,,Author,"Boston, Massachusetts","Early, T., and Son",1886,Boston,,Books,http://www.metmuseum.org/art/collection/search/349082,
427078,Drawings and Prints,1959.0,Print,"Francesco I d'Este Combines Forces with The Republic of Venice and Genoa Against the Ottoman Turks, from L'Idea di un Principe ed Eroe Cristiano in Francesco I d'Este, di Modena e Reggio Duca VIII [...]",,Artist|Author, | ,Fenice (Fénis)|Gamberti,1659,Modena,,Prints,http://www.metmuseum.org/art/collection/search/427078,Men|Buildings|Ships|Venice
349345,Drawings and Prints,1926.0,Book,Eruditorium penitentiale,,Publisher, ,Caillaut,1487–1500,Paris,,Books,http://www.metmuseum.org/art/collection/search/349345,
628942,Drawings and Prints,1948.0,Print ornament & architecture,"Cartouche with two seated children holding trumpets at bottom center, from Strapwork Cartouches with Grotesques, plate 18",,Artist|Publisher,"Netherlandish, Leeuwarden 1527–1606 (?)  Antwerp (?)|Netherlandish, Antwerp ca. 1510–1570 Antwerp","Vredeman de Vries, Hans|Cock, Hieronymus",ca. 1555–70,Antwerp,,Prints|Ornament & Architecture,http://www.metmuseum.org/art/collection/search/628942,
348755,Drawings and Prints,1958.0,Book,Japanische Vorbilder. Ein Sammelwerk zur Veranschaulichung japanischer Kunstprodukte,,Author|Publisher|Printer|Printer|Printer,"German, Stuttgart 1846–1908|active Stuttgart|German|German|Stuttgart","Dolmetsch, Heinrich|Hoffmann, Julius|Rommel, M. & Co.|Ebenhusen & Eckstein|Hochdanz, Emil",1886,Stuttgart,,Books,http://www.metmuseum.org/art/collection/search/348755,
695537,Drawings and Prints,1951.0,Print,"Human Knowledge assisted by Chastity, Piety, and Divine Love as they triumph over Earthly Love; from 'Barberinae aulae fornix', after the frescoes by Pietro da Cortona on the ceiling of the salone of the Palazzo Barberini, Rome",,Publisher|Artist,"Italian, Rome 1627–1691 Rome|Italian, Cortona 1596–1669 Rome","Rossi, Giovanni Giacomo De|Cortona, Pietro da (Pietro Berrettini)",ca. 1677,Rome,,Prints|Ornament & Architecture,http://www.metmuseum.org/art/collection/search/695537,
7571,The American Wing,1924.0,Snuffer Stand,Snuffer Stand,American,Maker,1703–1789,"Syng, Jr. Philip",1755–65,Philadelphia,United States,,http://www.metmuseum.org/art/collection/search/7571,
337787,Drawings and Prints,1994.0,Book,The Golden Basket,,Author|Publisher,"American (born Austria-Hungary), Merano, Italy (Meran) 1898–1962 New York| ","Bemelmans, Ludwig|Viking Press",1936,New York,,Books,http://www.metmuseum.org/art/collection/search/337787,
725643,Drawings and Prints,1977.0,Book,"Sketches Drawn from the Life, vol. 2",,Sitter|Sitter|Engraver|Sitter|Sitter|Artist|Sitter|Sitter|Sitter|Sitter|Sitter|Sitter|Sitter|Sitter|Sitter|Sitter|Sitter|Sitter|Sitter|Sitter|Sitter|Sitter|Sitter|Sitter|Sitter|Sitter|Sitter|Sitter|Sitter|Sitter|Sitter|Sitter|Sitter|Sitter|Sitter|Printer|Sitter|Sitter|Sitter|Publisher,"British, born London, active 18th century|British, 1750–1815|British, 1769–1837 London|Irish, 1728–1806 Wimbledon|British, born East Lothian, 1761|British, London 1741–1825 London|German, near Frankfurt 1733–1810 London|British, 1748–1811|British, Edinburgh, Scotland 1726–1805 London|British, 1752–1822|British, Horbury, West Yorkshire 1723–1807 Askham Richard, North Yorkshire|British, London 1744–1797 Brixham, Devon|French, Tonnerre, 1728–1810|British, London 1775–1802 London|British, London 1752–1829 London|British, London 1743–1820 London|British, 1762–1843 Sedbury Park, Yorkshire|British, Rothby, Northumberland 1729–1810|Irish, Dublin, 1728–1799|British, Oakford, Devon 1742–1821 London|British, born Newbury 1746|British, ca. 1738–1817|British, Bath 1755–1834 Brighton|British (born Italy), Turin 1742–1810 Packington|British, Prescot, Lancashire 1757–1823 Lausanne|British, born Cheshire, 1761|British, London 1758–1810 London|British, London 1727–1803|British, 1750–1815|British, London 1722–1803 London|German, born Bonn, active 18th century|British, Kirkby Lonsdale 1763?–1849|British, Brandeston Hall, Suffolk 1720–1804 London|British, Edinburgh, Scotland 1733–1811 London|Swedish, Gottenberg 1748–1810 London|London|British, Belper 1760–1812|British, born 1751|British, London 1740–1802 London| ","Munden, Joseph|Wilmot, John Eardley|Daniell, William|Barnard, Thomas Dr.|Rennie, John F.R.S.|Dance, George|Zoffany, Johan Joseph|Lewis, William Thomas|Russell, Patrick M.D.|Kynvett, Charles|Carr, John|Hodges, William|Eon, de Beaumont Charles Geneviève Louise Auguste André Timothée d'|Girtin, Thomas|Hardwick, Thomas|Banks, Joseph Sir|Gilpin, William Sawrey|Sharpe, William|Caulfield, James, 1st Earl of Charlemont|Cosway, Richard|Budd Richard, M.D.|Bensley, Robert|Hoare, Prince II|Rigaud, John Francis|Kemble, John Philip|Latham John M.D., F. R. S.|Hoppner, John|Hoole, John|Armstrong, Charles|Wilton, Joseph|Salomon, John Peter|Batty, Robert M.D.|Revett, Nicholas|Mylne, Robert, the younger|Dryander, Jonas Carlsson|Thiselton, William Matthew|Harrison, Samuel|Partington, Miles|Arnold, Samuel|Longman, Hurst, Rees, Orme and Brown",1814,London,,Books,http://www.metmuseum.org/art/collection/search/725643,
659759,Drawings and Prints,1922.0,Books Prints Ornament & Architecture,"Convivio delle Belle Donne, page 6 (recto)",,Publisher|Designer,"Italian, Ferrara 1478/80–1544 Venice|Italian, active 16th century","Zoppino, Nicolò|Treviso, Matteo da",August 1532,Venice,,Books|Prints|Ornament & Architecture,http://www.metmuseum.org/art/collection/search/659759,Dragons
463570,Medieval Art,1912.0,Relief,Adoration of the Magi,British,Artist,British,School of Nottingham,15th century,Nottingham,,Sculpture-Stone|Sculpture-Alabaster,http://www.metmuseum.org/art/collection/search/463570,Men|Jesus|Virgin Mary
895011,Drawings and Prints,1924,Print,"General Reed, Member of Congress",,Sitter|Publisher|Artist|Engraver,"American, Trenton, New Jersey 1741–1785 Philadelphia, Pennsylvania|British, active 1778–1812|American (born Switzerland), Geneva 1737–1784 Philadelphia, Pennsylvania|British, Colchester, Essex active 1780–1820","Reed, Joseph|Richardson, William|du Simitière, Pierre Eugène|Reading, Burnet","May 10, 1783",London,,Prints,http://www.metmuseum.org/art/collection/search/895011,
746205,Drawings and Prints,1944.0,Book Print Ornament & Architecture,Ornamental designs with bundles of stylized flowers and leaves,,Publisher,"French, 19th century","Chavant, Fleury",[after 1844],Paris,,Books|Prints|Ornament & Architecture,http://www.metmuseum.org/art/collection/search/746205,
640503,Drawings and Prints,1948.0,Print,"Woman carrying a vase on her head, bound in L'Oeuvre original de Vivant Denon. Collection de eaux-fortes, Volume 1",,Artist|Publisher|Artist,"French, Givry 1747–1825 Paris| |Italian, Parma 1503–1540 Casalmaggiore","Denon, Dominique Vivant Baron|Barrand, A.|Parmigianino (Girolamo Francesco Maria Mazzola)",1873,Paris,,Books,http://www.metmuseum.org/art/collection/search/640503,
433459,Drawings and Prints,1933.0,Print collection ornament & architecture,"Trophies of arms with bound captives in the foreground at left and right, from Trophées d'armes à la romaine, plate 2, bound in Oeuvres. Vol. IV",,Artist|Publisher,"French, Paris 1618–1682 Paris|French, Paris 1634–1716 Paris","Le Pautre, Jean|Mariette, Pierre le fils",17th century,Paris,,Prints|Ornament & Architecture,http://www.metmuseum.org/art/collection/search/433459,
504482,Musical Instruments,1889,Folding Harpsichord,Folding Harpsichord,Italian,Maker,"German, active Genoa ca. 1757",Nonnemacker Christian,1757,Genoa?,Italy,Chordophone-Zither-plucked-harpsichord,http://www.metmuseum.org/art/collection/search/504482,
632037,Drawings and Prints,1958.0,Print,"Mary, Queen of Scots",,Sitter|Artist|Artist|Publisher|Artist,"British, Linlithgow 1542–1587 Fotheringhay|British, Exeter ca. 1547–1619 London|British, active early 19th century|British, active London, ca. 1815–40|British, London 1684–1756 London","Mary Queen of Scots|Hilliard, Nicholas|Hicks, Robert|Kelly, Thomas|Vertue, George",1829,London,,Prints,http://www.metmuseum.org/art/collection/search/632037,Portraits|Women|Mary Queen of Scots
345783,Drawings and Prints,1930.0,Book,Jérôme,,Author|Illustrator|Publisher|Publisher," |Norwegian, Åsgårdstrand, Vestfold 1889–1965| | ","Bedel, Maurice|Krohg, Per|Aulard & Cie.|Librairie Gallimard","January 30, 1929",Paris,,Books,http://www.metmuseum.org/art/collection/search/345783,
659613,Drawings and Prints,1918.0,Books Prints Ornament & Architecture,"Esemplario di Lauori..., page 22 (recto)",,Designer|Publisher,"Italian, active 16th century|Italian, active Venice 1530–1573","Vavassore, Florio|Vavassore, Giovanni Andrea","August 1, 1532",Venice,,Books|Prints|Ornament & Architecture,http://www.metmuseum.org/art/collection/search/659613,
348922,Drawings and Prints,1966.0,Book,Les Chants de Maldoror,,Author|Illustrator|Publisher,"Belgian (born Uruguay), Montevideo 1846–1870 Paris|Belgian, Lessines 1898–1967 Brussels| ","Ducasse, Isidore Le Comte de Lautréamont|Magritte, René|La Boetie",1948,Brussells,,Books,http://www.metmuseum.org/art/collection/search/348922,
1877,The American Wing,1968.0,Side Chair,Side Chair,American,Maker,1824–1887,"Marcotte, Léon",ca. 1860,New York,United States,,http://www.metmuseum.org/art/collection/search/1877,
5367,The American Wing,1924.0,Cann,Cann,American,Maker,1712–1761,"Skinner, Thomas",1737–50,Marblehead,United States,,http://www.metmuseum.org/art/collection/search/5367,
237,The American Wing,1970.0,Armchair,Armchair,American,Maker,active ca. 1858–1918/19,Pottier and Stymus Manufacturing Company ,ca. 1870–75,New York,United States,,http://www.metmuseum.org/art/collection/search/237,Sphinx
350490,Drawings and Prints,1953.0,Book,The Adventures of the Pig Family Illustrated,,Author|Publisher,"British, active 1880s|London","Gibson, Arthur S.|Griffith & Farran",ca. 1882,London,,Books,http://www.metmuseum.org/art/collection/search/350490,
312079,"Arts of Africa, Oceania, and the Americas",1978.0,Bark painting,Painting from a Ceremonial House Ceiling,Kwoma,Artist|Artist, | ,Artists of Mariwai Village|Mundik,1970,Mariwai village,Papua New Guinea,Bark-Paintings,http://www.metmuseum.org/art/collection/search/312079,
347560,Drawings and Prints,1966.0,Book,Modèles d'Orfèvrerie Moderne de la fabrique d'argenture & dorure électro-chimique,,Designer|Lithographer|Dedicatee|Printer,"French|French, 1795–after 1867|French, Alès (Alais) 1800–1884 Cannes| ","Christofle Charles & Cie.|Malapeau, Charles-Louis|Dumas, Jean-Baptiste|Thierry",[ca. 1850],Paris,,Books,http://www.metmuseum.org/art/collection/search/347560,
691030,Drawings and Prints,1924.0,Book ; Ornament and architecture,"The Horticulturist and Journal of Rural Art and Rural Taste, vol. 1",,Editor|Publisher|Engraver|Designer|Sitter,"American, Newburgh, New York 1815–1852 Yonkers, New York|Albany, New York|American, New York 1775–1870 Jersey City, New Jersey|American, 19th century|American, Newburgh, New York 1815–1852 Yonkers, New York","Downing, Andrew Jackson|Tucker, Luther|Anderson, Alexander|Forbes, Elisha|Downing, Andrew Jackson",July 1846–June 1847,Albany,,Books|Ornament & Architecture,http://www.metmuseum.org/art/collection/search/691030,
345308,Drawings and Prints,1953.0,Book,Furniture Catalogue No. 34,,Author,"Baltimore, Maryland",Bagby Furniture Co.,Spring 1904,Baltimore,,Books,http://www.metmuseum.org/art/collection/search/345308,
381966,Drawings and Prints,1937.0,Book Prints Ornament & Architecture,Nouvelle Iconologie Historique ou Attributes Hierogliphyques... Tome 3.,,Artist|Engraver|Engraver|Engraver|Publisher|Engraver|Etcher|Publisher|Publisher,"French, Paris 1734–1789 Paris|French, first cited 1768, last cited 1775|French|French, active Paris, 1750–70| |French, Paris 1746–1812 Paris|French, Paris 1752–1814 Paris|French, active ca. 1750–before 1775|French, Paris 1742–1794 Paris","Delafosse, Jean Charles|Beurlier, Charles|Thouvenin|Le Canu, Jean Dominique Etienne|Le Pere et Avaulet|Voysard, Etienne Claude|Janinet, Jean François|Daumont, Jean François|Chereau, Jacques François",1771–[1782] (?),Paris,,Books|Prints|Ornament & Architecture,http://www.metmuseum.org/art/collection/search/381966,
8680,The American Wing,1984.0,Toby snuff jar,Toby snuff jar,American,Manufacturer,1852–58,United States Pottery Company ,1852–58,Bennington,United States,,http://www.metmuseum.org/art/collection/search/8680,Men
3138,The American Wing,1968.0,Desk,Desk,American,Maker, ,Horner and Company R. J.,ca. 1885,New York,United States,,http://www.metmuseum.org/art/collection/search/3138,
2333,The American Wing,1945.0,Box,Covered Box,American,Maker|Maker,ca. 1690–1754|1718–1754,"Leddel, Sr. Joseph|Leddel, Jr. Joseph",1712–54,New York,United States,,http://www.metmuseum.org/art/collection/search/2333,
418772,Drawings and Prints,1928.0,Prints Collection Ornament and Architecture,Collegio Romano,,Draftsman|Publisher|Architect,"Italian, Rome 1600–1654 Rome|Italian, Rome 1627–1691 Rome|Italian, Settignano near Florence 1511–1592 Florence","Ferrerio, Pietro|Rossi, Giovanni Giacomo De|Ammanati, Bartolomeo",1655,Cologne,,Prints|Ornament & Architecture,http://www.metmuseum.org/art/collection/search/418772,
652988,Arms and Armor,2004.0,Drawings,Design for the Decoration of the Surround of the Barrel Tang of a Firearm,"French, Versailles",Designer,"French, Versailles and Paris, 1761–1833","Boutet, Nicholas-Noël",ca. 1797–1805,Versailles,,Works on Paper-Drawings,http://www.metmuseum.org/art/collection/search/652988,Ornament|Squirrels
681149,The Libraries,2009.0,,Bibliorum Sacrorum Vulgatae versionis,,Printer|Author,"French, 1730–1804|American, 1790–1861","Didot, François Ambroise|Gibbs, Josiah W. (Josiah Willard)",1785,Paris,France,,http://www.metmuseum.org/art/collection/search/681149,
9569,The American Wing,1926.0,Vase,Vase,Dutch,Designer|Manufacturer,"Dutch, active 1739–1775| ","Brouwer, Justus|Porcelain, Axe The",1739–75,Delft,Netherlands,,http://www.metmuseum.org/art/collection/search/9569,Flowers
3195,The American Wing,1969.0,Dinner plate,Dinner Plate,American,Maker,1863–1922,Union Porcelain Works ,1885,Brooklyn,United States,,http://www.metmuseum.org/art/collection/search/3195,
336398,Drawings and Prints,1926.0,Book,Madrigaux,,Artist|Author|Publisher,"French, Le Havre 1877–1953 Forcalquier|French, 1842–1898|French","Dufy, Raoul|Mallarmé, Stéphane|Editions de la Sirene, Collection des Tractes",1920,Paris,,Books,http://www.metmuseum.org/art/collection/search/336398,
729220,Drawings and Prints,1991.0,Book Prints Ornament & Architecture,"Nouvelles Compositions Décoratives, 1re Série, Pl. 47",,Author|Designer|Publisher,"French|French, active 1920–30s|French","Rémon, Georges|Gladky, Serge|Moreau, Charles Editions d'Art",[ca. 1930],Paris,,Books|Prints|Ornament & Architecture,http://www.metmuseum.org/art/collection/search/729220,
346493,Drawings and Prints,1938.0,Book ; Ornament and architecture,Book of Designs [for Ironwork],,Designer|Designer|Publisher,"British, active ca. 1793|British, active 18th century|British, active London 1760s","Bottomley, J.|Welldon, J. & W.|Webley, Henry",1765 and 1793,London,,Books|Ornament & Architecture,http://www.metmuseum.org/art/collection/search/346493,Architecture
371443,Drawings and Prints,1941.0,Book ; Ornament and architecture,"Architecture generale de Vitruve reduite en abregé, par M. Perrault de l'Academie des Sciences à Paris. Dernier edition enrichie de figures en cuivre",,Author|Publisher|Translator|Printer|Patron,"Roman, active late 1st century BCE| |French, 1613–1688|Netherlandish|Netherlandish","Vitruvius, Marcus|Gallet, George|Perrault, Claude|Les Huguetans|Graft, Keyser",1691,Amsterdam,,Books|Ornament & Architecture,http://www.metmuseum.org/art/collection/search/371443,
19818,The American Wing,2008.0,Quilt,Floral Applique Quilt,American,Artist,1820–1887,"Ludington, Emeline Travis",ca. 1850,Carmel,United States,,http://www.metmuseum.org/art/collection/search/19818,Flowers
661869,Drawings and Prints,1918.0,Books Prints Ornament & Architecture,"Corona delle Nobili et Virtuose Donne: Libro I-IV, page 58 (verso)",,Publisher,"Italian, Pieve di Cadore 1521–1601 Venice","Vecellio, Cesare",1601,Venice,,Books|Prints|Ornament & Architecture,http://www.metmuseum.org/art/collection/search/661869,
6950,The American Wing,1946.0,Salt caster,Salt Caster,American,Maker,ca. 1870–1890,Richards and Hartley Flint Glass Co. ,ca. 1888,Tarentum,United States,,http://www.metmuseum.org/art/collection/search/6950,
9827,The American Wing,1953.0,Window Stool,Window Stool,American,Maker,"American (born Scotland), near Lock Fannich, Ross-Shire, Scotland 1768/1770–1854 New York","Phyfe, Duncan",1805–15,New York,United States,,http://www.metmuseum.org/art/collection/search/9827,
350239,Drawings and Prints,1935.0,Book,Mois de Marie. Composé et Orné. . .Avec Prières,,Artist|Publisher, | ,"Gallais, E. Lepelle de Bois|Gruel et Engelmann",1856,Paris,,Books,http://www.metmuseum.org/art/collection/search/350239,
7616,The American Wing,1969.0,Soup bowl,Soup Bowl,American,Maker,1863–1922,Union Porcelain Works ,1885,Brooklyn,United States,,http://www.metmuseum.org/art/collection/search/7616,
357612,Drawings and Prints,1950.0,Book ; Ornament and architecture,Designs for Ornamental Glass,,Author|Lithographer,London|London,Stock & Sharp|Martin and Hood,[1847] (?),London,,Books|Ornament & Architecture,http://www.metmuseum.org/art/collection/search/357612,
503577,Musical Instruments,2003,Cornet Omnitonique,Cornet Omnitonique,French,Maker,"French, Paris active 1845–84",Gautrot aîné,1847,Paris,France,Aerophone-Lip Vibrated-horn,http://www.metmuseum.org/art/collection/search/503577,
356051,Drawings and Prints,1935.0,Book,"Relation De ce qui s'est passé devant et dans la Negotiation de la Paix à Rysvic, avec pieces authentiques, 2 vols.",,Publisher,"Netherlandish, late 17th century",Boucquet,1697,The Hague,,Books,http://www.metmuseum.org/art/collection/search/356051,
889451,Drawings and Prints,1954,Print ; ephemera,"Invitation to a Celebration of the Completion of the Erie Canal, November 4, 1825",,Printer|Author,"American, active 1824–32| ","Durand, A. B. & C. Wright & Co|Corporation of the City of New York",1825,New York,,Prints|Ephemera,http://www.metmuseum.org/art/collection/search/889451,
381653,Drawings and Prints,1972.0,Print,"Perspective of a suburban dwelling for Mrs. Emma L. Martin, Oak Park, Illinois",,Architect|Publisher,"American, Richland Center, Wisconsin 1867–1959 Phoenix, Arizona|Berlin","Wright, Frank Lloyd|Wasmuth, Ernst",1910,Berlin,,Prints,http://www.metmuseum.org/art/collection/search/381653,
349794,Drawings and Prints,1940.0,Book,"Édifices de Pise: Releves, Dessinés et Décrits",,Artist|Publisher, | ,"Fleury, George Rohault de|Bance",1862,Paris,,Books,http://www.metmuseum.org/art/collection/search/349794,
491154,Modern and Contemporary Art,1943,Textile sample,Sample,American,Maker|Maker,"American (born Germany), Frankfurt-am-Main 1863–1962 Staten Island, New York|American (born Germany ?), 1868– (?)","Stirn, Louis A.|Stirn, Edmund A.",1925,New York,America,Textiles-Printed,http://www.metmuseum.org/art/collection/search/491154,
349768,Drawings and Prints,1968.0,Book,Trois Contes,,Author|Illustrator|Engraver|Publisher,"French, Rouen 1821–1880 Croisset|French, Paris 1882–1974 Paris|French, 20th century| ","Flaubert, Gustave|Marty, André-Edouard|Angiolini, Gérard|Maison Francais Editions de la",1948,Paris,,Books,http://www.metmuseum.org/art/collection/search/349768,
432956,Drawings and Prints,1933.0,Print collection ornament & architecture,"Rinceaux with putti, from Rinceaux de différents feuillages, plate 6, bound in Oeuvres. Vol. IV",,Artist|Publisher,"French, Paris 1618–1682 Paris|French, Paris 1634–1716 Paris","Le Pautre, Jean|Mariette, Pierre le fils",17th century,Paris,,Prints|Ornament & Architecture,http://www.metmuseum.org/art/collection/search/432956,
504542,Musical Instruments,1889,Basset Horn in F,Basset Horn in F,Slovenian,Maker, ,Unglerth Simon,ca. 1800,Laybach (Ljubljana),Slovenia,Aerophone-Reed Vibrated-single reed cylindrical,http://www.metmuseum.org/art/collection/search/504542,
453164,Islamic Art,1982.0,Non-illustrated manuscript,Divan of Sultan Husayn Baiqara,,Calligrapher,"Iranian, Mashhad 1453–1520 Mashhad","al-Mashhadi, Sultan 'Ali",dated  A.H. 905/ 1500 CE,Herat,present-day Afghanistan,Codices,http://www.metmuseum.org/art/collection/search/453164,Animals
334060,Drawings and Prints,1940.0,Book,"An Easy Introduction to Dancing: or, the Movements in the Minuet full explained.",,Artist|Publisher,"British, London ca. 1704–1771 Richmond, Surrey|London","Bickham, George, Jr.|Cooper, T.",1738,London,,Books,http://www.metmuseum.org/art/collection/search/334060,
702193,Drawings and Prints,1960.0,"Print, Fete, Ornament & Architecture",Plate 32: Men with heraldic flags and horses from Overijssel and Utrecht marching in the funeral procession of Archduke Albert of Austria; from 'Pompa Funebris ... Alberti Pii',,Artist|Artist,"Netherlandish, Antwerp 1576–1650 Antwerp|French, Brussels 1577–1651 Brussels","Galle, Cornelis, I|Francquart, Jacques",1623,Brussels,,Prints-Fete|Prints,http://www.metmuseum.org/art/collection/search/702193,Men|Horses|Funerals|Coat of Arms|Flags
347976,Drawings and Prints,1972.0,Book,Corbitt Motor Trucks,,Author,"Henderson, North Carolina",Corbitt Motor Truck Company,20th century,Henderson,,Books,http://www.metmuseum.org/art/collection/search/347976,
433523,Drawings and Prints,1949.0,Print,"The cavalry-commander, from The Riding School or Exercise of Cavalry",,Publisher|Artist|Artist,"Dutch, Brunsbüttel (Landkreis Dithmarschen) 1624/1625–1677 Amsterdam|Netherlandish, Antwerp 1565–1629 The Hague|Netherlandish, Antwerp 1565–1629 The Hague","Jonghe, Clement de|Gheyn, Jacques de, II|Gheyn, Jacques de, II",,Amsterdam,,Prints,http://www.metmuseum.org/art/collection/search/433523,
345533,Drawings and Prints,1951.0,Book,"Medicea Hospes, sive descriptio publicae gratulationis, qua Ser. et August. Reginam, Mariam de Medicis excepit  Senatus Populusque Amstelodamensis",,Author|Artist|Artist|Artist|Artist|Publisher,"Dutch|Flemish, Kortrijk 1576–1639 Utrecht|Dutch, Rotterdam (?) ca. 1600/1601–1653 Weesp|Netherlandish, 17th century|Dutch, 1613/1614–1652/1653| ","Barlaeus, Caspar|Savery, Roelandt|Vlieger, Simon de|Jonghe, I. de|Nolpe|Blaeu, Joan and Cornelius",1638,Amsterdam,,Prints,http://www.metmuseum.org/art/collection/search/345533,
501687,Musical Instruments,1889,Orchestral Horn,Orchestral Horn,French,Maker, ,Tabard,1830–40,Lyons,France,Aerophone-Lip Vibrated-horn,http://www.metmuseum.org/art/collection/search/501687,
682084,Drawings and Prints,1923.0,Book ; Ornament and architecture,"Cours d'Architecture ou Traité de la Décoration, Distribution & Construction des Bâtiments (Volume 9)",,Architect|Publisher,"French, Rouen 1705–1774 Paris| ","Blondel, Jacques François|Desaint, La Veuve",1771–77,Paris,,Books|Ornament & Architecture,http://www.metmuseum.org/art/collection/search/682084,
345258,Drawings and Prints,1952.0,Book,Pobres y ricos o la Bruja de Madrid,,Author|Publisher|Illustrator|Illustrator|Illustrator,"1801–1873| |active Spain 19th century|Spanish, 19th century| ","Ayguals de Izco, Wenceslao|Ayguals de Izco Hermanos|Coderch|Vallejo|Urrabieta",March 1856,Madrid,,Books,http://www.metmuseum.org/art/collection/search/345258,
407361,Drawings and Prints,1933.0,Print,A Laden Stage Coach Outside a Post House,,Artist and publisher,"British, London 1757–1827 London","Rowlandson, Thomas","October 15, 1787",London,,Prints,http://www.metmuseum.org/art/collection/search/407361,Men|Carriages
660660,Drawings and Prints,1921.0,Books Prints Ornament & Architecture,"Splendore delle virtuose giovani, page 10 (recto)",,Designer|Publisher,"Italian, active Venice, 1557| ","Foresto, Iseppo|Calepino",1564,Venice,,Books|Prints|Ornament & Architecture,http://www.metmuseum.org/art/collection/search/660660,Ornament
356973,Drawings and Prints,1941.0,Book ; Ornament and architecture,Tercero y quatro libro de architectura de Sebastian Serlio Boloñes,,Author|Publisher|Translator,"Italian, Bologna 1475–1554 Fontainebleau|Spanish| ","Serlio, Sebastiano|de, Ayala Juan|Villalpando, Francisco",1573,Toledo,,Books|Ornament & Architecture,http://www.metmuseum.org/art/collection/search/356973,
434921,Drawings and Prints,1953.0,Print collection ornament & architecture,"Second Title Page depicting the death of Cato of Utica, from Grandes alcôves à la romaine, ou à la royale, plate 2",,Artist|Publisher,"French, Paris 1618–1682 Paris|French, Paris 1634–1716 Paris","Le Pautre, Jean|Mariette, Pierre le fils",17th century,Paris,,Prints|Ornament & Architecture,http://www.metmuseum.org/art/collection/search/434921,
701370,The American Wing,2015.0,Pitcher,"Pitcher, ""Alsatian"" line",American,Manufacturer,"Baltimore, Maryland, 1882–1914",Chesapeake Pottery ,ca. 1891–92,Baltimore,United States,,http://www.metmuseum.org/art/collection/search/701370,Portraits|Women
10015,The American Wing,1939.0,Book,"Book: The Works of Virgil (P. Virgilii Maronis Opera, Volume I of four volumes)",German,Author,70–19 BCE,"Maro, Publius Virgilius",1767–75 (edition),Leipzig,Germany,,http://www.metmuseum.org/art/collection/search/10015,
491022,Modern and Contemporary Art,1928,Textile sample,Sample,American,Maker|Maker,"American, 1861–1949| ","Crawford, M. D. C.|Converse and Company ",ca. 1928,New York,America,Textiles-Printed,http://www.metmuseum.org/art/collection/search/491022,Animals|Carriages|Human Figures
640994,Drawings and Prints,1958.0,Print,"Mary, Queen of Scots, from ""The History of England""",,Sitter|Artist|Artist|Author|Publisher,"British, Linlithgow 1542–1587 Fotheringhay|British, ca. 1565–1617|British, active ca. 1712–40|French, Castres 1661–1725 Wesel, Germany|British, active London, 1730–45","Mary Queen of Scots|Oliver, Isaac|Sheppard, Robert|Rapin, de Thoyras Paul de|Mechell, James",1773,London,,Prints,http://www.metmuseum.org/art/collection/search/640994,Queens|Portraits|Women|Coat of Arms|Mary Queen of Scots
774845,Musical Instruments,2018.0,Arnolo (violaline),Arnolo,French,Maker,"French, Mirecourt 1874–after 1910, Paris","Contal, Georges",1901,Paris,France,Chordophone-Lute-plucked-fretted,http://www.metmuseum.org/art/collection/search/774845,
347246,Drawings and Prints,1935.0,Book,De Koninglycke Hovenier,,Author|Publisher|Dedicatee,"Netherlands, 17th century|Dutch, active ca. 1676|Dutch, The Hague 1650–1702","Cause, D. H.|Doornick, Marcus|William III, King of England and Ireland, and Prince of Orange",1676,Amsterdam,,Books,http://www.metmuseum.org/art/collection/search/347246,
682998,The American Wing,2015.0,Drinking vessel,Large drinking vessel,American,Manufacturer,"American, Brooklyn, New York, 1824–1868",Brooklyn Flint Glass Company,ca. 1855,New York,United States,,http://www.metmuseum.org/art/collection/search/682998,
463679,Medieval Art,1914.0,Triptych,"Three plaques from a triptych with the Adoration of the Shepherds, Flanked by the Angel Gabriel and the Virgin Annunciate",French,Artist,ca. 1490–ca. 1515,Master of the Triptych of Louis XII,early 16th century,Limoges,France,Enamels-Painted,http://www.metmuseum.org/art/collection/search/463679,Archangel Gabriel|Annunciation|Adoration of the Shepherds|Angels|Virgin Mary
345719,Drawings and Prints,1949.0,Book,Metamorphosis oder: Verwandlungen Bücher,,Engraver|Publisher|Author|Artist,"French, died 1682|German|Roman, Sulmo 43 BCE–17 CE Tomis, Moesia|German, Strasbourg 1607–1642 Vienna","Aubry, Abraham|Fürst, Wittib und Erben Paul|Ovid|Baur, Johann Wilhelm",1687,Nuremberg,,Books,http://www.metmuseum.org/art/collection/search/345719,
1479,The American Wing,1972.0,Caster,Caster,American,Maker,1703–1772,"Bancker, Adrian",ca. 1735,New York,United States,,http://www.metmuseum.org/art/collection/search/1479,
7978,The American Wing,1987.0,Sugar bowl,Sugar bowl,American,Maker,1786–1870,"Warner, Andrew Ellicott",1845,Baltimore,United States,,http://www.metmuseum.org/art/collection/search/7978,Flowers
7751,The American Wing,1966.0,Spool stand,Spool Stand,"American, Shaker",Maker,"American, active ca. 1750–present",United Society of Believers in Christ’s Second Appearing,1830–50,Pittsfield,United States,,http://www.metmuseum.org/art/collection/search/7751,
349355,Drawings and Prints,1934.0,Book,Los Españoles Pintados por si Mismos. Segunda Ediciòn. Tome I-II,,Publisher, ,"Boix, I.",1843–44,Madrid,,Books,http://www.metmuseum.org/art/collection/search/349355,
349594,Drawings and Prints,1963.0,Block,"Catalogue of the W.J. Feeley Company, Jewelers and Silversmiths, Ecclesiastical and Metal Workers",,Author,"Providence, Rhode Island","Feeley, W. J., Co.",ca. 1895,Providence,,Books,http://www.metmuseum.org/art/collection/search/349594,
392916,Drawings and Prints,1970.0,Print,A French Ordinary,,Artist|Publisher,"British, London 1757–1827 London|British, Nottinghamshire 1756–1823 London","Rowlandson, Thomas|Howitt, Samuel","July 20, 1802",London,,Prints,http://www.metmuseum.org/art/collection/search/392916,Men|Cats|Food|Satire|Dining|Cooking
938,The American Wing,1934.0,Trinket box,Trinket Box,American,Maker, ,"Bucher, Henry",ca. 1780,Denver,United States,,http://www.metmuseum.org/art/collection/search/938,Flowers
348393,Drawings and Prints,1948.0,Book,"Esequie della Maestà Christianissima di Luigi XIII il Giusto, Ré di Francia e di Navarra.  Celebrate in Firenze, descritte da Carlo Dati ... 1644",,Author|Publisher|Author|Etcher|Designer," | | |Italian, active 17th century|Italian","Dati, Carlo|S. A. S.|Rinuccini, Francesco|Conti, Francesco Cecchi|Parigi, Paolo","1644, 1645",Florence,,Books,http://www.metmuseum.org/art/collection/search/348393,
412732,Drawings and Prints,1949.0,Print collection ornament & architecture,"Frontispiece, from Livre de Cartouches (Book of Cartouches)",,Artist|Artist|Publisher,"French, Paris 1703–1770 Paris|French, Orléans 1695–1772 Paris|French, Orléans 1695–1772 Paris","Boucher, François|Huquier, Gabriel|Huquier, Gabriel",1730–70,Paris,,Prints|Ornament & Architecture,http://www.metmuseum.org/art/collection/search/412732,
18205,The American Wing,2004.0,Bowl,Bowl,American,Maker,1837–present,Tiffany & Co.,1888,New York,United States,,http://www.metmuseum.org/art/collection/search/18205,Triton|Seahorses
455046,Islamic Art,1952.0,Folio from an illustrated manuscript,Page of Calligraphy from a Shahnama (Book of Kings),,Calligrapher,"Iranian, active 1560s–80s","Haidar Muzahhib Shirazi, Muhammad ibn Taj al-Din",1562–83,Shiraz,Iran,Codices,http://www.metmuseum.org/art/collection/search/455046,Calligraphy
638386,Drawings and Prints,1957.0,Print,"Karl von Mansfeld, from Effigie naturali dei maggior prencipi et piu valorosi capitani di questa eta con l'arme loro",,Artist|Publisher,"Italian, Venice 1550–1620 Venice|Italian, Venice 1550–1620 Venice","Franco, Giacomo|Franco, Giacomo",1596,Venice,,Prints,http://www.metmuseum.org/art/collection/search/638386,
356568,Drawings and Prints,1953.0,Book,A Complete and Useful Book of Cyphers,,Publisher|Author,"British, active 1794–1836|British, active 18th century","Laurie & Whittle|Russell, John",1794,London,,Books,http://www.metmuseum.org/art/collection/search/356568,
426898,Drawings and Prints,1930.0,Prints Collection Ornament & Architecture,"Water, from a Series of Vertical Panels with Modern Grotesques and the Four Elements, part of Œuvres du Sr. D. Marot",,Artist|Publisher,"French, Paris 1661–1752 The Hague| ","Marot, Daniel, the Elder|Husson, Pierre",published 1703 or 1712,The Hague,,Prints|Ornament & Architecture,http://www.metmuseum.org/art/collection/search/426898,
431827,Drawings and Prints,1933.0,Print collection ornament & architecture,"Mausoleum topped with two personifications of Fame, from Mausolées, plate 9, bound in Oeuvres. Vol. II",,Artist|Publisher,"French, Paris 1618–1682 Paris|French, ca. 1590–1666 Paris","Le Pautre, Jean|Leblond, Jean I",published ca. 1651,Paris,,Prints|Ornament & Architecture,http://www.metmuseum.org/art/collection/search/431827,
354665,Drawings and Prints,1967.0,Book,The New Trail: a book of creative writing by Indian students,,Publisher, ,Phoenix Indian School,"1941, revised 1953",Phoenix,,Books,http://www.metmuseum.org/art/collection/search/354665,
7206,The American Wing,1912.0,Sauceboat,Sauceboat,British (American market),Maker,"British, active Burslem, 1818–46","Wood & Sons, Enoch",ca. 1818–ca. 1846,Stoke-on-Trent,England,,http://www.metmuseum.org/art/collection/search/7206,
432647,Drawings and Prints,1933.0,Print collection ornament & architecture,"Allegorical depiction of Hercules, Pallas, and Mercury battling the Hydra, from a series of Allegories after Paolo Farinati, bound in Oeuvres. Vol. III",,Artist|Artist|Publisher,"French, Paris 1618–1682 Paris|Italian, Verona 1524–1606 Verona|French, Paris 1634–1716 Paris","Le Pautre, Jean|Farinati, Paolo|Mariette, Pierre le fils",17th century,Paris,,Prints|Ornament & Architecture,http://www.metmuseum.org/art/collection/search/432647,
7146,The American Wing,1967.0,Sauce dish,Sauce Dish,American,Maker,"American, 1825–1888, Sandwich, Massachusetts",Boston and Sandwich Glass Company ,before 1867,Sandwich,United States,,http://www.metmuseum.org/art/collection/search/7146,
4913,The American Wing,1969.0,Luncheon plate,Luncheon Plate,American,Maker,1863–1922,Union Porcelain Works ,1885,Brooklyn,United States,,http://www.metmuseum.org/art/collection/search/4913,
6924,The American Wing,1969.0,Salad plate,Salad Plate,American,Maker,1863–1922,Union Porcelain Works ,1885–87,Brooklyn,United States,,http://www.metmuseum.org/art/collection/search/6924,
350003,Drawings and Prints,1984.0,Book,Thirty Old-Time Nursery Songs,,Author|Printer|Illustrator|Publisher,"British, 1864–1938|Edinburgh|British (born India), Madras 1875–1954 Eastbourne| ","Moorat, Joseph Samuel|Stoddart & Malcolm|Woodroffe, Paul Vincent|Jack, T. C. & E. C.",[1912],London,,Books,http://www.metmuseum.org/art/collection/search/350003,
349534,Drawings and Prints,1953.0,Book,Novelties,,Author,"New York, NY","Fairchild, Leroy W., & Sons",after 1885,New York,,Books,http://www.metmuseum.org/art/collection/search/349534,
660774,Drawings and Prints,1921.0,Books Prints Ornament & Architecture,"Splendore delle virtuose giovani, page 13 (verso)",,Designer|Publisher,"Italian, active Venice, 1557| ","Foresto, Iseppo|Calepino",1564,Venice,,Books|Prints|Ornament & Architecture,http://www.metmuseum.org/art/collection/search/660774,Vines|Urns
432963,Drawings and Prints,1933.0,Print collection ornament & architecture,"Cartouche ornamented with a shield and surrounded by a trophy of arms, from Nouveau livre de cartouches, plate 5, bound in Oeuvres. Vol. IV",,Artist|Publisher,"French, Paris 1618–1682 Paris|French, Saint Benoît 1660–1742 Paris","Le Pautre, Jean|Mariette, Jean",17th century,Paris,,Prints|Ornament & Architecture,http://www.metmuseum.org/art/collection/search/432963,
346902,Drawings and Prints,1962.0,Book,Maler Klecksel,,Publisher|Author|Printer," |German, 1832–1908|German","Wassermann, Fr.|Busch, Wilhelm|Knorr & Hirth",1884,Munich,,Books,http://www.metmuseum.org/art/collection/search/346902,
6418,The American Wing,1946.0,Plate,Plate,American,Maker, ,Adams and Company ,1870–90,Pittsburgh,United States,,http://www.metmuseum.org/art/collection/search/6418,
371784,Drawings and Prints,1941.0,Book ; Ornament and architecture,"L'Architettura di Vitruvio esposta in Italiana favella ed illustrata, con comenti e tavole centro quaranta in tre volumi da Luigi Marini",,Publisher|Engraver|Engraver|Engraver|Engraver|Engraver|Engraver|Engraver|Author|Editor,"Italian|Italian, 1762–1837|Italian, 1807–1880|Italian, 19th century|Italian, 19th century|Italian, 19th century|Italian, 19th century|Italian, 19th century|Roman, active late 1st century BCE|Italian","Marini, Luigi Marchese|Fontana, Pietro|Fontana, Giacomo|Ferrari, Philippo|Ruspi, Carol.|Fornari, A.|Troiani, Francesco|Pesenti, A.|Vitruvius, Marcus|Marini, Luigi Marchese",1836–37,Rome,,Books|Ornament & Architecture,http://www.metmuseum.org/art/collection/search/371784,
734380,Drawings and Prints,1963.0,"Book
Ornament & Architecture
Prints","Chimney, from Second Book of Architecture",,Artist|Publisher,"French, Paris 1510/12–1585 Annecy| ","Du Cerceau, Jacques Androuet|Wechel, André",1561,Paris,,Books|Ornament & Architecture|Prints,http://www.metmuseum.org/art/collection/search/734380,
17174,The American Wing,2000.0,Watch,Watch,British,Maker,"British, ca. 1740–60","Cabrier, Charles",1750–75,London,England,,http://www.metmuseum.org/art/collection/search/17174,
6098,The American Wing,1943.0,Plate,Plate,American,Maker|Maker,1784–1873|1787–1861,"Boardman, Thomas Danforth|Boardman, Sherman",1827–50,Hartford,United States,,http://www.metmuseum.org/art/collection/search/6098,
15548,The American Wing,1996.0,Stove plate,Stove Plate,American,Maker,"American (born Germany), Cologne 1729–1785 Charming Forge, Pennsylvania","Stiegel, Henry William",1769,Elizabeth Furnace,United States,,http://www.metmuseum.org/art/collection/search/15548,
7434,The American Wing,1946.0,Sherry glass,Sherry Glass,American,Maker,"American, East Cambridge, Massachusetts, 1818–1888",New England Glass Company ,ca. 1888,East Cambridge,United States,,http://www.metmuseum.org/art/collection/search/7434,
9568,The American Wing,1946.0,Vase,Vase,American,Maker,"American, 1825–1888, Sandwich, Massachusetts",Boston and Sandwich Glass Company ,1835–45,Sandwich,United States,,http://www.metmuseum.org/art/collection/search/9568,
430794,Drawings and Prints,1933.0,Print collection ornament & architecture,"Bedroom in which Scylla cuts the lock of hair from her father Nisus' head, from Alcôves à la romaine, plate 6, bound in Oeuvres. Vol. I",,Artist|Publisher,"French, Paris 1618–1682 Paris|French, Saint Benoît 1660–1742 Paris","Le Pautre, Jean|Mariette, Jean",17th century,Paris,,Prints|Ornament & Architecture,http://www.metmuseum.org/art/collection/search/430794,
8019,The American Wing,1933.0,Tongs,Sugar Tongs,American,Maker,ca. 1789–1833,"Wenman, Bernard",ca. 1800,New York,United States,,http://www.metmuseum.org/art/collection/search/8019,
660652,Drawings and Prints,1921.0,Books Prints Ornament & Architecture,"Splendore delle virtuose giovani, page 5 (recto)",,Designer|Publisher,"Italian, active Venice, 1557| ","Foresto, Iseppo|Calepino",1564,Venice,,Books|Prints|Ornament & Architecture,http://www.metmuseum.org/art/collection/search/660652,Flowers
412829,Drawings and Prints,1952.0,Print,"Vignette opposite page 74, Fairy Ninette gives Acajou the scarf of Zirphile, from Acajou et Zirphile",,Artist|Artist,"French, Châlons-en-Champagne 1705–1763 Châlons-en-Champagne|French, Paris 1703–1770 Paris","Chedel, Quentin Pierre|Boucher, François",1744,Paris,,Prints,http://www.metmuseum.org/art/collection/search/412829,
670602,The American Wing,2014.0,Ribbon,Ribbon calendar,American,Manufacturer,1903,Warner Woven Label Co.,ca. 1961,New York,United States,,http://www.metmuseum.org/art/collection/search/670602,Churches|Calendars
5499,The American Wing,1978.0,Stained glass window,Grapevine Panel,American,Designer|Maker,"American, New York 1848–1933 New York|1902–32","Tiffany, Louis C.|Tiffany Studios ",ca. 1902–15,New York,United States,,http://www.metmuseum.org/art/collection/search/5499,Grapes|Vines
349819,Drawings and Prints,1940.0,Book,"De Arte Dicendi-June 15, 1502",,Artist|Publisher, | ,"Florus, Georgius|Garaldis de, Michael & Bernardinus",1502,Pavia,,Books,http://www.metmuseum.org/art/collection/search/349819,
350214,Drawings and Prints,1970.0,Book,"Catalog of Blocks, Toy Books, Games",,Publisher,"New York, NY","Gabriel, Samuel, Sons & Company",late 19th–20th century,New York,,Books,http://www.metmuseum.org/art/collection/search/350214,
20075,The American Wing,2018.0,Vase,Vase,American,Designer|Manufacturer,1844–1908|1872–1889,"Robertson, Hugh C|Chelsea Keramic Art Works ",ca. 1885–89,Chelsea,United States,,http://www.metmuseum.org/art/collection/search/20075,
5550,The American Wing,1985.0,Pattern,Pattern for applied gold floral motifs on the Magnolia Vase,American,Maker,1837–present,Tiffany & Co.,ca. 1893,New York,United States,,http://www.metmuseum.org/art/collection/search/5550,
348965,Drawings and Prints,1925.0,Book,Discours de la Religion des Anciens Romains... Discours sur la Castramentation et Discipline Militaire des Anciens Romains...,,Author|Publisher,"16th century|French, active Lyon, 16th century","Du Choul, Guglielmo|Rouille, Guillaume",1581,Lyon,,Books,http://www.metmuseum.org/art/collection/search/348965,Eagles|Men|Horses
656610,Drawings and Prints,1962.0,Print,"The Murder of David Rizzio (Mary, Queen of Scots witnessing the murder of David Rizzio)",,Sitter|Artist|Publisher|Artist,"British, Linlithgow 1542–1587 Fotheringhay|British, London? 1746/47?–1823 Paris|British, London? 1746/47?–1823 Paris|British, Edinburgh 1754/5–1817 Edinburgh","Mary Queen of Scots|Dickinson, William|Dickinson, William|Graham, John","July 1, 1791",London,,Prints,http://www.metmuseum.org/art/collection/search/656610,Swords|Queens|Men|Women|Mary Queen of Scots
434049,Drawings and Prints,1953.0,Print collection ornament & architecture,"Three variants for a fireplace with landscapes on the shutters and topped with a bus of an imperator, from Grandes cheminées, plate 4",,Artist|Publisher,"French, Paris 1618–1682 Paris|French, ca. 1590–1666 Paris","Le Pautre, Jean|Leblond, Jean I",17th century,Paris,,Prints|Ornament & Architecture,http://www.metmuseum.org/art/collection/search/434049,
8376,The American Wing,1933.0,Teapot,Teapot,American,Maker,1758–1820,"Lownes, Joseph",ca. 1815,Philadelphia,United States,,http://www.metmuseum.org/art/collection/search/8376,
344899,Drawings and Prints,1967.0,Book,"L'amour dans la globe, ou l'Alamanach volant avec un précis historique de l'origine du globe aérostatique. . .le tout enrichie de figures",,Publisher, ,Chez Jubert,1784,Paris,,Books,http://www.metmuseum.org/art/collection/search/344899,
20297,The American Wing,2018.0,Plate,Plate,American,Manufacturer|Decorator,"1856–1882|American, Cincinnati, Ohio 1847–1939 Cincinnati, Ohio","Hamilton Road Pottery|McLaughlin, M. Louise",1880,Cincinnati,United States,,http://www.metmuseum.org/art/collection/search/20297,
698563,Drawings and Prints,1921.0,Book,Plate 50: The adoration of the Magi; from 'Imagines Veteris Ac Novi Testamenti A Raphaele Sanctio Urbinate in Vaticani Palatii Xystis' after Raphael,,Artist|Artist|Publisher,"Italian, Marsala, Sicily 1650–1692/1700 Rome|Italian, Urbino 1483–1520 Rome|Italian, Rome 1627–1691 Rome","Aquila, Pietro|Raphael (Raffaello Sanzio or Santi)|Rossi, Giovanni Giacomo De",1675,Rome,,Books,http://www.metmuseum.org/art/collection/search/698563,
644328,Drawings and Prints,1958.0,Print,"Seaton House, pl. 2, Edinburghshire (from Antiquities of Scotland, volume 1)",,Author|Publisher|Artist,"British, baptised 1731–1791|British, active London, 1771–88|British, London 1748–ca. 1804","Grose, Francis|Hooper, Samuel|Newton, James","April 28, 1790",London,,Prints,http://www.metmuseum.org/art/collection/search/644328,
358593,Drawings and Prints,1963.0,Book,The Old man and the Crane,,Author|Illustrator|Publisher,Russian|Russian|Moscow,"Voronov, B.|Sobolev, V.|Detskiy Mir",1961,St. Petersburg,,Books,http://www.metmuseum.org/art/collection/search/358593,
353223,Drawings and Prints,1946.0,Book Prints Ornament & Architetcure,Livre d'Ornements a l'Usage Des Artistes,,Artist|Publisher|Engraver|Artist|Artist,"French, 1736–1793|French, active Paris (Rue Saint Jean de Beauvais) ca. 1770–1810|French, Nemours 1736–1820 Paris|French, 1721–1777|French, active Rome and Paris ca. 1750–90","l'Huilier, Nicolas François Daniel|Jean|Miger, Simon Charles|Baquoy, Jean Charles|Doublay, Etienne (?)",1772–73,Paris,,Books|Prints|Ornament & Architecture,http://www.metmuseum.org/art/collection/search/353223,
34,The American Wing,1970.0,Clock,Acorn Clock,American,Maker,1835–1853,Forestville Manufacturing Company ,1847–50,Bristol,United States,,http://www.metmuseum.org/art/collection/search/34,Landscapes|Boats
345082,Drawings and Prints,1962.0,Book,The Auxiliary Supplementary Circular,,Author,British,Army & Navy The,1899,London,,Books,http://www.metmuseum.org/art/collection/search/345082,
505322,Musical Instruments,1953,Violin,Violin,German,Maker,"German, Würzburg 1725–1790 Füssen",Gedler Johann Anton,ca. 1752–1800,Fussen,Germany,Chordophone-Lute-bowed-unfretted,http://www.metmuseum.org/art/collection/search/505322,
351262,Drawings and Prints,1972.0,Book,Le Porte-Feuilles Pratique du Tapissier Parisien,,Publisher|Printer|Designer|Designer|Designer,"French, died Paris, ca. 1889|French, Paris| | | ","Guilmard, Désiré|Lemercier & Cie.|Maison Bernier et Cie. -- G. Boyer Sr.|Maison C. Weber|Maison H. Faguer",19th century,Paris,,Books,http://www.metmuseum.org/art/collection/search/351262,
23146,Arms and Armor,1929.0,Breastplate,Breastplate,"Austrian, Innsbruck",Armorer,"Austrian, Innsbruck, died before 1503","Prunner, Hans",ca. 1485–95,Innsbruck,,Armor Parts-Breastplates,http://www.metmuseum.org/art/collection/search/23146,
431212,Drawings and Prints,1933.0,Print collection ornament & architecture,"Frontispiece, from Alcôves, plate 1, bound in Oeuvres. Vol. I",,Artist|Publisher,"French, Paris 1618–1682 Paris|French, ca. 1590–1666 Paris","Le Pautre, Jean|Leblond, Jean I",17th century,Paris,,Prints|Ornament & Architecture,http://www.metmuseum.org/art/collection/search/431212,
729868,Drawings and Prints,1991.0,Book Prints Ornamet & Architecture,"Papiers Peints et Tentures Modernes, Pl. 27, Papier peint, composition de Mme Raisin",,Publisher|Printer|Author|Artist, | |French|French,"Massin, Ch. & Cie.|Catala frères|Clouzot, Henri|Raisin Mme",[1929],Paris,,Books|Prints|Ornament & Architecture,http://www.metmuseum.org/art/collection/search/729868,
718130,The American Wing,2020.0,Vase,Vase with peacock feathers,American,Manufacturer|Designer,"American, Cincinnati, Ohio 1880–1967|1870–1949","Rookwood Pottery Company|Sax, Sara",1913,Cincinnati,United States,,http://www.metmuseum.org/art/collection/search/718130,
503271,Musical Instruments,1986,Clavichord,Clavichord,German,Maker,"German, Neuwied 1707–1804 Neuwied",Kintzing Christian,1763,Neuwied,Germany,Chordophone-Zither-struck-clavichord,http://www.metmuseum.org/art/collection/search/503271,Men|Women|Landscapes
8476,The American Wing,1923.0,Spoon,Tea Spoon,American,Maker,1751–1824,"Van Voorhis, Daniel",1775–1800,New York,United States,,http://www.metmuseum.org/art/collection/search/8476,
345283,Drawings and Prints,1937.0,Book,Recueil D'Ornemens et Fleurs,,Designer|Publisher|Dedicatee,"French, Paris 1720–1775 Paris|Paris|French","Babel, Pierre Edmé|François|Dumarest, Monsieur",1735–75,Paris,,Books,http://www.metmuseum.org/art/collection/search/345283,
626543,Drawings and Prints,1958.0,Print ornament & architecture,"Pax, from Deorum Dearumque Capita : ex vetustis numismatibus in gratiam antiquitatis studiosorum effigiata et edita",,Publisher|Artist|Artist|Artist,"Netherlandish, Haarlem 1537–1612 Antwerp|Netherlandish, 1528/32–1605|Netherlandish, active 1554–72, died before 1589|Netherlandish, active Antwerp, 1563–73","Galle, Philips|Doetecum, Johannes van I|Doetecum, Lucas van|Groeningen, Gerard van",1573,Antwerp,,Prints|Ornament & Architecture,http://www.metmuseum.org/art/collection/search/626543,
317195,"Arts of Africa, Oceania, and the Americas",1999.0,Mantle,Mantle (Lamba Mpanjakas),Merina peoples,Artist,"born Madagascar (Malagasy),1963","Rakotoarimanana, Martin",1998,Imerina village,Madagascar,Textiles-Woven,http://www.metmuseum.org/art/collection/search/317195,
358090,Drawings and Prints,1923.0,Book,Tractato bellissimo & deuoto composto da Ugo Pariera...,,Publisher|Author,"Italian, active 15th century| ","Lorenzo da Morgiani and Giovanni Thedesco da Maganza|Panthiera, Ugo",1492,Florence,,Books,http://www.metmuseum.org/art/collection/search/358090,
390599,Drawings and Prints,1920.0,Drawing Ornament and Architecture,"Library Tables, from Chippendale Drawings, Vol. II",,Artist,"British, baptised Otley, West Yorkshire 1718–1779 London","Chippendale, Thomas",1759,London,,Drawings|Ornament & Architecture,http://www.metmuseum.org/art/collection/search/390599,Tables
418716,Drawings and Prints,1928.0,Prints Collection Ornament and Architecture,Palazzo Farnese,,Draftsman|Publisher|Architect|Artist|Artist,"Italian, Rome 1600–1654 Rome|Italian, Rome 1627–1691 Rome|Italian, Florence 1484–1546 Terni|Italian, Caprese 1475–1564 Rome|Italian, Vignola 1507–1573 Rome","Ferrerio, Pietro|Rossi, Giovanni Giacomo De|Sangallo Antonio da, the Younger|Michelangelo Buonarroti|Vignola, Jacopo [Giacomo] Barozzi da",1655,Cologne,,Prints|Ornament & Architecture,http://www.metmuseum.org/art/collection/search/418716,
433844,Drawings and Prints,1953.0,Print collection ornament & architecture,"Large ceiling design with an Assembly of the Gods receiving Hercules, from Deux plafonds, plate 1",,Artist|Publisher,"French, Paris 1618–1682 Paris|French, ca. 1590–1666 Paris","Le Pautre, Jean|Leblond, Jean I",17th century,Paris,,Prints|Ornament & Architecture,http://www.metmuseum.org/art/collection/search/433844,
663233,Drawings and Prints,1939.0,Books Prints Ornament & Architecture,"Ornemens et Fleurs pour la Broderie, page 4",,Designer|Publisher,"French, 1623–1710|French, Paris 1640–1703","Ducerceau, Paul Androuet|Langlois, Nicolas",1690,Paris,,Books|Prints|Ornament & Architecture,http://www.metmuseum.org/art/collection/search/663233,
358139,Drawings and Prints,1937.0,Book,Paradossi Per Pratticare La Prospettiva Senza Saperla...,,Author|Publisher,"Italian, 1613?–after 1683|Italian, 1620–1691","Troili, Giulio|Longhi, Gioseffo",1683,Bologna,,Books,http://www.metmuseum.org/art/collection/search/358139,
687744,"Arts of Africa, Oceania, and the Americas",2015.0,Negative,Chief in top hat surrounded by women and children,,Photographer,"Togolese, Kedzi 1880–1975 Lomé","Acolatse, Alex Agbaglo",1909(?),Lomé,Togo,Negatives|Glass,http://www.metmuseum.org/art/collection/search/687744,Children|Women|Men
34812,Arms and Armor,2006.0,Engravings,Nouveaux Ornemens D'Arquebuseries,"French, Paris",Engraver,"French, Liège 1722–1776 Paris","Demarteau, Gilles",ca. 1750–55,Paris,,Works on Paper-Prints,http://www.metmuseum.org/art/collection/search/34812,Ornament
382025,Drawings and Prints,1962.0,Book,XI (-XII) Cahier d'Ornement. Pour la Boiserie d'Appartement,,Engraver|Artist|Publisher,"French, 1739–last cited 1784|French, Paris 1736–1786 Paris| ","Juillet, Jacques|Ranson, Pierre|La Veuve Avaulez",[about 1770s],Paris,,Books,http://www.metmuseum.org/art/collection/search/382025,
370871,Drawings and Prints,1934.0,Album Print Ornament & Architecture,"Two Armorial Trophies marked by the inclusion of a Greave in the right Trophy, plate 5 from ""Libro de' Trofei""",,Engraver|Former Attribution|Publisher|Artist," |Italian, Parma 1523–1567 Ferrara|French, Orgelet, Franche-Comte ca. 1512–1577 Rome|Italian, Caravaggio ca. 1499–ca. 1543 Messina","Anonymous, Italian, 16th century|Vico, Enea|Lafreri, Antonio|Caravaggio, Polidoro da",ca. 1550–53,Rome,,Prints|Ornament & Architecture|Albums,http://www.metmuseum.org/art/collection/search/370871,
789185,Drawings and Prints,1959.0,Print,Domestic Arrangements in Prison,,Publisher|Printer|Author|Artist,"British, active 1794–1829|London|Irish, Pallas, Longford ca. 1728–1774 London|British, London 1757–1827 London","Ackermann, Rudolph|Clowes, William|Goldsmith, Oliver|Rowlandson, Thomas","May 1, 1817",London,,Prints,http://www.metmuseum.org/art/collection/search/789185,Prisons|Children|Men|Women
734021,Drawings and Prints,1920.0,"Book
Ornament and architecture
Print","Details of Architectural Orders, after Veneziano and others",,Artist|Artist,"French, Paris 1510/12–1585 Annecy|Italian, active 1509–1536","Du Cerceau, Jacques Androuet|Veneziano, Antonio",1550,Orleans,,Books|Ornament & Architecture|Prints,http://www.metmuseum.org/art/collection/search/734021,
630073,Drawings and Prints,1945.0,Print,"Frontispiece depicting a View of Bologna, from Di Bologna l'Arti per via D'An.ibal' Ca.rac, plate 1",,Artist|Artist|Publisher|Printer,"Italian, Bologna (?) 1634–1718 Bologna|Italian, Bologna 1560–1609 Rome|Italian, Rome 1627–1691 Rome| ","Mitelli, Giuseppe Maria|Carracci, Annibale|Rossi, Giovanni Giacomo De|Calcografia, Camerale La",printed 1740,Rome,,Prints,http://www.metmuseum.org/art/collection/search/630073,
336325,Drawings and Prints,1975.0,Book,"Correspondances, Paris, Tériade, 1944",,Artist|Publisher,"French, Fontenay-aux-Roses 1867–1947 Le Cannet| ","Bonnard, Pierre|Tériade",1944,Paris,,Books,http://www.metmuseum.org/art/collection/search/336325,
778084,Drawings and Prints,1949.0,Print,The wedding feast at Cana in Galilee,,Artist|Artist,"Italian, Bassano 1732–1803 Rome|Italian, Venice 1518/19–1594 Venice","Volpato, Giovanni|Tintoretto, Jacopo (Jacopo Robusti)",1772,Venice,,Prints,http://www.metmuseum.org/art/collection/search/778084,
348163,Drawings and Prints,1972.0,Book,The Salt Herring,,Author|Translator|Illustrator|Publisher,"French, 1842–1888|French, 1854–1905|American, Chicago 1925–2000 Cape Cod|New York, NY","Cros, Charles|Allais, Alphonse|Gorey, Edward|Gotham Book Mart & Gallery, Inc.",1971,New York,,Books,http://www.metmuseum.org/art/collection/search/348163,
9828,The American Wing,1966.0,Window seat,Window Seat,American,Maker|Maker,"1837–1840, active New York|American (born Scotland), near Lock Fannich, Ross-Shire, Scotland 1768/1770–1854 New York","Phyfe & Sons, D.|Phyfe, Duncan",ca. 1837,New York,United States,,http://www.metmuseum.org/art/collection/search/9828,
14072,The American Wing,1957.0,Sampler,Embroidered sampler,American,Maker,born ca. 1828,"Coons, Elizabeth",1840,Halfmoon,United States,,http://www.metmuseum.org/art/collection/search/14072,
345451,Drawings and Prints,1935.0,Book,"The Country-mans Recreation or the Art of Planting, Grafting and Gardening in three Books.",,Printer|Author," |British, active 1650s","Mabb, T.|Barker, Thomas",1654,London,,Books,http://www.metmuseum.org/art/collection/search/345451,
345314,Drawings and Prints,1981.0,Book,"New Pocket Valentine Writer For the Present Year; Adapted to all Trades, Professions, &c., With Answers Favourable and Unfavourable",,Printer,London,"Bailey, J.",1808–24,London,,Books,http://www.metmuseum.org/art/collection/search/345314,
742628,Drawings and Prints,1959.0,Print Ornament & Architecture,Archaeological Plate from Collection for Book Illustrations with a Neoclassical Subject,,Artist, ,"Anonymous, French, 18th century",18th century,Leipzig,,Prints|Ornament & Architecture,http://www.metmuseum.org/art/collection/search/742628,
344232,Drawings and Prints,1949.0,Book,Theatre d'Amour,,Artist,"Netherlandish, Arnemuiden 1564–1637 Utrecht","Passe, Crispijn de, the Elder",ca. 1606,"no place, no date",,Books,http://www.metmuseum.org/art/collection/search/344232,
356707,Drawings and Prints,1925.0,Book,Sermone della oratione,,Author,"Italian, 1452–1498","Savonarola, Girolamo",ca. 1490–1500,Florence,,Books,http://www.metmuseum.org/art/collection/search/356707,
334215,Drawings and Prints,1960.0,Book ; Ornament and architecture,"Church Vestments: their origin, use, and ornament",,Lithographer|Printer|Publisher|Author|Printer,"British, active 1849–95|London|London|British, 19th century| ","Dolby, Edwin Thomas|Clowes,William and Sons|Chapman and Hall|Dolby, Anastasia|Hanhart, M. & N.",1868,London,,Books|Ornament & Architecture,http://www.metmuseum.org/art/collection/search/334215,
452652,Islamic Art,1974.0,Folio from an illustrated manuscript,"""Isfandiyar's Fourth Course: He Slays a Sorceress"", Folio from a Shahnama (Book of Kings) of Firdausi",,Author,"Iranian, Paj ca. 940/41–1020 Tus",Abu'l Qasim Firdausi,ca. 1330–40,probably Isfahan,Iran,Codices,http://www.metmuseum.org/art/collection/search/452652,Ducks|Men|Women|Lutes|Horses
727097,Drawings and Prints,1991.0,Book Prints Ornaments & Architecture,"Prismes: 40 Planches de Dessins et Coloris Nouveaux, Pl. 38",,Publisher|Designer,"French|French, 1877–1951","Moreau, Charles Editions d'Art|Séguy, Emile-Allain",[ca. 1930],Paris,,Books|Prints|Ornament & Architecture,http://www.metmuseum.org/art/collection/search/727097,
434964,Drawings and Prints,1929.0,Print collection ornament & architecture,"Two variants for tables and mirrors with Boreas and Orithiya on the mirror, from Livre de miroirs, tables, et guéridons, plate 6",,Artist|Publisher,"French, Paris 1618–1682 Paris|French, Paris 1618–1682 Paris","Le Pautre, Jean|Le Pautre, Jean",17th century,Paris,,Prints|Ornament & Architecture,http://www.metmuseum.org/art/collection/search/434964,
655924,Drawings and Prints,1947.0,Print ; book,"Lion & Tiger, after Stubbs",,Publisher|Etcher|Artist|Artist," |British, London 1795–1880 London|British, active 1800–40|British, Liverpool 1724–1806 London","Bohn, Henry G.|Landseer, Thomas|Spilsbury, Edgar Ashe|Stubbs, George",1853,London,,Prints|Books,http://www.metmuseum.org/art/collection/search/655924,
628925,Drawings and Prints,1948.0,Print ornament & architecture,"Cartouche with two monkeys at bottom center, from Strapwork Cartouches with Grotesques, plate 3",,Artist|Publisher,"Netherlandish, Leeuwarden 1527–1606 (?)  Antwerp (?)|Netherlandish, Antwerp ca. 1510–1570 Antwerp","Vredeman de Vries, Hans|Cock, Hieronymus",ca. 1555–70,Antwerp,,Prints|Ornament & Architecture,http://www.metmuseum.org/art/collection/search/628925,
736310,Drawings and Prints,1959.0,Print,"Country Cart Horses, from A New Book of Horses and Carriages",,Publisher|Artist,"British, active 1785–87|British, London 1757–1827 London","Jackson, Elizabeth|Rowlandson, Thomas",1784,London,,Prints,http://www.metmuseum.org/art/collection/search/736310,Horses|Carriages
716890,The American Wing,2019.0,Vase,Vase,American,Maker,"American, Middletown, Connecticut, 1865–1929 Syracuse, New York","Robineau, Adelaide Alsop",1905,Syracuse,United States,,http://www.metmuseum.org/art/collection/search/716890,
345613,Drawings and Prints,1986.0,Book,A Little Book of Natural History,,Engraver,"American, New Brunswick, New Jersey 1922–2000 Northampton, Massachusetts","Baskin, Leonard",1951,Worcester,,Books,http://www.metmuseum.org/art/collection/search/345613,
897165,Drawings and Prints,1924,Print,"Commodore Hopkins, Commander in Chief of the American Fleet",,Sitter|Engraver|Publisher,"American, 1718–1802| |British, active London ca. 1776","Hopkins, Esek Commodore|Anonymous, British, 18th century|Hart, Thomas","August 22, 1776",Augsburg,,Prints,http://www.metmuseum.org/art/collection/search/897165,
8116,The American Wing,1947.0,Spoon,Table Spoon,American,Maker,1709–1749,"Pratt, Henry",ca. 1725,Philadelphia,United States,,http://www.metmuseum.org/art/collection/search/8116,
852644,The Libraries,,,"Collection of exhibition announcement, invitation, and broadside to the International Surrealist Exhibition, New Burlington Galleries, 1936",,Publisher, ,New Burlington Galleries,1936,London,England,,http://www.metmuseum.org/art/collection/search/852644,
3527,The American Wing,1973.0,Elevator grille,Elevator grille from the Chicago Stock Exchange Building,American,Maker|Maker,"American, Boston, Massachusetts 1856–1924 Chicago, Illinois|American, 1844–1900","Sullivan, Louis Henry|Adler, Dankmar",ca. 1893,Chicago,United States,,http://www.metmuseum.org/art/collection/search/3527,
823331,The American Wing,2020.0,Bowl,Shallow bowl,American,Designer|Designer|Manufacturer,"American, 1889–1962|American, Tarrytown, New York 1882–1971 Plattsburgh, New York|Vernon, California, 1931–1958","Turnbull, Gale|Kent, Rockwell|Vernon Kilns",1939,Vernon,United States,,http://www.metmuseum.org/art/collection/search/823331,
690562,Drawings and Prints,1952.0,Book,"Vue de l'Eglise de St Ignace, from Les Plus Beaux Edifices de Rome Moderne, ou Recueil des plus belles vues des principales eglises, places, palais, fontaines etc. qui sont dans Rome",,Printer|Publisher|Artist," |Rome|French, Viarmes 1718–1762 Rome","Komarek|Bouchard & Gravier|Barbault, Jean",1763,Rome,,Books,http://www.metmuseum.org/art/collection/search/690562,
348479,Drawings and Prints,1952.0,Book,William Deering and Co. Harvesting Machinery,,Author,"Chicago, Illinois","Deering, William, & Co., Manufacturers of Harvesting Machinery",after 1886,Chicago,,Books,http://www.metmuseum.org/art/collection/search/348479,
345623,Drawings and Prints,1958.0,Book,Vedute Pittoresche della Città di Bologna,,Artist,"Italian, Castel Guelfo di Bologna 1774–1843 Bologna","Basoli, Antonio",1833,Bologna,,Books,http://www.metmuseum.org/art/collection/search/345623,
788977,Drawings and Prints,1917.0,Print,"Plate 4: A Lying-in Visit, A Round Dance, from ""World in Miniature""",,Artist|Publisher,"British, London 1757–1827 London|British, active 1794–1829","Rowlandson, Thomas|Ackermann, Rudolph",1816,London,,Prints,http://www.metmuseum.org/art/collection/search/788977,Infants|Men|Women|Dancing|Boats
4660,The American Wing,1941.0,Ladle,Ladle,American,Maker,1705–1762,"Edwards, Samuel",1745–60,Boston,United States,,http://www.metmuseum.org/art/collection/search/4660,
24892,Arms and Armor,1983.0,Percussion revolver with case and accessories,"Cased Colt Model 1860 Army Percussion Revolver, Serial no. 7569, with Accessories","American, Hartford, Connecticut",Manufacturer,"American, Hartford, Connecticut 1814–1862","Colt, Samuel",1861,Hartford,,Firearms-Pistols-Revolvers,http://www.metmuseum.org/art/collection/search/24892,
503477,Musical Instruments,1997,Clarinet in B-flat,Clarinet in B-flat,British,Maker,"British, London 1798–1828",Clementi & Co.,ca. 1805,London,United Kingdom,Aerophone-Reed Vibrated-single reed cylindrical,http://www.metmuseum.org/art/collection/search/503477,
8230,The American Wing,1924.0,Tankard,Tankard,American,Maker,"American,  Holland 1678 –1750 New York","Groen, Jacob Marius",1700–1730,New York,United States,,http://www.metmuseum.org/art/collection/search/8230,
219,The American Wing,1981.0,Armchair,Armchair,American,Maker,"American, 1867–1902","Ford, Johnson and Company J. S.",ca. 1904,Chicago,United States,,http://www.metmuseum.org/art/collection/search/219,
19111,The American Wing,1987.0,Drawing,Design Drawing for Adams Vase,American,Artist,1837–present,Tiffany & Co.,possibly ca. 1893,New York,United States,,http://www.metmuseum.org/art/collection/search/19111,Vases
13516,The American Wing,1990.0,Pen brush,Pen Brush,American,Designer|Maker,"American, New York 1848–1933 New York|1902–32","Tiffany, Louis C.|Tiffany Studios ",ca. 1905–20,New York,United States,,http://www.metmuseum.org/art/collection/search/13516,Animals
661853,Drawings and Prints,1918.0,Books Prints Ornament & Architecture,"Corona delle Nobili et Virtuose Donne: Libro I-IV, page 50 (recto)",,Publisher,"Italian, Pieve di Cadore 1521–1601 Venice","Vecellio, Cesare",1601,Venice,,Books|Prints|Ornament & Architecture,http://www.metmuseum.org/art/collection/search/661853,Ornament
729873,Drawings and Prints,1991.0,Book Prints Ornamet & Architecture,"Papiers Peints et Tentures Modernes, Pl. 32, Papier peint ""Mon chapeau s’envole"", composition de Robert Mahias",,Publisher|Printer|Author|Artist, | |French| ,"Massin, Ch. & Cie.|Catala frères|Clouzot, Henri|Mahias, Robert",[1929],Paris,,Books|Prints|Ornament & Architecture,http://www.metmuseum.org/art/collection/search/729873,
418799,Drawings and Prints,1928.0,Prints Collection Ornament and Architecture,Palazzo del Duca di Ceri (Palazzo Poli),,Draftsman|Publisher|Architect,"Italian, Rome 1600–1654 Rome|Italian, Rome 1627–1691 Rome|Italian, Viggiù 1534–1591 Rome","Ferrerio, Pietro|Rossi, Giovanni Giacomo De|Longhi, Martino Il Vecchio",1655,Cologne,,Prints|Ornament & Architecture,http://www.metmuseum.org/art/collection/search/418799,
347043,Drawings and Prints,1945.0,Book,Elementi d'Architettura,,Architect,"Italian, 18th century","Calepio, Nicolino",1784,Bergamo,,Books,http://www.metmuseum.org/art/collection/search/347043,
412552,Drawings and Prints,1968.0,Portfolio,"Plate 5 from Sonia Delaunay: ses peintures, ses objets, ses tissus simultanés, ses modes",,Artist|Publisher,"French (born Ukraine), Gradizhsk 1885–1979 Paris| ","Delaunay, Sonia|Librairie des Arts Décoratifs",[1925],Paris,,Portfolios,http://www.metmuseum.org/art/collection/search/412552,Women|Fashion
6834,The American Wing,1943.0,Quart mug,Quart Mug,American,Maker,1758–1788,"Danforth, Joseph",1780–88,Middletown,United States,,http://www.metmuseum.org/art/collection/search/6834,
356838,Drawings and Prints,1960.0,Book,Ausgab seines vorhabenden wercks,,Designer|Publisher,"German, Nuremberg 1689–1741 Nuremberg|German, 1663–1724","Schübler, Johann Jakob|Wolff, Jeremias",n.d.,Augsburg,,Books,http://www.metmuseum.org/art/collection/search/356838,
449689,Islamic Art,1940.0,Folio from an illustrated manuscript,"""Sultan Listening to a Man Reading from a Manuscript"", Folio from a Manuscript by Mir Ali Shir Nava'i",,Author,"present-day Afghanistan, Herat 1441–1501 Herat",Mir Ali Shir Nava'i,early 16th century,Bukhara,present-day Uzbekistan,Codices,http://www.metmuseum.org/art/collection/search/449689,Men|Reading|Trees
347344,Drawings and Prints,1957.0,Book,"Scientific Amusements; for The Old and The Young, The Grave and The Gay; Part I and II",,Author,"American, mid-19th century","Chapman, C. C.",1844,Philadelphia,,Books,http://www.metmuseum.org/art/collection/search/347344,
4596,The American Wing,1969.0,Teakettle,Teakettle,American,Retailer|Maker,active 1839–51|ca. 1802–1874,"Ball, Tompkins and Black |Moore, John C. manufacturing silver",1850,New York,United States,,http://www.metmuseum.org/art/collection/search/4596,Eagles|Grapes|Men
626999,Drawings and Prints,1937.0,Print ornament & architecture,"Two gable tops, one above the other, each with a variant for the right half, and two spandrels, plate 10, from Das ander Buech Gemacht auff die zway Colonnen, Corinthia und Composita",,Artist|Artist|Artist|Publisher|Publisher,"Netherlandish, Leeuwarden 1527–1606 (?)  Antwerp (?)|Netherlandish, 1528/32–1605|Netherlandish, active 1554–72, died before 1589|Netherlandish, Antwerp ca. 1510–1570 Antwerp|Netherlandish, active Antwerp, second half 16th century","Vredeman de Vries, Hans|Doetecum, Johannes van I|Doetecum, Lucas van|Cock, Hieronymus|Dierix, Volcxken",,Antwerp,,Prints|Ornament & Architecture,http://www.metmuseum.org/art/collection/search/626999,
431174,Drawings and Prints,1933.0,Print collection ornament & architecture,"Title Page depicting two variants for a table with a man seated, reading at right, from Livre de miroirs, tables, et guéridons, plate 1, bound in Oeuvres. Vol. I",,Artist|Publisher,"French, Paris 1618–1682 Paris|French, Paris 1618–1682 Paris","Le Pautre, Jean|Le Pautre, Jean",17th century,Paris,,Prints|Ornament & Architecture,http://www.metmuseum.org/art/collection/search/431174,
20741,The American Wing,2011.0,Pitcher,Pitcher,American,Maker|Designer, |ca. 1814–1875,"Norwich Pottery |Risley, Sidney",1845–75,Norwich,United States,,http://www.metmuseum.org/art/collection/search/20741,
433531,Drawings and Prints,1949.0,Print,"A cavalryman firing a gun, from The Riding School or Exercise of Cavalry",,Publisher|Artist|Artist,"Dutch, Brunsbüttel (Landkreis Dithmarschen) 1624/1625–1677 Amsterdam|Netherlandish, Antwerp 1565–1629 The Hague|Netherlandish, Antwerp 1565–1629 The Hague","Jonghe, Clement de|Gheyn, Jacques de, II|Gheyn, Jacques de, II",,Amsterdam,,Prints,http://www.metmuseum.org/art/collection/search/433531,
726424,Drawings and Prints,1991.0,Book Prints Ornament & Architecture,"Studio d'Arts Décoratifs..., Pl. 7, Dessins de fantaisie d’un caractère ultra-moderne",,Designer|Publisher|Publisher," |French, active ca. 1890–1920| ","Sorokine, Nicolas|Guérinet, Armand|Librairie d'Architecture et d'Art Décoratif",n.d. (1930s?),Paris,,Books|Prints|Ornament & Architecture,http://www.metmuseum.org/art/collection/search/726424,
690648,Drawings and Prints,1952.0,Book,"Vuë de la Place de Montecavallo, from Les Plus Beaux Edifices de Rome Moderne, ou Recueil des plus belles vues des principales eglises, places, palais, fontaines etc. qui sont dans Rome",,Artist|Printer|Publisher|Artist,"French, Viarmes 1718–1762 Rome| |Rome| ","Barbault, Jean|Komarek|Bouchard & Gravier|Giraud",1763,Rome,,Books,http://www.metmuseum.org/art/collection/search/690648,
377544,Drawings and Prints,1985.0,Print,Advertising Card for a Candleholder: No. 17 Chinese,,Publisher,"American, Brooklyn, New York 1853–1936 Buffalo, New York","Rohlfs, Charles",1907,Buffalo,,Prints,http://www.metmuseum.org/art/collection/search/377544,
2949,The American Wing,1940.0,Cup plate,Cup Plate,American,Maker,"American, 1825–1888, Sandwich, Massachusetts",Boston and Sandwich Glass Company ,19th century,Sandwich,United States,,http://www.metmuseum.org/art/collection/search/2949,Lyres|Arrows
646921,Drawings and Prints,1958.0,Print,"Chapel and Tomb of Mary, Queen of Scots, Westminster Abbey",,Subject|Artist|Publisher,"British, Linlithgow 1542–1587 Fotheringhay|French, Boulogne-sur-Mer 1842–1909|French, 1825–1875","Mary Queen of Scots|Ballin, Auguste|Cadart, Alfred",1874,Paris,,Prints,http://www.metmuseum.org/art/collection/search/646921,Tombs|Interiors|Chapels|Mary Queen of Scots
346249,Drawings and Prints,1949.0,Book,Theatrum Temporaneum Aeternitati Caesaris Montii,,Author|Designer," |Italian, active 17th century","Boldoni, Octavio|Bianchi, Giovanni Paolo",1636,Milan,,Books,http://www.metmuseum.org/art/collection/search/346249,
381691,Drawings and Prints,1972.0,Print,"Perspective of Como Orchard Summer Colony, Darby, Montana",,Architect|Publisher|Draftsman,"American, Richland Center, Wisconsin 1867–1959 Phoenix, Arizona|Berlin|American, 1871–1962","Wright, Frank Lloyd|Wasmuth, Ernst|Griffin, Marion Mahony",1910,Berlin,,Prints,http://www.metmuseum.org/art/collection/search/381691,
2677,The American Wing,1946.0,Cream pot,Creamer,American,Maker,"American, 1861–ca. 1930","Gillinder and Sons, James",before 1876,Philadelphia|Greensburg,United States|United States,,http://www.metmuseum.org/art/collection/search/2677,
2243,The American Wing,1969.0,Condiment dish,Condiment Dish,American,Maker,1863–1922,Union Porcelain Works ,1885,Brooklyn,United States,,http://www.metmuseum.org/art/collection/search/2243,
811186,The Libraries,,,"Art by telephone : an exhibition organized by the Museum of Contemporary Art under the sponsorship of the American National Bank and Trust Company of Chicago, November 1 to December 14, 1969",,Publisher|Author, | ,"Museum of Contemporary Art, Chicago|Marck, Jan van der",1969,Chicago,,,http://www.metmuseum.org/art/collection/search/811186,
684353,The American Wing,2015.0,Decanter,Decanter,American,Maker,"American, Brooklyn, New York, 1824–1868",Brooklyn Flint Glass Company,ca. 1855,New York,United States,,http://www.metmuseum.org/art/collection/search/684353,
9969,The American Wing,1972.0,Wine glass,Wine glass,American,Manufacturer,1824–1862,Jersey Glass Company ,ca. 1824–40,Jersey City,United States,,http://www.metmuseum.org/art/collection/search/9969,
698419,Drawings and Prints,1921.0,Book,"Frontispiece to the Images from the New Testament after Raphael 'Imagines Veteris Ac Novi Testamenti A Raphaele Sanctio Urbinate in Vaticani Palatii Xystis'. Oval portrait of Raphael, crowned with a laurel wreath by Fame, below three allegorical figures personifying the Arts support a tablet with the epigraph of Raphael",,Artist|Publisher|Artist,"Italian, Camerano 1625–1713 Rome|Italian, Rome 1627–1691 Rome|Italian, Marsala, Sicily 1650–1692/1700 Rome","Maratti, Carlo|Rossi, Giovanni Giacomo De|Aquila, Pietro",1675,Rome,,Books,http://www.metmuseum.org/art/collection/search/698419,
19444,The American Wing,2007.0,Sampler,Embroidered sampler,American,Maker, ,"Cassady, Margaret",1826,"Washington, DC",United States,,http://www.metmuseum.org/art/collection/search/19444,Houses|Animals
20063,The American Wing,2018.0,Vase,Vase,American,Manufacturer|Designer,1872–1889|1844–1908,"Chelsea Keramic Art Works |Robertson, Hugh C",ca. 1882–89,Chelsea,United States,,http://www.metmuseum.org/art/collection/search/20063,
760481,Drawings and Prints,1931.0,Book Print Ornament and Architecture,"Plate 92: Landskip, from ""A New Book of Chinese Designs""",,Artist and publisher|Artist and publisher,"British, Stratford 1694–1773 Plaistow|British, ca. 1720–1780 London","Edwards, George|Darly, Matthew",1754,London,,Ornament & Architecture|Books|Prints,http://www.metmuseum.org/art/collection/search/760481,
627099,Drawings and Prints,1937.0,Print ornament & architecture,"Two halves of rusticated arches and four consoles, plate 12, from Architectura 3e Stuck de oorden Tuschana",,Artist|Artist|Artist|Publisher,"Netherlandish, Leeuwarden 1527–1606 (?)  Antwerp (?)|Netherlandish, 1528/32–1605|Netherlandish, active 1554–72, died before 1589|Netherlandish, active Antwerp, second half 16th century","Vredeman de Vries, Hans|Doetecum, Johannes van I|Doetecum, Lucas van|Dierix, Volcxken",1578,Antwerp,,Prints|Ornament & Architecture,http://www.metmuseum.org/art/collection/search/627099,
348641,Drawings and Prints,1958.0,Book,Beschryving van Oud en Niew Rome (2),,Author|Designer|Designer|Engraver|Engraver|Publisher,"French|Dutch, Middelburg 1670–1731 Amsterdam|Flemish, ca. 1640–ca. 1720|Dutch, 1660–1726|Dutch, active 1619–1707| ","Desseine, François [Jacques]|Goeree, Jan|Cruyel, Livinus|Vianen, Jan van|Scherm, Lorenz|Halma, François (Francisci Halmae)",1704,Amsterdam,,Books,http://www.metmuseum.org/art/collection/search/348641,
349626,Drawings and Prints,1945.0,Book,Festival of Song: A Series of Evenings with the Poets,,Editor|Illustrator|Illustrator|Illustrator|Engraver,"American, 1807–1902|American, Boston, Massachusetts 1836–1910 Prouts Neck, Maine|Irish, Thomastown, Kilkenny 1839–1917 Rudgwick, Sussex|American, Philadelphia, Pennsylvania 1822–1888 Claymont, Delaware|New York, NY","Saunders, Frederick|Homer, Winslow|Hennessy, William John|Darley, Felix Octavius Carr|Bobbett & Hooper",1866,New York,,Books,http://www.metmuseum.org/art/collection/search/349626,
718156,The American Wing,2020.0,Vase,Vase with nude,American,Designer|Manufacturer,"American, 1862–1947|American, Cincinnati, Ohio 1880–1967","Valentien, Anna Marie|Rookwood Pottery Company",1901,Cincinnati,United States,,http://www.metmuseum.org/art/collection/search/718156,
344773,Drawings and Prints,1970.0,Book,"The Fairies, A Child's Song",,Author|Illustrator|Printer|Publisher,"Irish, Ballyshannon, Donegal 1824–1889 Hampstead, London|British, 19th century|London|New York, NY","Allingham, William|Thomson, E. Gertrude|De La Rue, Thomas and Company|Scribner and Welford",[1883],New York,,Books,http://www.metmuseum.org/art/collection/search/344773,
435222,Drawings and Prints,1918.0,Print collection ornament & architecture,"Two variants for a bedroom with three figures at right, from Alcôves à la française, plate 5, in A Bound Collection of Print Series Including Cheminées et Lambris, Alcoves à la Romaine, Feuillages et autres ornemens..., etc.",,Artist|Publisher|Publisher,"French, Paris 1618–1682 Paris|French, 1712–1784|French, Paris 1640–1703","Le Pautre, Jean|Jombert, Charles Antoine|Langlois, Nicolas",1751,Paris,,Prints|Ornament & Architecture,http://www.metmuseum.org/art/collection/search/435222,
381719,Drawings and Prints,1972.0,Print,"Plan and perspective of house for Mrs. Aline Devin, Chicago, Illinois",,Architect|Publisher,"American, Richland Center, Wisconsin 1867–1959 Phoenix, Arizona|Berlin","Wright, Frank Lloyd|Wasmuth, Ernst",ca. 1922,Berlin,,Prints,http://www.metmuseum.org/art/collection/search/381719,
889452,Drawings and Prints,1954,Print ; ephemera,"Satin badge: ""The Completion of the Croton Aqueduct Celebrated, New York, October 14, 1842",,Publisher,"American, Hampton, Connecticut 1809–1883 Brooklyn, New York","Ormsby, Waterman Lilly",1842,New York,,Prints|Ephemera,http://www.metmuseum.org/art/collection/search/889452,
348367,Drawings and Prints,1949.0,Book,Paradiso,,Author|Illustrator,"Italian, Florence ca. 1265–1321 Ravenna|Italian, Rome 1781–1835 Rome","Alighieri, Dante|Pinelli, Bartolomeo",1826,Rome,,Books,http://www.metmuseum.org/art/collection/search/348367,
418758,Drawings and Prints,1928.0,Print Collection Ornament and Architecture,Verscheidene Schreinwercke,,Artist|Publisher|Artist,"Netherlandish, Leeuwarden 1527–1606 (?)  Antwerp (?)|German, active Cologne, ca. 1600–1649|Netherlandish,  Antwerp 1567–1630","Vredeman de Vries, Hans|Overadt, Peter|Vredeman de Vries, Paul",1658,Cologne,,Prints|Ornament & Architecture,http://www.metmuseum.org/art/collection/search/418758,
432033,Drawings and Prints,1933.0,Print collection ornament & architecture,"Title Page depicting a panel of architecture flanked by two terms, one of which has the head of a Turk, from Termes, plate 1, bound in Oeuvres. Vol. II",,Artist|Publisher,"French, Paris 1618–1682 Paris|French, Paris 1618–1682 Paris","Le Pautre, Jean|Le Pautre, Jean",17th century,Paris,,Prints|Ornament & Architecture,http://www.metmuseum.org/art/collection/search/432033,
345895,Drawings and Prints,1955.0,Book,"Animal, Vegetable and South Kensington: A Book of Nicolas Bentley's Pictures",,Artist|Publisher|Printer,"British, London 1907–1978 Bath|London|London","Bentley, Nicolas Clerihew|Methuen & Co., Ltd.|Kimble & Bradford",1940,London,,Books,http://www.metmuseum.org/art/collection/search/345895,
735021,Drawings and Prints,1948.0,"Book
Ornament and architecture
Print","View of a Temple, from Temples in the Ancient Style",,Artist,"French, Paris 1510/12–1585 Annecy","Du Cerceau, Jacques Androuet",1550,Paris,,Books|Ornament & Architecture|Prints,http://www.metmuseum.org/art/collection/search/735021,
502847,Musical Instruments,1889,Transverse Flute in D,Transverse Flute in D,French,Maker, ,Buhner & Keller,ca. 1780–1837,Strasbourg,France,Aerophone-Blow Hole-side-blown flute (transverse),http://www.metmuseum.org/art/collection/search/502847,
14272,The American Wing,1991.0,Dessert dish,Dessert Dish,American,Maker,"American, 1861–ca. 1930","Gillinder and Sons, James",ca. 1876–86,Philadelphia,United States,,http://www.metmuseum.org/art/collection/search/14272,
726849,Drawings and Prints,1991.0,Book Prints Ornaments & Architecture,"Prismes: 40 Planches de Dessins et Coloris Nouveaux, Pl. 3",,Publisher|Designer,"French|French, 1877–1951","Moreau, Charles Editions d'Art|Séguy, Emile-Allain",[ca. 1930],Paris,,Books|Prints|Ornament & Architecture,http://www.metmuseum.org/art/collection/search/726849,
344612,Drawings and Prints,1941.0,Book ; Ornament and Architecture,A Parallel of the Ancient Architecture with the Modern...to which is added an account of Architects and Architecture...with Leon Baptista Alberti's Treatise of Statues,,Author|Translator|Printer|Publisher|Author|Author,"Italian, Genoa 1404–1472 Rome|British, 1620–1706 Wotton, Surrey|London|London|British, 1620–1706 Wotton, Surrey|French, 1606–1676","Alberti, Leon Battista|Evelyn, John|Roycroft, Thomas|Place, John|Evelyn, John|Fréart, Roland Sieur de Chambray",1664,London,,Books|Ornament & Architecture,http://www.metmuseum.org/art/collection/search/344612,
7098,The American Wing,1933.0,Salver,Salver,American,Maker,1727–1781,"Hamersley, Thomas",ca. 1760,New York,United States,,http://www.metmuseum.org/art/collection/search/7098,
736306,Drawings and Prints,1959.0,Print,"Drayhorses, Draymen & Malsters, from A New Book of Horses and Carriages",,Publisher|Artist,"British, active 1785–87|British, London 1757–1827 London","Jackson, Elizabeth|Rowlandson, Thomas",1784,London,,Prints,http://www.metmuseum.org/art/collection/search/736306,Carts|Men|Dogs|Horses
681017,The American Wing,2015.0,Painting,"""Tehuacan"" Mexican landscape",American,Artist,"American, New York 1850–1932 Santa Barbara, California","de Forest, Lockwood",1904,Santa Barbara,United States,,http://www.metmuseum.org/art/collection/search/681017,
347859,Drawings and Prints,1987.0,Book,Miss Rumphius,,Artist|Publisher,"American, Brooklyn, New York 1917–2000 Damariscotta, Maine| ","Cooney, Barbara|Viking Press",1982,New York,,Books,http://www.metmuseum.org/art/collection/search/347859,
889455,Drawings and Prints,1954,Print ; ephemera,Commencement Ticket for New York University,,Artist, ,"Anonymous, American, 19th century",1845,New York,,Prints|Ephemera,http://www.metmuseum.org/art/collection/search/889455,
1317,The American Wing,1933.0,Candlestick,Candlestick,American,Maker,"American, New York 1766–1855 Albany, New York","Hutton, Isaac",1800–1815,Albany,United States,,http://www.metmuseum.org/art/collection/search/1317,
7989,The American Wing,1933.0,Sugar Bowl,Sugar Bowl,American,Maker,1779–1845,"Eoff, Garrett",ca. 1825,New York,United States,,http://www.metmuseum.org/art/collection/search/7989,
5825,The American Wing,1984.0,Pitcher,Pitcher,American,Maker,"American, 1860–1865","Millington, Astbury and Poulson ",ca. 1861,Trenton,United States,,http://www.metmuseum.org/art/collection/search/5825,Soldiers|Firearms|Flags|Eagles|Snakes
354158,Drawings and Prints,1920.0,Book,Upright Baskets of Flowers,,Designer|Publisher,"French, Lille 1636–1699 London|French, baptized Abbeville 1627–1696 Paris","Monnoyer, Jean-Baptiste|Poilly, Nicolas de",before 1690,Paris,,Books,http://www.metmuseum.org/art/collection/search/354158,Flowers
454874,Islamic Art,2003.0,Folio from an illustrated manuscript,"""Rustam Fights the Dragon (Rustam's Third Course)"", Folio from a Shahnama (Book of Kings)",,Author,"Iranian, Paj ca. 940/41–1020 Tus",Abu'l Qasim Firdausi,ca. 1330–40,probably Isfahan,Iran,Codices,http://www.metmuseum.org/art/collection/search/454874,Men|Dragons
778709,Drawings and Prints,1937.0,"Print, Ornament & Architecture",Design for Two Curved Strips with Fishermen and Flowers,,Publisher|Artist,"German, Lübeck ca. 1548–1633 Nuremberg|German, Nuremberg before 1567–after 1631 Nuremberg","Dürer, Friedrich|Flindt, Paul",1594,Nuremberg,,Prints|Ornament & Architecture,http://www.metmuseum.org/art/collection/search/778709,
347030,Drawings and Prints,1918.0,Book,"Gleanings, from ""The Graphic""",,Illustrator|Publisher|Sitter,"British, Chester 1846–1886 St. Augustine, Florida| |British, Chester 1846–1886 St. Augustine, Florida","Caldecott, Randolph|Routledge, George & Sons|Caldecott, Randolph",1889,London|New York|Glasgow,,Books,http://www.metmuseum.org/art/collection/search/347030,Men|Women|Drinking|Chairs|Tables
839174,The Libraries,,,"The union of architecture, sculpture, and painting; exemplified by a series of illustrations, with descriptive accounts of the house and galleries of John Soane ... / by John Britton",,Author|Purveyor,"British, Kington St. Michael, 1771–1857 London (?)| ","Britton, John|Longman and Co.",1827,London,England,,http://www.metmuseum.org/art/collection/search/839174,
311744,"Arts of Africa, Oceania, and the Americas",1978.0,Mask,Body Mask (Manawas),Asmat people,Artist, ,Aihaur,mid-20th century,Biwar village,Indonesia,Basketry-Sculpture,http://www.metmuseum.org/art/collection/search/311744,Ceremonial Objects
504262,Musical Instruments,1889,Bass Drum,Bass Drum,American,Maker,"American, Plymouth, New York 1815–1884 Norwich, New York","Pike, John G.",1860–80,Norwich,United States,Membranophone,http://www.metmuseum.org/art/collection/search/504262,
354833,Drawings and Prints,1917.0,Book ; print,"The Works of Publius Virgilius Maro: Translated, Adorned with Sculpture, and illustrated with Annotations",,Engraver|Author|Translator|Printer|Engraver|Designer|Publisher|Sitter|Artist|Engraver|Artist,"Bohemian, Prague 1607–1677 London|Roman, Andes 70 BCE–19 BCE Brundisium|British, Forfarshire 1600–1676 London|London|French, 1612/13–1682 Paris (active Britain)|German, Rostock 1582–1658 London|British, Forfarshire 1600–1676 London|British, Forfarshire 1600–1676 London|British, Soest 1618–1680 London|British, London ca. 1620–1691 London|active 17th century","Hollar, Wenceslaus|Virgil|Ogilby, John|Warren, Thomas|Lombart, Pierre|Cleyn, Franz|Ogilby, John|Ogilby, John|Lely, Peter, Sir (Pieter van der Faes)|Faithorne, William, the Elder|Richer, L.",1654,London,,Books|Prints,http://www.metmuseum.org/art/collection/search/354833,Men|Women|Coat of Arms
384045,Drawings and Prints,1924.0,Book,"Royal American Magazine, or Universal Repository of Instruction and Amusement",,Printer|Engraver|Publisher,"Boston, Massachusetts|American, Boston, Massachusetts 1734–1818 Boston, Massachusetts|American, born Boston, Massachusetts 1749","Greenleaf's Printing Office|Revere, Paul, Jr.|Thomas, Isaiah",January 1774,Boston,,Books,http://www.metmuseum.org/art/collection/search/384045,
732575,Musical Instruments,2016.0,Gravikord,Gravikord,American,Maker,"American, born 1947","Grawi, Bob",late 20th century,Florida,United States,Chordophone-Harp,http://www.metmuseum.org/art/collection/search/732575,
16302,The American Wing,1997.0,Beaker,Beaker,American,Maker,active ca. 1807–22,"Heyer, William B.",1810–28,New York,United States,,http://www.metmuseum.org/art/collection/search/16302,
626377,Drawings and Prints,1958.0,Print ornament & architecture,"Aesclepius, from Deorum Dearumque Capita : ex vetustis numismatibus in gratiam antiquitatis studiosorum effigiata et edita",,Artist|Artist|Publisher|Artist,"Netherlandish, 1528/32–1605|Netherlandish, active 1554–72, died before 1589|Netherlandish, Haarlem 1537–1612 Antwerp|Netherlandish, active Antwerp, 1563–73","Doetecum, Johannes van I|Doetecum, Lucas van|Galle, Philips|Groeningen, Gerard van",1573,Antwerp,,Ornament & Architecture|Prints,http://www.metmuseum.org/art/collection/search/626377,
353350,Drawings and Prints,1929.0,Book Ornament and architecture,Six Tables,,Designer,"British, London ca. 1710–ca. 1765 London","Lock, Matthias","April 10, 1746",London,,Books|Ornament & Architecture,http://www.metmuseum.org/art/collection/search/353350,
9983,The American Wing,1970.0,Cup,Dram Cup,American,Maker,1655/56–1722,"Coney, John",ca. 1680,Boston,United States,,http://www.metmuseum.org/art/collection/search/9983,
14172,The American Wing,1985.0,Towel,Towel,"American, Shaker",Maker,"American, active ca. 1750–present",United Society of Believers in Christ’s Second Appearing,1800–1900,New Lebanon,United States,,http://www.metmuseum.org/art/collection/search/14172,
734417,Drawings and Prints,1963.0,"Book
Ornament & Architecture
Prints","Design for a Door, from Second Book of Architecture",,Publisher|Artist," |French, Paris 1510/12–1585 Annecy","Wechel, André|Du Cerceau, Jacques Androuet",1561,Paris,,Books|Ornament & Architecture|Prints,http://www.metmuseum.org/art/collection/search/734417,
1683,The American Wing,1970.0,Side Chair,Side Chair,American,Maker,active ca. 1858–1918/19,Pottier and Stymus Manufacturing Company ,1870–75,New York,United States,,http://www.metmuseum.org/art/collection/search/1683,
354126,Drawings and Prints,1972.0,Book,Tell Me a Story,,Author|Illustrator|Publisher|Engraver|Printer,"British, Rotterdam, Netherlands 1839–1921 London|British, Liverpool 1845–1915 Horsham| |British, Oxford 1820–1909 London|Edinburgh","Molesworth, Mary Louisa|Crane, Walter|Macmillan & Co.|Swain, Joseph|Clark, R. & R.",1908,London|New York,,Books,http://www.metmuseum.org/art/collection/search/354126,
746905,Drawings and Prints,1944.0,Book Print Ornament & Architecture,"Pensées & Renoncules, d’après Nature",,Artist|Publisher|Lithographer,"French, before 1836–after 1846|French, 19th century| ","Sette, Jules|Chavant, Fleury|Lithographie J. Rigo & Cie",[after 1844],Paris,,Books|Prints|Ornament & Architecture,http://www.metmuseum.org/art/collection/search/746905,
7190,The American Wing,1946.0,Sauce dish,Sauce Dish,American,Maker,ca. 1870–1890,Richards and Hartley Flint Glass Co. ,ca. 1888,Tarentum,United States,,http://www.metmuseum.org/art/collection/search/7190,
698536,Drawings and Prints,1921.0,Book,Plate 40: The distribution of the promised land; from 'Imagines Veteris Ac Novi Testamenti A Raphaele Sanctio Urbinate in Vaticani Palatii Xystis' after Raphael,,Artist|Publisher|Artist,"Italian, Urbino 1483–1520 Rome|Italian, Rome 1627–1691 Rome|Italian, Marsala, Sicily 1650–1692/1700 Rome","Raphael (Raffaello Sanzio or Santi)|Rossi, Giovanni Giacomo De|Aquila, Pietro",1675,Rome,,Books,http://www.metmuseum.org/art/collection/search/698536,
502241,Musical Instruments,1889,Harpsichord,Harpsichord,British,Maker|Maker,"British, born Bischwiller, Alsace, France, 1737–1794 Hammersmith, England|British, born Bischwiller, Alsace, France 1710–1792 Greenwich, England","Kirkman, Abraham|Kirkman Jacob",1781,London,United Kingdom,Chordophone-Zither-plucked-harpsichord,http://www.metmuseum.org/art/collection/search/502241,
643965,Drawings and Prints,1948.0,Print,"Egyptian woman wearing a headdress, bound in L'Oeuvre original de Vivant Denon. Collection de eaux-fortes, Volume 2",,Artist|Publisher,"French, Givry 1747–1825 Paris| ","Denon, Dominique Vivant Baron|Barrand, A.",1873,Paris,,Books,http://www.metmuseum.org/art/collection/search/643965,
623563,Drawings and Prints,1949.0,Print ornament & architecture,"Town square with a large circular fountain at center surrounded by a balustrade with two portals, the basin supported by children's torsos' ending in dolphin's tails, the top with waterspouting sphere, a shell shaped umbrella with two frogs and a strapwork vase, plate 8, from Artis Perspectivæ",,Artist|Artist|Artist|Publisher,"Netherlandish, Leeuwarden 1527–1606 (?)  Antwerp (?)|Netherlandish, 1528/32–1605|Netherlandish, active 1554–72, died before 1589|Netherlandish, 1509/17–1591","Vredeman de Vries, Hans|Doetecum, Johannes van I|Doetecum, Lucas van|Jode, Gerard de",1568,Antwerp,,Ornament & Architecture|Prints,http://www.metmuseum.org/art/collection/search/623563,
690087,Drawings and Prints,1952.0,Print,"Lampes, from Recueil de divers Monumens Anciens répandus en plusieurs endroits de L'Italie",,Artist|Publisher|Printer,"French, Viarmes 1718–1762 Rome|Rome| ","Barbault, Jean|Bouchard & Gravier|Giunchi Heritiers de Komarek",1770,Rome,,Prints,http://www.metmuseum.org/art/collection/search/690087,
20038,The American Wing,2018.0,Vase,Vase,American,Manufacturer|Artist,1895–1943|1844–1908,"Dedham Pottery|Robertson, Hugh C",ca. 1896–1908,Dedham,United States,,http://www.metmuseum.org/art/collection/search/20038,
661833,Drawings and Prints,1918.0,Books Prints Ornament & Architecture,"Corona delle Nobili et Virtuose Donne: Libro I-IV, page 33 (recto)",,Publisher,"Italian, Pieve di Cadore 1521–1601 Venice","Vecellio, Cesare",1601,Venice,,Books|Prints|Ornament & Architecture,http://www.metmuseum.org/art/collection/search/661833,Ornament
689862,Drawings and Prints,1954.0,Book ; Ornament and architecture,The American Architect: Comprising Original Designs of Cheap Country and Village Residences,,Publisher|Author|Author|Architect,"New York, NY|American, 19th century|American, active 1850s|American, born 1822","Saxton, C. M.|Jones, Edward|Newman, George|Ritch, John Warren",1850–51,New York,,Books|Ornament & Architecture,http://www.metmuseum.org/art/collection/search/689862,
435296,Drawings and Prints,1918.0,Print collection ornament & architecture,"Frieze with an eagle holding a serpent in its mouth at top, from Frises et ornements à la moderne, plate 5, in A Bound Collection of Print Series Including Cheminées et Lambris, Alcoves à la Romaine, Feuillages et autres ornemens..., etc.",,Artist|Publisher|Publisher,"French, Paris 1618–1682 Paris|French, 1712–1784|French, Paris 1634–1716 Paris","Le Pautre, Jean|Jombert, Charles Antoine|Mariette, Pierre le fils",1751,Paris,,Prints|Ornament & Architecture,http://www.metmuseum.org/art/collection/search/435296,
7415,The American Wing,1933.0,Sheath,Sheath,American,Maker,active ca. 1805–7,Hart and Wilcox ,1805–7,Norwich,United States,,http://www.metmuseum.org/art/collection/search/7415,
725754,Drawings and Prints,1991.0,Book Print Ornament and Architecture,"""Kaléidoscope: Ornements Abstraits""; Plate 4, Four Abstract Design Motifs",,Designer|Artist|Designer|Publisher,"French, 1869–1942|French|French| ","Verneuil, Maurice-Pillard|Saudé, Jean|Verneuil, Ad.|Lévy, Albert, Editions",1926,Paris,,Books|Prints|Ornament & Architecture,http://www.metmuseum.org/art/collection/search/725754,
724719,Drawings and Prints,2016.0,Book,Pets and Playmates,,Publisher,"American, 1899–1977",Saalfield Publishing Company,1906,Akron,,Books,http://www.metmuseum.org/art/collection/search/724719,Girls|Dogs
746158,Drawings and Prints,1944.0,Book Print Ornament & Architecture,Designs for textiles with stylized flowers and scrolling leaves,,Lithographer|Designer|Publisher,"French|French, 19th Century|French, 19th century","Schlatter, Georges|Herault|Chavant, Fleury",[after 1844],Paris,,Books|Prints|Ornament & Architecture,http://www.metmuseum.org/art/collection/search/746158,
487234,Modern and Contemporary Art,1922,Vase,Vase,,Designer,"American, Middletown, Connecticut, 1865–1929 Syracuse, New York","Robineau, Adelaide Alsop",1919,Syracuse,United States,Ceramics-Porcelain,http://www.metmuseum.org/art/collection/search/487234,
711018,Drawings and Prints,1969.0,Print,The Bike Girl I,,Publisher|Artist," |American, Bronx, New York 1923–2002 Southampton, New York","Universal Limited Art Editions|Rivers, Larry",1958,West Islip,,Prints,http://www.metmuseum.org/art/collection/search/711018,Bicycles|Girls
350207,Drawings and Prints,1925.0,Book,Florentia Obvians,,Artist, ,"Furtati, Ambrose",ca. 1500–1520,Florence,,Books,http://www.metmuseum.org/art/collection/search/350207,
735037,Drawings and Prints,1948.0,"Book
Ornament and architecture
Print","View of a Temple, from Temples in the Ancient Style",,Artist,"French, Paris 1510/12–1585 Annecy","Du Cerceau, Jacques Androuet",1550,Paris,,Books|Ornament & Architecture|Prints,http://www.metmuseum.org/art/collection/search/735037,
19973,The American Wing,2018.0,Vase,Vase,American,Artist,1852–1919,"Walley, William J.",ca. 1898–1918,West Sterling,United States,,http://www.metmuseum.org/art/collection/search/19973,
336934,Drawings and Prints,1968.0,Print,Flowers,,Artist,"German, Stuttgart, early 19th century","Autenrieth, Ch. F.",early 19th Century,Stuttgart,,Prints,http://www.metmuseum.org/art/collection/search/336934,
352679,Drawings and Prints,1924.0,Book,Kunst und Leben 1924,,Publisher,German,Heyder,1924,Berlin,,Books,http://www.metmuseum.org/art/collection/search/352679,
787926,Drawings and Prints,1959.0,Print,The Anatomist,,Artist|Publisher,"British, London 1757–1827 London|British, London 1776–1846 London","Rowlandson, Thomas|Tegg, Thomas","March 12, 1811",London,,Prints,http://www.metmuseum.org/art/collection/search/787926,Satire|Fear|Men|Women
446590,Islamic Art,1913.0,Illustrated manuscript,Overflap and Inside Cover of a Khamsa (Quintet) of Nizami of Ganja,,Calligrapher|Calligrapher|Artist|Author,"Iranian, ca. 1472–ca. 1536|Iranian, ca. 1500–1560|Iranian, active 1510–1550|present-day Azerbaijan, Ganja 1141–1209 Ganja",Sultan Muhammad Nur|Mahmud Muzahib|Shaykh Zada|Nizami,dated A.H. 931/1524–25 CE,Herat,present-day Afghanistan,Codices,http://www.metmuseum.org/art/collection/search/446590,
476566,The Cloisters,2006.0,Laudario; Manuscript leaf,"Manuscript Leaf with the Martyrdom of Saint Bartholomew, from a Laudario",Italian,Artist,"Italian, active Florence 1302–ca. 1340",Pacino di Bonaguida,ca. 1340,Florence,Italy,Manuscripts and Illuminations,http://www.metmuseum.org/art/collection/search/476566,Angels|Saints|Men
427164,Drawings and Prints,1959.0,Print,"Francesco d'Este Leads the French Army After the Difficult Resolution of Cremona without Losing Men or Belongings due to the Duke's Prudence and Corageous Strength, from L'Idea di un Principe ed Eroe Cristiano in Francesco I d'Este, di Modena e Reggio Duca VIII [...]",,Artist|Author, | ,Fenice (Fénis)|Gamberti,1659,Modena,,Prints,http://www.metmuseum.org/art/collection/search/427164,Horses|Army|Trees
433323,Drawings and Prints,1933.0,Print collection ornament & architecture,"At lower left, a griffin and at lower right, a lion, from Grotesques et mauresques, plate 5, bound in Oeuvres. Vol. IV",,Artist|Publisher,"French, Paris 1618–1682 Paris|French, Paris 1634–1716 Paris","Le Pautre, Jean|Mariette, Pierre le fils",17th century,Paris,,Prints|Ornament & Architecture,http://www.metmuseum.org/art/collection/search/433323,
491054,Modern and Contemporary Art,1943,Textile sample,Sample,American,Maker, ,Roth-Getzoff and Company ,1940–41,New York,America,Textiles-Printed,http://www.metmuseum.org/art/collection/search/491054,
738559,Drawings and Prints,1930.0,Album ; print,"A New Method of Assisting the Invention in Drawing Original Compositions of Landscape, Plates 38-43",,Artist|Engraver,"British, Russia 1717–1786 London|British, Carlisle ca. 1738–1821 Bristol","Cozens, Alexander|Pether, William",1786,London,,Albums|Prints,http://www.metmuseum.org/art/collection/search/738559,
345341,Drawings and Prints,1982.0,Book,Close-Cropped Tales,,Artist|Publisher|Publisher,"American, National City, California 1931–2020 Los Angeles|Buffalo, New York| ","Baldessari, John|C E P A Gallery|Albright-Knox Art Gallery",1981,Buffalo,,Books,http://www.metmuseum.org/art/collection/search/345341,
659539,Drawings and Prints,1918.0,Books Prints Ornament & Architecture,"Esemplario di Lauori..., page 9 (recto)",,Designer|Publisher,"Italian, active 16th century|Italian, active Venice 1530–1573","Vavassore, Florio|Vavassore, Giovanni Andrea","August 1, 1532",Venice,,Books|Prints|Ornament & Architecture,http://www.metmuseum.org/art/collection/search/659539,Ornament
4661,The American Wing,1933.0,Ladle,Ladle,American,Maker,ca. 1761–1827,"Gaskins, J.",1790–1800,Norfolk|Portsmouth,United States|United States,,http://www.metmuseum.org/art/collection/search/4661,
631340,Drawings and Prints,1949.0,Print,"Eleven Studies of Men's Legs, from Principles of Drawing",,Artist|Publisher,"Italian, Venice ca. 1548–1628 Venice|Italian, born Brescia, active Venice, ca. 1640–1691","Palma, Jacopo, the Younger|Scolari, Stefano",republished in 1659,Venice,,Prints,http://www.metmuseum.org/art/collection/search/631340,
788985,Drawings and Prints,1917.0,Print,"Plate 11, from ""World in Miniature""",,Publisher|Artist,"British, active 1794–1829|British, London 1757–1827 London","Ackermann, Rudolph|Rowlandson, Thomas",1816,London,,Prints,http://www.metmuseum.org/art/collection/search/788985,Men|Women|Cows|Dogs
727577,Drawings and Prints,1991.0,Book Prints Ornament & Architecture,"Studio d'Arts Décoratifs, 2e Série, Pl. 3, Quatre Dessins, Etoiles et Fleurs, Fonds et Bordures",,Designer|Publisher," |French, active ca. 1890–1920","Sorokine, Nicolas|Guérinet, Armand",[ca. 1930],Paris,,Books|Prints|Ornament & Architecture,http://www.metmuseum.org/art/collection/search/727577,
884970,Drawings and Prints,1906,Print,Revd. William Pennicott,,Sitter|Source|Artist|Engraver,"British, 1726–1811|British, 1777–1848|British, Bristol 1769–1830 London|British, London 1773–1835 London","Pennicott, William|Streatfeild, Thomas Reverend|Lawrence, Thomas, Sir|Reynolds, Samuel William the elder",1799–1838,London,,Prints,http://www.metmuseum.org/art/collection/search/884970,
321237,"Arts of Africa, Oceania, and the Americas",2022.0,Tusk,Tusk with Figurative Relief,"Kongo, Vili group",Artist, ,Kongo artist,ca. 1880–1890,Loango Coast,"Democratic Republic of the Congo|Republic of the Congo|Cabinda, Angola",Bone/Ivory-Sculpture,http://www.metmuseum.org/art/collection/search/321237,
274,The American Wing,1968.0,Armchair,Armchair,American,Maker,1875–1954,Tobey Furniture Company,ca. 1890,Chicago,United States,,http://www.metmuseum.org/art/collection/search/274,
368441,Drawings and Prints,1949.0,Print,St George Killing the Dragon,,Artist|Artist|Publisher,"Italian, Parma 1523–1567 Ferrara|Italian, Brizane 1498–1578 Rome|Salamanca 1478–1562 Rome","Vico, Enea|Clovio, Giulio|Salamanca, Antonio",1542,Rome,,Prints,http://www.metmuseum.org/art/collection/search/368441,Spears|Women|Dragons|Saint George|Horses
434234,Drawings and Prints,1953.0,Print collection ornament & architecture,"Aeneas, arriving in Carthage, is received by Dido, from a series of twenty-two plates depicting mythological subjects, plate 20",,Artist|Publisher,"French, Paris 1618–1682 Paris|French, ca. 1590–1666 Paris","Le Pautre, Jean|Leblond, Jean I",17th century,Paris,,Prints|Ornament & Architecture,http://www.metmuseum.org/art/collection/search/434234,
653012,Arms and Armor,2004.0,Drawings,Designs for the Decoration of Firearms,"French, Versailles",Designer,"French, Versailles and Paris, 1761–1833","Boutet, Nicholas-Noël",ca. 1797–1805,Versailles,,Works on Paper-Drawings,http://www.metmuseum.org/art/collection/search/653012,Ornament|Mythical Creatures
350075,Drawings and Prints,1943.0,Book,Franco Antio Picchiatti Napolitano Regio Marciano: Pompe Funebri di Filippo IV Monarca Belle Spagna,,Author|Publisher, | ,"Marciano, Marcello|Longo, Egidio",1666,Naples,,Books,http://www.metmuseum.org/art/collection/search/350075,
736314,Drawings and Prints,1959.0,Print,"1784, or The Fashions of the Day",,Publisher|Artist|Artist,"British, active ca. 1784|British, Bury St. Edmonds, Suffolk 1752–1818 Romford, Essex|British, London 1757–1827 London","Bull, E.|Repton, Humphry|Rowlandson, Thomas","July 24, 1784",London,,Prints,http://www.metmuseum.org/art/collection/search/736314,Dogs|Crowd|Fashion
347373,Drawings and Prints,1934.0,Book,Picture Book. Progressive Proofs Plates 1-32 in 4 vols.,,Artist,"French, Paris 1898–1979 Honolulu, Hawaii","Charlot, Jean",1933,New York,,Books,http://www.metmuseum.org/art/collection/search/347373,
491167,Modern and Contemporary Art,1943,Textile sample,Sample,American,Maker|Maker,"American (born Germany), Frankfurt-am-Main 1863–1962 Staten Island, New York|American (born Germany ?), 1868– (?)","Stirn, Louis A.|Stirn, Edmund A.",1925,New York,America,Textiles-Printed,http://www.metmuseum.org/art/collection/search/491167,
430864,Drawings and Prints,1933.0,Print collection ornament & architecture,"Fireplace ornamented with a painting of the daughters of Pelias preparing to kill their father, from Grandes cheminées à la romaine, plate 2, bound in Oeuvres. Vol. I",,Publisher|Artist,"French, Paris 1634–1716 Paris|French, Paris 1618–1682 Paris","Mariette, Pierre le fils|Le Pautre, Jean",published 1663,Paris,,Prints|Ornament & Architecture,http://www.metmuseum.org/art/collection/search/430864,
707790,Drawings and Prints,1917.0,Print,"David Garrick as Richard III (Shakespeare, King Richard III, Act 5, Scene 8)",,Sitter|Subject|Engraver|Artist|Publisher,"British, Hereford 1717–1779 London|British, Stratford-upon-Avon 1564–1616 Stratford-upon-Avon|British, London 1773–1835 London|British, London 1735–1811 Winchester| ","Garrick, David|Shakespeare, William|Reynolds, Samuel William the elder|Dance-Holland, Nathaniel|Colnaghi & Co., P. & D.",1825,London,,Prints,http://www.metmuseum.org/art/collection/search/707790,Men|Portraits|Actors|Shakespeare
822464,The American Wing,2019.0,Chest,Carved chest,American,Maker,"American (born France), Concarneau 1890–1970 Cape Neddick, Maine","Laurent, Robert",1911,Brooklyn,United States,,http://www.metmuseum.org/art/collection/search/822464,
347556,Drawings and Prints,1948.0,Book,A Christmas Time,,Publisher|Author,"Boston, Massachusetts|American, Rochester 1841–1930","Lothrop, D., and Co.|Alden, Isabella Macdonald",1875,Boston,,Books,http://www.metmuseum.org/art/collection/search/347556,
653023,Arms and Armor,2004.0,Drawings,Design for the Decoration of Firearms,"French, Versailles",Designer,"French, Versailles and Paris, 1761–1833","Boutet, Nicholas-Noël",ca. 1797–1805,Versailles,,Works on Paper-Drawings,http://www.metmuseum.org/art/collection/search/653023,Ornament
21926,Arms and Armor,1904.0,Jousting armor,Jousting Armor,"German; restorations, French, Paris",Armorer,"French, 1857–1928, active in France and America","Tachaux, Daniel",ca. 1500 and later,Paris,,Armor for Horse and Man,http://www.metmuseum.org/art/collection/search/21926,
504203,Musical Instruments,1964,Bassoon in C,Bassoon in C,German,Maker,"German, Biebrich 1879–1952 Biebrich","Heckel, Wilhelm",1932,Biebrich,Germany,Aerophone-Reed Vibrated-double reed,http://www.metmuseum.org/art/collection/search/504203,
426415,Drawings and Prints,1930.0,Prints Collection Ornament & Architecture,"Panel with Two Overdoor Paintings, Above an Overmantel Painting of Two Nude Female Figures and Two Putti Before a Vase, from Nouveau Liuvre de Taleaux de Portes, et cheminée utiles aux peintres en floeurs, part of Œuvres du Sr. D. Marot",,Artist|Publisher,"French, Paris 1661–1752 The Hague| ","Marot, Daniel, the Elder|Husson, Pierre",after 1703–12,The Hague,,Prints|Ornament & Architecture,http://www.metmuseum.org/art/collection/search/426415,
662961,Arms and Armor,2014.0,Sword (<i>Rudus</i>) and scabbard,Sword (&lt;i&gt;Rudus&lt;/i&gt;) and Scabbard,"Malaysian, Kampung Payang and Sumatran, Aceh",Inlayer,"Malaysian, active Kampung Payang, ca. 1835","Salih of Terumon, Muhammad",dated 1835,Kuala Berang,,Swords,http://www.metmuseum.org/art/collection/search/662961,
20190,The American Wing,2018.0,Vase,Vase,American,Artist,1852–1919,"Walley, William J.",ca. 1898–1918,West Sterling,United States,,http://www.metmuseum.org/art/collection/search/20190,
787925,Drawings and Prints,1942.0,"Print, Ornament & Architecture",Nine Birds,,Artist,"German, born Ansbach, 1579","Hermann, Georg",1596,Ansbach,,Prints|Ornament & Architecture,http://www.metmuseum.org/art/collection/search/787925,
7152,The American Wing,1967.0,Sauce dish,Sauce Dish,American,Maker,"American, 1825–1888, Sandwich, Massachusetts",Boston and Sandwich Glass Company ,before 1867,Sandwich,United States,,http://www.metmuseum.org/art/collection/search/7152,
24891,Arms and Armor,1982.0,Hunting sword,Hunting Sword of Prince Camillo Borghese (1775–1832),"French, Paris",Goldsmith|Maker,"French, Paris, documented 1806–17|French, Paris, recorded 1779–1818","Fournera, Antoine-Modeste|Pirmet, François",1809–13,Paris,,Swords-Hunting,http://www.metmuseum.org/art/collection/search/24891,
21998,Arms and Armor,1904.0,Composed armor,Composed Armor,"German, Landshut and Augsburg; gorget, Italian",Armorer|Armorer,"German, Landshut, active ca. 1517–62|German, Landshut, recorded 1555–79","Grosschedel, Wolfgang|Grosschedel, Franz",ca. 1550–80,Landshut|Augsburg,,Armor for Man,http://www.metmuseum.org/art/collection/search/21998,
355299,Drawings and Prints,1966.0,Book,"Elephantographia curiosa, seu  Elephanti descriptio",,Author|Printer|Engraver|Artist|Publisher," |1684–1721|German, active 1701–50| | ","Hartenfels, Georg Christoph Peter von|Grosch, Johann Heinrich|Petrus, Jakob|Hiltebrandt, T. F.|Hartenfels, Georg Christoph Peter von",1715,Erfurt,,Books,http://www.metmuseum.org/art/collection/search/355299,
5342,The American Wing,1951.0,Cann,Cann,American,Maker|Maker,ca. 1696–1740|1721–1760,"Hanners, George|Hanners, Jr. George",ca. 1735,Boston,United States,,http://www.metmuseum.org/art/collection/search/5342,
345197,Drawings and Prints,1991.0,Book,The Art of Chromolithography,,Publisher|Author|Artist,"New York, NY|British, Elgin, Scotland 1838–1925 Bloomfield, New Jersey|active 19th century","Scribner's, Charles, Sons|Audsley, George Ashdown|Goulard",1883,New York,,Books,http://www.metmuseum.org/art/collection/search/345197,
371605,Drawings and Prints,1941.0,Book ; Ornament and architecture,M. Vitruvii Pollionis Architectura; textu ex recensione codicum emendato cum exercitationibus notisque novissimis Joannis Poleni et commentariis variorum additis nunc primum studiis Simonis Stratico.,,Author|Publisher|Printer|Author|Author|Author,"Roman, active late 1st century BCE|Italian, active 19th century|Italian, active 19th century|Italian, Venice 1683–1761 Padua|Italian, 1733–1824|Italian","Vitruvius, Marcus|Mattiuzzi|Officiana Peciliana|Poleni, Giovanni Marchese|Stratico, Simone|Pontedera, Giulio",1825–30,Udine,,Books|Ornament & Architecture,http://www.metmuseum.org/art/collection/search/371605,
7994,The American Wing,1933.0,Sugar Bowl,Sugar Bowl,American,Maker,"American, Boston, Massachusetts 1734–1818 Boston, Massachusetts","Revere, Paul, Jr.",ca. 1795,Boston,United States,,http://www.metmuseum.org/art/collection/search/7994,
503546,Musical Instruments,2002,Cornet à Pistons in B-flat,Cornet à Pistons in B-flat,French,Maker, ,Courtois frères,1833,Paris,France,Aerophone-Lip Vibrated-horn,http://www.metmuseum.org/art/collection/search/503546,
433974,Drawings and Prints,1963.0,Print collection ornament & architecture,"Cartouche with two variant borders, ornamented with a river god at lower right, from Panneaux d'ornements, plate 5",,Artist|Publisher,"French, Paris 1618–1682 Paris|French, ca. 1590–1666 Paris","Le Pautre, Jean|Leblond, Jean I",17th century,Paris,,Prints|Ornament & Architecture,http://www.metmuseum.org/art/collection/search/433974,
425737,Drawings and Prints,1924.0,Print,Ukrainische Geister,,Artist,"Ukrainian, 1895–1961","Butovich, Mikola",1924,Leipzig,,Prints,http://www.metmuseum.org/art/collection/search/425737,
9337,The American Wing,1946.0,Vase,Vase,American,Maker,1863–1891,"Hobbs, Brockunier and Company ",ca. 1886,Wheeling,United States,,http://www.metmuseum.org/art/collection/search/9337,
2416,The American Wing,1926.0,Jar,Covered Jar,Dutch,Designer|Manufacturer,"Dutch, active 1739–1775| ","Brouwer, Justus|Porcelain, Axe The",1739–75,Delft,Netherlands,,http://www.metmuseum.org/art/collection/search/2416,Birds|Flowers
350235,Drawings and Prints,1941.0,Book ; Ornament and architecture,L'Architettura di Marco Vitruvio Pollione Tradotto e Commentato Dal Marchese Berardo Galiani,,Translator|Engraver|Author|Publisher|Engraver,"Italian, died 1771|Italian, Martina ca. 1710–1780 Naples (?)|Roman, active late 1st century BCE| |Italian, active 18th century","Galiani, Berardo|Lamarra, Francesco|Vitruvius, Marcus|Stamperia di Luigi e Benedetto Bendi|Cepparuli, Francesco",1790,Siena,,Books|Ornament & Architecture,http://www.metmuseum.org/art/collection/search/350235,
347335,Drawings and Prints,1952.0,Book,Engraver on Wood,,Artist,"American, 19th century","Chandler, Victor L.",1886,Boston,,Books,http://www.metmuseum.org/art/collection/search/347335,
433567,Drawings and Prints,1933.0,Print collection ornament & architecture,"Two variant designs with a sea god riding a sea horse at left and with a griffin and a putto at right, from Ornements de panneaux à la romaine, plate 12, bound in Oeuvres. Vol. IV",,Artist|Publisher,"French, Paris 1618–1682 Paris|French, ca. 1590–1666 Paris","Le Pautre, Jean|Leblond, Jean I",published ca. 1651,Paris,,Prints|Ornament & Architecture,http://www.metmuseum.org/art/collection/search/433567,
491098,Modern and Contemporary Art,1943,Textile sample,Sample,American,Maker|Maker,"American (born Germany), Frankfurt-am-Main 1863–1962 Staten Island, New York|American (born Germany ?), 1868– (?)","Stirn, Louis A.|Stirn, Edmund A.",1925,New York,America,Textiles-Printed,http://www.metmuseum.org/art/collection/search/491098,
14517,The American Wing,1992.0,Label,Label,American,Maker,1875–ca. 1990,American Silk Label Manufacturing Company ,,New York,United States,,http://www.metmuseum.org/art/collection/search/14517,
433315,Drawings and Prints,1933.0,Print collection ornament & architecture,"Male figures, putti, and eagles amidst rinceaux, from Grotesques et mauresques, plate 2, bound in Oeuvres. Vol. IV",,Artist|Publisher,"French, Paris 1618–1682 Paris|French, Paris 1634–1716 Paris","Le Pautre, Jean|Mariette, Pierre le fils",17th century,Paris,,Prints|Ornament & Architecture,http://www.metmuseum.org/art/collection/search/433315,
345089,Drawings and Prints,1976.0,Book,"12 (douze) Chansons, tirees des Recueils Anciens par les soins d'un Amateurs",,Artist,"French, Paris 1886–1951 Paris","Arnoux, Guy",ca. 1920,Paris,,Books,http://www.metmuseum.org/art/collection/search/345089,
431452,Drawings and Prints,1922.0,Print,"Saint Elizabeth of Hungary Spinning, from Das Buch Granatapfel, im latin genant Melogranatus [...]",,Author|Artist|Printer|Publisher,"German (born Switzerland), Schaffhausen 1445–1510 Strasbourg|German, Augsburg 1473–1531 Augsburg|German, Augsburg, 1502–1514|German, Augsburg","Geiler, von Kaisersberg Johann|Burgkmair, Hans|Otmar, Johann|Diemar, Georg",1510,Augsburg,,Prints,http://www.metmuseum.org/art/collection/search/431452,
388732,Drawings and Prints,1954.0,Print,"Vive la France, ""French"" Style in Broadway",,Publisher,"American, active 1833–42","Baker, Alfred E.",1840,New York,,Prints,http://www.metmuseum.org/art/collection/search/388732,Men|Women|Fashion
388074,Drawings and Prints,1954.0,Print,"Vive la France, ""French"" Style in Broadway",,Publisher,"American, active 1833–42","Baker, Alfred E.",1840,New York,,Prints,http://www.metmuseum.org/art/collection/search/388074,Men|Women
503389,Musical Instruments,1990,Yankee Bass Viol,Yankee Bass Viol,American,Maker,"American, Deerfield, New Hampshire 1789–1858 Concord, New Hampshire","Prescott, Abraham",1831–50,Concord,United States,Chordophone-Lute-bowed-unfretted,http://www.metmuseum.org/art/collection/search/503389,
432624,Drawings and Prints,1933.0,Print collection ornament & architecture,"Reliquary topped with a bust of a Bishop, from Ostensoirs, reliquaires et appliques, plate 4, bound in Oeuvres. Vol. III",,Artist|Publisher,"French, Paris 1618–1682 Paris|French, Paris 1634–1716 Paris","Le Pautre, Jean|Mariette, Pierre le fils",17th century,Paris,,Prints|Ornament & Architecture,http://www.metmuseum.org/art/collection/search/432624,
502496,Musical Instruments,1889,Bandurria,Bandurria,Spanish,Maker,"Spanish, Valencia active ca. 1861–1905 Valencia","Hermanos, Sentchordi",19th century,Valencia,Spain,Chordophone-Lute-plucked-fretted,http://www.metmuseum.org/art/collection/search/502496,
343969,Drawings and Prints,1968.0,Book,"Journal für Bau- und Möbel=Schreiner, Tapezirer .. Neue Folge - 3. Band, Heft 1-12",,Artist|Publisher,"German, 20th century|German","Kimbel, Wilhelm|Streng, J. P.",1845,Frankfurt am Main,,Books,http://www.metmuseum.org/art/collection/search/343969,
346035,Drawings and Prints,1921.0,Book,Biblia Czeski,,Translator|Publisher,"Czech, Rožďalovice ca. 1511–1580 Prague|Czech, Rožďalovice ca. 1511–1580 Prague","Melantrych, Girota|Melantrych, Girota",1556,Prague,,Books,http://www.metmuseum.org/art/collection/search/346035,
17452,The American Wing,2002.0,Stained glass window,Stained Glass Window,American,Artist,active ca. 1850–ca. 1897,"Sharp, Henry E.",1867–69,New York,United States,,http://www.metmuseum.org/art/collection/search/17452,
5856,The American Wing,1913.0,Pitcher,Pitcher,American,Maker,1852–58,United States Pottery Company ,1852–58,Bennington,United States,,http://www.metmuseum.org/art/collection/search/5856,Grapes|Deer|Dogs
355072,Drawings and Prints,1925.0,Book,Strambotti,,Author, ,"Pamphilo, Sasso",late 15th–early 16th century,Florence,,Books,http://www.metmuseum.org/art/collection/search/355072,
746576,Drawings and Prints,1944.0,Book Print Ornament & Architecture,Botanical Print: Yellow Narcissus,,Publisher|Printer|Artist,"French, 19th century|French, active 1802–36|French, 1786–1834","Chavant, Fleury|Lambert ainé|Vincent, Henriette-Antoinette",[after 1844],Paris,,Books|Prints|Ornament & Architecture,http://www.metmuseum.org/art/collection/search/746576,
338388,Drawings and Prints,1991.0,Book ; Ornament and architecture,"The Cabinet Maker's Guide: Or, Rules and Instructions in the Art of Varnishing, Dying, Staining, Japanning, Polishing, Lackering and Beautifying Wood, Ivory, Tortoiseshell and Metal, with Observations on Their Management and Application",,Author|Printer|Publisher,British|London|London,"Siddons, George A.|McMillan, B.|Sherwood, Gilbert & Piper",1830,London,,Books|Ornament & Architecture,http://www.metmuseum.org/art/collection/search/338388,
433267,Drawings and Prints,1933.0,Print collection ornament & architecture,"Two variant designs for paneling with a river god at left and a putto riding a sea lion at right, from Ornements de panneaux pour enrichir les lambris, plate 4, bound in Oeuvres. Vol. IV",,Artist|Publisher,"French, Paris 1618–1682 Paris|French, Paris 1634–1716 Paris","Le Pautre, Jean|Mariette, Pierre le fils",17th century,Paris,,Prints|Ornament & Architecture,http://www.metmuseum.org/art/collection/search/433267,
344829,Drawings and Prints,1949.0,Book,The American Boy's Book; Comprising the Most Striking and Illustrative Scenes and Passages in the History of Our Country,,Publisher,"Philadelphia, Pennsylvania","George, R. S. H.",1845,Philadelphia,,Books,http://www.metmuseum.org/art/collection/search/344829,
628938,Drawings and Prints,1948.0,Print ornament & architecture,"Cartouche with a snail under a bunch of fruits at bottom left and right, from Strapwork Cartouches with Grotesques, plate 14",,Artist|Publisher,"Netherlandish, Leeuwarden 1527–1606 (?)  Antwerp (?)|Netherlandish, Antwerp ca. 1510–1570 Antwerp","Vredeman de Vries, Hans|Cock, Hieronymus",ca. 1555–70,Antwerp,,Prints|Ornament & Architecture,http://www.metmuseum.org/art/collection/search/628938,
502058,Musical Instruments,1889,Ichigen-kin (一絃琴),Ichigen-kin (一絃琴),Japanese,Maker,"Japanese, 19th century","Satake, Kasuke",19th century,Kochi,Japan,Chordophone-Zither-plucked-long zither,http://www.metmuseum.org/art/collection/search/502058,
770582,Drawings and Prints,1924.0,Print,The Castle of Cards,,Artist|Artist,"French, Paris 1735–1784 Paris|French, Paris 1699–1779 Paris","Lépicié, Nicolas Bernard|Chardin, Jean Siméon",1762,Paris,,Prints,http://www.metmuseum.org/art/collection/search/770582,Boys|Playing Cards|Tables
433204,Drawings and Prints,1933.0,Print collection ornament & architecture,"Title Page depicting an antique bust in a medallion supported by two cherubs, from Ornements de panneaux à la romaine, plate 1, bound in Oeuvres. Vol. IV",,Artist|Publisher,"French, Paris 1618–1682 Paris|French, Paris 1634–1716 Paris","Le Pautre, Jean|Mariette, Pierre le fils",published 1667,Paris,,Prints|Ornament & Architecture,http://www.metmuseum.org/art/collection/search/433204,
7974,The American Wing,1982.0,Sugar bowl,Sugar Bowl,British (American market),Maker,active ca. 1822–36,"Stubbs, Joseph",ca. 1826–ca. 1836,Stoke-on-Trent,England,,http://www.metmuseum.org/art/collection/search/7974,Buildings|Flowers
701360,Drawings and Prints,1962.0,Book,"Lithographic Impressions of Sketches from Nature, No. 6",,Printer|Artist|Printer|Publisher,"British, London 1789–1850 London|British, 1753–1844|British, 19th century|British, active 1819–35","Hullmandel, Charles Joseph|Nicholson, Francis|Rowney and Forster|Rodwell & Martin",1821,London,,Books,http://www.metmuseum.org/art/collection/search/701360,
702192,Drawings and Prints,1960.0,"Print, Fete, Ornament & Architecture",Plate 51: Members of the court of justice marching in the funeral procession of Archduke Albert of Austria; from 'Pompa Funebris ... Alberti Pii',,Artist|Artist,"French, Brussels 1577–1651 Brussels|Netherlandish, Antwerp 1576–1650 Antwerp","Francquart, Jacques|Galle, Cornelis, I",1623,Brussels,,Prints-Fete|Prints,http://www.metmuseum.org/art/collection/search/702192,Men|Horses|Funerals
716898,The American Wing,2020.0,Vase,Vase with crocuses,American,Designer,"American, Felicity, Ohio 1869–1904 Colorado Springs, Colorado","Van Briggle, Artus",1902,Colorado Springs,United States,,http://www.metmuseum.org/art/collection/search/716898,
681749,Drawings and Prints,1952.0,Print,"Lampes, from Recueil de divers Monumens Anciens répandus en plusieurs endroits de L'Italie",,Artist|Publisher|Printer,"French, Viarmes 1718–1762 Rome|Rome| ","Barbault, Jean|Bouchard & Gravier|Giunchi Heritiers de Komarek",1770,Rome,,Prints,http://www.metmuseum.org/art/collection/search/681749,
661840,Drawings and Prints,1918.0,Books Prints Ornament & Architecture,"Corona delle Nobili et Virtuose Donne: Libro I-IV, page 40 (recto)",,Publisher,"Italian, Pieve di Cadore 1521–1601 Venice","Vecellio, Cesare",1601,Venice,,Books|Prints|Ornament & Architecture,http://www.metmuseum.org/art/collection/search/661840,Ornament
689679,Arms and Armor,1913.0,Smallsword with scabbard,Smallsword with Scabbard,"British, London; blade, probably French, Paris",Goldsmith,"British, London, recorded 1724","Beckett, John","ca. 1690; blade, probably early 18th century",London|Paris,,Swords,http://www.metmuseum.org/art/collection/search/689679,
434937,Drawings and Prints,1951.0,Print textiles,"The Christ Child wearing a crown and holding a sceptre standing on a pedestal beneath an arch, a devotional piece for the Monastery of San Francisco Villacastín (province of Segovia)",,Artist, ,"de Agreda, Ventura",1771,Valladolid,,Prints|Textiles-Printed,http://www.metmuseum.org/art/collection/search/434937,
432006,Drawings and Prints,1933.0,Print collection ornament & architecture,"Half of a trelliswork pavilion with details, from Trelliswork pavilions, bound in Oeuvres. Vol. II",,Artist|Publisher,"French, ca. 1660–1744|French, Paris 1640–1703","Le Pautre, Pierre|Langlois, Nicolas",,Paris,,Prints|Ornament & Architecture,http://www.metmuseum.org/art/collection/search/432006,
893830,Drawings and Prints,1924,Print,"Sir Joshua Reynolds, Knight",,Engraver|Sitter|Artist|Publisher,"British, Salford 1739–1813 London|British, Plympton 1723–1792 London|British, Plympton 1723–1792 London|British, Salford 1739–1813 London","Green, Valentine|Reynolds, Joshua, Sir|Reynolds, Joshua, Sir|Green, Valentine","December 1, 1780",London,,Prints,http://www.metmuseum.org/art/collection/search/893830,
639691,Drawings and Prints,1958.0,Print,"Mary, Queen of Scots",,Sitter|Publisher,"British, Linlithgow 1542–1587 Fotheringhay|British, active 1813–40","Mary Queen of Scots|Crabb, Thomas","October 10, 1815",London,,Prints,http://www.metmuseum.org/art/collection/search/639691,Queens|Portraits|Women|Mary Queen of Scots
678082,Drawings and Prints,1953.0,Print,Children Gathering Black Berries,,Artist|Engraver|Publisher,"British, London 1763–1804 London|British, 1745?–?1809|British, London? 1746/47?–1823 Paris","Morland, George|Dawe, Philip|Dickinson, William",1788,Philadelphia,,Prints,http://www.metmuseum.org/art/collection/search/678082,
429702,Drawings and Prints,1953.0,Print collection ornament & architecture,"Justice, from Livre de Cartouches (Book of Cartouches), plate 4",,Artist|Publisher|Artist,"French, Paris 1703–1770 Paris|French, Orléans 1695–1772 Paris|French, Orléans 1695–1772 Paris","Boucher, François|Huquier, Gabriel|Huquier, Gabriel",1730–70,Paris,,Prints|Ornament & Architecture,http://www.metmuseum.org/art/collection/search/429702,
350402,Drawings and Prints,1937.0,Book,I) Navicula penitentie,,Printer|Artist|Printer|Publisher|Artist|Author,"German, Augsburg, 1502–1514|German, Augsburg 1473–1531 Augsburg|German, Augsburg, 1502–1514|German, Augsburg|German, Kaufbeuren 1471–1536 Augsburg|German (born Switzerland), Schaffhausen 1445–1510 Strasbourg","Otmar, Johann|Burgkmair, Hans|Otmar, Johann|Diemar, Georg|Hopfer, Daniel|Geiler, von Kaisersberg Johann",1508–11,Augsburg,,Books,http://www.metmuseum.org/art/collection/search/350402,
350359,Drawings and Prints,1960.0,Album,Les Toquades: Album compose de vignt plaches,,Artist|Publisher,"French, Paris 1804–1866 Paris|French, Paris","Gavarni, Paul|Lemercier & Cie.",mid–19th century,Paris,,Albums|Prints,http://www.metmuseum.org/art/collection/search/350359,
347525,Drawings and Prints,1924.0,Book Ornament & Architecture,Gentleman and Cabinet-Maker's Director,,Printer|Artist and publisher|Engraver|Calligrapher|Engraver|Engraver,"German, active London 1754–67|British, baptised Otley, West Yorkshire 1718–1779 London|German, Nuremberg 1715–1790 London|British, 1709–1762|German, active London, ca. 1752–1778|British, ca. 1720–1780 London","Haberkorn, John|Chippendale, Thomas|Müller, Johann Sebastian|Champion, Joseph|Müller, Tobias|Darly, Matthew",1755,London,,Books|Ornament & Architecture|Prints,http://www.metmuseum.org/art/collection/search/347525,
356816,Drawings and Prints,1970.0,Book,Marterln und Grabinschriften. Nach der Sammlung von Ludwig von Hörmann,,Editor|Publisher|Illustrator, | | ,"Schmidkunz, Walter|Richters & Company|Neu, Paul",1958,Heidelberg,,Books,http://www.metmuseum.org/art/collection/search/356816,
642607,Drawings and Prints,1948.0,Book,"L'Oeuvre original de Vivant Denon. Collection de eaux-fortes, Volume 2",,Publisher|Artist," |French, Givry 1747–1825 Paris","Barrand, A.|Denon, Dominique Vivant Baron",1873,Paris,,Books,http://www.metmuseum.org/art/collection/search/642607,
349042,Drawings and Prints,1952.0,Book,"Recueil et Parallèle des Édifices en Tout Genre, Anciens et Modernes",,Artist|Publisher|Lithographer,"French, Paris 1760–1834 Thiais| | ","Durand, Jean Nicolas Louis|Avanzo, D. et Cie.|Coune, J.",late 18th–mid-19th century,Liege,,Books,http://www.metmuseum.org/art/collection/search/349042,
888134,Drawings and Prints,1980,Print,Rosa Bonheur,,Sitter|Publisher|Printer|Publisher|Engraver|Artist,"French, Bordeaux 1822–1899 Thomery|American, active 1892–98|British, active 1855–1930s|British, active 1874–1899|British, London 1854–1910 London|German, Cologne 1862–1927 Paris","Bonheur, Rosa|British Art Publishers Union Limited|Holdgate|Lefèvre, Léon Henri|Pratt, Joseph Bishop|Fould, Consuelo",1896,London|New York,,Prints,http://www.metmuseum.org/art/collection/search/888134,Artists|Women|Palettes|Portraits|Dogs
679226,Drawings and Prints,1952.0,Print,"Vases Cinereres, from Recueil de divers Monumens Anciens répandus en plusieurs endroits de L'Italie",,Artist|Publisher|Printer,"French, Viarmes 1718–1762 Rome|Rome| ","Barbault, Jean|Bouchard & Gravier|Giunchi Heritiers de Komarek",1770,Rome,,Prints,http://www.metmuseum.org/art/collection/search/679226,
739518,The Libraries,,,La Basilica di San Marco in Venezia illustrata nella storia e nell'arte da scrittori veneziani : [volume 3],,Editor|Publisher, |(1842-1911),"Boito, Camillo|Ongania, Ferdinando",1881,Venice,Italy,,http://www.metmuseum.org/art/collection/search/739518,
667480,The American Wing,2014.0,Goblet,Goblet,American,Manufacturer|Engraver,"American, Brooklyn, New York, 1824–1868| ",Brooklyn Flint Glass Company|Stouvenel Joseph,1850–55,New York,United States,,http://www.metmuseum.org/art/collection/search/667480,
32844,Arms and Armor,1923.0,Reinforce for the left elbow,Reinforce for the Left Elbow,"German, Augsburg",Etcher,"German, Augsburg, ca. 1522–1603","Sorg the Younger, Jörg","ca. 1550–55, some etched decoration, possibly 19th century",Augsburg,,Armor Parts-Elbow Plates,http://www.metmuseum.org/art/collection/search/32844,
349330,Drawings and Prints,1968.0,Book,[Bonjour] Cinema,,Publisher,French,"Editions de la Sirene, Collection des Tractes",1921,Paris,,Books,http://www.metmuseum.org/art/collection/search/349330,
2732,The American Wing,1946.0,Cream pot,Hobnail Creamer,American,Maker,1863–1891,"Hobbs, Brockunier and Company ",after 1886,Wheeling,United States,,http://www.metmuseum.org/art/collection/search/2732,
27512,Arms and Armor,1954.0,Pair of highland flintlock pistols,Pair of Highland Flintlock Pistols,"Scottish, Doune",Gunsmith,"Scottish, died 1807","Campbell, John",late 18th century,Doune,,Firearms-Pistols-Flintlock,http://www.metmuseum.org/art/collection/search/27512,
644527,Drawings and Prints,1948.0,Print,"A nun's dream, bound in L'Oeuvre original de Vivant Denon. Collection de eaux-fortes, Volume 2",,Artist|Publisher,"French, Givry 1747–1825 Paris| ","Denon, Dominique Vivant Baron|Barrand, A.",1873,Paris,,Books,http://www.metmuseum.org/art/collection/search/644527,
641028,Drawings and Prints,1958.0,Print,"Mary, Queen of Scots",,Sitter|Artist,"British, Linlithgow 1542–1587 Fotheringhay|British, Orkney, Scotland 1721–1792 London","Mary Queen of Scots|Strange, Robert Sir",mid-18th century,London,,Prints,http://www.metmuseum.org/art/collection/search/641028,Queens|Portraits|Women|Mary Queen of Scots
887862,Drawings and Prints,1949,Album Print Ornament & Architecture,Vertical Grotesque Panel with a Personification of Architecture,,Artist,"Netherlandish, Hertogenbosch ca. 1510?–before 1556 Groningen","Bos, Cornelis",1548,Antwerp,,Albums|Prints|Ornament & Architecture,http://www.metmuseum.org/art/collection/search/887862,
9422,The American Wing,1951.0,Vase,Vase,American,Designer|Maker|Maker,"American, New York 1848–1933 New York|American, 1892–1902|1902–32","Tiffany, Louis C.|Tiffany Glass and Decorating Company|Tiffany Studios ",1912,New York,United States,,http://www.metmuseum.org/art/collection/search/9422,
697712,Drawings and Prints,1962.0,Print,"Jael hammering a tent peg into the temple of the sleeping Sisera, to the right a servant hides behind a curtain; from the series of 112 prints of the sacred history, after the painting by Giovanni Battista Pittoni",,Publisher|Artist|Artist,"Italian, Belluno 1707–1772 Venice|Italian, Venice 1687–1767 Venice|Italian, Belluno 1707–1772 Venice","Monaco, Pietro|Pittoni, Giovanni Battista|Monaco, Pietro",ca. 1730–39,Venice,,Prints,http://www.metmuseum.org/art/collection/search/697712,
629914,Drawings and Prints,1958.0,Print,"Mary, Queen of Scots",,Sitter|Artist|Publisher,"British, Linlithgow 1542–1587 Fotheringhay|British, London 1785–1857?|London","Mary Queen of Scots|Woolnoth, Thomas|Dean and Munday","July 1, 1824",London,,Prints,http://www.metmuseum.org/art/collection/search/629914,Portraits|Women|Mary Queen of Scots
347351,Drawings and Prints,1954.0,Book,"Undertakers' Supplies, Illustrated Catalogue, Appendix to Cat. of 1887",,Author,"New York, NY","Chappell, Chase, Maxwell & Co.",1887,Oneida,,Books,http://www.metmuseum.org/art/collection/search/347351,
5554,The American Wing,1933.0,Paul Revere's autograph,Paul Revere's Autograph,American,Artist,"American, Boston, Massachusetts 1734–1818 Boston, Massachusetts","Revere, Paul, Jr.",1745–1818,Boston,United States,,http://www.metmuseum.org/art/collection/search/5554,
727098,Drawings and Prints,1991.0,Book Prints Ornaments & Architecture,"Prismes: 40 Planches de Dessins et Coloris Nouveaux, Pl. 39",,Publisher|Designer,"French|French, 1877–1951","Moreau, Charles Editions d'Art|Séguy, Emile-Allain",[ca. 1930],Paris,,Books|Prints|Ornament & Architecture,http://www.metmuseum.org/art/collection/search/727098,
501852,Musical Instruments,1889,Trumpet,Trumpet,"So. America, Peru",Maker, ,Mochica,ca. 1000,Truxillo (Mochica),Peru,Aerophone-Lip Vibrated-trumpet / trombone,http://www.metmuseum.org/art/collection/search/501852,Animals
20124,The American Wing,2017.0,Teapot,Teapot,American,Maker,1837–present,Tiffany & Co.,ca. 1880,New York,United States,,http://www.metmuseum.org/art/collection/search/20124,Fish
350162,Drawings and Prints,1947.0,Book,Neue Garten Lust,,Designer|Engraver," |German, Augsburg 1674–1748 Augsburg","Fülck, Johann David|Pfeffel, Johann Andreas",ca. 1720,Augsburg,,Books,http://www.metmuseum.org/art/collection/search/350162,
2565,The American Wing,1933.0,Vase,Covered Vase,Dutch,Maker,1662–1854,Rose factory ,1727–39,Delft,Netherlands,,http://www.metmuseum.org/art/collection/search/2565,
434454,Drawings and Prints,1947.0,Print collection ornament & architecture,"Architectural composition with rocks and atlantes, from Grandes vues de grottes et jardins, plate 3",,Artist|Publisher,"French, Paris 1618–1682 Paris|French, Paris 1634–1716 Paris","Le Pautre, Jean|Mariette, Pierre le fils",17th century,Paris,,Prints|Ornament & Architecture,http://www.metmuseum.org/art/collection/search/434454,
389506,Drawings and Prints,1960.0,Book,Jewelry Circulars,,Author,"New York, NY","Averbeck, M. J.",ca. 1900–10,New York,,Books,http://www.metmuseum.org/art/collection/search/389506,
656014,Drawings and Prints,1947.0,Print,"Dead Red Deer (from ""Engravings of Lions, Tigers, Panthers, Leopards, Dogs, &c., Chiefly after the Designs of Sir Edwin Landseer)",,Publisher|Artist|Engraver," |British, London 1802–1873 London|British, active 1827–35","Bohn, Henry G.|Landseer, Edwin Henry, Sir|Scott, John R.",1853,London,,Prints,http://www.metmuseum.org/art/collection/search/656014,
338762,Drawings and Prints,1918.0,Book,Officia M.T.C. Von den tugentsamen ämptern,,Illustrator|Illustrator|Illustrator|Author|Printer|Translator,"German, Augsburg 1473–1531 Augsburg|German, Freiburg im Breisgau before 1500–ca. 1536 Strasbourg|Swiss, active 1503–1515|Roman, 106 BCE–40 BCE|German, 1522–1547|German","Burgkmair, Hans|Weiditz, Hans the Younger|Master DS|Cicero, Marcus Tullius|Steyner, Heinrich|Schwartzenberg, Johann von",1531,Augsburg,,Books,http://www.metmuseum.org/art/collection/search/338762,Men|Dogs|Working|Writing
424216,Drawings and Prints,1999.0,Print collection ornament and architecture,"Apollon couronnant les arts (Apollo Crowining the Arts), from Recueil de Différentes Compositions Frises et Ornements dessinées et gravées à la manière du lavis par La Grenée le Juene Se trouve chez l'Auteur, au Louvre et chez Basan, rue et Hôtel Serpente A Paris, in an album containing Recueil de Compositions par Lagrenée Le Jeune (Collection of Compositions by Lagrenée the Younger)",,Artist,"French, Paris 1739–1821 Paris","Lagrenée, Jean Jacques",1784,Paris,,Prints|Ornament & Architecture,http://www.metmuseum.org/art/collection/search/424216,Lyres|Women|Apollo
729394,Drawings and Prints,1932.0,"Book
Print
Ornament & Architecture
",Four designs for key-escutcheons,,Artist|Publisher,"French, Paris 1510/12–1585 Annecy|French, 1596–1657","Du Cerceau, Jacques Androuet|Mariette, Pierre",1546–49,Paris,,Books|Ornament & Architecture|Prints,http://www.metmuseum.org/art/collection/search/729394,
390672,Drawings and Prints,1920.0,Drawing Ornament and Architecture,"Frets, from Chippendale Drawings, Vol. II",,Artist,"British, baptised Otley, West Yorkshire 1718–1779 London","Chippendale, Thomas",1754,London,,Drawings|Ornament & Architecture,http://www.metmuseum.org/art/collection/search/390672,Ornament
701568,Drawings and Prints,1951.0,"Print, Fete, Ornament & Architecture","Plate 38: Triumphal ship with the city of Ghent in the background; from Guillielmus Becanus's 'Serenissimi Principis Ferdinandi, Hispaniarum Infantis...'",,Publisher,"Flemish, active 1620–47","Meursius, Johannes",1636,Antwerp,,Prints|Prints-Fete,http://www.metmuseum.org/art/collection/search/701568,Ships
661804,Drawings and Prints,1918.0,Books Prints Ornament & Architecture,"Corona delle Nobili et Virtuose Donne: Libro I-IV, page 15 (recto)",,Publisher,"Italian, Pieve di Cadore 1521–1601 Venice","Vecellio, Cesare",1601,Venice,,Books|Prints|Ornament & Architecture,http://www.metmuseum.org/art/collection/search/661804,Flowers|Vines
708768,"Arts of Africa, Oceania, and the Americas",2015.0,Photograph,Young Woman Seated in Apple Print Dress,,Artist,"Malian, Bamako ca. 1921–2001 Paris","Keïta, Seydou",1975,Bamako,Mali,Paper-Photographs,http://www.metmuseum.org/art/collection/search/708768,Portraits|Women
734078,Drawings and Prints,1937.0,Print ; Ornament and Architecture,Ancient Arch,,Artist,"French, Paris 1510/12–1585 Annecy","Du Cerceau, Jacques Androuet",mid 16th century,[Orleans?],,Ornament & Architecture|Prints,http://www.metmuseum.org/art/collection/search/734078,
642499,Drawings and Prints,1948.0,Print,"Michel Angiolo Amerighi da Caravaggio, bound in L'Oeuvre original de Vivant Denon. Collection de eaux-fortes, Volume 1",,Publisher|Artist," |French, Givry 1747–1825 Paris","Barrand, A.|Denon, Dominique Vivant Baron",1873,Paris,,Books,http://www.metmuseum.org/art/collection/search/642499,
679185,Drawings and Prints,1952.0,Print,"Urnes Cinereres, from Recueil de divers Monumens Anciens répandus en plusieurs endroits de L'Italie",,Artist|Publisher|Printer,"French, Viarmes 1718–1762 Rome|Rome| ","Barbault, Jean|Bouchard & Gravier|Giunchi Heritiers de Komarek",1770,Rome,,Prints,http://www.metmuseum.org/art/collection/search/679185,
345228,Drawings and Prints,1958.0,Book,"Drawings and Prices of Patent Axeltrees, Cart Arms, Springs, Lamps, Bolts, Steps, Shafts, Wings, and Carriage Furniture in General",,Artist and publisher,"British, 1825–1878","Auster, Thomas",ca. 1865,Birmingham,,Books,http://www.metmuseum.org/art/collection/search/345228,
647980,Drawings and Prints,1951.0,"Print, Fete, Ornament & Architecture","Plate 6: Ferdinand receiving the keys to the city of Ghent; from Guillielmus Becanus's 'Serenissimi Principis Ferdinandi, Hispaniarum Infantis...'",,Artist|Artist|Publisher,"Flemish, 1606–ca. 1674|Flemish, ca. 1600–1677|Flemish, active 1620–47","Jode, Pieter de II|Heuvel, Anton van den|Meursius, Johannes",1636,Antwerp,,Prints|Prints-Fete|Ornament & Architecture,http://www.metmuseum.org/art/collection/search/647980,Lions|Men|Women|Coat of Arms|Flags
760137,Drawings and Prints,1931.0,Book Print Ornament and Architecture,"Plate 49: Orchestra, from ""A New Book of Chinese Designs""",,Artist and publisher|Artist and publisher,"British, ca. 1720–1780 London|British, Stratford 1694–1773 Plaistow","Darly, Matthew|Edwards, George",1754,London,,Ornament & Architecture|Books|Prints,http://www.metmuseum.org/art/collection/search/760137,
712872,Drawings and Prints,1922.0,Book Print Ornament and Architecture,"Nouveau Livre de Desseins contenant les Ouvrages de la Joaillerie inventes et dessines par L. van der Cruycen en 1770, No. 12",,Publisher,"Flemish?, active Brussels and Paris, ca. 1760–80","Cruycen, L. van der",1770,Paris,,Ornament & Architecture|Prints|Books,http://www.metmuseum.org/art/collection/search/712872,
432631,Drawings and Prints,1933.0,Print collection ornament & architecture,"Two variants for handles for door and drawer handles, from Serrurerie, plate 4, bound in Oeuvres. Vol. III",,Artist|Publisher,"French, Paris 1618–1682 Paris|French, Paris 1634–1716 Paris","Le Pautre, Jean|Mariette, Pierre le fils",17th century,Paris,,Prints|Ornament & Architecture,http://www.metmuseum.org/art/collection/search/432631,
890012,The Libraries,,,Chingozine : [no. 7.5],,Author, ,Puro Chingón Collective,2012-,Austin,,,http://www.metmuseum.org/art/collection/search/890012,
344598,Drawings and Prints,1934.0,Book,The Pleasures of Imagination: A Poem in Three Books,,Author|Publisher|Illustrator,"British, Newcastle-upon-Tyne 1721–1770 London|Portland, Maine|American, New York 1775–1870 Jersey City, New Jersey","Akenside, Mark|Wait, Thomas B., & Co.|Anderson, Alexander",1807,Portland,,Books,http://www.metmuseum.org/art/collection/search/344598,
657460,Drawings and Prints,1952.0,Print,"Restes du Portique du Temple de Jupiter Stator, from Les Plus Beaux Monuments de Rome Ancienne ou Recueil des plus beaux Morceaux de l'Antiquité Romaine qui existent encore",,Publisher|Printer|Engraver|Artist,"Rome| |Italian, active Rome, ca. 1750–76|French, Viarmes 1718–1762 Rome","Bouchard & Gravier|Giunchi Heritiers de Komarek|Montagu, Dominico|Barbault, Jean",1761,Rome,,Prints,http://www.metmuseum.org/art/collection/search/657460,
433715,Drawings and Prints,1933.0,Print collection ornament & architecture,"Hunt of the wild boar of Calydon with a river god and nymph in the foreground at right, from a series of twenty-two plates depicting mythological subjects, plate 12, bound in Oeuvres. Vol. IV",,Artist|Publisher,"French, Paris 1618–1682 Paris|French, Blois 1688–1776 Paris","Le Pautre, Jean|Chereau, Jacques II Sr.",17th century,Paris,,Prints|Ornament & Architecture,http://www.metmuseum.org/art/collection/search/433715,
392684,Drawings and Prints,1959.0,Print,"Britannia Roused, or the Coalition Monsters Destroyed",,Artist|Subject|Subject,"British, London 1757–1827 London|British, 1732–1792|British, 1749–1806","Rowlandson, Thomas|North, Frederick, 2nd Earl of Guilford|Fox, Charles James","February 3, 1784",London,,Prints,http://www.metmuseum.org/art/collection/search/392684,Men|Female Nudes|Satire|Politics
20152,The American Wing,2018.0,Bowl,Bowl,American,Maker,"American, Biloxi, Mississippi 1857–1918  Biloxi, Mississippi","Ohr, George E.",ca. 1897–1900,Biloxi,United States,,http://www.metmuseum.org/art/collection/search/20152,
2722,The American Wing,1981.0,Cream pot,Creamer,American,Maker,"baptized 1799, active New York, 1826–63","Forbes, William",ca. 1840,New York,United States,,http://www.metmuseum.org/art/collection/search/2722,
343636,Drawings and Prints,1923.0,Book,"Unterschiedliche neue Inventionen von Geschmuckh, Zierathen und Galanterien",,Publisher|Engraver|Engraver|Artist,"German, 1663–1724|German, Augsburg 1674–1748 Augsburg|German, Augsburg 1672–1735 Augsburg|German, active 1693–99","Wolff, Jeremias|Pfeffel, Johann Andreas|Engelbrecht, Christian|Morison, Friedrich Jacob",ca. 1700,Augsburg,,Books,http://www.metmuseum.org/art/collection/search/343636,
348684,Drawings and Prints,1945.0,Book,Die Dichter des deutschen Volkes,,Artist|Artist|Artist|Publisher|Publisher,"German, Breslau 1815–1905 Berlin| |German, 19th century|German| ","Menzel, Adolph|Sonderland, J. B.|Hosemann, Th.|Draeger, J.|Hofmann, A. & Co.",1848,Berlin,,Books,http://www.metmuseum.org/art/collection/search/348684,
734247,Drawings and Prints,1939.0,"Book
Print
Ornament & Architecture","Arch of Pavle, Plate 22",,Artist,"French, Paris 1510/12–1585 Annecy","Du Cerceau, Jacques Androuet",1549,Orelans,,Books|Ornament & Architecture|Prints,http://www.metmuseum.org/art/collection/search/734247,
348845,Drawings and Prints,1970.0,Book,Souvenir de l'Exposition de 1867,,Artist|Publisher,"French, 19th century|Paris, 19th century",Draner|Dusacq,1867,Paris,,Books,http://www.metmuseum.org/art/collection/search/348845,
347620,Drawings and Prints,1988.0,Book,Purification of the Twelve: A Calendar for 1988,,Artist|Publisher|Designer|Printer,"Italian, born Naples, 1952|London|born 1942|British, late 20th century","Clemente, Francesco|Offay, Anthony d'|Bastian, Heiner|Elbracht",1987,London,,Books,http://www.metmuseum.org/art/collection/search/347620,
746636,Drawings and Prints,1944.0,Book Print Ornament & Architecture,Ornamental designs with garlands and bundles of stylized flowers and leaves,,Publisher|Lithographer|Designer,"French, 19th century|French|French (?), 19th Century","Chavant, Fleury|Schlatter, Georges|Buffardin, Stanislas Nicolas Théodore",[after 1844],Paris,,Books|Prints|Ornament & Architecture,http://www.metmuseum.org/art/collection/search/746636,
350329,Drawings and Prints,1966.0,Book,Mémoirs d'un Eléphant blanc,,Author|Artist|Illustrator|Publisher,"French, 1845–1917| |Czech, Ivančice 1860–1939 Prague| ","Gautier, Judith|Ruty, R.|Mucha, Alphonse|Armand Colin et Cie.",1894,Paris,,Books,http://www.metmuseum.org/art/collection/search/350329,
6684,The American Wing,1933.0,Porringer,Porringer,American,Maker,ca. 1671–1746,"Edwards, John",1725–45,Boston,United States,,http://www.metmuseum.org/art/collection/search/6684,
352161,Drawings and Prints,1966.0,Book,Wilanowska Bajka,,Author|Illustrator|Publisher,"Polish, 1905–1980| | ","Januszewska, Hanna|Jaworowski, Jerzy|Czytelnik",1964,Warsaw,,Books,http://www.metmuseum.org/art/collection/search/352161,
7545,The American Wing,1959.0,Cufflinks,Sleeve Button,American,Maker,1753–1792,"Rogers, Daniel",ca. 1770–92,Newport,United States,,http://www.metmuseum.org/art/collection/search/7545,
8119,The American Wing,1924.0,Spoon,Table Spoon,American,Maker|Maker,1778–1818|1771–1852,"Sayre, Joel|Sayre, John",ca. 1800,New York,United States,,http://www.metmuseum.org/art/collection/search/8119,
626037,Drawings and Prints,1947.0,Print ornament & architecture,"Cibele, from Deorum Dearumque Capita : ex vetustis numismatibus in gratiam antiquitatis studiosorum effigiata et edita",,Publisher|Artist|Artist|Artist,"Netherlandish, Haarlem 1537–1612 Antwerp|Netherlandish, Leeuwarden 1527–1606 (?)  Antwerp (?)|Netherlandish, 1528/32–1605|Netherlandish, active 1554–72, died before 1589","Galle, Philips|Vredeman de Vries, Hans|Doetecum, Johannes van I|Doetecum, Lucas van",1573,Antwerp,,Ornament & Architecture|Prints,http://www.metmuseum.org/art/collection/search/626037,
6101,The American Wing,1962.0,Plate,Plate,American,Maker,ca. 1685–1771,"Byles, Thomas",1711–71,Newport|Philadelphia,United States|United States,,http://www.metmuseum.org/art/collection/search/6101,
742505,Drawings and Prints,1970.0,Print,Who's Mistress Now?,,Artist|Publisher,"British, London 1757–1827 London|British, Nottinghamshire 1756–1823 London","Rowlandson, Thomas|Howitt, Samuel","June 25, 1802",London,,Prints,http://www.metmuseum.org/art/collection/search/742505,Women|Cats|Mirrors
433069,Drawings and Prints,1949.0,Print,"A soldier shaking the powder from his caliver, from the Marksmen series, plate 18, in Waffenhandlung von den Rören Musquetten undt Spiessen / Wapenhandelinghe van Roers Musquetten ende Spiessen (The Exercise of Arms)",,Artist|Artist|Artist,"Netherlandish, Antwerp 1565–1629 The Hague|Netherlandish, Antwerp 1565–1629 The Hague|Netherlandish, 1574/5–1659","Gheyn, Jacques de, II|Gheyn, Jacques de, II|Baudous, Robert Willemsz de",published 1608,The Hague,,Prints,http://www.metmuseum.org/art/collection/search/433069,
718083,The American Wing,2020.0,Vase,Vase with narcissus,American,Manufacturer|Decorator,"American, Cincinnati, Ohio 1880–1967|American, 1862–1947","Rookwood Pottery Company|Valentien, Anna Marie",1905,Cincinnati,United States,,http://www.metmuseum.org/art/collection/search/718083,
433211,Drawings and Prints,1933.0,Print collection ornament & architecture,"Landscape in an octagonal frame, from Ornements de panneaux à la romaine, plate 2, bound in Oeuvres. Vol. IV",,Artist|Publisher,"French, Paris 1618–1682 Paris|French, Paris 1634–1716 Paris","Le Pautre, Jean|Mariette, Pierre le fils",published 1667,Paris,,Prints|Ornament & Architecture,http://www.metmuseum.org/art/collection/search/433211,
681386,The Libraries,2009.0,,"Réponse aux plaintes des protestans touchant la prétendüe persecution de France. : Où l'on expose le sentiment de Calvin, & de tous les plus célebres ministres, sur les peines dûës aux hérétiques. On découves aussi plusieurs particularitez dignes d'être sçûës, touchant la Réformation & les réformateurs",,Printer|Author," |French, 1650–1725",Arnold Seneuse|Denis de Sainte-Marthe,1688,Paris,France,,http://www.metmuseum.org/art/collection/search/681386,
503622,Musical Instruments,2003,Tiple Puertorriqueño,Tiple Puertorriqueño,American (Puerto Rico),Maker, ,Colón Luis Ángel,2002,Barranquitas,United States,Chordophone-Lute-plucked-fretted,http://www.metmuseum.org/art/collection/search/503622,
678897,Drawings and Prints,1952.0,Print,"Basrelief Antique, from Recueil de divers Monumens Anciens répandus en plusieurs endroits de L'Italie",,Artist|Publisher|Printer,"French, Viarmes 1718–1762 Rome|Rome| ","Barbault, Jean|Bouchard & Gravier|Giunchi Heritiers de Komarek",1770,Rome,,Prints,http://www.metmuseum.org/art/collection/search/678897,
345160,Drawings and Prints,1921.0,Book,Il Cantico delle Creature (and) I Fioretti,,Publisher|Author," |Italian, 1181/82–1226","Modernissima|Francis of Assisi, Saint","October 31, 1920",Milan,,Books,http://www.metmuseum.org/art/collection/search/345160,
503234,Musical Instruments,1983,Violoncello,Violoncello,French,Maker,"French, Roret 1757–1822 Charenton Saint Maurice","Pique, François-Louis",ca. 1800,Paris,France,Chordophone-Lute-bowed-unfretted,http://www.metmuseum.org/art/collection/search/503234,
432052,Drawings and Prints,1933.0,Print collection ornament & architecture,"Two pedestals in the shape of female figures carrying baskets, from Termes, plate 2, bound in Oeuvres. Vol. II",,Artist|Publisher,"French, Paris 1618–1682 Paris|French, Paris 1618–1682 Paris","Le Pautre, Jean|Le Pautre, Jean",17th century,Paris,,Prints|Ornament & Architecture,http://www.metmuseum.org/art/collection/search/432052,
2659,The American Wing,1933.0,Cream pot,Creampot,American,Maker,"American, Rhode Island ca. 1723–ca. 1775","Casey, Samuel",1750–70,Exeter|South Kingstown,United States|United States,,http://www.metmuseum.org/art/collection/search/2659,
381953,Drawings and Prints,1937.0,Book,Oeuvres. Tome III.,,Artist|Publisher|Engraver|Engraver|Engraver,"French 1736–1782| |French, born Paris ca. 1736|French| ","Boucher, Juste Nathan|Le Pere et Avaulet|Pelletier, J. C.|Pichard|Juillet",1750–82,Paris,,Books,http://www.metmuseum.org/art/collection/search/381953,
20622,The American Wing,2010.0,Pitcher,Pitcher,American,Maker,"American, 1889–1896",Ceramic Art Company ,1889–1906,Trenton,United States,,http://www.metmuseum.org/art/collection/search/20622,Flowers
2640,The American Wing,1951.0,Cream pitcher,Cream pitcher,American,Manufacturer,"American, 1825–1888, Sandwich, Massachusetts",Boston and Sandwich Glass Company ,1830–40,Sandwich,United States,,http://www.metmuseum.org/art/collection/search/2640,
370242,Drawings and Prints,1973.0,Print,Belisarius,,Artist|Artist,"French, Rome 1770–1837 Paris|French, Paris 1779–1857 Paris","Gérard, François, baron|Desnoyers, Auguste Gaspard Louis Boucher",1806,Paris,,Prints,http://www.metmuseum.org/art/collection/search/370242,Boys|Men|Snakes|Generals
626165,Drawings and Prints,1947.0,Print ornament & architecture,"Piety, from Deorum Dearumque Capita : ex vetustis numismatibus in gratiam antiquitatis studiosorum effigiata et edita",,Publisher|Artist|Artist|Artist,"Netherlandish, Haarlem 1537–1612 Antwerp|Netherlandish, Leeuwarden 1527–1606 (?)  Antwerp (?)|Netherlandish, 1528/32–1605|Netherlandish, active 1554–72, died before 1589","Galle, Philips|Vredeman de Vries, Hans|Doetecum, Johannes van I|Doetecum, Lucas van",1573,Antwerp,,Prints|Ornament & Architecture,http://www.metmuseum.org/art/collection/search/626165,
14194,The American Wing,1989.0,Coverlet,Coverlet,American,Maker, ,"Phelps, Asahel",1853,Delhi,United States,,http://www.metmuseum.org/art/collection/search/14194,
35883,Arms and Armor,2013.0,Cabinet,Bashford Dean Presentation Cabinet,"American, New York",Maker|Maker,"American (born Germany) Munich 1900–1966 Clarksville, New Jersey|American, Kingswood, Bronx 1907–2004 Yonkers, New York","Heinrich, Leonard|Murton, Harvey",1927,New York,,Miscellaneous-Ironwork,http://www.metmuseum.org/art/collection/search/35883,Owls
347391,Drawings and Prints,1933.0,Book,First Book of Different Trophies,,Artist|Publisher|Etcher,"French, Cuille 1680–1723 Paris|French, 18th century|French, Orléans 1695–1772 Paris","Charpentier, René|Chez Huquier|Huquier, Gabriel",1700–1730,Paris,,Books,http://www.metmuseum.org/art/collection/search/347391,
6233,The American Wing,1941.0,Plate,Plate,American,Maker,1799–1831,"Yale, Hiram",1822–31,Wallingford,United States,,http://www.metmuseum.org/art/collection/search/6233,
347075,Drawings and Prints,1935.0,Book,Le Feste Veneziane della Serenissima,,Artist|Engraver|Publisher,"Italian, Venice 1697–1768 Venice|Italian, Venice 1712–1796 Venice| ","Canaletto (Giovanni Antonio Canal)|Brustolon, Giovanni Battista|Zanetti, G.",1922,Venice,,Books,http://www.metmuseum.org/art/collection/search/347075,
734734,Drawings and Prints,1920.0,"Book
Ornament and architecture
Print","Temple of Minerva, from Temples in the Ancient Style",,Artist,"French, Paris 1510/12–1585 Annecy","Du Cerceau, Jacques Androuet",1550,Orleans,,Books|Ornament & Architecture|Prints,http://www.metmuseum.org/art/collection/search/734734,
347062,Drawings and Prints,1925.0,Book,Lamento,,Author,"Italian, 16th century","Campana, Nicolo",1526,Venice,,Books,http://www.metmuseum.org/art/collection/search/347062,
346817,Drawings and Prints,1964.0,Book,"Wood - Cut Tones - Samples of Wood Engravings Printed with the ""Art"" series of Toned Wood - Cut Inks",,Author,"Buffalo, New York",Buffalo Printing Ink Works,1887,Buffalo,,Books,http://www.metmuseum.org/art/collection/search/346817,
2689,The American Wing,1933.0,Cream pot,Creamer,American,Maker,1744–1816,"Moulton, Joseph",ca. 1800,Newburyport,United States,,http://www.metmuseum.org/art/collection/search/2689,
720581,"Arts of Africa, Oceania, and the Americas",2017.0,Drawing,Drawing,Chachet Baining people,Artist, ,Marmgi,1972,Walmetki village,Papua New Guinea,Drawings|Paper,http://www.metmuseum.org/art/collection/search/720581,
576,The American Wing,1971.0,Tile,Border Tile,American,Maker,"American, Chelsea, Massachusetts, 1877–1903","Low Art Tile Works, J. and J. G.",1881,Chelsea,United States,,http://www.metmuseum.org/art/collection/search/576,
5840,The American Wing,1914.0,Pitcher,Pitcher,American,Maker,active 1849–79,Pyatt ,ca. 1849–79,Zanesville,United States,,http://www.metmuseum.org/art/collection/search/5840,
346930,Drawings and Prints,1945.0,Book,Needle and Brush: Useful and Decorative. Metropolitan Art Series,,Publisher,"New York, NY",Butterwick Publishing Co.,1889,New York,,Books,http://www.metmuseum.org/art/collection/search/346930,
491189,Modern and Contemporary Art,1943,Textile sample,Sample,American,Maker|Maker,"American (born Germany), Frankfurt-am-Main 1863–1962 Staten Island, New York|American (born Germany ?), 1868– (?)","Stirn, Louis A.|Stirn, Edmund A.",1925,New York,America,Textiles-Printed,http://www.metmuseum.org/art/collection/search/491189,
736077,Drawings and Prints,1959.0,Print,The Westminster Deserter Drum'd Out of The Regiment,,Subject|Publisher|Subject|Artist|Subject,"British, Yorkshire 1734–1805 Lincolnshire|London|British, active 1780–85|British, London 1757–1827 London|British, 1749–1806","Wray, Cecil Sir|Humphrey, Hannah|House, Samuel|Rowlandson, Thomas|Fox, Charles James","May 18, 1784",London,,Prints,http://www.metmuseum.org/art/collection/search/736077,Drums|Crowd|Satire|Politics
787720,Drawings and Prints,1959.0,Print,Sr. Samuel House,,Artist|Subject|Publisher,"British, London 1757–1827 London|British, active 1780–85|British, active 1786–95","Rowlandson, Thomas|House, Samuel|Brookes, Henry",[1780] reissued 1786–91,London,,Prints,http://www.metmuseum.org/art/collection/search/787720,Drinking|Satire|Men
348213,Drawings and Prints,1956.0,Book,Jagdfibel,,Author|Artist|Publisher, | | ,"Czernin, Ferdinand Graf|Ledebur, Eugen Graf|Frick, Wilhelm",1950s (?),Vienna,,Books,http://www.metmuseum.org/art/collection/search/348213,
345235,Drawings and Prints,1921.0,Book,Autograph Etchings by American Artists. . . Selections from American Poets,,Publisher|Artist|Artist|Artist|Artist|Artist|Artist|Artist|Artist|Artist|Artist|Artist|Artist,"New York, NY|American, New York 1827–1889 Saratoga Springs, New York|American, Jefferson, New Jersey 1796–1886 Maplewood, New Jersey|American, Schwäbisch Gmünd 1816–1868 Washington, D.C.|American, Cheshire, Connecticut 1816–1872 New York|American, Philadelphia, Pennsylvania 1822–1888 Claymont, Delaware|American, New York 1811–1893 Saratoga Springs, New York|American, Lovell, Maine 1824–1906 New York|American, Nonamesset, Massachusetts 1840–1905 New York|American, Pittsburg, Pennsylvania 1830–1896 Germantown, Pennsylvania|British, Norwich 1833–1905 London|American, 1833–1927|American, Charleston, South Carolina 1831–1870 Brighton","Townsend, W. A., & Co.|Ehninger, John Whetten|Durand, Asher Brown|Leutze, Emanuel|Kensett, John Frederick|Darley, Felix Octavius Carr|Casilear, John William|Johnson, Eastman|Gifford, Robert Swain|Lambdin, George Cochran|Boughton, George Henry|Dana, William Parsons Wincester|Mignot, Louis Remy",1859,New York,,Books,http://www.metmuseum.org/art/collection/search/345235,
345972,Drawings and Prints,1966.0,Book,"Gaspard de la Nuit, Fantaisies à la Manière de Rembrandt et de Callot",,Author|Illustrator|Publisher," |French, Brittany 1869–1903 Finistère, Brittany|French, 1866–1939","Bertrand, Louis|Séguin, Armand|Vollard, Ambroise",1904,Paris,,Books,http://www.metmuseum.org/art/collection/search/345972,
347579,Drawings and Prints,1953.0,Books Prints Ornament & Architecture,Prima parte de' fiori,,Printer|Publisher|Author," |Italian, active 16th century|Italian, born Siena, ca. 1560","Moretti, Nicolo|Franceschi Francesco de'|Ciotti, Giovanni Battista",1591,Venice,,Books|Prints|Ornament & Architecture,http://www.metmuseum.org/art/collection/search/347579,
433129,Drawings and Prints,1933.0,Print collection ornament & architecture,"Two friezes with the Triumph of Baccchus at top and with Silenus riding a donkey at bottom, from Frises, feuillages et ornements à l'italienne, plate 5, bound in Oeuvres. Vol. IV",,Artist|Publisher,"French, Paris 1618–1682 Paris|French, Paris 1634–1716 Paris","Le Pautre, Jean|Mariette, Pierre le fils",17th century,Paris,,Prints|Ornament & Architecture,http://www.metmuseum.org/art/collection/search/433129,
8297,The American Wing,1969.0,Teacup and saucer,Teacup and saucer,American,Designer|Manufacturer,1820–1887|1863–1922,"Müller, Karl L. H.|Union Porcelain Works ",ca. 1876,Brooklyn,United States,,http://www.metmuseum.org/art/collection/search/8297,Flowers
108,The American Wing,1989.0,Andiron,Andiron,American,Maker,"American, active New York, 1736–1815","Bailey, John",1792–1814,New York,United States,,http://www.metmuseum.org/art/collection/search/108,
431291,Drawings and Prints,1933.0,Print collection ornament & architecture,"Fireplace ornamented with a mask, from Livre de Cheminées Executées a Marly, plate 4, bound in Oeuvres. Vol. I",,Artist|Publisher,"French, ca. 1660–1744|French, active ca.1670–1700","Le Pautre, Pierre|Daigremont, M.",1670–99,Paris,,Prints|Ornament & Architecture,http://www.metmuseum.org/art/collection/search/431291,
771881,Drawings and Prints,1924.0,Print,"Portrait of Isabella Brant, Rubens' first wife",,Artist|Sitter|Artist,"German, active Mannheim, 1773–1847|Flemish, 1591–1626|Flemish, Siegen 1577–1640 Antwerp","Bissel, Andreas Ludwig|Brant, Isabella|Rubens, Peter Paul",1799–1810,Paris,,Prints,http://www.metmuseum.org/art/collection/search/771881,Portraits|Women|Reading
8467,The American Wing,1923.0,Spoon,Tea Spoon,American,Maker,1723–1795,"Myers, Myer",1760–75,New York,United States,,http://www.metmuseum.org/art/collection/search/8467,
345110,Drawings and Prints,1966.0,Book,The art decorator; designs in colours for art workers and amateurs,,Publisher,London,"Grevel, H. & Co.",1907,London,,Books,http://www.metmuseum.org/art/collection/search/345110,
356227,Drawings and Prints,1947.0,Book,The Useful,,Author,"American, 19th century","Rinn, J. P.",1877,Boston,,Books,http://www.metmuseum.org/art/collection/search/356227,
371955,Drawings and Prints,1941.0,Book,"Des grossen und weltberühmten Vitruvii Architectura, in des kurze verfasst, durch Herrn Perrault",,Author|Editor|Translator|Printer|Publisher,"Roman, active late 1st century BCE|French, 1613–1688|German| |German","Vitruvius, Marcus|Perrault, Claude|Müller, M.|Lochner, Paul und Meyer|Würzburgische Ingenieurs und Architectur Academie",1757,Würzburg,,Books,http://www.metmuseum.org/art/collection/search/371955,
7827,The American Wing,1933.0,Spoon,Spoon,American,Maker,ca. 1666–1718,"Webb, Edward",ca. 1710,Boston,United States,,http://www.metmuseum.org/art/collection/search/7827,
452151,Islamic Art,1970.0,Folio from an illustrated manuscript,"""Bizhan Receives an Invitation through Manizha's Nurse"", Folio 300v from the Shahnama (Book of Kings) of Shah Tahmasp",,Author|Artist,"Iranian, Paj ca. 940/41–1020 Tus|Iranian",Abu'l Qasim Firdausi|'Abd ul-Vahhab,ca. 1525–30,Tabriz,Iran,Codices,http://www.metmuseum.org/art/collection/search/452151,Men|Women|Horses
312336,"Arts of Africa, Oceania, and the Americas",1979.0,Figure,Gwandansu,Bamana,Artist, ,Bamana artist,15th–first half 20th century,Bougouni or Dioila region,Mali,Wood-Sculpture,http://www.metmuseum.org/art/collection/search/312336,Infants|Mothers
2443,The American Wing,1946.0,Punch bowl,Covered Punch Bowl,American,Maker,1863–1891,"Hobbs, Brockunier and Company ",ca. 1885–87,Wheeling,United States,,http://www.metmuseum.org/art/collection/search/2443,
734408,Drawings and Prints,1963.0,"Book
Ornament & Architecture
Prints","Design for a Dormer, from Second Book of Architecture",,Publisher|Artist," |French, Paris 1510/12–1585 Annecy","Wechel, André|Du Cerceau, Jacques Androuet",1561,Paris,,Books|Ornament & Architecture|Prints,http://www.metmuseum.org/art/collection/search/734408,
729799,Drawings and Prints,1977.0,Portfolio Prints Ornament & Architecture,"Formes et Couleurs, Planche 15",,Publisher|Designer," |French, active ca. 1910–30","Lévy, Albert Librairie Centrale des Beaux-Arts|Thomas, Auguste H.",ca. 1930 (?),Paris,,Portfolios|Ornament & Architecture|Prints,http://www.metmuseum.org/art/collection/search/729799,
778723,Drawings and Prints,1937.0,"Print, Ornament & Architecture",Design for a Covered Pear-Shaped Cup,,Artist|Publisher,"German, Nuremberg before 1567–after 1631 Nuremberg|German, Lübeck ca. 1548–1633 Nuremberg","Flindt, Paul|Dürer, Friedrich",1594,Nuremberg,,Prints|Ornament & Architecture,http://www.metmuseum.org/art/collection/search/778723,
20325,The American Wing,2019.0,Bowl and stand,Bowl and Stand,American,Maker,"American, Brooklyn, New York 1879–1972 Punta Gorda, Florida","Zimmermann, Marie",ca. 1922,New York,United States,,http://www.metmuseum.org/art/collection/search/20325,
344782,Drawings and Prints,1935.0,Book,Almanach Géographique Élementaire,,Publisher, ,Chez Desnos,1770,Paris,,Books,http://www.metmuseum.org/art/collection/search/344782,
311484,"Arts of Africa, Oceania, and the Americas",1978.0,Paddle,Paddle,Asmat people,Artist, ,Chief Veri,mid-20th century,Bu,Indonesia,Wood-Implements,http://www.metmuseum.org/art/collection/search/311484,
435503,Drawings and Prints,1918.0,Print collection ornament & architecture,"Landscape in an octagonal frame, from Ornements de panneaux à la romaine, plate 2, in A Bound Collection of Print Series Including Cheminées et Lambris, Alcoves à la Romaine, Feuillages et autres ornemens..., etc.",,Artist|Publisher|Publisher,"French, Paris 1618–1682 Paris|French, 1712–1784|French, Paris 1634–1716 Paris","Le Pautre, Jean|Jombert, Charles Antoine|Mariette, Pierre le fils",1751,Paris,,Prints|Ornament & Architecture,http://www.metmuseum.org/art/collection/search/435503,
354080,Drawings and Prints,1988.0,Print,Le Jardin des supplices,,Author|Lithographer|Printer|Publisher,"French, 1850–1917|French, Paris 1840–1917 Meudon|French, 1858–1936|French, 1866–1939","Mirbeau, Octave-Henri-Marie|Rodin, Auguste|Clot, Auguste|Vollard, Ambroise",1902,Paris,,Prints,http://www.metmuseum.org/art/collection/search/354080,Women
16149,The American Wing,1998.0,Sampler,Sampler with apocalyptic verse,American,Maker,1817–1835,"McFarlan, Ann",1827,Johnstown,United States,,http://www.metmuseum.org/art/collection/search/16149,
358914,Drawings and Prints,1972.0,Book,The Rectory Children,,Author|Illustrator|Publisher|Publisher,"British, Rotterdam, Netherlands 1839–1921 London|British, Liverpool 1845–1915 Horsham| |Edinburgh","Molesworth, Mary Louisa|Crane, Walter|Macmillan & Co.|Clark, R. & R.",1920,London,,Books,http://www.metmuseum.org/art/collection/search/358914,
349175,Drawings and Prints,1933.0,Book,Eton Montem,,Author|Illustrator|Publisher,"British, 1770–1849|American, New York 1775–1870 Jersey City, New Jersey|Boston, Massachusetts","Edgeworth, Maria|Anderson, Alexander|Munroe and Francis",after 1824,Boston,,Books,http://www.metmuseum.org/art/collection/search/349175,
20139,The American Wing,2008.0,Bracelet,Bracelet,American,Maker,1876–1907,Shiebler & Co. George W.,ca. 1880,New York,United States,,http://www.metmuseum.org/art/collection/search/20139,Heads|Profiles
718090,The American Wing,2020.0,Bowl,Bowl,American,Maker,"American, Cowgill, Missouri 1887–1967 Los Angeles, California","Lukens, Glen",ca. 1940–50,Los Angeles,United States,,http://www.metmuseum.org/art/collection/search/718090,
5549,The American Wing,1985.0,Solid Casting Pattern,Pattern for applied cactus motif on the Magnolia Vase,American,Maker,1837–present,Tiffany & Co.,ca. 1893,New York,United States,,http://www.metmuseum.org/art/collection/search/5549,
1773,The American Wing,1968.0,Side Chair,Side Chair,American,Maker,1824–1887,"Marcotte, Léon",ca. 1860,New York,United States,,http://www.metmuseum.org/art/collection/search/1773,
358916,Drawings and Prints,1972.0,Book,A Book of Christmas Verse,,Editor|Illustrator|Publisher|Printer,"British, London 1859–1919 Norwich|British, Liverpool 1845–1915 Horsham|London|Edinburgh","Beeching, Henry Charles|Crane, Walter|Methuen & Co., Ltd.|Constable, T. and A.",1895,London,,Books,http://www.metmuseum.org/art/collection/search/358916,
5834,The American Wing,1986.0,Pitcher,Pitcher,American,Maker|Manufacturer,"American, Biloxi, Mississippi 1857–1918  Biloxi, Mississippi|1883–1906","Ohr, George E.|Biloxi Art Pottery ",1890–1905,Biloxi,United States,,http://www.metmuseum.org/art/collection/search/5834,
349747,Drawings and Prints,1986.0,Book,Rubáiyát of Omar Khayyám,,Translator|Illustrator|Publisher|Author,"British, Suffolk 1809–1883 Merton, Norfolk|Hungarian, Szeged 1882–1955 New York|New York, NY|Persian, Neyshabur, Khorasan 1048–1131 Neyshabur, Khorasan","FitzGerald, Edward|Pogány, Willy|Crowell, Thomas Y., Company|Khayyám, Omar",1930,New York,,Books,http://www.metmuseum.org/art/collection/search/349747,
350535,Drawings and Prints,1948.0,Book,"Nuovo corso d'architettura civile dedotta dai migliori monumenti Greci, Romani, e Italiani del cinquecento",,Architect|Publisher, | ,"Ginesi, Antonio|Allegrini, Pietro e compagni",1813,Florence,,Books,http://www.metmuseum.org/art/collection/search/350535,
20276,The American Wing,2018.0,Vase,Vase,American,Manufacturer,1900–1908,Merrimac Pottery,ca. 1900–8,Newburyport,United States,,http://www.metmuseum.org/art/collection/search/20276,
5411,The American Wing,1962.0,Note pad holder,Note Pad Holder,American,Designer|Maker,"American, New York 1848–1933 New York|1902–32","Tiffany, Louis C.|Tiffany Studios ",ca. 1910–20,New York,United States,,http://www.metmuseum.org/art/collection/search/5411,
350040,Drawings and Prints,1977.0,Book,Nouveaux modèles de sièges modernes,,Artist|Publisher,"French, 1859–1917| ","Foussier, Ernest|Thézard, E. Fils",n.d.,Dourdan (Seine-et-Oise),,Books,http://www.metmuseum.org/art/collection/search/350040,
349376,Drawings and Prints,1993.0,Book,Estey Residence Organ,,Author,"Brattleboro, Vermont",Estey Organ Company,19th–20th century,Brattleboro,,Books,http://www.metmuseum.org/art/collection/search/349376,
666304,The American Wing,2014.0,Decanter,Decanter,American,Engraver|Manufacturer,"American|American, East Cambridge, Massachusetts, 1818–1888","Doms, Francis|New England Glass Company ",1843–ca. 1850,Cambridge,United States,,http://www.metmuseum.org/art/collection/search/666304,
7781,The American Wing,1929.0,Spoon,Spoon,American,Maker,active ca. 1765–96,"Dunn, Cary",ca. 1780,New York,United States,,http://www.metmuseum.org/art/collection/search/7781,
348769,Drawings and Prints,1924.0,Book,"Beschryvinge van Nieuw-Nederlant, (ghelijck het tegenwoordigh in staet is) begrijpende de nature, aert, gelegentheyt en vrucht-baerheyt van het selve lant ...",,Author|Publisher|Binder,"Dutch, 1620–1655|Amsterdam| ","Donck, Adriaen van der|Nieuwenhof, Evert|Lortic fils",1655,Amsterdam,,Books,http://www.metmuseum.org/art/collection/search/348769,
390610,Drawings and Prints,1920.0,Drawing Ornament and Architecture,"Writing Table, from Chippendale Drawings, Vol. II",,Artist,"British, baptised Otley, West Yorkshire 1718–1779 London","Chippendale, Thomas",1753,London,,Drawings|Ornament & Architecture,http://www.metmuseum.org/art/collection/search/390610,Tables
628932,Drawings and Prints,1948.0,Print ornament & architecture,"Cartouche with a standing male nude supporting the central strapwork cartouche at bottom center, from Strapwork Cartouches with Grotesques, plate 9",,Artist|Publisher,"Netherlandish, Leeuwarden 1527–1606 (?)  Antwerp (?)|Netherlandish, Antwerp ca. 1510–1570 Antwerp","Vredeman de Vries, Hans|Cock, Hieronymus",ca. 1555–70,Antwerp,,Prints|Ornament & Architecture,http://www.metmuseum.org/art/collection/search/628932,
640546,Drawings and Prints,1948.0,Print,"A lion gnawing on a bone, bound in L'Oeuvre original de Vivant Denon. Collection de eaux-fortes, Volume 1",,Publisher|Artist|Artist," |Dutch, Leiden 1606–1669 Amsterdam|French, Givry 1747–1825 Paris","Barrand, A.|Rembrandt (Rembrandt van Rijn)|Denon, Dominique Vivant Baron",1873,Paris,,Books,http://www.metmuseum.org/art/collection/search/640546,
418623,Drawings and Prints,1928.0,Prints Collection Ornament and Architecture,Palazzo delli Re d'Inghilterra (floor plan),,Draftsman|Publisher|Architect,"Italian, Rome 1600–1654 Rome|Italian, Rome 1627–1691 Rome|Italian, 1444–1515","Ferrerio, Pietro|Rossi, Giovanni Giacomo De|Bramante, Donato d'Agnolo",1655,Cologne,,Prints|Ornament & Architecture,http://www.metmuseum.org/art/collection/search/418623,
371948,Drawings and Prints,1941.0,Book,Marci Vitruvii Pollionis de architectura libri decem; ad optimorum librorum fidem accurate editi,,Author|Publisher|Printer,"Roman, active late 1st century BCE| | ","Vitruvius, Marcus|Holtze, Otto|Metzger & Wittig",1869,Leipzig,,Books,http://www.metmuseum.org/art/collection/search/371948,
2576,The American Wing,1969.0,Vegetable dish,Covered Vegetable Dish,American,Maker,1863–1922,Union Porcelain Works ,1885,Brooklyn,United States,,http://www.metmuseum.org/art/collection/search/2576,
433783,Drawings and Prints,1933.0,Print collection ornament & architecture,"The Last Supper, bound in Oeuvres. Vol. IV",,Artist|Publisher,"French, Paris 1618–1682 Paris|French, Blois 1688–1776 Paris","Le Pautre, Jean|Chereau, Jacques II Sr.",17th century,Paris,,Prints|Ornament & Architecture,http://www.metmuseum.org/art/collection/search/433783,
452638,Islamic Art,1974.0,Folio from an illustrated manuscript,"""Rustam Lassos the Khaqan of Chin, Pulling him from his White Elephant"", Folio from a Shahnama (Book of Kings)",,Author,"Iranian, Paj ca. 940/41–1020 Tus",Abu'l Qasim Firdausi,ca. 1330–40,probably Isfahan,Iran,Codices,http://www.metmuseum.org/art/collection/search/452638,Horses|Men
688591,Drawings and Prints,1937.0,Book,Vari disegni di merletti (page 11r),,Artist|Publisher,"Italian, active Bologna and Siena 1610–1643| ","Danieli, Bartolomeo|Parisini, Agostine & Giovanni Battista Negrponte",1639,Bologna,,Books,http://www.metmuseum.org/art/collection/search/688591,Ornament
501621,Musical Instruments,1889,Cittern,Cittern,British,Maker,"German, active London ca. 1783–1793 New York",Claus Christian,1783–89,London,United Kingdom,Chordophone-Lute-plucked-fretted,http://www.metmuseum.org/art/collection/search/501621,
20076,The American Wing,2018.0,Vase,Vase,American,Manufacturer|Designer,1872–1889|1844–1908,"Chelsea Keramic Art Works |Robertson, Hugh C",ca. 1885–89,Chelsea,United States,,http://www.metmuseum.org/art/collection/search/20076,
631071,Drawings and Prints,1943.0,Print,"The Throne of Solomon with female figures on either side hilding incense burners and flowers, from Maria Vergine Coronata; Descrizione e dichiarazione della Divota Solennita fatta in Reggio li 13 Maggio 1674",,Author|Printer|Artist|Artist,"Italian| |Italian, Bologna (?) 1634–1718 Bologna|Italian, active 17th century","Certani, Giacomo|Vedrotti, Prospero|Mitelli, Giuseppe Maria|Manzini, Prospero",1675,Reggio,,Prints,http://www.metmuseum.org/art/collection/search/631071,
858081,Drawings and Prints,1954,Album; print,A Map of the British Empire in America with the French and Spanish Settlements Adjacent Thereto,,Author|Publisher|Author|Engraver|Publisher|Engraver,"British, 1656–1742|British, active from 1722, died 1755|British, died 1743|French, Paris 1696–1762 London|British, ca. 1700–1765|British, ca. 1700–1765","Halley, Edmund|Harding, Samuel|Popple, Henry|Baron, Bernard|Toms, William Henry|Toms, William Henry",1733,London,,Books|Prints,http://www.metmuseum.org/art/collection/search/858081,
690640,Drawings and Prints,1952.0,Book,"Vuë du Palais de la Cancellerie Apostolique, from Les Plus Beaux Edifices de Rome Moderne, ou Recueil des plus belles vues des principales eglises, places, palais, fontaines etc. qui sont dans Rome",,Publisher|Artist|Printer|Artist,"Rome|Italian, active Rome, ca. 1750–76| |French, Viarmes 1718–1762 Rome","Bouchard & Gravier|Montagu, Dominico|Komarek|Barbault, Jean",1763,Rome,,Books,http://www.metmuseum.org/art/collection/search/690640,
2505,The American Wing,1946.0,Sugar bowl,Covered Hobnail Sugar Bowl,American,Maker,1863–1891,"Hobbs, Brockunier and Company ",after 1886,Wheeling,United States,,http://www.metmuseum.org/art/collection/search/2505,
344160,Drawings and Prints,1937.0,Book Collection Ornament & Architecture,Album of Goldsmith's Designs by Hans Janssen,,Engraver|Artist|Binder|Publisher,"Dutch, 1607–after 1629|Dutch, 1605–after 1631| |Dutch, Amsterdam 1586–1652 Amsterdam","Lochom, Bartolomeus van|Janssen, Hans|Lemardeley, Leon|Visscher, Claes Jansz.",ca. 1660,Amsterdam,,Albums|Ornament & Architecture|Prints,http://www.metmuseum.org/art/collection/search/344160,
1792,The American Wing,1933.0,Side Chair,Side Chair,American,Maker, ,"Smith, Michael",1780–1800,Kingston or vicinity,United States,,http://www.metmuseum.org/art/collection/search/1792,
347988,Drawings and Prints,1970.0,Book ; ornament and architecture,"Rural Churches, Their Histories, Architecture and Antiquities",,Artist|Publisher,"British, active ca. 1869|London","Corner, Sidney|Groombridge and Sons",1869,London,,Books|Ornament & Architecture,http://www.metmuseum.org/art/collection/search/347988,
377572,Drawings and Prints,1985.0,Print,Advertising Card for a Candleholder and Shade: No. 57 Martha Washington,,Publisher,"American, Brooklyn, New York 1853–1936 Buffalo, New York","Rohlfs, Charles",1907,Buffalo,,Prints,http://www.metmuseum.org/art/collection/search/377572,
348050,Drawings and Prints,1942.0,Book ; Ornament and architecture,"Du Génie de L'Architecture. Ouvrage ayant pour but de rendre cet art accessible au sentiment commun, en le rappelant à son origine, à ses propriétés, à son génie; et contenant une doctrine générale...",,Author|Publisher,"French, 1770–1849|Paris","Coussin, Jean Antoine|Firmin Didot",1822,Paris,,Books|Ornament & Architecture,http://www.metmuseum.org/art/collection/search/348050,
6922,The American Wing,1969.0,Salad plate,Salad Plate,American,Maker,1863–1922,Union Porcelain Works ,1885–87,Brooklyn,United States,,http://www.metmuseum.org/art/collection/search/6922,
434696,Drawings and Prints,1953.0,Print collection ornament & architecture,"Copy of Acteon transformed into a deer, from a series of twenty-two plates depicting mythological subjects, plate 8",,Artist|Publisher,"French, Paris 1618–1682 Paris|Dutch (born Germany), Elberfeld 1660–ca. 1713 Amsterdam","Le Pautre, Jean|Schenck, Pieter",17th century,Paris,,Prints|Ornament & Architecture,http://www.metmuseum.org/art/collection/search/434696,
425838,Drawings and Prints,1953.0,Print ornament & architecture,"Horizontal Panel with a Row of Flowers Above a Frieze with Figures in a Landscape, from Livre Nouveau de Fleurs Tres-Util",,Artist|Publisher,"French, Troyes 1610–1686 Paris|French, Rouen 1600–1668 Paris","Cochin, Nicolas|Moncornet, Balthazar",1645,Paris,,Ornament & Architecture|Prints,http://www.metmuseum.org/art/collection/search/425838,Men|Women|Flowers|Landscapes|Leaves
770176,Drawings and Prints,1953.0,Print,Little Girl with Cherries,,Artist and publisher|Artist,"French, Paris 1688–1754 Paris|French, Paris 1699–1779 Paris","Cochin, Charles Nicolas, I|Chardin, Jean Siméon",1738,Paris,,Prints,http://www.metmuseum.org/art/collection/search/770176,Cherries|Girls|Baskets
350210,Drawings and Prints,1954.0,Book ; Ornament and architecture,"Feriae Architectonicae, der Siebende Theil. . .mit Liebreichen Delectationen der drey Arten hochnützlichen Gebäuwen",,Artist|Engraver,"German, 1591–1667|German, 1632–1655","Furttenbach, Joseph the Elder|Furttenbach, Joseph the Younger",1662,[Augsburg?] n.l.,,Books|Ornament & Architecture,http://www.metmuseum.org/art/collection/search/350210,
434960,Drawings and Prints,1929.0,Print collection ornament & architecture,"Title Page depicting a tabernacle ornamented with a monstrance within an arch, from Tabernacles à l'italienne, plate 1",,Artist|Publisher,"French, Paris 1618–1682 Paris|French, Paris 1634–1716 Paris","Le Pautre, Jean|Mariette, Pierre le fils",published 1661,Paris,,Prints|Ornament & Architecture,http://www.metmuseum.org/art/collection/search/434960,
349854,Drawings and Prints,1928.0,Book,Recueil de Decorations Intérieures,,Artist|Artist|Publisher,"French, Pontoise 1762–1853 Paris|French, Paris 1764–1838 Paris|French, 1761–1853","Fontaine, Pierre François Léonard|Percier, Charles|Didot, Pierre l'ainé",1812,Paris,,Books,http://www.metmuseum.org/art/collection/search/349854,
9817,The American Wing,1952.0,Stained glass window,Stained-glass window,American,Maker,ca. 1620–ca. 1700,"Duyckinck, Evert",ca. 1656,New York,United States,,http://www.metmuseum.org/art/collection/search/9817,Coat of Arms
345189,Drawings and Prints,1950.0,Book,Sample book of lithographed cards,,Publisher, ,Aubry Publishing,1870–80,Paris,,Books,http://www.metmuseum.org/art/collection/search/345189,
19070,The American Wing,2005.0,Platter,Platter,American,Maker,1879–1908,Willets Manufacturing Company ,1883–85,Trenton,United States,,http://www.metmuseum.org/art/collection/search/19070,Birds|Trees|Boats
22605,Arms and Armor,1915.0,Harquebusier's armor,"Harquebusier's Armor of Pedro II, King of Portugal (reigned 1683–1706)","British, London",Armorer|Armorer,"French, 1857–1928, active in France and America|British, London, recorded 1658–1708","Tachaux, Daniel|Holden, Richard",ca. 1683 and later,London,,Armor for Man,http://www.metmuseum.org/art/collection/search/22605,
786771,Drawings and Prints,1959.0,Print,"The True Method of Sitting a Horse, Mathematically Delineated",,Artist|Publisher|Artist|Artist,"British, Mildenhall, Suffolk 1750–1811 Keswick, Cumberland|British, London 1776–1846 London|British, London 1757–1827 London|British, 1765–1809 London","Bunbury, Henry William|Tegg, Thomas|Rowlandson, Thomas|Woodward, George Murgatroyd",1809,London,,Prints,http://www.metmuseum.org/art/collection/search/786771,Satire|Telescopes|Horses
427893,Drawings and Prints,1961.0,Prints Collection Ornament & Architecture,"Copy of Design for a Vase with a Bacchanal Bas-Relief, from Vasses de la Maison Royalle de L'oo",,Artist|Publisher,"French, Paris 1661–1752 The Hague| ","Marot, Daniel, the Elder|Benthemensus",after 1703,Amsterdam,,Prints|Ornament & Architecture,http://www.metmuseum.org/art/collection/search/427893,
377934,Drawings and Prints,1991.0,Book,Intérieurs de Süe et Mare,,Designer|Author|Designer|Publisher|Dedicatee|Artist,"French, Bordeaux 1875–1968 Paris|Romanian, Bucharest 1893–1956 Monaco|French, Argentan 1887–1932 Paris|French|French|French, Paris 1882–1958 St-Germain-en-Laye","Süe, Louis|Badovici, Jean|Mare, André|Morancé, Editions Albert|Albert, Morancé Yvonne Madame|Vera, Paul",1924,Paris,,Books,http://www.metmuseum.org/art/collection/search/377934,
355787,Drawings and Prints,1962.0,Book,The Tale about the Dead Princess and the Seven Knights,,Author|Illustrator|Publisher,"Russian, Moscow 1799–1837 St. Petersburg|Russian, Nizhnii Novgorod 1900–1996 Moscow| ","Pushkin, Alexander Sergeyevich|Mavrina, Tatiana Alekseevna|Sovetskaya Rossiya",1962,Moscow,,Books,http://www.metmuseum.org/art/collection/search/355787,
4663,The American Wing,1933.0,Ladle,Ladle,American,Maker,ca. 1723–1808,"Hollingshead, William",1755–75,Philadelphia,United States,,http://www.metmuseum.org/art/collection/search/4663,
760105,Drawings and Prints,1931.0,Book Print Ornament and Architecture,"Plate 35: Oblong Landskip with Borders, from ""A New Book of Chinese Designs""",,Artist and publisher|Artist and publisher,"British, Stratford 1694–1773 Plaistow|British, ca. 1720–1780 London","Edwards, George|Darly, Matthew",1754,London,,Ornament & Architecture|Books|Prints,http://www.metmuseum.org/art/collection/search/760105,
9814,The American Wing,1941.0,Will,Will,American,Maker,1739–1820,"Verplanck, Samuel",1793,New York,United States,,http://www.metmuseum.org/art/collection/search/9814,
431437,Drawings and Prints,1933.0,Print collection ornament & architecture,"Altarpiece ornamented with a painting of the Holy Family with the Infant Saint John, from Retables d'autels, plate 12, bound in Oeuvres. Vol. II",,Artist|Publisher,"French, Paris 1618–1682 Paris|French, Paris 1634–1716 Paris","Le Pautre, Jean|Mariette, Pierre le fils",17th century,Paris,,Prints|Ornament & Architecture,http://www.metmuseum.org/art/collection/search/431437,
679180,Drawings and Prints,1952.0,Print,"Urnes Sepulcrales, from Recueil de divers Monumens Anciens répandus en plusieurs endroits de L'Italie",,Artist|Publisher|Printer,"French, Viarmes 1718–1762 Rome|Rome| ","Barbault, Jean|Bouchard & Gravier|Giunchi Heritiers de Komarek",1770,Rome,,Prints,http://www.metmuseum.org/art/collection/search/679180,
7059,The American Wing,1951.0,Salt,Salt,American,Maker,"American, 1825–1888, Sandwich, Massachusetts",Boston and Sandwich Glass Company ,1830–45,Sandwich,United States,,http://www.metmuseum.org/art/collection/search/7059,
351936,Drawings and Prints,1930.0,Book,New Book of Locksmith's Work,,Artist and publisher,"French, Paris 1730–1805 Shrewsbury","Huquier, Jacques Gabriel",18th century,Paris,,Books,http://www.metmuseum.org/art/collection/search/351936,
19924,The American Wing,2018.0,Vase,Vase,American,Maker|Manufacturer,1867–1961|1903–1961,"Perry, Mary Chase|Pewabic Pottery ",ca. 1907–10,Detroit,United States,,http://www.metmuseum.org/art/collection/search/19924,
433106,Drawings and Prints,1949.0,Print,"A soldier on guard pressing his match on the serpentine, from the Marksmen series, plate 40, in Waffenhandlung von den Rören Musquetten undt Spiessen / Wapenhandelinghe van Roers Musquetten ende Spiessen (The Exercise of Arms)",,Artist|Artist|Artist,"Netherlandish, Antwerp 1565–1629 The Hague|Netherlandish, Antwerp 1565–1629 The Hague|Netherlandish, 1574/5–1659","Gheyn, Jacques de, II|Gheyn, Jacques de, II|Baudous, Robert Willemsz de",published 1608,The Hague,,Prints,http://www.metmuseum.org/art/collection/search/433106,
19067,The American Wing,2005.0,Vase,Vase,American,Maker,"American, Trenton, New Jersey, 1871–1893",Ott and Brewer ,1882–90,Trenton,United States,,http://www.metmuseum.org/art/collection/search/19067,Birds
350169,Drawings and Prints,1963.0,Book,A Manual of Instruction in the Art of Wood Engraving,,Author|Publisher,"American, New York 1831–1907 Washington, D.C|New York, NY","Fuller, Susan E. W.|Industrial Publication Company",1879,New York,,Books,http://www.metmuseum.org/art/collection/search/350169,
746603,Drawings and Prints,1944.0,Book Print Ornament & Architecture,Ornamental Designs with Garlands and Bundles with Stylized Flowers and Leaves,,Designer|Lithographer|Publisher,"French (?), 19th Century|French|French, 19th century","Buffardin, Stanislas Nicolas Théodore|Schlatter, Georges|Chavant, Fleury",[after 1844],Paris,,Books|Prints|Ornament & Architecture,http://www.metmuseum.org/art/collection/search/746603,
433661,Drawings and Prints,1933.0,Print collection ornament & architecture,"Frieze at the bottom ornamented with medallions at the bottom with the emblems of Apollo and with a globe with the arms of france at left, from Frises, plate 1, bound in Oeuvres. Vol. IV",,Artist,"French, Paris 1618–1682 Paris","Le Pautre, Jean",17th century,Paris,,Prints|Ornament & Architecture,http://www.metmuseum.org/art/collection/search/433661,
631064,Drawings and Prints,1943.0,Print,"Soldiers on foot and horseback surround a temple in which Christ crowns the Madonna della Ghiara, from Maria Vergine Coronata; Descrizione e dichiarazione della Divota Solennita fatta in Reggio li 13 Maggio 1674",,Author|Printer|Artist|Artist,"Italian| |Italian, Bologna (?) 1634–1718 Bologna|Italian, active 17th century","Certani, Giacomo|Vedrotti, Prospero|Mitelli, Giuseppe Maria|Draghi, Carlo Virginio",1675,Reggio,,Prints,http://www.metmuseum.org/art/collection/search/631064,
698540,Drawings and Prints,1921.0,Book,Plate 43: David returning in triumph after defeating the Syrians; from 'Imagines Veteris Ac Novi Testamenti A Raphaele Sanctio Urbinate in Vaticani Palatii Xystis' after Raphael,,Artist|Artist|Publisher,"Italian, Urbino 1483–1520 Rome|Italian, Marsala, Sicily 1650–1692/1700 Rome|Italian, Rome 1627–1691 Rome","Raphael (Raffaello Sanzio or Santi)|Aquila, Pietro|Rossi, Giovanni Giacomo De",1675,Rome,,Books,http://www.metmuseum.org/art/collection/search/698540,
349816,Drawings and Prints,1966.0,Book,Flora designs de luxe. Eighth Edition,,Author,"New York, NY",Florists Exchange,1924,New York,,Books,http://www.metmuseum.org/art/collection/search/349816,
359348,Drawings and Prints,1961.0,Book,Goethe's Frauengestalten (Goethe-Galerie),,Editor|Artist|Publisher,"German|German, Arolsen 1804–1874 Munich|German, active 19th century","Spielhagen, Friedrich|Kaulbach, Wilhelm von|Bruckmann, Friedrich",19th century,Munich/ Berlin,,Books,http://www.metmuseum.org/art/collection/search/359348,
350209,Drawings and Prints,1957.0,Book,Mechanische Reissladen,,Author|Engraver,"German, 1591–1667|German, active Augsburg, 1590–1651, died Frankfurt-am-Main","Furttenbach, Joseph the Elder|Custos, Raphael",1644,Augsburg,,Books,http://www.metmuseum.org/art/collection/search/350209,
27861,Arms and Armor,1948.0,Flintlock pistol,Flintlock Pistol,"British, London",Barrelsmith|Silversmith,"London, recorded 1738|British, recorded from 1775","Hall, John|King, John",ca. 1771–72,London,,Firearms-Pistols-Flintlock,http://www.metmuseum.org/art/collection/search/27861,
746559,Drawings and Prints,1944.0,Book Print Ornament & Architecture,Ornamental designs with scrolling motifs and strapwork,,Lithographer|Publisher|Designer,"French|French, 19th century|French, 19th Century","Schlatter, Georges|Chavant, Fleury|Pointis Mme.",[after 1844],Paris,,Books|Prints|Ornament & Architecture,http://www.metmuseum.org/art/collection/search/746559,
13732,The American Wing,1883.0,Panel,Panel of George Washington,French,Maker, ,J. R.,1856,Lyon,France,,http://www.metmuseum.org/art/collection/search/13732,Men|George Washington
347647,Drawings and Prints,1929.0,Book,Catalogue de L'Oeuvre de Ch. Nic. Cochin fils,,Author|Subject of book|Publisher|Designer|Artist|Publisher,"French, 1712–1784|French, Paris 1715–1790 Paris| |French, 1747–ca. 1804|French, Brest 1737–1813 Brest|French, Paris 1762–1824 Paris","Jombert, Charles Antoine|Cochin, Charles Nicolas, II|Prault|Prevost, Benoit Louis|Ozanne, Pierre|Regnault Delalande, François Léandre","1770, 1801, 1811",Paris,,Books,http://www.metmuseum.org/art/collection/search/347647,
6525,The American Wing,1914.0,Platter,Platter,British (American market),Maker,active ca. 1845–59,Morley & Co. Francis,ca. 1845–ca. 1859,Stoke-on-Trent|Stoke-on-Trent,England|England,,http://www.metmuseum.org/art/collection/search/6525,Boats|Ships
426888,Drawings and Prints,1930.0,Prints Collection Ornament & Architecture,"Air, from a Series of Vertical Panels with Modern Grotesques and the Four Elements, part of Œuvres du Sr. D. Marot",,Artist|Publisher,"French, Paris 1661–1752 The Hague| ","Marot, Daniel, the Elder|Husson, Pierre",published 1703 or 1712,The Hague,,Prints|Ornament & Architecture,http://www.metmuseum.org/art/collection/search/426888,
626464,Drawings and Prints,1958.0,Print ornament & architecture,"Cupid, from Deorum Dearumque Capita : ex vetustis numismatibus in gratiam antiquitatis studiosorum effigiata et edita",,Publisher|Artist|Artist|Artist,"Netherlandish, Haarlem 1537–1612 Antwerp|Netherlandish, Leeuwarden 1527–1606 (?)  Antwerp (?)|Netherlandish, 1528/32–1605|Netherlandish, active 1554–72, died before 1589","Galle, Philips|Vredeman de Vries, Hans|Doetecum, Johannes van I|Doetecum, Lucas van",1573,Antwerp,,Prints|Ornament & Architecture,http://www.metmuseum.org/art/collection/search/626464,
712100,Drawings and Prints,1980.0,Print,"Section view of the design for the baths, Foro Bonaparte, Milan",,Artist|Architect,"Italian, Parma 1773–1840|Italian, Ravenna 1756–1841 Bologna","Rados, Luigi|Antolini, Giovanni Antonio",1806,Parma,,Prints,http://www.metmuseum.org/art/collection/search/712100,
7366,The American Wing,1969.0,Secretary,"Secretary from the Jay Gould House, New York City",American,Maker,"German, active New York, 1864–1906",Herter Brothers,1882,New York,United States,,http://www.metmuseum.org/art/collection/search/7366,Flowers
727936,Drawings and Prints,1991.0,Book Prints Ornament & Architecture,"Fleurs (Flowers), Plate 12",,Designer|Printer|Publisher,"French, active 1920–30s| | ","Gladky, Serge|Kadar, G.|Editions ""Synth""",1929,Paris,,Books|Prints|Ornament & Architecture,http://www.metmuseum.org/art/collection/search/727936,
431775,Drawings and Prints,1933.0,Print collection ornament & architecture,"A palace viewed from the other side of a canal, from Grottes et fontaines de jardins à l'italienne, plate 6, bound in Oeuvres. Vol. II",,Artist|Publisher,"French, Paris 1618–1682 Paris|French, Paris 1634–1716 Paris","Le Pautre, Jean|Mariette, Pierre le fils",17th century,Paris,,Prints|Ornament & Architecture,http://www.metmuseum.org/art/collection/search/431775,
632406,The American Wing,2014.0,Tankard,Tankard,American,Maker,"American, Providence, Rhode Island, 1831–present",Gorham Manufacturing Company,1898,Providence,United States,,http://www.metmuseum.org/art/collection/search/632406,Animals|Men|Women
368597,Drawings and Prints,1926.0,Print,Female statues known as Thusnelda and the Veiled Sabina from the Collection of Cardinal Della Valle,,Artist|Publisher|Artist,"Italian, Parma 1523–1567 Ferrara|Salamanca 1478–1562 Rome|Italian, Bologna 1504/5–1570 Paris","Vico, Enea|Salamanca, Antonio|Primaticcio, Francesco",1541,Rome,,Prints,http://www.metmuseum.org/art/collection/search/368597,
5523,The American Wing,1983.0,Paperweight,Paperweight,American,Maker,"American, 1861–ca. 1930","Gillinder and Sons, James",ca. 1876,Philadelphia,United States,,http://www.metmuseum.org/art/collection/search/5523,Abraham Lincoln|Men
710363,Drawings and Prints,1952.0,Book,"The Delineator, A Monthly Magazine Illustrating Metropolitan Fashions, Vol. XVII, No. 6",,Publisher,"New York, NY","Butterick, E. and Co.",June 1881,New York,,Books,http://www.metmuseum.org/art/collection/search/710363,
727104,Drawings and Prints,1991.0,Book Prints Ornament & Architecture,"Collection ""Décors et Couleurs"" Album No. 2, Planche 4",,Artist|Artist|Publisher,French| | ,"Saudé, Jean|Burkhalter, Jean|Lévy, Albert, Editions",[ca. 1930],Paris,,Books|Prints|Ornament & Architecture,http://www.metmuseum.org/art/collection/search/727104,
346534,Drawings and Prints,1924.0,Book Prints Ornament & Architecture,Nouveaux Deisseins de Meubles et Ouvrages de Bronze et de Marqueterie,,Artist and engraver|Publisher,"French, Paris 1642–1732 Paris|Paris","Boulle, André Charles|Mariette",ca. 1720,Paris,,Books|Prints|Ornament & Architecture,http://www.metmuseum.org/art/collection/search/346534,
6927,The American Wing,1969.0,Salad plate,Salad Plate,American,Maker,1863–1922,Union Porcelain Works ,1885–87,Brooklyn,United States,,http://www.metmuseum.org/art/collection/search/6927,
6254,The American Wing,1963.0,Plate,Plate,American,Maker,1831–37,Tucker and Hemphill ,ca. 1838,Philadelphia,United States,,http://www.metmuseum.org/art/collection/search/6254,
343925,Drawings and Prints,1963.0,Book,Albert Mevers Nachfolger Dr. Mackwald & Hankel: Kunst-Guss in Eisen und Zink,,Printer,German,Giesecke & Devrient,after 1871,Leizpig,,Books,http://www.metmuseum.org/art/collection/search/343925,
729880,Drawings and Prints,1991.0,Book Prints Ornamet & Architecture,"Papiers Peints et Tentures Modernes, Pl. 39, Papier peint, composition de Stéphany",,Artist|Printer|Publisher|Author,French| | |French,"Stéphany, Henri|Catala frères|Massin, Ch. & Cie.|Clouzot, Henri",[1929],Paris,,Books|Prints|Ornament & Architecture,http://www.metmuseum.org/art/collection/search/729880,
311633,"Arts of Africa, Oceania, and the Americas",1978.0,Bowl,Bowl,Asmat people,Artist, ,Sereuw,mid-20th century,Amanamkai village,Indonesia,Wood-Containers,http://www.metmuseum.org/art/collection/search/311633,
728479,Drawings and Prints,1991.0,Book Prints Ornament & Architecture,"Nouvelles Compositions Décoratives, 1re Série, Pl. 22",,Author|Designer|Publisher,"French|French, active 1920–30s|French","Rémon, Georges|Gladky, Serge|Moreau, Charles Editions d'Art",[ca. 1930],Paris,,Books|Prints|Ornament & Architecture,http://www.metmuseum.org/art/collection/search/728479,
3794,The American Wing,1960.0,Footstool,Footstool,American,Maker,"American (born Scotland), near Lock Fannich, Ross-Shire, Scotland 1768/1770–1854 New York","Phyfe, Duncan",1810–20,New York,United States,,http://www.metmuseum.org/art/collection/search/3794,
823351,The American Wing,2020.0,Cup and saucer,Demi tassé cup and saucer,American,Designer|Manufacturer,"American, Tarrytown, New York 1882–1971 Plattsburgh, New York|Vernon, California, 1931–1958","Kent, Rockwell|Vernon Kilns",1935,Vernon,United States,,http://www.metmuseum.org/art/collection/search/823351,
358413,Drawings and Prints,1938.0,Book ; Ornament and architecture,Regola delli cinque ordini d'Architettura di M. Giacomo Barozzio Da Vignola,,Author|Publisher|Subject of book|Subject of book,"Italian, Vignola 1507–1573 Rome| |Italian, Vignola 1507–1573 Rome|Italian, Caprese 1475–1564 Rome","Vignola, Jacopo [Giacomo] Barozzi da|Blaeu, Joan and Cornelius|Vignola, Jacopo [Giacomo] Barozzi da|Michelangelo Buonarroti",1640,Amsterdam,,Books|Ornament & Architecture,http://www.metmuseum.org/art/collection/search/358413,
681349,The Libraries,,,"Calendrier belgique, curieux et utile, contenant les evenemens historiques sur les jours de l'an, et les travaux à faire dans les jardins en chaque mois de l'année, la description des tableaux remarquables, que l'on trouve dans la ville de Gand, avec les noms des peintres pour l'annėe MDCCLXXII",,Publisher, ,Pierre de Goesin,1772,Ghent,Belgium,,http://www.metmuseum.org/art/collection/search/681349,
432664,Drawings and Prints,1933.0,Print collection ornament & architecture,"Five figures: one woman and two couples as caryatids, from a series of Allegories after Paolo Farinati, bound in Oeuvres. Vol. III",,Artist|Artist|Publisher,"French, Paris 1618–1682 Paris|Italian, Verona 1524–1606 Verona|French, Paris 1634–1716 Paris","Le Pautre, Jean|Farinati, Paolo|Mariette, Pierre le fils",17th century,Paris,,Prints|Ornament & Architecture,http://www.metmuseum.org/art/collection/search/432664,
370872,Drawings and Prints,1934.0,Album Print Ornament & Architecture,"Two Armorial Trophies marked by the incorporation of an Elephant's Head on the right, plate 6 from ""Libro de' Trofei""",,Artist|Former Attribution|Publisher|Artist," |Italian, Parma 1523–1567 Ferrara|French, Orgelet, Franche-Comte ca. 1512–1577 Rome|Italian, Caravaggio ca. 1499–ca. 1543 Messina","Anonymous, Italian, 16th century|Vico, Enea|Lafreri, Antonio|Caravaggio, Polidoro da",ca. 1550–53,Rome,,Prints|Ornament & Architecture|Albums,http://www.metmuseum.org/art/collection/search/370872,
22135,Arms and Armor,1911.0,Cup-hilted rapier,Cup-Hilted Rapier,"Italian, Milan; blade, German, Solingen",Sword maker,"Italian, Milan, active ca. 1650–75","Piccinino, Carlo",ca. 1650–75,Milan,,Swords,http://www.metmuseum.org/art/collection/search/22135,Battles|Men|Horses
9423,The American Wing,1951.0,Vase,Vase,American,Designer|Maker,"American, New York 1848–1933 New York|New York","Tiffany, Louis C.|Tiffany Furnaces",ca. 1912,New York,United States,,http://www.metmuseum.org/art/collection/search/9423,
358275,Drawings and Prints,1935.0,Book,Le Jardin du Roy tres Chrestien Henry IV roy de France et de Navare,,Designer|Author|Dedicatee,"French, ca. 1575–1657| |Florence 1575–1642 Colgne","Vallet, Pierre|Robin, Joannes|Medici, Marie de",1608,Paris,,Books,http://www.metmuseum.org/art/collection/search/358275,Flowers|Leaves
487681,Modern and Contemporary Art,1930,Bottle,Bottle,,Designer,"American, Middletown, Connecticut, 1865–1929 Syracuse, New York","Robineau, Adelaide Alsop",1926,Syracuse,United States,Ceramics-Porcelain,http://www.metmuseum.org/art/collection/search/487681,
344978,Drawings and Prints,1925.0,Book,La Trasformazione di Narciso (The Transformation of Narcissus),,Author|Publisher, | ,"Anguillara, Giovanni Andrea Dell'|Stella",ca. 1560–1600,Florence,,Books,http://www.metmuseum.org/art/collection/search/344978,
479734,The Cloisters,2013.0,Panel,Marriage Panel of Gabriel Weydacher and his wife Juliana Wemis with the Virgin and Child and Saints Barbara and Catherine,German,Artist,"German, 1480–1542","Beck, Leonhard",1519,Augsburg,Germany,Glass-Stained,http://www.metmuseum.org/art/collection/search/479734,Women|Madonna and Child|Saint Catherine|Saints
348662,Drawings and Prints,1931.0,Book,Recueil de Draperies d'Hallavant mis au jour et augmenté par Osmond et Dezon [1e Cahier],,Publisher,"French, early 19th century",Osmont et Dezon,n.d. [ca. 1815],Paris,,Books,http://www.metmuseum.org/art/collection/search/348662,
887869,Drawings and Prints,1949,Album Print Ornament & Architecture,Flemish Grotesque with a Woman playing a String Instrument on a Fantastic Cart,,Artist,"Netherlandish, Hertogenbosch ca. 1510?–before 1556 Groningen","Bos, Cornelis",ca. 1550,Antwerp,,Albums|Prints|Ornament & Architecture,http://www.metmuseum.org/art/collection/search/887869,
19929,The American Wing,2018.0,Vase,Vase,American,Manufacturer|Designer,"1892–1954|American (born England), Hanley, Stoke-on-Trent 1880–1942 New York","Roseville Pottery|Rhead, Frederick Hurten",ca. 1904–8,Zanesville,United States,,http://www.metmuseum.org/art/collection/search/19929,
377917,Drawings and Prints,1928.0,Book,"Nouveau Recueil de Parures de Joyaillerie, second livre",,Publisher|Artist|Engraver|Publisher," |French, born Paris, 1738|French, 1735–1775|French, 1740?–1813","Pouget fils|Saint Quentin, Jacques Philippe Joseph de|Littret, de Montigny Claude Antoine|Tilliard, Jean-Baptiste",1764,Paris,,Books,http://www.metmuseum.org/art/collection/search/377917,
452111,Islamic Art,1970.0,Folio from an illustrated manuscript,"""The Feast of Sada"", Folio 22v from the Shahnama (Book of Kings) of Shah Tahmasp",,Artist|Author,"Iranian, active first half 16th century|Iranian, Paj ca. 940/41–1020 Tus",Sultan Muhammad|Abu'l Qasim Firdausi,ca. 1525,Tabriz,Iran,Codices,http://www.metmuseum.org/art/collection/search/452111,Men|Animals|Deer|Goats|Fire
431426,Drawings and Prints,1933.0,Print collection ornament & architecture,"Altarpiece with Christ and the Virgin mourning his death, from Retables d'autels, plate 7, bound in Oeuvres. Vol. II",,Artist|Publisher,"French, Paris 1618–1682 Paris|French, Paris 1634–1716 Paris","Le Pautre, Jean|Mariette, Pierre le fils",17th century,Paris,,Prints|Ornament & Architecture,http://www.metmuseum.org/art/collection/search/431426,
9076,The American Wing,1946.0,Tumbler,Tumbler,American,Maker,1863–1891,"Hobbs, Brockunier and Company ",after 1886,Wheeling,United States,,http://www.metmuseum.org/art/collection/search/9076,
430806,Drawings and Prints,1933.0,Print collection ornament & architecture,"Two variants for a bedroom with statues in front of columns, from Alcôves à la française, plate 2, bound in Oeuvres. Vol. I",,Artist|Publisher,"French, Paris 1618–1682 Paris|French, Paris 1640–1703","Le Pautre, Jean|Langlois, Nicolas",published 1678,Paris,,Prints|Ornament & Architecture,http://www.metmuseum.org/art/collection/search/430806,
355869,Drawings and Prints,1958.0,Book,Oeuvres de Jean Racine,,Author|Illustrator|Illustrator|Illustrator|Illustrator|Illustrator|Engraver|Publisher|Illustrator,"French, baptized 1639–1699 Paris|French, Cluny 1758–1823 Paris|French, Paris 1746–1810 Paris|French, Montargis 1767–1824 Paris|French, active early 19th century|French, Paris 1763–1810 Paris|French, active 1787–1817|French, 1761–1853|French, Rome 1770–1837 Paris","Racine, Jean|Prud'hon, Pierre Paul|Moitte, Jean Guillaume|Girodet-Trioson, Anne Louis|Taunai|Chaudet, Antoine Denis|Dupréel, Jean-Baptiste-Michel|Didot, Pierre l'ainé|Gérard, François, baron",1801,Paris,,Books,http://www.metmuseum.org/art/collection/search/355869,
446288,Islamic Art,1913.0,Folio from an illustrated manuscript,"""Physician Preparing an Elixir"", Folio from a Materia Medica of Dioscorides",,Translator, ,'Abdullah ibn al-Fadl,dated A.H. 621 /1224 CE,possibly Baghdad,Iraq or Northern Jazira,Codices,http://www.metmuseum.org/art/collection/search/446288,Men|Arabic|Medicine
349242,Drawings and Prints,1943.0,Book,A Text-Book on Penmanship; Containing all the Established Rules and Principles of the Art,,Author|Publisher,"American, active 19th century|New York, NY","Ellsworth, H. W.|Appleton, D. & Co.",1862,New York,,Books,http://www.metmuseum.org/art/collection/search/349242,
504663,Musical Instruments,1978,Square Piano,Square Piano,Austrian,Maker, ,Seydel Johann Jacob,1792 or 1795,Vienna,Austria,Chordophone-Zither-struck-piano,http://www.metmuseum.org/art/collection/search/504663,
789448,Drawings and Prints,1922.0,Print,"Harlech Castle, North Wales",,Artist|Publisher,"British, Norwich 1782–1842 London|British, London 1796–1884 Twickenham","Cotman, John Sell|Bohn, Henry George",1838,London,,Prints,http://www.metmuseum.org/art/collection/search/789448,
19892,The American Wing,2018.0,Vase,Vase,American,Manufacturer|Designer,"Boston, Massachusetts, 1899–ca. 1911|1850–1908","Grueby Pottery|Kendrick, George P.",ca. 1899–1909,Boston,United States,,http://www.metmuseum.org/art/collection/search/19892,
490974,Modern and Contemporary Art,1945,Sample,Piece,American,Designer|Maker,active ca. 1942–1944| ,"Eisenberg, Lucy|Fluegelman, N., & Company",1944,New York,America,Textiles-Printed,http://www.metmuseum.org/art/collection/search/490974,
431983,Drawings and Prints,1933.0,Print collection ornament & architecture,"Trelliswork pavilion with a water buffet, from Trelliswork pavilions, bound in Oeuvres. Vol. II",,Artist|Publisher,"French, ca. 1660–1744|French, Paris 1640–1703","Le Pautre, Pierre|Langlois, Nicolas",,Paris,,Prints|Ornament & Architecture,http://www.metmuseum.org/art/collection/search/431983,
359958,Drawings and Prints,1933.0,Print,"On ne s'avise jamais du tout, from ""Contes et nouvelles en vers par Jean de La Fontaine.  A Paris, de l'imprimerie de  P. Didot, l'an III de la République, 1795""",,Artist|Author|Artist|Publisher,"French, Grasse 1732–1806 Paris|French, Château-Thierry 1621–1695 Paris|French, Paris 1744?–?1802 Paris|French, 1761–1853","Fragonard, Jean Honoré|La Fontaine, Jean de|Patas, Jean-Baptiste|Didot, Pierre l'ainé",1795,Paris,,Prints,http://www.metmuseum.org/art/collection/search/359958,Interiors|Couples|Women
384619,Drawings and Prints,1968.0,Print,Panurge sortant de chez Raminagrobis,,Artist|Publisher|Author|Printer,"French, Paris 1833–1914 Sèvres|French, 1825–1875|French, 1494?–1553|French, Paris 1822–1907 Paris","Bracquemond, Félix|Cadart, Alfred|Rabelais, François|Delâtre, Auguste",1854—55,Paris,,Prints,http://www.metmuseum.org/art/collection/search/384619,Fear|Men|Monsters
343643,Drawings and Prints,1919.0,Book,Ornamental Pendants,,Artist,"French, active Augsburg, fl. 1593–1616","Mignot, Daniel",early 17th century,Augsburg,,Books,http://www.metmuseum.org/art/collection/search/343643,
662649,Drawings and Prints,1952.0,Print,"Restes du Sepulchre de la Famille Metella, from Les Plus Beaux Monuments de Rome Ancienne ou Recueil des plus beaux Morceaux de l'Antiquité Romaine qui existent encore",,Artist|Publisher|Printer|Engraver,"French, Viarmes 1718–1762 Rome|Rome| |Italian, active Rome, ca. 1750–76","Barbault, Jean|Bouchard & Gravier|Giunchi Heritiers de Komarek|Montagu, Dominico",1761,Rome,,Prints,http://www.metmuseum.org/art/collection/search/662649,
20290,The American Wing,2018.0,Tile,Tile,American,Manufacturer|Artist,1872–1889|1844–1908,"Chelsea Keramic Art Works |Robertson, Hugh C",ca. 1875–85,Chelsea,United States,,http://www.metmuseum.org/art/collection/search/20290,Plants
380660,Drawings and Prints,1981.0,Book,Boutiques 1931,,Author|Publisher,French| ,"Poulain, Roger|Freal, Vincent et Cie.",1931,Paris,,Books,http://www.metmuseum.org/art/collection/search/380660,
345408,Drawings and Prints,1928.0,Book,Traité de l'art d'Ecrire,,Designer|Engraver|Dedicatee," |French, active 17th century|French, active 17th century","Barbedor, Louis|Cordier|Believre, de Monsiegneur",1655,Paris,,Books,http://www.metmuseum.org/art/collection/search/345408,
27412,Arms and Armor,1914.0,Rapier,Rapier,"Spanish; blade, German, Solingen",Bladesmith,"German, Solingen, active late 17th–early 18th century","Windhvfel, Arnolt",18th century,Solingen,,Swords,http://www.metmuseum.org/art/collection/search/27412,
370010,Drawings and Prints,1941.0,Book ; Ornament and architecture,"M. Vitruvii Pollionis De architectura libri decem: ad Caesarem Augustum, omnibus omnium editionibus longè emendatiores, collatis veteribus exemplis accesserunt, Gulielmi Philandri Castilionii, ciuis Romani annotationes castigatiors, & plus tertia parte",,Author|Author|Publisher|Illustrator|Author,"French, 1505–1565|German, 1494–1555|French, 1504–1564|French, ca. 1508–ca. 1561|Roman, active late 1st century BCE","Guillaume Philander|Agricola, Giorgio|Tournes, Jean de|Salomon, Bernard|Vitruvius, Marcus",1552,Lyon,,Books|Ornament & Architecture,http://www.metmuseum.org/art/collection/search/370010,
343975,Drawings and Prints,1969.0,Book,Der Silber Arbeiter oder Sammlung von Zeichnungen für Silber-Arbeiter und Silberwaaren-Händler,,Author|Engraver|Publisher,"French, 19th century|German| ","Lefranc, Alexandre|Dellbrück, N.|Baumgärtner's Buchhandlung",1836–38,Leipzig,,Books,http://www.metmuseum.org/art/collection/search/343975,
452631,Islamic Art,1974.0,Folio from an illustrated manuscript,"""Rustam Lassos Rakhsh,"" Folio from a Shahnama (Book of Kings) of Firdausi",,Author,"Iranian, Paj ca. 940/41–1020 Tus",Abu'l Qasim Firdausi,ca. 1330–40,probably Isfahan,Iran,Codices,http://www.metmuseum.org/art/collection/search/452631,Men|Horses|Trees
725293,Drawings and Prints,1946.0,Book Print Ornament and Architecture,"Plate No. 1, ""Flax: Yoke Body & Border for Lawn Tennis dress"" of The Lady's Crewel Embroidery Book, Second Series, by E. M. C. [Elvira Mary Courbould]",,Publisher|Designer,"London|British, active second half 19th century","Hatchard|Courbould, Elvira Mary",[1879],London,,Books|Ornament & Architecture|Prints,http://www.metmuseum.org/art/collection/search/725293,
354249,Drawings and Prints,1965.0,Book,Histoires d'Autrefois: Le Cabaret du Puits-sans-Vin,,Author|Illustrator|Publisher,"French, Paris 1855–1938 Migennes|French, Paris 1855–1938 Migennes|French","Morin, Louis|Morin, Louis|Librairie, Illustree",1885,Paris,,Books,http://www.metmuseum.org/art/collection/search/354249,
347992,Drawings and Prints,1940.0,Book,[Oeuvres],,Artist|Engraver|Publisher,"French, active 1740–56|French|French, Paris 1717–1755 Paris","Cornille, F.|Monchelet|Chéreau, François II",1740–56,Paris,,Books,http://www.metmuseum.org/art/collection/search/347992,
451426,Islamic Art,1957.0,Folio from an illustrated manuscript,"""Zusuf is Purchased in Egypt by Zulaikha"", Folio from a Yusuf and Zulaikha of Jami",,Author,"Iranian, Jam 1414–92 Herat",Maulana Nur al-Din `Abd al-Rahman Jami,second half 16th century,Shiraz,Iran,Codices,http://www.metmuseum.org/art/collection/search/451426,Men
311626,"Arts of Africa, Oceania, and the Americas",1978.0,Bowl,Bowl,Asmat people,Artist, ,Isiap,mid-20th century,Komor village,Indonesia,Wood-Containers,http://www.metmuseum.org/art/collection/search/311626,Heads
8227,The American Wing,1935.0,Tankard,Tankard,American,Maker,active ca. 1762–96,"Tingley, Samuel",ca. 1765–70,New York,United States,,http://www.metmuseum.org/art/collection/search/8227,
3160,The American Wing,1910.0,Desk and bookcase,Desk and Bookcase,American,Maker,1771–1848,"Seymour, Thomas",1800–1805,Boston,United States,,http://www.metmuseum.org/art/collection/search/3160,
434254,Drawings and Prints,1953.0,Print collection ornament & architecture,"Title Page depicting a choir door topped with Christ on the Cross with the Virgin and St. John on either side of him, from Portes de choeur, plate 1",,Artist|Publisher,"French, Paris 1618–1682 Paris|French, ca. 1590–1666 Paris","Le Pautre, Jean|Leblond, Jean I",17th century,Paris,,Prints|Ornament & Architecture,http://www.metmuseum.org/art/collection/search/434254,
629351,Drawings and Prints,1948.0,Print ornament & architecture,"Courtyard with a vase-shaped well, with two hoisting mechanisms to lift the buckets on the border, from Small Wells, plate 11",,Artist|Artist|Artist|Publisher,"Netherlandish, Leeuwarden 1527–1606 (?)  Antwerp (?)|Netherlandish, 1528/32–1605|Netherlandish, active 1554–72, died before 1589|Netherlandish, Haarlem 1537–1612 Antwerp","Vredeman de Vries, Hans|Doetecum, Johannes van I|Doetecum, Lucas van|Galle, Philips",ca. 1574,Antwerp,,Prints|Ornament & Architecture,http://www.metmuseum.org/art/collection/search/629351,
351616,Drawings and Prints,1942.0,Book ; Ornament and architecture,Hancock's Copies for China Painters,,Author|Printer|Publisher|Printer|Designer|Artist|Artist,"British, 19th century|British, London and Aylesbury|Worcester| |British, Horsham 1847–1884 London|British, 19th century|British (?), active 19th century","Hill, Albert|Hazell, Watson, & Viney, Ltd.|Hancock and Son|Ward, Marcus & Company, Ltd.|Angell, Helen Cordelia|Hadley, James|Siéver, G.",[1881],Worcester,,Books|Ornament & Architecture,http://www.metmuseum.org/art/collection/search/351616,
5881,The American Wing,1984.0,Pitcher,Pitcher,American,Maker,1876–1914,New England Pottery Company ,1889–95,Boston,United States,,http://www.metmuseum.org/art/collection/search/5881,
9085,The American Wing,1946.0,Tumbler,Tumbler,American,Maker,1863–1891,"Hobbs, Brockunier and Company ",after 1886,Wheeling,United States,,http://www.metmuseum.org/art/collection/search/9085,
347382,Drawings and Prints,1932.0,Book,Plusieurs Sortes d'Ornemens & Masque,,Artist|Publisher|Engraver,"French, baptised Lyon 1623–1674 Paris|French, Langres 1614–1685 Paris|French, Lyons 1640–1703 Paris","Charmeton, Georges|Robert, Nicolas|Audran, Girard",1676,Paris,,Books,http://www.metmuseum.org/art/collection/search/347382,
412574,Drawings and Prints,1968.0,Portfolio,"Plate 18 from Sonia Delaunay: ses peintures, ses objets, ses tissus simultanés, ses modes",,Artist|Publisher,"French (born Ukraine), Gradizhsk 1885–1979 Paris| ","Delaunay, Sonia|Librairie des Arts Décoratifs",[1925],Paris,,Portfolios,http://www.metmuseum.org/art/collection/search/412574,Fashion
432086,Drawings and Prints,1933.0,Print collection ornament & architecture,"A fountain in a path of a garden in the style of Versailles, from Jardins en perspective, plate 3, bound in Oeuvres. Vol. II",,Artist|Publisher,"French, Paris 1618–1682 Paris|French, Paris 1618–1682 Paris","Le Pautre, Jean|Le Pautre, Jean",17th century,Paris,,Prints|Ornament & Architecture,http://www.metmuseum.org/art/collection/search/432086,
350176,Drawings and Prints,1956.0,Book,Spirit of '76 patented 1875. This stove has a patented Hot Air Flue which utilizes the heat radiated from fire in the bottom,,Author,"Troy, NY","Warren, Fuller & Co.",[ca. 1876],Troy,,Books,http://www.metmuseum.org/art/collection/search/350176,
369592,Drawings and Prints,1941.0,Book,"M. Vitruvii De Architectura libri decem, summa diligentia recogniti, atque excusi. Cum nonnullis figuris sub hoc signo positis. nunque antea impraessis. Additis Iulij frontini de aqueductibus libris, propter materiae affinitatem",,Author|Printer|Author,"Roman, active late 1st century BCE|French, active 16th century|ca. 30–104","Vitruvius, Marcus|Huyon, Guillaume|Frontinus, Sextus Julius",1523,Lyon,,Books,http://www.metmuseum.org/art/collection/search/369592,
35958,Arms and Armor,2013.0,Experimental helmet prototype,"American Helmet Model No. 7, Sentinel's Helmet","American, Salem, Ohio",Manufacturer,"American, Salem, Ohio 1872–1974","Mullins Co., W. H.",1918,Salem,,Helmets,http://www.metmuseum.org/art/collection/search/35958,
370768,Drawings and Prints,1941.0,Print,Speculum Romanae Magnificentiae: Aristotle,,Artist|Artist|Publisher,"Italian, Parma 1523–1567 Ferrara| |French, Orgelet, Franche-Comte ca. 1512–1577 Rome","Vico, Enea|Anonymous, Italian, 16th century mid|Lafreri, Antonio",1553,Rome,,Prints,http://www.metmuseum.org/art/collection/search/370768,Aristotle|Profiles
818895,The Libraries,,,Punkt und Linie zu Fläche : Beitrag zur Analyse der malerischen Elemente,,Publisher|Author," |French (born Russia), Moscow 1866–1944 Neuilly-sur-Seine","Langen Verlag, Albert|Kandinsky, Vasily",1928,Munich,Germany,,http://www.metmuseum.org/art/collection/search/818895,
348285,Drawings and Prints,1965.0,Book,A Round of Days,,Author|Author|Author|Author|Author|Author|Author|Author|Author|Author|Author|Author|Author|Author|Author|Author|Publisher|Engraver|Artist|Artist|Artist|Artist|Artist|Artist|Artist|Artist|Artist|Artist|Artist|Printer|Artist,"British, Huntly, Aberdeenshire, Scotland 1824–1905 Ashtead, Surrey|British, Wanstead, Essex 1835–1874 Peckham Rye|British, 1792–1879|British, Coleford, Gloucestershire 1799–1888 Rome|British, 1832–1894|Irish, Ballyshannon, Donegal 1824–1889 Hampstead, London|British, London 1830–1894 London|British, 1831–1892|British, 1825–1878|British, Lanchester, Co. Durham 1821–1882|British, 1821–1895|British, London 1808–1877|British, Boston, Lincolnshire 1820–1897 London|British, Stoke-on-Trent 1826–1887 London|British (Scottish), Caverswall, Staffordshire 1841–1901 Streatham, London|British, 1829–1917| |British, active 1839–93|British, Madras, India 1828–1883 Kincardineshire, Scotland|British, Salford 1808–1882 Salford|British, Wooler, Northumberland 1817–1905 London|British, Wooler, Northumberland 1823–1906 Herne Bay, Kent|Irish, Dublin 1842–1866 London|British, Madras, India 1836–1875 London|British, Uxbridge 1836–1866 London|British, London 1842–1924 Stamborough, Somerset|British, London 1842–1875 London|British, London 1840–1875 Perthshire, Scotland|British, Sedbergh, Yorkshire 1832–1892 Conwy, Wales|British, London|British, Lumbutts, near Todmorden, Yorkshire 1832–1909 London","MacDonald, George|Hood, Thomas, the Younger|Howitt, William|Howitt, Mary|Dulcken, Henry William|Allingham, William|Rossetti, Christina Georgina|Edwards, Amelia B.|Friswell, James Hain|Greenwell, Dora|Locker-Lampson, Frederick|Norton, Caroline Elizabeth Sarah|Ingelow, Jean|Craik, Dinah Maria|Buchanan, Robert Williams|Humphreys, Jennett|Routledge, George & Sons|Dalziel Brothers|Burton, William Paton|Brookes, Warwick|Dalziel, Edward|Dalziel, Thomas|Gray, Paul Mary|Houghton, Arthur Boyd|Morten, Thomas|North, John William|Pinwell, George John|Walker, Frederick|Watson, John Dawson|Camden Press|Bayes, Alfred Walter",1866,London,,Books,http://www.metmuseum.org/art/collection/search/348285,
734152,Drawings and Prints,1939.0,"Book
Print
Ornament & Architecture","Title Page, Plate 1, from Modern and Ancient Triumphal Arches",,Artist,"French, Paris 1510/12–1585 Annecy","Du Cerceau, Jacques Androuet",1549,Orelans,,Books|Ornament & Architecture|Prints,http://www.metmuseum.org/art/collection/search/734152,
8513,The American Wing,1970.0,Tile,Tile,American,Maker,"American, Chelsea, Massachusetts, 1877–1903","Low Art Tile Works, J. and J. G.",1882–84,Chelsea,United States,,http://www.metmuseum.org/art/collection/search/8513,
349578,Drawings and Prints,1965.0,Book,Album de dessins des Sièges de la Maison Faure,,Lithographer|Author|Printer|Designer,"Paris| | |French, died Paris, ca. 1889","Destouches|Faure, M.|Lamartine, Maguier A. R.|Guilmard, Désiré",19th century,Paris,,Books,http://www.metmuseum.org/art/collection/search/349578,
344519,Drawings and Prints,1946.0,Book,"Aesop's Fables with His Life: In English, French and Latin",,Author|Illustrator|Printer|Dedicatee|Translator|Author,"Greek, ca. 620–560 BCE|British, Lincolnshire ca. 1626–1704 London|British, 17th century|British, 1641–1707 London|British, died 1682|British, Canterbury 1640–1689 London","Aesop|Barlow, Francis|Hills, H. Jr.|Cavendish William, 1st Duke of Devonshire|Philipott, Thomas|Behn, Aphra",1687,London,,Books,http://www.metmuseum.org/art/collection/search/344519,
6222,The American Wing,1898.0,Plate,Plate,British (American market),Maker,"British, active Burslem, 1818–46","Wood & Sons, Enoch",ca. 1818–ca. 1846,Stoke-on-Trent,England,,http://www.metmuseum.org/art/collection/search/6222,Houses
346708,Drawings and Prints,1972.0,Book ; Ornament and Architecture,Designs for Cottage and Villa Architecture,,Author|Publisher|Engraver,"British, 19th century|British, active London, ca. 1815–40|British, 19th century","Brooks, Samuel H.|Kelly, Thomas|Beever, W. A.",1839,London,,Books|Ornament & Architecture,http://www.metmuseum.org/art/collection/search/346708,
727938,Drawings and Prints,1991.0,Book Prints Ornament & Architecture,"Fleurs (Flowers), Plate 13",,Designer|Printer|Publisher,"French, active 1920–30s| | ","Gladky, Serge|Kadar, G.|Editions ""Synth""",1929,Paris,,Books|Prints|Ornament & Architecture,http://www.metmuseum.org/art/collection/search/727938,
19991,The American Wing,2018.0,Vase,Vase,American,Decorator|Manufacturer,"1869–1950|American, Cincinnati, Ohio 1880–1967","Hurley, Edward Timothy|Rookwood Pottery Company",1916,Cincinnati,United States,,http://www.metmuseum.org/art/collection/search/19991,
5595,The American Wing,1984.0,Perfume flask,Perfume flask,American,Maker,1879–1908,Willets Manufacturing Company ,1883–87,Trenton,United States,,http://www.metmuseum.org/art/collection/search/5595,
680254,Drawings and Prints,1952.0,Print,"Sarcophages, from Recueil de divers Monumens Anciens répandus en plusieurs endroits de L'Italie",,Artist|Publisher|Printer,"French, Viarmes 1718–1762 Rome|Rome| ","Barbault, Jean|Bouchard & Gravier|Giunchi Heritiers de Komarek",1770,Rome,,Prints,http://www.metmuseum.org/art/collection/search/680254,
665042,Drawings and Prints,1926.0,Book Ornament & Architecture,"Livre de Moresques, title page (recto)",,Artist|Publisher|Publisher,"Netherlandish, Hertogenbosch ca. 1510?–before 1556 Groningen|Netherlandish, Hertogenbosch ca. 1510?–before 1556 Groningen| ","Bos, Cornelis|Bos, Cornelis|de Gormont, Hiérosme",1546,Paris,,Books|Ornament & Architecture,http://www.metmuseum.org/art/collection/search/665042,Flowers
5454,The American Wing,1946.0,Whale oil lamp,Whale Oil Lamp,American,Maker, ,"Bryce, Walker and Company ",1860–70,Pittsburgh,United States,,http://www.metmuseum.org/art/collection/search/5454,
699511,Drawings and Prints,1959.0,"Print, Fete, Ornament & Architecture",Plate D: Election and Coronation of Emperor Maximilian II,,Artist|Printer|Publisher,"German, active Frankfurt|German, active Frankfurt| ","Hoffmans, Willhelm|Bringern, Johann|Anonymous, German, 17th century",1612,Frankfurt,,Prints|Prints-Fete|Ornament & Architecture,http://www.metmuseum.org/art/collection/search/699511,Elections|Kings|Crowd
20241,The American Wing,2008.0,Ale,Ale,British,Maker, ,Pellatt & Green,1818,London,England,,http://www.metmuseum.org/art/collection/search/20241,
349599,Drawings and Prints,1960.0,Book,"Net Price list of Watch Case Making, Repairing, Remodeling and Reconstructing",,Author,"New York, NY","Felix, N. J.",ca. 1870,New York,,Books,http://www.metmuseum.org/art/collection/search/349599,
27790,Arms and Armor,1924.0,Portions of a costume armor,Portions of a Costume Armor,"German, Augsburg",Armorer,"German, Augsburg 1471–1532","Helmschmid, Kolman",ca. 1525,Augsburg,,Armor for Man,http://www.metmuseum.org/art/collection/search/27790,
433051,Drawings and Prints,1933.0,Print collection ornament & architecture,"Two friezes with lions fighting dogs, from Chasses et feuillages, plate 5, bound in Oeuvres. Vol. IV",,Artist|Publisher,"French, Paris 1618–1682 Paris|French, Paris 1634–1716 Paris","Le Pautre, Jean|Mariette, Pierre le fils",published 1663,Paris,,Prints|Ornament & Architecture,http://www.metmuseum.org/art/collection/search/433051,
353741,Drawings and Prints,1945.0,Book ; Ornament and architecture,Teoria e Practica di Architettura Civile,,Author,"Italian, 18th century","Masi, Girolamo",1788,Rome,,Books|Ornament & Architecture,http://www.metmuseum.org/art/collection/search/353741,
468463,Medieval Art,1954.0,Tile,Stove Tile with Saint John the Evangelist and Samson,Hungarian,Maker, ,Buda Castle Workshop,late 15th century,Budapest,Hungary,Ceramics-Tiles,http://www.metmuseum.org/art/collection/search/468463,Samson|Saint John the Evangelist
503357,Musical Instruments,1989,Lute,Lute,Italian,Maker,"German, active 1570–1610","Tieffenbrucker, Wendelin",late 16th century,Padua,Italy,Chordophone-Lute-plucked-fretted,http://www.metmuseum.org/art/collection/search/503357,
715555,The American Wing,2020.0,Bowl,Bowl,American,Maker,"American (born Finland), Helsinki 1899–1973 Pontiac, Michigan","Grotell, Maija",ca. 1941–5,Cranbrook,United States,,http://www.metmuseum.org/art/collection/search/715555,
358869,Drawings and Prints,1969.0,Book,Instruzione elementare per gli studiosi della scultura di Francesco Carradori,,Author,"Italian, Pistoia, 1747–1825","Carradori, Francesco",1802,Florence,,Books,http://www.metmuseum.org/art/collection/search/358869,
711548,The American Wing,2016.0,"Woodcut, print",Nabby's Point,American,Artist,"American, Ipswich, Massachusetts 1857–1922 New York State","Dow, Arthur Wesley",ca. 1913,Ipswich,United States,,http://www.metmuseum.org/art/collection/search/711548,Lakes|Hills|Trees
468320,Medieval Art,1949.0,Triptych panel,Triptych Panel with Saint Sebastian,French,Artist,ca. 1490–ca. 1515,Master of the Triptych of Louis XII,15th–16th century,Limoges,France,Enamels-Painted,http://www.metmuseum.org/art/collection/search/468320,Bow and Arrow|Men
7789,The American Wing,1933.0,Spoon,Spoon,American,Maker,"American, Boston, Massachusetts 1702/3–1758 Boston, Massachusetts","Hurd, Jacob",1725–50,Boston,United States,,http://www.metmuseum.org/art/collection/search/7789,
357401,Drawings and Prints,1930.0,Book ; Ornament and architecture,A New Book of Ornaments,,Author|Publisher,"British, 1730–1769|British, 1730–1769","Spilsbury, John|Spilsbury, John",ca. 1750–90,London,,Books|Ornament & Architecture,http://www.metmuseum.org/art/collection/search/357401,
426882,Drawings and Prints,1930.0,Prints Collection Ornament & Architecture,"Two Vertical Panels with Candelabra Grotesques and Fountains at the Bottom, from a Series of Vertical Panels with Modern Grotesques and the Four Elements, part of Œuvres du Sr. D. Marot",,Artist|Publisher,"French, Paris 1661–1752 The Hague| ","Marot, Daniel, the Elder|Husson, Pierre",published 1703 or 1712,The Hague,,Prints|Ornament & Architecture,http://www.metmuseum.org/art/collection/search/426882,
346436,Drawings and Prints,1941.0,Book,The Book of Nursery Rhymes,,Publisher,"Philadelphia, Pennsylvania","Hendersom, G. G., & Co.",1853,Philadelphia,,Books,http://www.metmuseum.org/art/collection/search/346436,
350579,Drawings and Prints,1925.0,Book,Pinax Iconicus Antiquorum,,Artist|Publisher|Artist," |French, 16th century|French, Neufchâteau 1532–1599 Damblain","Giraldus, Lilius|Baudoin|de Bouzey, Pierre Woeiriot II",1556,Lyon,,Books,http://www.metmuseum.org/art/collection/search/350579,
670148,The American Wing,2022.0,Vase,"Marriage vase, one of a pair",American,Manufacturer,ca. 1753–1880,Purinton Pottery,1809,Somerset,United States,,http://www.metmuseum.org/art/collection/search/670148,
826740,Drawings and Prints,1942.0,Print,Endymion Porter,,Publisher|Artist|Sitter|Engraver,"British, active 1641–49|British, London 1611–1646 London|British, 1587–1649|British, London ca. 1620–1691 London","Rowlett, Thomas|Dobson, William|Porter, Endymion|Faithorne, William, the Elder",ca. 1646,London,,Prints,http://www.metmuseum.org/art/collection/search/826740,
7431,The American Wing,1946.0,Sherry glass,Sherry Glass,American,Maker,1863–1891,"Hobbs, Brockunier and Company ",ca. 1885–87,Wheeling,United States,,http://www.metmuseum.org/art/collection/search/7431,
336561,Drawings and Prints,1974.0,Print,The Forester in Search of Game,,Artist|Artist,"British, Marlborough, Wiltshire 1802–1877|British, active 1830–1900","Hancock, Charles|Beckwith, Henry",ca. 1840,New York,,Prints,http://www.metmuseum.org/art/collection/search/336561,
490949,Modern and Contemporary Art,1941,"Hanging, woven",Hanging,American,Manufacturer, ,Scalamandré,before 1941,New York,America,Textiles-Woven,http://www.metmuseum.org/art/collection/search/490949,Trees|Towers
427337,Drawings and Prints,1930.0,Prints Collection Ornament & Architecture,"Design for a Vase with Britannia, from Vasses de la Maison Royalle de L'oo, part of Œuvres du Sr. D. Marot",,Artist|Publisher,"French, Paris 1661–1752 The Hague| ","Marot, Daniel, the Elder|Husson, Pierre",published 1703 or 1712,The Hague,,Prints|Ornament & Architecture,http://www.metmuseum.org/art/collection/search/427337,
895008,Drawings and Prints,1924,Print,General Washington,,Engraver|Artist|Sitter|Publisher,"British, Colchester, Essex active 1780–1820|American (born Switzerland), Geneva 1737–1784 Philadelphia, Pennsylvania|American, 1732–1799|British, active 1778–1812","Reading, Burnet|du Simitière, Pierre Eugène|Washington, George|Richardson, William","May 10, 1783",London,,Prints,http://www.metmuseum.org/art/collection/search/895008,
7593,The American Wing,1942.0,Sofa,Sofa,American,Maker,"American (born Scotland), near Lock Fannich, Ross-Shire, Scotland 1768/1770–1854 New York","Phyfe, Duncan",1805–15,New York,United States,,http://www.metmuseum.org/art/collection/search/7593,
698476,Drawings and Prints,1921.0,Book,"Plate 26: Joseph and his brothers gathered around a cistern, as his brothers prepare to sell him; from 'Imagines Veteris Ac Novi Testamenti A Raphaele Sanctio Urbinate in Vaticani Palatii Xystis' after Raphael",,Publisher|Artist|Artist,"Italian, Rome 1627–1691 Rome|Italian, Florence 1660–1675|Italian, Urbino 1483–1520 Rome","Rossi, Giovanni Giacomo De|Fantetti, Cesare|Raphael (Raffaello Sanzio or Santi)",1675,Rome,,Books,http://www.metmuseum.org/art/collection/search/698476,
344437,Drawings and Prints,1939.0,Book,Ackermann's Repository - Costume plates,,Publisher,"British, active 1794–1829","Ackermann, Rudolph",1809–28,London,,Books,http://www.metmuseum.org/art/collection/search/344437,
348509,Drawings and Prints,1991.0,Book,"Sonia Delaunay: ses peintures, ses objets, ses tissus simultanés, ses modes",,Artist|Publisher|Author|Author|Author|Author|Author,"French (born Ukraine), Gradizhsk 1885–1979 Paris| |French, Bordeaux 1885–1962 Paris|French (born Romania), Moineşti 1896–1963 Paris|French, 1887–1961|French, Paris 1869–1927 Paris|French, Chaville 1897–1990 Paris","Delaunay, Sonia|Librairie des Arts Décoratifs|Lhote, André|Tzara, Tristan|Cendrars, Blaise|Delteil, Loys|Soupault, Philippe",[1925],Paris,,Books,http://www.metmuseum.org/art/collection/search/348509,
857074,The Libraries,,,Conjure,,Artist,"American, born Conroe, Texas, 1972","Martin, Delita",2021,Huffman,,,http://www.metmuseum.org/art/collection/search/857074,
630950,Drawings and Prints,1945.0,Print,"Man Carrying a Barrel of Wine, from Di Bologna l'Arti per via D'An.ibal' Ca.rac, plate 36",,Artist|Artist|Publisher|Printer,"Italian, Bologna (?) 1634–1718 Bologna|Italian, Bologna 1560–1609 Rome|Italian, Rome 1627–1691 Rome| ","Mitelli, Giuseppe Maria|Carracci, Annibale|Rossi, Giovanni Giacomo De|Calcografia, Camerale La",printed 1740,Rome,,Prints,http://www.metmuseum.org/art/collection/search/630950,
20018,The American Wing,2018.0,Vase,Vase,American,Artist,1852–1919,"Walley, William J.",ca. 1898–1918,West Sterling,United States,,http://www.metmuseum.org/art/collection/search/20018,
690145,Drawings and Prints,1952.0,Print,"Lion d'apres l'Antique,  from Recueil de divers Monumens Anciens répandus en plusieurs endroits de L'Italie",,Artist|Publisher|Printer,"French, Viarmes 1718–1762 Rome|Rome| ","Barbault, Jean|Bouchard & Gravier|Giunchi Heritiers de Komarek",1770,Rome,,Prints,http://www.metmuseum.org/art/collection/search/690145,
591827,The Libraries,,,"Bononiensis de architectura libri quinque quibus cuncta fere architectonicae facultatis mysteria docte, perspicue . . .",,Author,"Italian, Bologna 1475–1554 Fontainebleau","Serlio, Sebastiano",1568–69,Venice: Apud Francifcum de Francifcis Senenfem,,,http://www.metmuseum.org/art/collection/search/591827,
631726,Drawings and Prints,1953.0,Album Prints Ornament & Architecture,"Plate 5: Psalmus Miserere, from ""Septem Psalmi Davidici"" (Seven Psalms of David)",,Calligrapher|Engraver|Publisher,"German, born Munich, active Antwerp, ca. 1594–1608|Netherlandish, ca. 1553–1619 Antwerp|Flemish, Antwerp 1580–1638 Paris","Model, Melchior|Wierix, Jerome (Hieronymous)|Firens, Pierre I",1608,Antwerp,,Albums|Prints|Ornament & Architecture,http://www.metmuseum.org/art/collection/search/631726,
432646,Drawings and Prints,1933.0,Print collection ornament & architecture,"Three frame fragments; the one at top is ornamented with a bust of an imperator within a medallion, from Bordures de tableaux à la romaine, plate 6, bound in Oeuvres. Vol. III",,Artist|Publisher,"French, Paris 1618–1682 Paris|French, Paris 1634–1716 Paris","Le Pautre, Jean|Mariette, Pierre le fils",ca. 1656–57,Paris,,Prints|Ornament & Architecture,http://www.metmuseum.org/art/collection/search/432646,
455054,Islamic Art,1913.0,Illustrated manuscript,Haft Paikar (Seven Portraits) of the Khamsa (Quintet) of Nizami of Ganja,,Author|Calligrapher,"present-day Azerbaijan, Ganja 1141–1209 Ganja|died 1475/76",Nizami|Maulana Azhar,ca. 1430,Herat,present-day Afghanistan,Codices,http://www.metmuseum.org/art/collection/search/455054,Horses|Animals|Men|Hunting
422399,Drawings and Prints,1957.0,Book,Trattato delle Piante & Immagini de Sacri Edifizi di Terra Santa (Treatise of the Plans & Images of the Sacred Buildings of the Holy Land),,Artist|Publisher|Artist,"French, Nancy 1592–1635 Nancy|Italian, active late 16th–early 17th century|Italian, active 1593–1619","Callot, Jacques|Cecconcelli, Pietro|Amico, Bernardino",1620,Florence,,Books,http://www.metmuseum.org/art/collection/search/422399,
349296,Drawings and Prints,1938.0,Book,Encijclopédie of Handbook van Vrouwelijke Bedrijven en Raadgever. . .,,Author|Designer|Publisher,"Dutch, 1778–1853|Dutch, 1811–1886| ","Meerten, Anna Barbara van Schilperoot|Sluyter, Dirk Jurriaan|Sulpke, C. G.",1835,Amsterdam,,Books,http://www.metmuseum.org/art/collection/search/349296,
718296,Arms and Armor,2016.0,Plate five from Nouveavx Desseins D'Arquebvseries,Plate Five from Nouveavx Desseins D'Arquebvseries,"French, Paris",Artist,"French, Paris, active ca. 1702–ca. 1736","Lacollombe, De",dated 1730,Paris,,Works on Paper-Engravings,http://www.metmuseum.org/art/collection/search/718296,Ornament
641299,Drawings and Prints,1948.0,Print,"Francesco Bassano, bound in L'Oeuvre original de Vivant Denon. Collection de eaux-fortes, Volume 1",,Publisher|Artist," |French, Givry 1747–1825 Paris","Barrand, A.|Denon, Dominique Vivant Baron",1873,Paris,,Books,http://www.metmuseum.org/art/collection/search/641299,
853685,The American Wing,2021,Pair of earrings,"""Double Pyramid"" earrings",American,Artist,"American, born Cleveland 1947","Brush, Daniel",1975,New York,United States of America,,http://www.metmuseum.org/art/collection/search/853685,
6704,The American Wing,1933.0,Porringer,Porringer,American,Maker,1768–1824,"Moulton, Ebenezer",ca. 1800,Boston|Newburyport,United States|United States,,http://www.metmuseum.org/art/collection/search/6704,
14362,The American Wing,1991.0,Potpourri jar,Covered Potpourri Jar,American,Maker,"American, Trenton, New Jersey, 1871–1893",Ott and Brewer ,1883–90,Trenton,United States,,http://www.metmuseum.org/art/collection/search/14362,Flowers
690120,Drawings and Prints,1952.0,Print,"Frise du Temple de Pallas, from Recueil de divers Monumens Anciens répandus en plusieurs endroits de L'Italie",,Artist|Publisher|Printer,"French, Viarmes 1718–1762 Rome|Rome| ","Barbault, Jean|Bouchard & Gravier|Giunchi Heritiers de Komarek",1770,Rome,,Prints,http://www.metmuseum.org/art/collection/search/690120,
788989,Drawings and Prints,1917.0,Print,"Plate 15, from ""World in Miniature""",,Publisher|Artist,"British, active 1794–1829|British, London 1757–1827 London","Ackermann, Rudolph|Rowlandson, Thomas",1816,London,,Prints,http://www.metmuseum.org/art/collection/search/788989,Men|Women|Rivers|Boats|Dogs
343915,Drawings and Prints,1962.0,Book,Abbildung der vorzüglichen Eisenwaaren welche auf den Königl. Bayer. Eisenhüttenwerken gegossen werden,,Publisher|Artist,German| ,"Königl. Bayerische Eisenhüttenwerke|Anonymous, German, 19th century",1831,Munich,,Books,http://www.metmuseum.org/art/collection/search/343915,
20039,The American Wing,2018.0,Pitcher,Pitcher,American,Manufacturer|Artist,1895–1943|1844–1908,"Dedham Pottery|Robertson, Hugh C",1896,Dedham,United States,,http://www.metmuseum.org/art/collection/search/20039,
345108,Drawings and Prints,1963.0,Portfolio Print Ornament & Architecture,L'Art de la Bijouterie,,Printer|Publisher,"French, Saint-Bertrand 1824–1890 (?)| ","Barousse, Jean Francois|Librairie Polytechnique Baudry et Cie.","1879, 1881",Paris,,Portfolios|Prints|Ornament & Architecture,http://www.metmuseum.org/art/collection/search/345108,
356553,Drawings and Prints,1941.0,Book ; Ornament and architecture,"Della architettura di Gio. Antonio Rusconi, con centosessanta figure dissegnate dal medesimo, secondo i precetti di Vitruvio, e con chiarezza, e breuità di chiarate libri dieci.",,Illustrator|Dedicatee|Author|Publisher|Author,"ca. 1520–1587|Italian, 1574–1631|ca. 1520–1587| |Roman, active late 1st century BCE","Rusconi, Giovanni Antonio|Montefeltro, della Rovere Francesco Maria|Rusconi, Giovanni Antonio|Gioliti, I|Vitruvius, Marcus",1590,Venice,,Books|Ornament & Architecture,http://www.metmuseum.org/art/collection/search/356553,
312046,"Arts of Africa, Oceania, and the Americas",1978.0,Bark painting,Painting from a Ceremonial House Ceiling,"Kwoma, Wanyi clan",Artist|Artist, | ,"Artists of Mariwai Village|Kulumb, Simberaga Wanyi",1970,Mariwai village,Papua New Guinea,Bark-Paintings,http://www.metmuseum.org/art/collection/search/312046,
431145,Drawings and Prints,1933.0,Print collection ornament & architecture,"Two variants for door crowns, from Angles de plafons de galeries et autres ornements, plate 2, bound in Oeuvres. Vol. I",,Artist|Publisher,"French, Paris 1618–1682 Paris|French, Paris 1634–1716 Paris","Le Pautre, Jean|Mariette, Pierre le fils",17th century,Paris,,Prints|Ornament & Architecture,http://www.metmuseum.org/art/collection/search/431145,
8255,The American Wing,1946.0,Tazza,Tazza,American,Maker,"American, 1825–1888, Sandwich, Massachusetts",Boston and Sandwich Glass Company ,1880–88,Sandwich,United States,,http://www.metmuseum.org/art/collection/search/8255,
5792,The American Wing,1947.0,Pitcher,Pitcher,American,Maker|Maker,1847–1848|1852–58,Fenton's Works |United States Pottery Company ,1847–53,Bennington,United States,,http://www.metmuseum.org/art/collection/search/5792,Flowers
382035,Drawings and Prints,1993.0,Magazine,A Home in a Prairie Town,,Architect|Publisher,"American, Richland Center, Wisconsin 1867–1959 Phoenix, Arizona|Philadelphia, Pennsylvania","Wright, Frank Lloyd|Curtis Publishing Company",February 1901,Philadelphia,,Miscellaneous,http://www.metmuseum.org/art/collection/search/382035,
433527,Drawings and Prints,1949.0,Print,"Three cavalrymen in full armor, from The Riding School or Exercise of Cavalry",,Publisher|Artist|Artist,"Dutch, Brunsbüttel (Landkreis Dithmarschen) 1624/1625–1677 Amsterdam|Netherlandish, Antwerp 1565–1629 The Hague|Netherlandish, Antwerp 1565–1629 The Hague","Jonghe, Clement de|Gheyn, Jacques de, II|Gheyn, Jacques de, II",,Amsterdam,,Prints,http://www.metmuseum.org/art/collection/search/433527,
504162,Musical Instruments,1889,Mandoline,Mandoline,Italian,Maker,"Italian, Siena, active 19th century",Olmi Alberto,19th century,Siena,Italy,Chordophone-Lute-plucked,http://www.metmuseum.org/art/collection/search/504162,
427319,Drawings and Prints,1959.0,Print,"Francesco I d'Este, Suffering the Pain of his Injuries, Continues to Take Charge for the Successful Completion of the Military Campaign, from L'Idea di un Principe ed Eroe Cristiano in Francesco I d'Este, di Modena e Reggio Duca VIII [...]",,Artist|Author, | ,Fenice (Fénis)|Gamberti,1659,Modena,,Prints,http://www.metmuseum.org/art/collection/search/427319,Battles|Soldiers|Men|Horses
345934,Drawings and Prints,1924.0,Book,Sermoni Devotissimi,,Author|Publisher,"French, 1090/91–1153| ","Bernard of Clairvaux, Saint|Quarengi, Piero de","March 17, 1508",Venice,,Books,http://www.metmuseum.org/art/collection/search/345934,
348832,Drawings and Prints,1924.0,Book ; Ornament and architecture,"Hints to Young Architects, Calculated to Facilitate Their Practical Operations; with Additional Notes and Hints to Persons About Building in This Country",,Publisher|Author|Author,"New York|American, Newburgh, New York 1815–1852 Yonkers, New York|American, 1802–1872","Wiley & Putnam|Downing, Andrew Jackson|Wightwick, George",1851,London|New York,,Books|Ornament & Architecture,http://www.metmuseum.org/art/collection/search/348832,
427797,Drawings and Prints,1967.0,Print,The Fortune-telling of Captive Turks,,Lithographer,"Russian, active 19th century",Khitrova,1855,Moscow,,Prints,http://www.metmuseum.org/art/collection/search/427797,
5876,The American Wing,1970.0,Pitcher,Pitcher,American,Maker,active ca. 1825–ca.1846,"Wilson, Robert and William",ca. 1845,Philadelphia,United States,,http://www.metmuseum.org/art/collection/search/5876,Grapes|Leaves
345946,Drawings and Prints,1952.0,Book,Tabulae anatomicae ex archetypis egregii pictoris Petri Berettini Cortonensis expressae et in aes incisae...,,Artist|Artist|Artist|Author,"Italian, active Rome, 1599–1641|Italian, Cortona 1596–1669 Rome|Italian, Cortona 1596–1669 Rome|Italian, active ca. 1788","Ciamberlano, Luca|Cortona, Pietro da (Pietro Berrettini)|Cortona, Pietro da (Pietro Berrettini)|Petraglia, Francesco",1788,Rome,,Books,http://www.metmuseum.org/art/collection/search/345946,
6571,The American Wing,1969.0,Platter,Platter,American,Maker,1863–1922,Union Porcelain Works ,1885,Brooklyn,United States,,http://www.metmuseum.org/art/collection/search/6571,
830442,Drawings and Prints,1960.0,Print,"The Sisters of Charity, an Episode of the Battle of Magenta",,Publisher|Artist|Engraver,"American, 1880–1905|Italian, Florence 1818–1888 Florence| ","Gebbie & Co.|Fattori, Giuseppe|Gebbie & Husson Company, Ltd.",1880–1905,London,,Prints,http://www.metmuseum.org/art/collection/search/830442,
458799,Islamic Art,2015.0,Brooch,Brooch with Carved Emeralds and Sapphires by Cartier,,Maker,"French, founded Paris, 1847",Cartier,Emerald: 17th century; setting: ca. 1920,New York,United States,Jewelry,http://www.metmuseum.org/art/collection/search/458799,Brooches|Flowers|Leaves
10012,The American Wing,1966.0,Work table,Work Table,American,Maker,"American (born Scotland), near Lock Fannich, Ross-Shire, Scotland 1768/1770–1854 New York","Phyfe, Duncan",1810–20,New York,United States,,http://www.metmuseum.org/art/collection/search/10012,
13956,The American Wing,1961.0,Rug,Hooked Rug,American,Maker,1800–1896,"Barnard, Lucy",ca. 1860,Dixfield,United States,,http://www.metmuseum.org/art/collection/search/13956,Houses|Horses|Landscapes|Trees
5311,The American Wing,1964.0,Mug,Mug,British (American market),Maker,active 1836–1841,Hall & Son Ralph,ca. 1836–ca. 1841,Stoke-on-Trent,England,,http://www.metmuseum.org/art/collection/search/5311,George Washington|Portraits
24936,Arms and Armor,1989.0,Breech-loading rimfire cartridge pistol with case and accessories,Breech-Loading Rimfire Cartridge Pistol with Case and Accessories,"French, Paris",Gunsmith,"French, Paris, 1819–1894","Flobert, Louis Nicolas Auguste",ca. 1855,Paris,,Firearms-Pistols,http://www.metmuseum.org/art/collection/search/24936,
690284,Drawings and Prints,1952.0,Print,"D'après l'Antique, from Recueil de divers Monumens Anciens répandus en plusieurs endroits de L'Italie",,Publisher|Printer|Artist,"Rome| |French, Viarmes 1718–1762 Rome","Bouchard & Gravier|Giunchi Heritiers de Komarek|Barbault, Jean",1770,Rome,,Prints,http://www.metmuseum.org/art/collection/search/690284,
789164,Drawings and Prints,1959.0,Print,"Frontispiece: The Vicar of Wakefield, from ""The Vicar of Wakefield""",,Publisher|Artist|Author|Printer,"British, active 1794–1829|British, London 1757–1827 London|Irish, Pallas, Longford ca. 1728–1774 London|London","Ackermann, Rudolph|Rowlandson, Thomas|Goldsmith, Oliver|Clowes, William","May 1, 1817",London,,Prints,http://www.metmuseum.org/art/collection/search/789164,Children|Men|Women
746687,The American Wing,2017.0,Canterbury,Canterbury [sheet music storage rack],American,Maker,"1837–1840, active New York","Phyfe & Sons, D.",ca. 1840,New York,United States,,http://www.metmuseum.org/art/collection/search/746687,
516,The American Wing,1958.0,Bible,Bible,,Publisher|Publisher, | ,"Keur, Pieter|Rotterdam and Company Pieter",1716 or 1719 (edition),Dordrecht|Amsterdam,Netherlands|Netherlands,,http://www.metmuseum.org/art/collection/search/516,
430724,Drawings and Prints,1933.0,Print collection ornament & architecture,"Fireplace between two arcades, which give way to a gallery, from Cheminées et lambris, plate 3, bound in Oeuvres. Vol. I",,Publisher|Artist,"French, Paris 1634–1716 Paris|French, Paris 1618–1682 Paris","Mariette, Pierre le fils|Le Pautre, Jean",17th century,Paris,,Prints|Ornament & Architecture,http://www.metmuseum.org/art/collection/search/430724,
452135,Islamic Art,1970.0,Folio from an illustrated manuscript,"""Siyavush Plays Polo before Afrasiyab"", Folio 180v from the Shahnama (Book of Kings) of Shah Tahmasp",,Artist|Workshop director|Author,"Iranian, active ca. 1525–60|Iranian, active ca. 1525–55|Iranian, Paj ca. 940/41–1020 Tus",Qasim ibn 'Ali|Mir Musavvir|Abu'l Qasim Firdausi,ca. 1525–30,Tabriz,Iran,Codices,http://www.metmuseum.org/art/collection/search/452135,Men|Playing|Sports|Horses
701949,Drawings and Prints,1960.0,"Print, Fete, Ornament & Architecture",Plate 44: Men with heraldic flags and horses from Carinthia and Styria marching in the funeral procession of Archduke Albert of Austria; from 'Pompa Funebris ... Alberti Pii',,Artist|Artist,"French, Brussels 1577–1651 Brussels|Netherlandish, Antwerp 1576–1650 Antwerp","Francquart, Jacques|Galle, Cornelis, I",1623,Brussels,,Prints|Prints-Fete,http://www.metmuseum.org/art/collection/search/701949,Men|Horses|Flags
349591,Drawings and Prints,1952.0,Book,Illustrated Catalogue of Transfer Ornaments,,Author,"New York, NY","Fechteler, Julius",ca. 1870,New York,,Books,http://www.metmuseum.org/art/collection/search/349591,
359002,Drawings and Prints,1933.0,Book,Deutscher Kalender für die Jahre 1475 bis 1530,,Author|Printer|Publisher, | |German,"Müller, von Königsberg Johann|Spoerer, Hans|Halle, J.","1927, reprint of 1474 original",Munich (reprint),,Books,http://www.metmuseum.org/art/collection/search/359002,
7177,The American Wing,1946.0,Sauce dish,Sauce Dish,American,Maker,1866–1891,"Challinor, Taylor and Company ",1870–90,Tarentum,United States,,http://www.metmuseum.org/art/collection/search/7177,
350661,Drawings and Prints,1942.0,Book,Latest Styles of . . . Carriage Lamps . . .,,Author,"Bridgeport, Connecticut",White Manufacturing Co.,1889,Bridgeport,,Books,http://www.metmuseum.org/art/collection/search/350661,
429707,Drawings and Prints,1953.0,Print collection ornament & architecture,"Neptune, from Livre de Cartouches (Book of Cartouches), plate 8",,Artist|Publisher|Artist,"French, Paris 1703–1770 Paris|French, Orléans 1695–1772 Paris|French, Orléans 1695–1772 Paris","Boucher, François|Huquier, Gabriel|Huquier, Gabriel",1730–70,Paris,,Prints|Ornament & Architecture,http://www.metmuseum.org/art/collection/search/429707,
314906,"Arts of Africa, Oceania, and the Americas",1985.0,Mask,Face Mask (Gunye Ge),Dan peoples,Artist, ,Yakouba carver,19th–20th century,Trokpadrou village,Côte d'Ivoire,Wood-Sculpture,http://www.metmuseum.org/art/collection/search/314906,Faces|Ceremonial Objects
349177,Drawings and Prints,1941.0,Book,The Edison System of Incandescent Electric Lighting,,Author,"New York, NY",Edison Co.,1883,New York,,Books,http://www.metmuseum.org/art/collection/search/349177,
7962,The American Wing,1933.0,Sugar Bowl,Sugar Bowl,American,Maker,1765–1843,"McMullin, John",ca. 1825,Philadelphia,United States,,http://www.metmuseum.org/art/collection/search/7962,
14208,The American Wing,1991.0,Bust,Bust of a Young Child,American,Maker,"American, Trenton, New Jersey, 1871–1893",Ott and Brewer ,1876,Trenton,United States,,http://www.metmuseum.org/art/collection/search/14208,Children
421561,Drawings and Prints,1972.0,Print,Petersburg. Ruins and Rebirth.,,Artist,"Russian, 1881–1942","Shillingovskii, Pavel",1923,St. Petersburg,,Prints,http://www.metmuseum.org/art/collection/search/421561,
430641,Drawings and Prints,1963.0,Print,"Designation of the Elect, from The Apocalypse",,Artist|Publisher,"German, Augsburg 1473–1531 Augsburg|German, active Augsburg, 1513–40","Burgkmair, Hans|Otmar, Silvan",1523–24,Augsburg,,Prints,http://www.metmuseum.org/art/collection/search/430641,Angels|Cross|Apocalypse
4579,The American Wing,1934.0,Jug,Jug,American,Maker,1733–1812,"Crolius, John",1775,New York,United States,,http://www.metmuseum.org/art/collection/search/4579,
348419,Drawings and Prints,1983.0,Book,A Day in a Child's Life,,Illustrator|Engraver|Publisher|Author,"British, London 1846–1901 London|British, Southwark, London 1826–1905 Ventnor, Isle of Wight| |British, North Shields, Northumberland 1825–1899 Weybridge, Surrey","Greenaway, Kate|Evans, Edmund|Routledge, George & Sons|Foster, Myles Birket",[1881],London,,Books,http://www.metmuseum.org/art/collection/search/348419,
390480,Drawings and Prints,1920.0,Drawing Ornament and Architecture,"The General Proportions of the Corinthian Order, in Chippendale Drawings, Vol. I",,Artist,"British, baptised Otley, West Yorkshire 1718–1779 London","Chippendale, Thomas",1753,London,,Drawings|Ornament & Architecture,http://www.metmuseum.org/art/collection/search/390480,Columns
433266,Drawings and Prints,1933.0,Print collection ornament & architecture,"Two variant designs for paneling with an putto amidst rinceaux, holding an oak branch, from Ornements de panneaux pour enrichir les lambris, plate 3, bound in Oeuvres. Vol. IV",,Artist|Publisher,"French, Paris 1618–1682 Paris|French, Paris 1634–1716 Paris","Le Pautre, Jean|Mariette, Pierre le fils",17th century,Paris,,Prints|Ornament & Architecture,http://www.metmuseum.org/art/collection/search/433266,
627485,Drawings and Prints,1921.0,Print ornament & architecture,"Augustus, in an oval crowned by a standing soldier under a canopy, from XII Caesarum Romanorum Imagines, plate 2",,Author|Printer|Artist|Artist|Publisher|Artist,"Netherlandish, 1567–1629|Netherlandish, active Antwerp, ca. 1611|Netherlandish, 1528/32–1605|Netherlandish, active 1554–72, died before 1589|Netherlandish, active Antwerp, ca. 1575—1610|Netherlandish, Leeuwarden 1527–1606 (?)  Antwerp (?)","Sweerts, Pierre François|Robert Bruneau|Doetecum, Johannes van I|Doetecum, Lucas van|Vrints, Johannes Baptista|Vredeman de Vries, Hans",Published 1603,Antwerp,,Prints|Ornament & Architecture,http://www.metmuseum.org/art/collection/search/627485,
434471,Drawings and Prints,1953.0,Print collection ornament & architecture,"A woman presenting the baby Constantine to his father, from Grandes alcôves à la romaine, plate 4",,Artist|Publisher,"French, Paris 1618–1682 Paris|French, ca. 1590–1666 Paris","Le Pautre, Jean|Leblond, Jean I",17th century,Paris,,Prints|Ornament & Architecture,http://www.metmuseum.org/art/collection/search/434471,
9683,The American Wing,1920.0,Wallpaper,Wallpaper,,Maker, ,Arthur and Robert Wallpapers ,ca. 1790,Paris,France,,http://www.metmuseum.org/art/collection/search/9683,Human Figures|Buildings|Boats
221,The American Wing,1972.0,Armchair,Armchair,American,Maker,"German, active New York, 1864–1906",Herter Brothers,1865–70,New York,United States,,http://www.metmuseum.org/art/collection/search/221,
433833,Drawings and Prints,1963.0,Print collection ornament & architecture,Quarter ceiling decoration ornamented with putti and a trophy of arms,,Artist,"French, Paris 1618–1682 Paris","Le Pautre, Jean",17th century,Paris,,Prints|Ornament & Architecture,http://www.metmuseum.org/art/collection/search/433833,
503898,Musical Instruments,1976,Bentside Spinet,Bentside Spinet,British,Maker,"British, North Molton, Devon, England 1710–ca. 1774 London",Crang John,1753,London,England,Chordophone-Zither-plucked-spinet,http://www.metmuseum.org/art/collection/search/503898,
734754,Drawings and Prints,1920.0,"Book
Ornament and architecture
Print","View of a Temple, from Temples in the Ancient Style",,Artist,"French, Paris 1510/12–1585 Annecy","Du Cerceau, Jacques Androuet",1550,Orleans,,Books|Ornament & Architecture|Prints,http://www.metmuseum.org/art/collection/search/734754,
8477,The American Wing,1923.0,Spoon,Tea Spoon,American,Maker,1751–1824,"Van Voorhis, Daniel",1775–1800,New York,United States,,http://www.metmuseum.org/art/collection/search/8477,
727923,Drawings and Prints,1991.0,Book Prints Ornament & Architecture,"Fleurs (Flowers), Plate 5",,Printer|Publisher|Designer," | |French, active 1920–30s","Kadar, G.|Editions ""Synth""|Gladky, Serge",1929,Paris,,Books|Prints|Ornament & Architecture,http://www.metmuseum.org/art/collection/search/727923,
390650,Drawings and Prints,1920.0,Drawing Ornament and Architecture,"Chest of Drawers, from Chippendale Drawings, Vol. II",,Artist,"British, baptised Otley, West Yorkshire 1718–1779 London","Chippendale, Thomas",1753,London,,Drawings|Ornament & Architecture,http://www.metmuseum.org/art/collection/search/390650,Chests
9138,The American Wing,1946.0,Tumbler,Tumbler,American,Maker,1863–1891,"Hobbs, Brockunier and Company ",after 1886,Wheeling,United States,,http://www.metmuseum.org/art/collection/search/9138,
8449,The American Wing,1933.0,Spoon,Tea Spoon,American,Maker,active ca. 1805–39,"Stout, James D.",1825,New York,United States,,http://www.metmuseum.org/art/collection/search/8449,
8145,The American Wing,1910.0,Tall clock,Tall Clock,American,Maker,1689–1773,"Bagnall, Benjamin",1725–40,Boston,United States,,http://www.metmuseum.org/art/collection/search/8145,
343651,Drawings and Prints,1924.0,Book,"Morceaux de Caprice (1er - 20ième Livre) (Sammelwerk, 2. Reihe)",,Artist|Engraver|Engraver|Engraver,"German, 1731–1777|German, Augsburg 1714–1776 Vienna|German, died 1766|German, Nymphenburg 1723–1796 Munich","Cuvilliés François de, the Younger|Haid, Johann Gottfried|Roesch, Georg Sigmund|Lespilliez, Carl Albert von",1745–56,Munich,,Books,http://www.metmuseum.org/art/collection/search/343651,
33018,Arms and Armor,1922.0,Left thigh and knee defense,Left Thigh and Knee Defense,"German, Landshut",Armorer,"German, Landshut, active ca. 1517–62","Grosschedel, Wolfgang",16th century,Landshut,,Armor Parts-Thigh and Leg Defense,http://www.metmuseum.org/art/collection/search/33018,
20324,The American Wing,2019.0,Box,Covered box,American,Maker,"American, 1866–1957","Copeland, Elizabeth",ca. 1912,Boston,United States,,http://www.metmuseum.org/art/collection/search/20324,
22749,Arms and Armor,1920.0,Two ear guards,Two Ear Guards from a Shaffron (Horse's Head Defense) of Emperor Charles V (1500–1558),"German, Augsburg",Armorer,"German, Augsburg, 1513–1579","Helmschmid, Desiderius",1544,Augsburg,,Equestrian Equipment-Shaffrons,http://www.metmuseum.org/art/collection/search/22749,
9620,The American Wing,1976.0,Wall mural and fountain,Garden Landscape,American,Designer|Maker,"American, New York 1848–1933 New York|1902–32","Tiffany, Louis C.|Tiffany Studios ",ca. 1905–15,New York,United States,,http://www.metmuseum.org/art/collection/search/9620,Gardens|Swans|Landscapes
6953,The American Wing,1933.0,Salt Shovel,Salt Shovel,American,Maker,1765–1804,"Norcross, Nehemiah",1770–1800,Boston,United States,,http://www.metmuseum.org/art/collection/search/6953,
350254,Drawings and Prints,1957.0,Book,"Rerum Sacrarum Liber, Cum Argumentis Jacobi Pacti Siculi Mamertini",,Author|Illustrator|Publisher|Engraver,"ca. 1506–1596|Italian, active Rome, ca. 1577–85|Netherlandish, Saint-Avertin ca. 1520–1589 Antwerp|Netherlandish, ca. 1553–1619 Antwerp","Gambara, Laurentius|Passeri, Bernardino|Plantin, Christoph|Wierix, Jerome (Hieronymous)",1577,Antwerp,,Books,http://www.metmuseum.org/art/collection/search/350254,
347203,Drawings and Prints,1955.0,Book,Per la Facciata del Duomo di Milano,,Artist,"Swiss, 17th century","Castelli, Francesco",1654,Milan,,Books,http://www.metmuseum.org/art/collection/search/347203,
9783,The American Wing,1969.0,Pitcher,Water Pitcher,American,Maker,active 1829–ca. 1889,"Ladd, William F.",ca. 1846,New York,United States,,http://www.metmuseum.org/art/collection/search/9783,
500563,Musical Instruments,1889,Cittern,Cittern,British,Maker, ,Simpson,ca. 1780–95,London,United Kingdom,Chordophone-Lute-plucked-fretted,http://www.metmuseum.org/art/collection/search/500563,
354128,Drawings and Prints,1972.0,Book,"""US"" an Old-Fashioned Story",,Author|Illustrator|Publisher|Engraver,"British, Rotterdam, Netherlands 1839–1921 London|British, Liverpool 1845–1915 Horsham| |British, Oxford 1820–1909 London","Molesworth, Mary Louisa|Crane, Walter|Macmillan & Co.|Swain, Joseph",1903,New York|London,,Books,http://www.metmuseum.org/art/collection/search/354128,
434635,Drawings and Prints,1953.0,Print collection ornament & architecture,"Trophy of arms with the bust of an imperator at center and an eagle at top, from Trophées d'armes à l'Italienne, plate 5",,Artist|Publisher,"French, Paris 1618–1682 Paris|French, Paris 1634–1716 Paris","Le Pautre, Jean|Mariette, Pierre le fils",17th century,Paris,,Prints|Ornament & Architecture,http://www.metmuseum.org/art/collection/search/434635,
857202,The Libraries,,,Rosie Lee Tompkins : a retrospective,,Author|Author|Author,born 1980| | ,"Yau, Elaine Y.|Ballard, Horace D.|Rinder, Lawrence",2020,Berkeley,United States of America,,http://www.metmuseum.org/art/collection/search/857202,
411067,Drawings and Prints,1929.0,Print,"La Balayeuse, from Les Parisiens, plate 11",,Artist|Printer|Publisher,"French, Paris 1804–1866 Paris|French, Paris|French, active ca. 1836–67","Gavarni, Paul|Lemercier & Cie.|Gache, Henry",1857,Paris,,Prints,http://www.metmuseum.org/art/collection/search/411067,
5402,The American Wing,1946.0,Necklace,Necklace,American,Maker,"American, New York 1848–1933 New York","Tiffany, Louis C.",ca. 1904,New York,United States,,http://www.metmuseum.org/art/collection/search/5402,Leaves
701180,Drawings and Prints,1951.0,"Print, Fete, Ornament & Architecture","Plate 17: Aeneas welcomed by King Euandrus in Italy; from Guillielmus Becanus's 'Serenissimi Principis Ferdinandi, Hispaniarum Infantis...'",,Publisher|Artist,"Flemish, active 1620–47|Netherlandish, Antwerp 1576–1650 Antwerp","Meursius, Johannes|Galle, Cornelis, I",1636,Antwerp,,Prints|Prints-Fete|Ornament & Architecture,http://www.metmuseum.org/art/collection/search/701180,Kings|Boys|Men|Boats
345285,Drawings and Prints,1952.0,Book ; Ornament and architecture,"Regles des cinq ordres d'architecture de Jacques Barozzio de Vignolle. Nouveau livre. Le tout enrichi de vignettes et cartels, dessinés et gravés par Babel",,Author|Engraver|Publisher|Artist and engraver,"Italian, Vignola 1507–1573 Rome|French, Paris 1720–1775 Paris|French, Blois 1688–1776 Paris|French, 1722–1798 Paris","Vignola, Jacopo [Giacomo] Barozzi da|Babel, Pierre Edmé|Chereau, Jacques II Sr.|Moreau, Pierre",1747,Paris,,Books|Ornament & Architecture,http://www.metmuseum.org/art/collection/search/345285,
735100,Drawings and Prints,1948.0,"Book
Ornament and architecture
Print","View of a Temple, from Temples in the Ancient Style",,Artist,"French, Paris 1510/12–1585 Annecy","Du Cerceau, Jacques Androuet",1550,Paris,,Books|Ornament & Architecture|Prints,http://www.metmuseum.org/art/collection/search/735100,
504283,Musical Instruments,1980,Square Piano,Square Piano,British,Maker,Baden 1752–1813 London,Astor George,1784–98,London,United Kingdom,Chordophone-Zither-struck-piano,http://www.metmuseum.org/art/collection/search/504283,
431066,Drawings and Prints,1933.0,Print collection ornament & architecture,"Alternative plan for a ceiling depicting a battle at lower right, from Grands quarts-de-plafond à la romaine, plate 6, bound in Oeuvres. Vol. I",,Artist|Publisher,"French, Paris 1618–1682 Paris|French, Paris 1634–1716 Paris","Le Pautre, Jean|Mariette, Pierre le fils",publishes 1661,Paris,,Prints|Ornament & Architecture,http://www.metmuseum.org/art/collection/search/431066,
853807,The Libraries,,,Days off and other digressions : illustrated,,Publisher|Artist|Author," |American, New York 1867–1944 New York|American, Germantown, Pennsylvania 1852–1933 Princeton, New Jersey","Charles Scribner's Sons|Armstrong, Margaret Neilson|Van Dyke, Henry",1907,New York,,,http://www.metmuseum.org/art/collection/search/853807,
431208,Drawings and Prints,1933.0,Print collection ornament & architecture,"Bed ornamented with a painting of sleeping Venus and with Cupid above, from Livre de lits à la romaine, plate 4, bound in Oeuvres. Vol. I",,Artist,"French, Paris 1618–1682 Paris","Le Pautre, Jean",17th century,Paris,,Prints|Ornament & Architecture,http://www.metmuseum.org/art/collection/search/431208,
347396,Drawings and Prints,1960.0,Book,Illustrated Catalogue of Chase Brothers & Co's Useful and Ornamental Bronzed Iron Goods,,Author,"Boston, Massachusets",Chase Brothers & Co.,ca. 1855,Boston,,Books,http://www.metmuseum.org/art/collection/search/347396,
432495,Drawings and Prints,1933.0,Print collection ornament & architecture,"Vase in profile ornamented with frieze of dancers, from Grands vases dans des bordures décoratives, plate 1, bound in Oeuvres. Vol. III",,Artist|Publisher,"French, Paris 1618–1682 Paris|French, Paris 1634–1716 Paris","Le Pautre, Jean|Mariette, Pierre le fils",17th century,Paris,,Prints|Ornament & Architecture,http://www.metmuseum.org/art/collection/search/432495,
377525,Drawings and Prints,1985.0,Print,Advertising Card for a Carved Dresser,,Publisher,"American, Brooklyn, New York 1853–1936 Buffalo, New York","Rohlfs, Charles",1907,Buffalo,,Prints,http://www.metmuseum.org/art/collection/search/377525,Furniture|Dressers
698526,Drawings and Prints,1921.0,Book,Plate 34: The Israelites gathered around the Golden Calf in adoration; from 'Imagines Veteris Ac Novi Testamenti A Raphaele Sanctio Urbinate in Vaticani Palatii Xystis' after Raphael,,Artist|Artist|Publisher,"Italian, Florence 1660–1675|Italian, Urbino 1483–1520 Rome|Italian, Rome 1627–1691 Rome","Fantetti, Cesare|Raphael (Raffaello Sanzio or Santi)|Rossi, Giovanni Giacomo De",1675,Rome,,Books,http://www.metmuseum.org/art/collection/search/698526,
13987,The American Wing,1912.0,Sample,Lace Sample,American,Designer|Manufacturer|Manufacturer, | | ,"Edson, Bert|North American Lace Company|New England Lace Company",ca. 1912,Philadelphia|Pawtucket,United States|United States,,http://www.metmuseum.org/art/collection/search/13987,Flowers
348502,Drawings and Prints,1965.0,Book,Primer of the Art of Illumination for the Use of Beginners,,Publisher|Author,"London|British, Sandhurst 1813/14–1862 London","Lockwood, Crosby and Son|Delamotte, Freeman Gage",1897,London,,Books,http://www.metmuseum.org/art/collection/search/348502,
350406,Drawings and Prints,1938.0,Book,"Gallerie edler deutscher Frauenzimmer mit getrossenen Schattenrissen, nebst andern Kupfern und Vignetten. Hefts 1 and 2 in 1 Vol.",,Artist|Publisher, | ,"Geissler Ad. Friedrich , the Younger|Buchhandlung der Gelehrten",1784,Leipzig|Dessau,,Books,http://www.metmuseum.org/art/collection/search/350406,
345855,Drawings and Prints,1953.0,Book ; Ornament and architecture,"Manual of Wood Carving with practical instructions for learners of the art, and original and selected designs",,Author|Publisher|Author|Publisher|Publisher,"British, 1831–1908|London|British, 1816–1886|British|London","Bemrose, William Jr.|Bemrose and Sons|Jewitt, Llewellynn Frederick William|Parker, J. H. and Sons|Whittaker and Co.",[before 1880] (?),London,,Books|Ornament & Architecture,http://www.metmuseum.org/art/collection/search/345855,
412528,Drawings and Prints,1968.0,Portfolio,"Plate 2 from Sonia Delaunay: ses peintures, ses objets, ses tissus simultanés, ses modes",,Artist|Publisher,"French (born Ukraine), Gradizhsk 1885–1979 Paris| ","Delaunay, Sonia|Librairie des Arts Décoratifs",[1925],Paris,,Portfolios,http://www.metmuseum.org/art/collection/search/412528,Women|Fashion
425207,Drawings and Prints,1933.0,Print,"Vignette at the top of page 18 depicting Galatea embracing Pygmalion, from Pygmalion, Scene Lyrique de Mr. J. J. Rousseau, Mise en Vers par Mr. Berquin. Le Text Gravé par Droüet. Paris 1775 in a blue paper folder with Idylle par Mr. Berquin",,Author|Author|Artist|Artist|Artist,"Swiss, Geneva 1712–1778 Ermenonville|French, 1747–1791|French, Paris 1741–1814 Paris|French, 18th century|French, Paris, 1739–1792","Rousseau, Jean Jacques|Berquin, Arnaud|Moreau, Jean Michel, the Younger|Droüet|Launay, Nicolas de",1773,Paris,,Prints,http://www.metmuseum.org/art/collection/search/425207,
736044,Drawings and Prints,1917.0,Print,The Westminster Watchman,,Subject|Subject|Artist|Subject,"British, Yorkshire 1734–1805 Lincolnshire|British, 1724–1816|British, London 1757–1827 London|British, 1749–1806","Wray, Cecil Sir|Hood, Samuel 1st Viscount Hood|Rowlandson, Thomas|Fox, Charles James","April 12, 1784",London,,Prints,http://www.metmuseum.org/art/collection/search/736044,Satire|Men|Dogs|Clouds|Lamps
312066,"Arts of Africa, Oceania, and the Americas",1978.0,Bark painting,Painting from a Ceremonial House Ceiling,"Kwoma, Amachi-Kalaba clan",Artist|Artist, | ,"Artists of Mariwai Village|Numei, Amachi Kalaba",1970,Mariwai village,Papua New Guinea,Bark-Paintings,http://www.metmuseum.org/art/collection/search/312066,
742839,Drawings and Prints,1960.0,Print Ornament & Architecture,"Designs for Necklaces, Bracelets, Brooches, Earrings, and Other Jewelry of the Second Empire",,Artist, ,"Anonymous, French, 19th century",ca. 1850–70,Leipzig,,Prints|Ornament & Architecture,http://www.metmuseum.org/art/collection/search/742839,
789411,Drawings and Prints,1922.0,Print,A Study,,Publisher|Artist,"British, London 1796–1884 Twickenham|British, Norwich 1782–1842 London","Bohn, Henry George|Cotman, John Sell",1838,London,,Prints,http://www.metmuseum.org/art/collection/search/789411,
13957,The American Wing,1961.0,Rug,Hooked Rug,American,Maker,1800–1896,"Barnard, Lucy",ca. 1860,Dixfield,United States,,http://www.metmuseum.org/art/collection/search/13957,Houses|Flowers|Trees
8160,The American Wing,1985.0,Tall clock,Tall Clock,American,Maker,"American, Brooklyn, New York 1853–1936 Buffalo, New York","Rohlfs, Charles",ca. 1900,Buffalo,United States,,http://www.metmuseum.org/art/collection/search/8160,
6022,The American Wing,1940.0,Cup plate,Cup Plate,British (American market),Maker,active ca. 1839–67,"Clementson, Joseph",ca. 1839–ca. 1867,Stoke-on-Trent,England,,http://www.metmuseum.org/art/collection/search/6022,Landscapes
352772,Drawings and Prints,1974.0,Print,"Baptist Mariners Chapel, New York",,Artist|Publisher,"American (born England), Leicester 1812–1876 New York|American, active New York, 1844–51","Palmer, Frances Flora Bond|Palmer, Francis & Seymour",ca. 1848,New York,,Prints,http://www.metmuseum.org/art/collection/search/352772,Chapels
659531,Drawings and Prints,1918.0,Books Prints Ornament & Architecture,"Esemplario di Lauori..., page 6 (recto)",,Designer|Publisher,"Italian, active 16th century|Italian, active Venice 1530–1573","Vavassore, Florio|Vavassore, Giovanni Andrea","August 1, 1532",Venice,,Books|Prints|Ornament & Architecture,http://www.metmuseum.org/art/collection/search/659531,Birds|Griffins|Ships
35960,Arms and Armor,2013.0,Backplate,Backplate of an Armor for Vincenzo Luigi di Capua (d. 1627),"Italian, Milan",Armorer,"Italian, Milan, ca. 1537–1610","Cesa, Pompeo della",ca. 1595,Milan,,Armor Parts-Backplates,http://www.metmuseum.org/art/collection/search/35960,
345148,Drawings and Prints,1926.0,Book,"Price List, 1874. Manufacturers of all descriptions of artificial cut, carved, and ornamental stone",,Author,"Minneapolis, Minnesota",Asbestine Stone Company,1874,Minneapolis,,Books,http://www.metmuseum.org/art/collection/search/345148,
1466,The American Wing,1933.0,Caster,Caster,American,Maker,"baptized 1799, active New York, 1826–63","Forbes, William",ca. 1840,New York,United States,,http://www.metmuseum.org/art/collection/search/1466,
345201,Drawings and Prints,1951.0,Book,Polychromatic Decoration as Applied to Buildings in the Mediæval Styles,,Author|Author|Publisher|Printer,"British, Elgin, Scotland 1838–1925 Bloomfield, New Jersey|British, Dufftown, Scotland 1833–1907|London|Paris","Audsley, George Ashdown|Audsley, William James|Henry Sotheran & Company|Firmin Didot",1882,Paris|London,,Books,http://www.metmuseum.org/art/collection/search/345201,
455022,Islamic Art,1913.0,Folio from an illustrated manuscript,"""Yusuf Tending the Flocks"", Folio of a Yusuf and Zulaykha of Jami",,Author,"Iranian, Jam 1414–92 Herat",Maulana Nur al-Din `Abd al-Rahman Jami,1523–24,Bukhara,present-day Uzbekistan,Codices,http://www.metmuseum.org/art/collection/search/455022,Animals|Men
751416,The American Wing,2017.0,Cabinet,Cabinet,American,Maker,"American, Philadelphia, Pennsylvania, active 1865–ca. 1907","Lejambre, A. and H.",ca. 1880,Philadelphia,United States,,http://www.metmuseum.org/art/collection/search/751416,
343707,Drawings and Prints,1929.0,Book,Neu Inventirtes Laub und Bandel-Werck. Fünfter Theil,,Artist|Publisher,"German, 1670–1733|German, Redwitz 1654–1725 Nuremberg","Eysler, Johann Leonhard|Weigel, Christoph",ca. 1700,[Nuremberg],,Books|Ornament & Architecture,http://www.metmuseum.org/art/collection/search/343707,
14277,The American Wing,1991.0,Dessert dish,Dessert Dish,American,Maker,1874–1891,Duncan and Sons George,ca. 1878–90,Pittsburgh,United States,,http://www.metmuseum.org/art/collection/search/14277,
678062,Drawings and Prints,1953.0,Print,The Young Nurse and Quiet Child,,Artist|Engraver|Publisher,"British, London 1763–1804 London|British, active ca. 1786–ca. 1813|British, active 1803–43","Morland, George|Graham, George|Palser, Thomas",1788,Philadelphia,,Prints,http://www.metmuseum.org/art/collection/search/678062,
410944,Drawings and Prints,1946.0,Collection Ornament & Architecture,Disegni Varii di Polifilo Zancarli,,Artist|Artist|Publisher,"active in Venice ca. 1600–1625|Italian, Bologna 1573–1637/38 Venice|Italian, active in Venice (?) ca. 1625","Giancarli, Polifilo|Fialetti, Odoardo|Giancarli, Tasio",1628 before,Venice,,Prints|Ornament & Architecture,http://www.metmuseum.org/art/collection/search/410944,Grotesques|Ornament|Mythical Creatures|Putti|Acanthus
688576,Drawings and Prints,1937.0,Book,Vari disegni di merletti (page 1r),,Artist|Publisher,"Italian, active Bologna and Siena 1610–1643| ","Danieli, Bartolomeo|Parisini, Agostine & Giovanni Battista Negrponte",1639,Bologna,,Books,http://www.metmuseum.org/art/collection/search/688576,Ornament
371908,Drawings and Prints,1955.0,Book,Vignettes,,Artist,"British, Eltringham, Northumberland 1753–1828 Gateshead","Bewick, Thomas",[1827],Newcastle,,Books,http://www.metmuseum.org/art/collection/search/371908,
25419,Arms and Armor,1904.0,Pommel plate,Pommel Plate,"German, Augsburg",Etcher,"German, Augsburg, ca. 1522–1603","Sorg the Younger, Jörg",ca. 1550,Augsburg,,Equestrian Equipment-Saddles,http://www.metmuseum.org/art/collection/search/25419,Lions
13519,The American Wing,1990.0,Letter scale,Letter Scale,American,Designer|Maker,"American, New York 1848–1933 New York|1902–32","Tiffany, Louis C.|Tiffany Studios ",ca. 1905–20,New York,United States,,http://www.metmuseum.org/art/collection/search/13519,
503480,Musical Instruments,1997,Clarinet in B-flat,Clarinet in B-flat,British,Maker, ,Hawkes & Son,1878,London,United Kingdom,Aerophone-Reed Vibrated-single reed cylindrical,http://www.metmuseum.org/art/collection/search/503480,
432529,Drawings and Prints,1933.0,Print collection ornament & architecture,"Two vases in profile; the one at left depicting a bust of Christ in a medallion, from Vases ou burettes à la romaine, plate 2, bound in Oeuvres. Vol. III",,Artist|Publisher,"French, Paris 1618–1682 Paris|French, Saint Benoît 1660–1742 Paris","Le Pautre, Jean|Mariette, Jean",17th century,Paris,,Prints|Ornament & Architecture,http://www.metmuseum.org/art/collection/search/432529,
348177,Drawings and Prints,1966.0,Book,Sunday Scenes in London and its Suburbs,,Artist|Publisher|Printer,"British, born 1817, active to 1880|London| ","Cruikshank, Percy|Kent, G. W. & Co.|Bradbury & Evans",1854,London,,Books,http://www.metmuseum.org/art/collection/search/348177,
657124,Drawings and Prints,1952.0,Print,"Temple de Venus et de Rome, from Les Plus Beaux Monuments de Rome Ancienne ou Recueil des plus beaux Morceaux de l'Antiquité Romaine qui existent encore",,Printer|Engraver|Artist|Publisher," |Italian, active Rome, ca. 1750–76|French, Viarmes 1718–1762 Rome|Rome","Giunchi Heritiers de Komarek|Montagu, Dominico|Barbault, Jean|Bouchard & Gravier",1761,Rome,,Prints,http://www.metmuseum.org/art/collection/search/657124,Monuments|Temples|Ruins|Rome
412556,Drawings and Prints,1968.0,Portfolio,"Plate 9 from Sonia Delaunay: ses peintures, ses objets, ses tissus simultanés, ses modes",,Artist|Publisher,"French (born Ukraine), Gradizhsk 1885–1979 Paris| ","Delaunay, Sonia|Librairie des Arts Décoratifs",[1925],Paris,,Portfolios,http://www.metmuseum.org/art/collection/search/412556,Women|Fashion
346658,Drawings and Prints,1935.0,Book,Furniture with Candelabra and Interior Decoration,,Artist|Publisher,"British, 1785–1846 Port of Spain, Trinidad|British, 1796–1854","Bridgens, Richard Hicks|Pickering, William",1838,London,,Books,http://www.metmuseum.org/art/collection/search/346658,
640081,Drawings and Prints,1958.0,Print,"Mary, Queen of Scots with her son James",,Sitter|Artist|Artist|Artist|Sitter,"British, Linlithgow 1542–1587 Fotheringhay|Italian, Florence 1728–1815 Lisbon|Italian, Sant'Angelo in Vado 1540/42–1609 Ancona|Italian, active London 1779|British, Edinburgh 1566–1625 Theobalds","Mary Queen of Scots|Bartolozzi, Francesco|Zuccaro, Federico|Roma, Spiridione|James I, King of England and Scotland",20th century,London,,Prints,http://www.metmuseum.org/art/collection/search/640081,
353937,Drawings and Prints,1930.0,Book,"Collection de Meubles et Objets de Goût, vol. 1",,Editor|Publisher|Illustrator,"French, Pontigné 1761–1831 Paris| |French","La Mésangère, Pierre de|Journal des Dames et des Modes|Babin",[1802–07],Paris,,Books,http://www.metmuseum.org/art/collection/search/353937,Curtains
14831,The American Wing,1994.0,Sample,"Sample, Design 514, Textured Damask",American,Maker|Designer,"1889–present|American, Richland Center, Wisconsin 1867–1959 Phoenix, Arizona","Schumacher & Co., F.|Wright, Frank Lloyd",1956,New York,United States,,http://www.metmuseum.org/art/collection/search/14831,
7852,The American Wing,1946.0,Spoon holder,Spoon Holder,American,Maker,1866–1891,"Challinor, Taylor and Company ",1870–80,Tarentum,United States,,http://www.metmuseum.org/art/collection/search/7852,
435095,Drawings and Prints,1956.0,Print collection ornament & architecture,"Man tied to a tree with an army behind him, from Livre d'Academie pour apprendre a bien dessigner",,Artist|Publisher,"French, Paris 1618–1682 Paris|French, Paris 1618–1682 Paris","Le Pautre, Jean|Le Pautre, Jean",1630–82,Paris,,Prints|Ornament & Architecture,http://www.metmuseum.org/art/collection/search/435095,
7805,The American Wing,1933.0,Spoon,Spoon,American,Maker,"American, Boston, Massachusetts 1734–1818 Boston, Massachusetts","Revere, Paul, Jr.",ca. 1787,Boston,United States,,http://www.metmuseum.org/art/collection/search/7805,
21930,Arms and Armor,1904.0,Rapier,Rapier,"hilt, Italian; blade, German, Solingen",Bladesmith,"German, Solingen, mentioned 1591–1627","Munsten, Peter",ca. 1620–30,Solingen,,Swords,http://www.metmuseum.org/art/collection/search/21930,
347979,Drawings and Prints,1977.0,Book,Igor Stravinsky,,Editor|Artist|Artist|Artist|Artist|Artist|Publisher,"American, 20th century|American, 1893–1975|Uruguayan-American (born Argentina), Buenos Aires 1919–2013 New York|American (?), 20th century|American, born Springfield, Missouri 1917|American, Jersey City, New Jersey 1923–1988|New York, NY","Corle, Edwin|Armitage, Merle|Frasconi, Antonio|Ewers, Al|Dyer, Carlos|Stevens, Edward John, Jr.|Duell, Sloan, and Pearce",1949,New York,,Books,http://www.metmuseum.org/art/collection/search/347979,
20142,The American Wing,2018.0,Plaque,Plaque,American,Maker,"American, Baltimore, Maryland 1841–1914 Metuchen, New Jersey","Volkmar, Charles",ca. 1880,Brooklyn|the Bronx,United States|United States,,http://www.metmuseum.org/art/collection/search/20142,Cows|Landscapes
390677,Drawings and Prints,1920.0,Drawing Ornament and Architecture,"Chinese Railing, from Chippendale Drawings, Vol. II",,Artist,"British, baptised Otley, West Yorkshire 1718–1779 London","Chippendale, Thomas",1754,London,,Drawings|Ornament & Architecture,http://www.metmuseum.org/art/collection/search/390677,Ornament
336984,Drawings and Prints,1941.0,Book,The Iliad and the Odyssey,,Engraver|Author|Translator|Artist,"British, London ca. 1782–1870 Cowley, Middlesex|Greek, active 13th or 8th century BCE|British, 1757–1833|British, York 1755–1826 London","Moses, Henry|Homer|Sotheby, William|Flaxman, John",1834,London,,Books,http://www.metmuseum.org/art/collection/search/336984,
348295,Drawings and Prints,1986.0,Book,Kate Greenaway's Birthday Book for Children,,Artist|Printer|Author|Publisher,"British, London 1846–1901 London|British, Southwark, London 1826–1905 Ventnor, Isle of Wight|British, 1841–1892| ","Greenaway, Kate|Evans, Edmund|Sale-Barker, Lucy Elizabeth Drummond|Warne, Frederick & Co.",[ca. 1918],New York|London,,Books,http://www.metmuseum.org/art/collection/search/348295,
422769,Drawings and Prints,1928.0,Print,Celebration of a Circumcision from the frieze Ces Moeurs et fachons de faire de Turcz (Customs and Fashions of the Turks),,Artist|Publisher,"Netherlandish, Aelst 1502–1550 Brussels|Netherlandish, 1518–1593/96","Coecke van Aelst, Pieter|Verhulst, Mayken",1553,Antwerp,,Prints,http://www.metmuseum.org/art/collection/search/422769,Towns|Children|Crowd|Musicians
6194,The American Wing,1914.0,Plate,Plate,British (American market),Maker,"British, active Cobridge, ca. 1810–32","Stevenson, Ralph",ca. 1825–ca. 1832,Stoke-on-Trent,England,,http://www.metmuseum.org/art/collection/search/6194,Pavilions
383543,Drawings and Prints,1991.0,Book ; Ornament and architecture,"Ideas for Rustic Furniture proper for Garden Seats, Summer Houses, Hermitages, Cottages, etc",,Publisher|Author,"London|British, active 1790–1802","Taylor, I. & J.|Wrighte, William",ca. 1790–95,London,,Books|Ornament & Architecture,http://www.metmuseum.org/art/collection/search/383543,
342616,Drawings and Prints,2000.0,Print,Peasant Fair,,Artist|Publisher,"Netherlandish, Mechelen ca. 1535–1608 Antwerp| ","Borcht, Peeter van der|Momper, Bartholomeus de",1559,Antwerp,,Prints,http://www.metmuseum.org/art/collection/search/342616,Battles|Trees|Crowd
468255,Medieval Art,1948.0,Manuscript cutting,Manuscript Illumination with Scenes from the Life of Saint John the Baptist,South Netherlandish,Artist,"South Netherlandish, active ca. 1485–1530",Master of James IV of Scotland (probably Gerard Horenbout),ca. 1515,Bruges,Netherlands,Manuscripts and Illuminations,http://www.metmuseum.org/art/collection/search/468255,Women|Men|Saint John the Baptist|Lambs
354156,Drawings and Prints,1920.0,Book,[Small Bouquets Tied With A Ribbon],,Artist and engraver,"French, Lille 1636–1699 London","Monnoyer, Jean-Baptiste",1656–99,Paris,,Books,http://www.metmuseum.org/art/collection/search/354156,Flowers
347313,Drawings and Prints,1966.0,Book,Souvenirs Charivariques de Spa,,Artist|Publisher,"French, Paris 1819–1879 Paris| ","Cham (Noé Amédée Charles Henri, Comte de)|Hautecoeur Frères",n.d.,Paris,,Books,http://www.metmuseum.org/art/collection/search/347313,
336651,Drawings and Prints,1974.0,Print,Hafed,,Artist|Artist|Publisher|Printer,"British, London 1802–1873 London|British, Torquay, Devon, 1855–1927|London|British, active 1855–1930s","Landseer, Edwin Henry, Sir|Webb, John Cother|Graves, Henry & Company|Holdgate, Alfred","September 1, 1886",London,,Prints,http://www.metmuseum.org/art/collection/search/336651,
504080,Musical Instruments,1991,Flute,Flute,German,Maker,"German, Heessen bei Hamm 1785–1845 Münster",Kneer Max,ca. 1850,Münster,Germany,Aerophone-Blow Hole-side-blown flute (transverse),http://www.metmuseum.org/art/collection/search/504080,
500555,Musical Instruments,1889,Pandurina,Pandurina,Italian,Maker,"Italian, Milan, 18th century",Plisbel,1715,Milan,Italy,Chordophone-Lute-plucked-fretted,http://www.metmuseum.org/art/collection/search/500555,
33347,Arms and Armor,1919.0,Pair of detonator pistols with case with accessories,Pair of Pellet-Lock Pistols with Case with Accessories,"British, London",Gunsmith,"British, active in London and Paris, recorded ca. 1821–45","Moore, Charles",ca. 1825,London,,Firearms-Pistols,http://www.metmuseum.org/art/collection/search/33347,
352403,Drawings and Prints,1932.0,Book,Kalander auf das Jahr 1844,,Publisher|Artist|Artist|Editor," |Austrian, Vienna 1804–1871 Munich|German, 1783–1867|German","Literarisch-artistische Anstalt|Schwind, Moritz von|Cornelius, Peter von|Hermann, F. B. W.",1843,Munich,,Books,http://www.metmuseum.org/art/collection/search/352403,
736332,Drawings and Prints,1959.0,Print,"Sympathy, or A Family On A Journey Laying The Dust",,Artist|Publisher,"London|British, London 1757–1827 London","Hedges, J.|Rowlandson, Thomas","July 12, 1784",London,,Prints,http://www.metmuseum.org/art/collection/search/736332,Men|Women|Dogs|Horses|Carriages
346483,Drawings and Prints,1964.0,Book,Illustrated Catalogue,,Author,"New Haven, Connecticut",Boston Buckboard and Carriage Co.,1887 (?),New Haven,,Books,http://www.metmuseum.org/art/collection/search/346483,
729568,Drawings and Prints,1932.0,"Book
Print
Ornament & Architecture
",Two designs for shop signs,,Artist|Publisher,"French, Paris 1510/12–1585 Annecy|French, 1596–1657","Du Cerceau, Jacques Androuet|Mariette, Pierre",1546–49,Paris,,Books|Ornament & Architecture|Prints,http://www.metmuseum.org/art/collection/search/729568,
774425,Drawings and Prints,1966.0,Print,"Mazury (Masuren), from 'Kriegsbilderbogen Münchner Künstler'",,Publisher|Artist," |German, Strasbourg, Germany 1886–1922 Strasbourg, France","Goltzverlag|Beeh, René",1914,Munich,,Prints,http://www.metmuseum.org/art/collection/search/774425,
345892,Drawings and Prints,1960.0,Book,"Illustrated Catalogue & Price List of Settees, Chairs, Vases, Summer House, Crestings, Tree-Boxes",,Author,"Port Chester, New York","Bent, Samuel S., & Son",ca. 1890,New York,,Books,http://www.metmuseum.org/art/collection/search/345892,
6425,The American Wing,1946.0,Plate,Plate,American,Maker, ,Adams and Company ,1870–90,Pittsburgh,United States,,http://www.metmuseum.org/art/collection/search/6425,
457758,Islamic Art,2012.0,Illustrated  album leaf,An Orange-Headed Ground Thrush and a Death's-Head Moth on a Purple Ebony Orchid Branch,,Artist,"Indian, born Patna, Bihar",Shaikh Zain al–Din,dated 1778,Calcutta,India,Codices,http://www.metmuseum.org/art/collection/search/457758,Birds|Insects|Flowers|Orchids
435320,Drawings and Prints,1918.0,Print collection ornament & architecture,"Friezes with captives seated back to back, from Frises pour les architraves, cornices, et autres ornements d'architecture, plate 5, in A Bound Collection of Print Series Including Cheminées et Lambris, Alcoves à la Romaine, Feuillages et autres ornemens..., etc.",,Artist|Publisher|Publisher,"French, Paris 1618–1682 Paris|French, 1712–1784|French, Paris 1634–1716 Paris","Le Pautre, Jean|Jombert, Charles Antoine|Mariette, Pierre le fils",1751,Paris,,Prints|Ornament & Architecture,http://www.metmuseum.org/art/collection/search/435320,
4731,The American Wing,1967.0,Lamp shade,Lamp Shade,American,Maker,1901–ca. 1924,Quezal Art Glass and Decorating Company ,ca. 1905–20,Brooklyn,United States,,http://www.metmuseum.org/art/collection/search/4731,
6730,The American Wing,1971.0,Portico clock,Portico Clock,,Maker, ,"Grognot, L.",1800–1900,Paris,France,,http://www.metmuseum.org/art/collection/search/6730,
452161,Islamic Art,1970.0,Folio from an illustrated manuscript,"""Isfandiyar's Fourth Course: He Slays a Sorceress"", Folio 435v from the Shahnama (Book of Kings) of Shah Tahmasp",,Artist|Author|Workshop director,"Iranian, active ca. 1525–60|Iranian, Paj ca. 940/41–1020 Tus|Iranian, active ca. 1525–1576 Qazvin",Qasim ibn 'Ali|Abu'l Qasim Firdausi|Aqa Mirak,ca. 1525–30,Tabriz,Iran,Codices,http://www.metmuseum.org/art/collection/search/452161,Horses|Poetry|Men
347330,Drawings and Prints,1941.0,Book,The Young Penman's Daily Practice,,Artist|Engraver|Publisher,"British, 1709–1762|British, active 18th century|British, Sunderland 1725–1794 Bath","Champion, Joseph|Howard, Jonathan|Sayer, Robert",dedication 1759,London,,Books,http://www.metmuseum.org/art/collection/search/347330,
5846,The American Wing,1969.0,Pitcher,Pitcher,American,Retailer, ,South Boston Flint Glass Works ,1813–30,Boston,United States,,http://www.metmuseum.org/art/collection/search/5846,
2792,The American Wing,1969.0,Cup,Cup,American,Designer|Maker,"American, New York 1848–1933 New York|1902–32","Tiffany, Louis C.|Tiffany Studios ",ca. 1905,New York,United States,,http://www.metmuseum.org/art/collection/search/2792,
435431,Drawings and Prints,1918.0,Print collection ornament & architecture,"Friezes depicting Bacchanales, from Frises, feuillages ou tritons marins à la romaine, plate 6, in A Bound Collection of Print Series Including Cheminées et Lambris, Alcoves à la Romaine, Feuillages et autres ornemens..., etc.",,Artist|Publisher|Publisher,"French, Paris 1618–1682 Paris|French, 1712–1784|French, Paris 1634–1716 Paris","Le Pautre, Jean|Jombert, Charles Antoine|Mariette, Pierre le fils",1751,Paris,,Prints|Ornament & Architecture,http://www.metmuseum.org/art/collection/search/435431,
778172,Drawings and Prints,1949.0,Print,Portrait of a bearded man wearing a fur-trimmed coat,,Artist|Artist,"Italian, Venice 1518/19–1594 Venice|Flemish, Antwerp 1624–after 1666 Antwerp","Tintoretto, Jacopo (Jacopo Robusti)|Vorsterman, Lucas II",ca. 1656–60,London,,Prints,http://www.metmuseum.org/art/collection/search/778172,
2507,The American Wing,1969.0,Sugar bowl,Sugar bowl,American,Designer|Manufacturer,1820–1887|1863–1922,"Müller, Karl L. H.|Union Porcelain Works ",ca. 1876,Brooklyn,United States,,http://www.metmuseum.org/art/collection/search/2507,Heads|Men|Birds|Flowers
7064,The American Wing,1937.0,Salt,Trencher Salt,American,Maker,1705–1793,"Ten, Eyck Jacob",1730–35,Albany,United States,,http://www.metmuseum.org/art/collection/search/7064,
670601,The American Wing,2014.0,Ribbon,Ribbon featuring quote by George Washington Carver,American,Manufactory,1875,"ALS Industries, Inc.",1982,New York,United States,,http://www.metmuseum.org/art/collection/search/670601,
346065,Drawings and Prints,1952.0,Book,Ontleading des menschlyken Lichaems,,Author|Artist|Engraver|Engraver,"1649–1713|Dutch, Liège 1641–1711 Amsterdam|Dutch, 1640–1690|Dutch, Amsterdam 1659–1724","Bidloo, Govard|Lairesse, Gerard de|Blooteling, Abraham|Gunst, Pieter van",1728,Utrecht,,Books,http://www.metmuseum.org/art/collection/search/346065,
659615,Drawings and Prints,1918.0,Books Prints Ornament & Architecture,"Esemplario di Lauori..., page 22 (verso)",,Designer|Publisher,"Italian, active 16th century|Italian, active Venice 1530–1573","Vavassore, Florio|Vavassore, Giovanni Andrea","August 1, 1532",Venice,,Books|Prints|Ornament & Architecture,http://www.metmuseum.org/art/collection/search/659615,
432774,Drawings and Prints,1933.0,Print collection ornament & architecture,"Title page with two designs for trophies with an octagonal shield and a crown of laurels, from Trophées à l'antique, plate 1, bound in Oeuvres. Vol. III",,Artist,"French, Paris 1618–1682 Paris","Le Pautre, Jean",17th century,Paris,,Prints|Ornament & Architecture,http://www.metmuseum.org/art/collection/search/432774,
408764,Drawings and Prints,1955.0,Book,"Antiquarian and Topographical Cabinet, containing a series of elegant views of the most interesting objects of curiosity in Great Britain, Vol. V",,Publisher|Author|Publisher|Engraver|Artist|Artist|Publisher|Printer|Artist|Artist|Artist|Artist|Artist|Artist|Artist|Artist|Artist|Artist|Artist|Publisher|Publisher|Engraver,"London|British, Cambridge 1771–1853 Islington, London|London|British, active 1803–53|British, Plymouth 1783–1852 London|British, London 1763–1804 London|London|London|British, active 1808–48|British, active early 19th century|British, London 1782–1856|British, Louth 1767–1822|British, active early 19th century|British, 1766–1800|British, 1779–1852|British, active 1808–20|British, active early 19th century|British, active early 19th century|British, 1785–1856|London|London|British, 1778–1810","Sherwood, Neely and Jones|Storer, James|Clarke, Wm.|Greig, John|Prout, Samuel|Dayes, Edward|Carpenter, J.|Coe|Stockdale, Frederick Wilton Litchfield|Hare, W.|Nash, Frederick|Espin, Thomas|Hardwick, J.|Bloomfield, Robert|Duke, Edward F. A. S.|Horner, William Reverend|Hawke The Honorable Miss|Rogers, P.|Varley, William Fleetwood|Richardson, J. M.|Chapple, C.|Smith, Joseph Clarendon",1809,London,,Books,http://www.metmuseum.org/art/collection/search/408764,
659540,Drawings and Prints,1918.0,Books Prints Ornament & Architecture,"Esemplario di Lauori..., page 9 (verso)",,Designer|Publisher,"Italian, active 16th century|Italian, active Venice 1530–1573","Vavassore, Florio|Vavassore, Giovanni Andrea","August 1, 1532",Venice,,Books|Prints|Ornament & Architecture,http://www.metmuseum.org/art/collection/search/659540,Ornament
431167,Drawings and Prints,1933.0,Print collection ornament & architecture,"Design for a door crown molding with a river god at lower right, from Recherche de plusieurs beaux morceaux d'ornemens pour seruir aux frontons des placarts plaphons et Lembris [Lambris et autres décors], plate 3, bound in Oeuvres. Vol. I",,Artist|Publisher,"French, Paris 1618–1682 Paris|French, Paris 1634–1716 Paris","Le Pautre, Jean|Mariette, Pierre le fils",published 1661,Paris,,Prints|Ornament & Architecture,http://www.metmuseum.org/art/collection/search/431167,
5971,The American Wing,1914.0,Plate,Plate,British (American market),Maker,"British, Cobridge, Stoke-on-Trent, active ca. 1818–36","Clews, James and Ralph",ca. 1815–34,Stoke-on-Trent,England,,http://www.metmuseum.org/art/collection/search/5971,Flowers|Landscapes
20259,The American Wing,2008.0,Tumbler,Tumbler,British,Maker, ,Pellatt & Green,1818,London,England,,http://www.metmuseum.org/art/collection/search/20259,
1453,The American Wing,1943.0,Card table,Card Table,American,Maker,1789–1856,"Quervelle, Anthony G.",1825–30,Philadelphia,United States,,http://www.metmuseum.org/art/collection/search/1453,
444586,Islamic Art,1891.0,Ewer,"Ewer with Inscription, Horsemen, and Vegetal Decoration",,Maker, ,`Umar ibn al-Hajji Jaldak,dated A.H. 623/1226 CE,probably Mosul,Iraq,Metal,http://www.metmuseum.org/art/collection/search/444586,
349029,Drawings and Prints,1941.0,Book,Premiere Suite de Vases,,Artist and publisher,"French, 18th century",Duplessis Fils,18th century,Paris,,Books,http://www.metmuseum.org/art/collection/search/349029,Putti|Goats|Vases
506046,Musical Instruments,2008,Lithographic Plates,Lithographic Plates,French,Maker,"French, 1814–1876",Collette Alexandre Désiré,1850,Paris,France,Works on Paper,http://www.metmuseum.org/art/collection/search/506046,Musical Instruments|Men|Musicians
701213,Drawings and Prints,1951.0,"Print, Fete, Ornament & Architecture","Plate 27: Triumphal arch, elevation of the back, surmounted by allegorical figures and decorated with scenes from Roman mythology and history; from Guillielmus Becanus's 'Serenissimi Principis Ferdinandi, Hispaniarum Infantis...'",,Publisher,"Flemish, active 1620–47","Meursius, Johannes",1636,Antwerp,,Prints|Prints-Fete,http://www.metmuseum.org/art/collection/search/701213,Architecture|Arches
361826,Drawings and Prints,1991.0,Book,"Recueil des dessins de tapis, tapisseries et autres objets d'ameublement",,Designer|Manufacturer|Publisher|Engraver|Engraver|Engraver|Engraver|Engraver,"French, Lyons 1798–1838 Paris| | |French, 1789–after 1836|French, Paris 1800–about 1859 Paris|French|Italian, Lugano 1799–1868 Paris|French, St. Fargeau 1798–1852 Paris","Chenavard, Aimé|Chenavard, M. M.|Leconte, E.|Ribault, Julie Mlle|Schaal, Louis-Jacques-Nicolas|Lecoq|Pedretti, Vittore|Marlier, Charles-Bonaparte",ca. 1825,Paris,,Books,http://www.metmuseum.org/art/collection/search/361826,
345407,Drawings and Prints,1952.0,Book,Recueil de divers Monumens Anciens répandus en plusieurs endroits de L'Italie,,Author|Designer|Publisher|Printer|Etcher|Etcher,"French, Viarmes 1718–1762 Rome|French, Viarmes 1718–1762 Rome|Rome| |Italian, active Rome, ca. 1750–76|Austrian, active 1762–70","Barbault, Jean|Barbault, Jean|Bouchard & Gravier|Giunchi Heritiers de Komarek|Montagu, Dominico|Beheim, Johann",1770,Rome,,Books,http://www.metmuseum.org/art/collection/search/345407,Monuments|Pyramids|Men|Trees
7176,The American Wing,1946.0,Sauce dish,Sauce Dish,American,Maker,1866–1891,"Challinor, Taylor and Company ",1870–90,Tarentum,United States,,http://www.metmuseum.org/art/collection/search/7176,
16856,The American Wing,2001.0,Armchair,Armchair,American,Maker,active 1818–after 1825,"Banks, John",1819–20,New York,United States,,http://www.metmuseum.org/art/collection/search/16856,
625134,Drawings and Prints,1966.0,Print ornament & architecture,"Six terms, four female, one male, and one with male and female head, plate 14, from Caryatidum [...] sive Athlantidum multiformium ad quemlibet Architecture ordinem Accommodatarum centuria prima [...]",,Artist|Artist|Artist|Publisher,"Netherlandish, Leeuwarden 1527–1606 (?)  Antwerp (?)|Netherlandish, 1528/32–1605|Netherlandish, active 1554–72, died before 1589|Netherlandish, 1509/17–1591","Vredeman de Vries, Hans|Doetecum, Johannes van I|Doetecum, Lucas van|Jode, Gerard de",ca. 1565,Antwerp,,Ornament & Architecture|Prints,http://www.metmuseum.org/art/collection/search/625134,
2046,The American Wing,2002.0,Hair jewelry,Hair Ornament,American,Maker,"American, New York 1848–1933 New York","Tiffany, Louis C.",ca. 1904,New York,United States,,http://www.metmuseum.org/art/collection/search/2046,Dragonflies
653007,Arms and Armor,2004.0,Drawings,Design for the Decoration of Firearms,"French, Versailles",Designer,"French, Versailles and Paris, 1761–1833","Boutet, Nicholas-Noël",ca. 1797–1805,Versailles,,Works on Paper-Drawings,http://www.metmuseum.org/art/collection/search/653007,Ornament
659056,Drawings and Prints,1952.0,Print,"Fragmens d'aprés l'Antique, from Les Plus Beaux Monuments de Rome Ancienne ou Recueil des plus beaux Morceaux de l'Antiquité Romaine qui existent encore",,Artist|Publisher|Printer,"French, Viarmes 1718–1762 Rome|Rome| ","Barbault, Jean|Bouchard & Gravier|Giunchi Heritiers de Komarek",1761,Rome,,Prints,http://www.metmuseum.org/art/collection/search/659056,
350519,Drawings and Prints,1934.0,Book,"Le Cannameliste Français, Ou Nouvelle Instruction Pour Ceux Qui Desirent D'Apprendre L'Office, Rédigé en Forme de Dictionnaire",,Publisher|Publisher|Author|Illustrator|Engraver," | |French, died 1758|French, active 1760s| ","La Veuve Le Clerc|Gogué & Née de la Rochelle|Gilliers, Joseph|Dupuis|Lotha",1768,Paris|Nancy,,Books,http://www.metmuseum.org/art/collection/search/350519,Dining
638378,Drawings and Prints,1957.0,Print,"Ferdinando de' Medici, Duke of Tuscany, from Effigie naturali dei maggior prencipi et piu valorosi capitani di questa eta con l'arme loro",,Artist|Publisher|Sitter,"Italian, Venice 1550–1620 Venice|Italian, Venice 1550–1620 Venice|Italian, Florence 1548–1609 Florence","Franco, Giacomo|Franco, Giacomo|Medici, Ferdinando de', Grand Duke of Tuscany",1596,Venice,,Prints,http://www.metmuseum.org/art/collection/search/638378,
630100,Drawings and Prints,1945.0,Print,"Vendor of Shoes, from Di Bologna l'Arti per via D'An.ibal' Ca.rac, plate 15",,Artist|Artist|Publisher|Printer,"Italian, Bologna (?) 1634–1718 Bologna|Italian, Bologna 1560–1609 Rome|Italian, Rome 1627–1691 Rome| ","Mitelli, Giuseppe Maria|Carracci, Annibale|Rossi, Giovanni Giacomo De|Calcografia, Camerale La",printed 1740,Rome,,Prints,http://www.metmuseum.org/art/collection/search/630100,
347796,Drawings and Prints,1946.0,Book,La Civilité Puérile et Honnête expliquée par l'Oncle Eugène,,Illustrator|Publisher|Author,"French, 1851–1913| |French, 1836–1895","Boutet, de Monvel Louis-Maurice|Plon E., Nourrit et Cie.|Plon, Eugène",1887,Paris,,Books,http://www.metmuseum.org/art/collection/search/347796,Boys
359326,Drawings and Prints,1970.0,Book,The Adventure of Hunch-back and the Stories Connected with it (from the Arabian Nights Entertainments),,Etcher|Publisher|Printer|Artist,"British, 1769–1837 London|British, 1769–1837 London|London|British, Wigton, Cumberland 1752/53–1845 London","Daniell, William|Daniell, William|Davidson, Thomas|Smirke, Robert",1814,London,,Books,http://www.metmuseum.org/art/collection/search/359326,
779210,Drawings and Prints,1962.0,Drawing Ornament and Architecture,Floral design,,Artist, ,"Anonymous, British, 19th century",19th century,London,,Drawings|Ornament & Architecture,http://www.metmuseum.org/art/collection/search/779210,
4267,The American Wing,1938.0,Coat of arms,Quillwork hatchment of Dering coat of arms,American,Maker|Artist,"American, 1717–1779|American, 1715–1785","Dering, Mary|Dering, Elizabeth",1731,Boston,United States,,http://www.metmuseum.org/art/collection/search/4267,Coat of Arms
345643,Drawings and Prints,1966.0,Book,Les Fleurs du Mal,,Author|Illustrator|Editor|Publisher,"French, Paris 1821–1867 Paris|French, Lille 1868–1941 Paris|French, 1866–1939| ","Baudelaire, Charles|Bernard, Emile|Vollard, Ambroise|Imprimerie Nationale",1916,Paris,,Books,http://www.metmuseum.org/art/collection/search/345643,
630113,Drawings and Prints,1945.0,Print,"The Lamb Butcher, from Di Bologna l'Arti per via D'An.ibal' Ca.rac, plate 20",,Artist|Artist|Publisher|Printer,"Italian, Bologna (?) 1634–1718 Bologna|Italian, Bologna 1560–1609 Rome|Italian, Rome 1627–1691 Rome| ","Mitelli, Giuseppe Maria|Carracci, Annibale|Rossi, Giovanni Giacomo De|Calcografia, Camerale La",printed 1740,Rome,,Prints,http://www.metmuseum.org/art/collection/search/630113,
7970,The American Wing,1958.0,Sugar bowl,Sugar Bowl,American,Maker,1782–1848,"Richardson, George",1830–45,Cranston,United States,,http://www.metmuseum.org/art/collection/search/7970,
434640,Drawings and Prints,1953.0,Print collection ornament & architecture,"Reverse copy of Venus mourning the death of Adonis, from a series of twenty-two plates depicting mythological subjects, plate 4",,Artist|Publisher,"French, Paris 1618–1682 Paris|Dutch (born Germany), Elberfeld 1660–ca. 1713 Amsterdam","Le Pautre, Jean|Schenck, Pieter",17th century,Paris,,Prints|Ornament & Architecture,http://www.metmuseum.org/art/collection/search/434640,
24867,Arms and Armor,1973.0,Rapier,Rapier,"German, Solingen",Bladesmith,"German, Solingen, active early 17th century","Berns, Meves",ca. 1610–20,Solingen,,Swords,http://www.metmuseum.org/art/collection/search/24867,
463605,Medieval Art,1912.0,Psalter; Manuscript cutting,"Manuscript Illumination with Singing Monks in an Initial D, from a Psalter",Italian,Artist,"Italian, Verona 1474–1555 Verona",Girolamo dai Libri,1501–2,Verona,Italy,Manuscripts and Illuminations,http://www.metmuseum.org/art/collection/search/463605,Singing|Monks
345329,Drawings and Prints,1958.0,Book,My Ladye's Jewel Box,,Author,"Providence, Rhode Island",Baird-North Co.,1914,Providence,,Books,http://www.metmuseum.org/art/collection/search/345329,
628890,Drawings and Prints,1943.0,Print ornament & architecture,"Town square with two palaces, on the right elaborate three story fountain topped by Neptune on his wagon under a canopy, from Artis Perspectivæ, plate 3",,Artist|Artist|Artist|Publisher,"Netherlandish, Leeuwarden 1527–1606 (?)  Antwerp (?)|Netherlandish, 1528/32–1605|Netherlandish, active 1554–72, died before 1589|Netherlandish, 1509/17–1591","Vredeman de Vries, Hans|Doetecum, Johannes van I|Doetecum, Lucas van|Jode, Gerard de",1568,Antwerp,,Prints|Ornament & Architecture,http://www.metmuseum.org/art/collection/search/628890,
433117,Drawings and Prints,1949.0,Print,"A soldier raising the match in his right hand, from the Musketeers series, plate 6, in Waffenhandlung von den Rören Musquetten undt Spiessen / Wapenhandelinghe van Roers Musquetten ende Spiessen (The Exercise of Arms)",,Artist|Artist|Artist,"Netherlandish, Antwerp 1565–1629 The Hague|Netherlandish, Antwerp 1565–1629 The Hague|Netherlandish, 1574/5–1659","Gheyn, Jacques de, II|Gheyn, Jacques de, II|Baudous, Robert Willemsz de",published 1608,The Hague,,Prints,http://www.metmuseum.org/art/collection/search/433117,
734366,Drawings and Prints,1963.0,"Book
Ornament & Architecture
Prints","Chimney, from Second Book of Architecture",,Publisher|Artist," |French, Paris 1510/12–1585 Annecy","Wechel, André|Du Cerceau, Jacques Androuet",1561,Paris,,Books|Ornament & Architecture|Prints,http://www.metmuseum.org/art/collection/search/734366,
349409,Drawings and Prints,1966.0,Book,Everyman & Other Plays,,Artist|Publisher|Printer,"British, Kent 1886–1948 Kent|London|London and Tonbridge","Austen, John Archibald|Chapman and Hall|Whitefriars Press, Ltd.",1925,London,,Books,http://www.metmuseum.org/art/collection/search/349409,
504159,Musical Instruments,1989,Ichigen-kin,Ichigen-kin,Japanese,Maker|Designer, | ,"Nishimura Instrument Co., Kyoto|Kurachi",1988,Kyoto,Japan,Chordophone-Zither,http://www.metmuseum.org/art/collection/search/504159,
349365,Drawings and Prints,1924.0,Book,"Essex County, NJ, Department of Parks, Report of the Board of Commissioners",,Printer,"Newark, New Jersey",Advertiser Printing House,1895,Newark,,Books,http://www.metmuseum.org/art/collection/search/349365,
350268,Drawings and Prints,1935.0,Book,Le Vrai Patineur ou Principes sur l'Art de Patiner avec Grace,,Author|Publisher, | ,"Garcin, J.|Delespinasse, Delaunay, Nepveu",1813,Paris,,Books,http://www.metmuseum.org/art/collection/search/350268,
786216,Drawings and Prints,1959.0,Print,"The Ship, driven by a Whirlwind, a thousand leagues above the surface of the water",,Publisher|Artist,"British, London 1776–1846 London|British, London 1757–1827 London","Tegg, Thomas|Rowlandson, Thomas","[1809], reissued 1811",London,,Prints,http://www.metmuseum.org/art/collection/search/786216,Seas|Ships
689877,Drawings and Prints,1928.0,Periodical ; print,L'Estampe et L'Affiche,,Artist|Artist|Artist|Artist|Artist|Artist|Artist|Artist|Artist|Artist|Artist," | |French, Paris 1869–1927 Paris|French, Bordeaux 1840–1916 Paris|French, Grenoble 1836–1904 Buré|French (born Ukraine), Golta 1870–1949 Le Mans|French, Le Limon, Saint-Domingue, West Indies 1819–1856 Paris|French, Metz 1845–1899 Paris|French, Paris 1877–1916 Chattancourt|French, 1851–1925|French, Alenya 1857–1917 Paris","Clément-Janin|Mellerio, André|Delteil, Loys|Redon, Odilon|Fantin-Latour, Henri|Peské, Jean Misceslas|Chassériau, Théodore|Boilvin, Emile|Delcourt, Maurice|Bellenger, Clément-Edouard|Cuisinier, Edmond",1898,Paris,,Periodicals|Prints,http://www.metmuseum.org/art/collection/search/689877,
348085,Drawings and Prints,1927.0,Book,Carriages,,Designer|Engraver,"British, 1727–1784|British, active 1745–70","Crace, Charles|Patton, Francis",1750,London,,Books,http://www.metmuseum.org/art/collection/search/348085,Carriages
427219,Drawings and Prints,1959.0,Print,"Despite the Corageous Opposition of the Germans and the Spanish, Francesco I d'Este, at the Head of his Armies, Arrives at the Piazza di Valeneza, from L'Idea di un Principe ed Eroe Cristiano in Francesco I d'Este, di Modena e Reggio Duca VIII [...]",,Artist|Author, | ,Fenice (Fénis)|Gamberti,1659,Modena,,Prints,http://www.metmuseum.org/art/collection/search/427219,Horses|Soldiers|Men
390485,Drawings and Prints,1920.0,Drawing Ornament and Architecture,"Sofa, in Chippendale Drawings, Vol. I",,Artist,"British, baptised Otley, West Yorkshire 1718–1779 London","Chippendale, Thomas",1760,London,,Drawings|Ornament & Architecture,http://www.metmuseum.org/art/collection/search/390485,Birds|Children|Couches
390673,Drawings and Prints,1920.0,Drawing Ornament and Architecture,"Frets, from Chippendale Drawings, Vol. II",,Artist,"British, baptised Otley, West Yorkshire 1718–1779 London","Chippendale, Thomas",1754,London,,Drawings|Ornament & Architecture,http://www.metmuseum.org/art/collection/search/390673,Ornament
433646,Drawings and Prints,1933.0,Print collection ornament & architecture,"Frieze with two variant designs with battles of sea gods, from Frises en manière de bas-reliefs, dans des bordures, plate 2, bound in Oeuvres. Vol. IV",,Artist,"French, Paris 1618–1682 Paris","Le Pautre, Jean",17th century,Paris,,Prints|Ornament & Architecture,http://www.metmuseum.org/art/collection/search/433646,
455021,Islamic Art,1913.0,Folio from an illustrated manuscript,"""Yusuf Arriving in Egypt and Leaving the Ship in the Nile"", Folio of a Yusuf and Zulaykha of Jami",,Author|Calligrapher,"Iranian, Jam 1414–92 Herat| ",Maulana Nur al-Din `Abd al-Rahman Jami|Mir 'Ali al-Husaini,A.H. 930/1523–24 CE,Bukhara,present-day Uzbekistan,Codices,http://www.metmuseum.org/art/collection/search/455021,Men|Ships
369989,Drawings and Prints,1941.0,Book ; Ornament and architecture,"M. Vitruvio Pollion de Architectura, divido en diez libros, traduzidos de Latin en Castellano por Miguel de Urrea Architecto, y sacado en su perfectio por Juan Gracian impressor vezino de Alcala",,Translator|Publisher|Author,"Spanish, died before 1569|Spanish, died before 1590|Roman, active late 1st century BCE","Urrea, Miguel de|Gracian, Juan|Vitruvius, Marcus",1582,Alcala' de Henares,,Books|Ornament & Architecture,http://www.metmuseum.org/art/collection/search/369989,
837928,Drawings and Prints,1950.0,Book Costumes,"Gallery of Fashion, vol. VII: April 1 1800 - March 1 1801",,Publisher,"German, Stuttgart 1761–1837 The Hague","Heideloff, Nicolaus",1794–1802,London,,Books|Costumes,http://www.metmuseum.org/art/collection/search/837928,Women|Fashion
9761,The American Wing,1967.0,Water goblet,Water Goblet,American,Maker,"American, 1825–1888, Sandwich, Massachusetts",Boston and Sandwich Glass Company ,ca. 1867,Sandwich,United States,,http://www.metmuseum.org/art/collection/search/9761,
22379,Arms and Armor,1914.0,Wheellock rifle,Wheellock Rifle,"German, Munich",Stock maker|Steel-chiseler,"German, Munich, recorded 1597–1637|German, Munich, recorded 1602–32","Borstorffer, Hieronymus|Sadeler, Daniel",ca. 1610–30,Munich,,Firearms,http://www.metmuseum.org/art/collection/search/22379,Bears|Men|Dogs|Hunting
20500,The American Wing,2008.0,Decanter with stopper,Decanter with stopper,American,Maker, ,Stouvenel Joseph,ca. 1851–60,New York,United States,,http://www.metmuseum.org/art/collection/search/20500,
356736,Drawings and Prints,1951.0,Book,Scenografia dei piu celebri monumenti sacri e profani antichi e moderni di Roma e adiacenze disegnati dal vero e incisi dai piu distinti artisti,,Publisher|Designer|Designer|Designer|Designer|Designer|Designer|Designer|Dedicatee|Designer|Designer|Designer|Engraver," | |Italian, 1823–1888| |Italian, 1807–1880|Italian, 1800/01–1874|Italian, Rome, 1808–1858|Italian, died 1878|Italian, 19th century|Italian, active mid-19th century| | |Italian","Calcografia, Camerale La|Balzar, Giovanni Battista|Longa, Giovanni della|Trojani, Filippo|Fontana, Giacomo|Acquaroni, Antonio|Amici, Domenico|Cacchiatelli, Paolo|Corsi, Angelo|Cottafavi, Gaetano|Marchetti, Augusto|Parboni, Achille|Nisi-Cavalieri, Luigi",1864,Rome,,Books,http://www.metmuseum.org/art/collection/search/356736,
746644,Drawings and Prints,1944.0,Book Print Ornament & Architecture,Textile (?) designs with stylized flowers and scrolling branches with leaves,,Designer|Lithographer|Publisher,"French (?), 19th Century|French|French, 19th century","Séraphin|Schlatter, Georges|Chavant, Fleury",[after 1844],Paris,,Books|Prints|Ornament & Architecture,http://www.metmuseum.org/art/collection/search/746644,
434182,Drawings and Prints,1953.0,Print collection ornament & architecture,"Apollo kills Diomedes during the Seige of Troy, from a series of twenty-two plates depicting mythological subjects, plate 18",,Artist|Publisher,"French, Paris 1618–1682 Paris|French, ca. 1590–1666 Paris","Le Pautre, Jean|Leblond, Jean I",17th century,Paris,,Prints|Ornament & Architecture,http://www.metmuseum.org/art/collection/search/434182,
343872,Drawings and Prints,1947.0,Book Ornament and Architecture,[Acanthus Ornaments],,Artist,"German, 1637–1709","Heel, Johann Wilhem",1664,Nuremberg,,Books|Ornament & Architecture,http://www.metmuseum.org/art/collection/search/343872,
384225,Drawings and Prints,2008.0,Print,"Le Palais à Strelna, from the series Vues pittoresques des palais & jardins impériaux aux environs de St. Petersbourg",,Artist|Artist|Printer|Publisher,active mid 19th century| |Paris| ,"Meyer, J.|Schultz, C.|Lemercier|Velten, J.",ca. 1850,St. Petersburg,,Prints,http://www.metmuseum.org/art/collection/search/384225,Palaces|Gardens
427186,Drawings and Prints,1959.0,Print,"Francesco I d'Este Protects the French in Casalmaggiore from the Seige of the Spanish, from L'Idea di un Principe ed Eroe Cristiano in Francesco I d'Este, di Modena e Reggio Duca VIII [...]",,Artist|Author, | ,Fenice (Fénis)|Gamberti,1659,Modena,,Prints,http://www.metmuseum.org/art/collection/search/427186,Horses|Battles|Soldiers|Men
390660,Drawings and Prints,1920.0,Drawing Ornament and Architecture,"China Case, from Chippendale Drawings, Vol. II",,Artist,"British, baptised Otley, West Yorkshire 1718–1779 London","Chippendale, Thomas",1753,London,,Drawings|Ornament & Architecture,http://www.metmuseum.org/art/collection/search/390660,Furniture
491226,Modern and Contemporary Art,1943,Textile sample,Sample,American,Maker|Maker,"American (born Germany), Frankfurt-am-Main 1863–1962 Staten Island, New York|American (born Germany ?), 1868– (?)","Stirn, Louis A.|Stirn, Edmund A.",1925,New York,America,Textiles-Printed,http://www.metmuseum.org/art/collection/search/491226,
3346,The American Wing,1946.0,Dish Cross,Dish Cross,American,Maker,1795/96–1880,"Boyce, Gerardus",1820–40,New York,United States,,http://www.metmuseum.org/art/collection/search/3346,
6251,The American Wing,1982.0,Plate,Plate,American,Maker,1866–1891,"Challinor, Taylor and Company ",1886–95,Tarentum,United States,,http://www.metmuseum.org/art/collection/search/6251,Flowers
350073,Drawings and Prints,1931.0,Book,Kunstrichtige Schreibart Allerhand Versalie oder Anfangs Buchstabe Der Teutschen Lateinischen und Italianischen Schriffter...,,Publisher|Designer,"German|German, active 17th century","Gerhard, Christoph|Franck, Paul",before 1618,Nuremberg,,Books,http://www.metmuseum.org/art/collection/search/350073,
707596,The American Wing,2016.0,Relief,Cornelius Vanderbilt I,American,Artist,"American, Dublin 1848–1907 Cornish, New Hampshire","Saint-Gaudens, Augustus",1882,New York,United States,,http://www.metmuseum.org/art/collection/search/707596,Men|Profiles
785213,The American Wing,2018.0,Platter,Platter,French,Retailer|Manufacturer," |1799–1828 Paris, France","Airé & Cie, Paris|G. Baruch Weil",ca. 1801–04,Paris,France,,http://www.metmuseum.org/art/collection/search/785213,
433751,Drawings and Prints,1933.0,Print collection ornament & architecture,"The Miracle of Aaron's rod, from Histoire de Moïse, plate 1, bound in Oeuvres. Vol. IV",,Artist|Publisher,"French, Paris 1618–1682 Paris|French, Blois 1688–1776 Paris","Le Pautre, Jean|Chereau, Jacques II Sr.",17th century,Paris,,Prints|Ornament & Architecture,http://www.metmuseum.org/art/collection/search/433751,
811999,Drawings and Prints,1959.0,Print,Nursing the Spawn of a Tyrant,,Subject|Subject|Publisher|Subject|Artist,"French, Paris 1811–1832 Vienna|French, Ajaccio 1769–1821 St. Helena|British, London 1776–1846 London|1791–1847|British, London 1757–1827 London","Napoléon II King of Rome and Duke of Reichstadt|Bonaparte, Napoléon|Tegg, Thomas|MARIE LOUISE|Rowlandson, Thomas","April 14, 1811",London,,Prints,http://www.metmuseum.org/art/collection/search/811999,Satire|Napoleon I|Women|Politics
357668,Drawings and Prints,1991.0,Book,Studio d'Arts Décoratifs. 5me Série,,Designer|Designer|Designer|Designer|Publisher, | | | | ,"Sorokine, Nicolas|Hannequin-Reveur|Delahaye, M.|Panzani, R.|Guérinet, Panzani, R., Editions",[ca. 1931],Paris,,Books,http://www.metmuseum.org/art/collection/search/357668,
701767,Drawings and Prints,1960.0,"Print, Fete, Ornament & Architecture",Plate 28: Drummers and trumpet players marching in the funeral procession of Archduke Albert of Austria; from 'Pompa Funebris ... Alberti Pii',,Artist|Artist,"French, Brussels 1577–1651 Brussels|Netherlandish, Antwerp 1576–1650 Antwerp","Francquart, Jacques|Galle, Cornelis, I",1623,Brussels,,Prints|Prints-Fete,http://www.metmuseum.org/art/collection/search/701767,Men|Drums|Trumpets|Musicians
348819,Drawings and Prints,1957.0,Book,Bébé Devient Savant,,Author|Publisher,"French, 1833-1904| ","Doudet Mme.|Lefèvre, Théodore",n.d.,Paris,,Books,http://www.metmuseum.org/art/collection/search/348819,
715546,The American Wing,2020.0,Plaque,Plaque,American,Maker,"American (born Hungary), Szent-Grot 1884–1953 Tappan, New York","Diederich, Wilhelm Hunt",ca. 1925–35,New York City,United States,,http://www.metmuseum.org/art/collection/search/715546,Birds
712258,Drawings and Prints,1937.0,Book Prints Ornament & Architecture,Douzième Cahier du Recueil d'Ornemens. Chapiteau Jonique de la Vigne Farnèse à Rome vü de face. (Frontal View of a Ionique Capital in the Farnese Vineyard in Rome).,,Draftsman|Etcher|Draftsman|Publisher,"French, active Paris, 1780–90|French, active Paris, ca. 1778|French, active Paris, ca. 1778|French, Paris 1742–1794 Paris","Lalonde, Richard de|Brinclaire, Louise|L, R.|Chereau, Jacques François",ca. 1778–1782,Paris,,Books|Prints|Ornament & Architecture,http://www.metmuseum.org/art/collection/search/712258,
16840,The American Wing,2001.0,Brooch,Brooch,American,Maker,active 1882–92,Jaques & Marcus,ca. 1882–92,New York,United States,,http://www.metmuseum.org/art/collection/search/16840,Insects
453212,Islamic Art,1983.0,Folio from an illustrated manuscript,"""Rescue of Bizhan by Piran"", Folio from a Shahnama (Book of Kings) of Firdausi",,Author,"Iranian, Paj ca. 940/41–1020 Tus",Abu'l Qasim Firdausi,ca. 1610,Bijapur,India,Codices,http://www.metmuseum.org/art/collection/search/453212,Horses|Men
21968,Arms and Armor,1904.0,Wheellock rifle,Wheellock Rifle,"German, Munich and Augsburg",Steel-chiseler|Stock maker,"German, Munich, ca. 1611–1691|German, Augsburg, recorded 1633–74","Spät, Caspar|Becker, Elias",ca. 1640–50,Munich and Augsburg,,Firearms-Guns-Wheellock,http://www.metmuseum.org/art/collection/search/21968,Hunting|Deer|Dogs|Men
9119,The American Wing,1946.0,Tumbler,Tumbler,American,Maker,1863–1891,"Hobbs, Brockunier and Company ",after 1886,Wheeling,United States,,http://www.metmuseum.org/art/collection/search/9119,
423464,Drawings and Prints,1967.0,Print,"About Russia's War with Japan, 1904",,Lithographer,"Russian, 1853–1930","Soloviov, Mikhail",1904,Moscow,,Prints,http://www.metmuseum.org/art/collection/search/423464,
3610,The American Wing,1988.0,Finger bowl and plate,Finger bowl and plate,American,Maker,"American, White Mills, Pennsylviania, 1881–1921",Dorflinger and Sons Christian,1891,White Mills,United States,,http://www.metmuseum.org/art/collection/search/3610,Eagles
661921,Drawings and Prints,1918.0,Books Prints Ornament & Architecture,"Corona delle Nobili et Virtuose Donne: Libro I-IV, page 75 (recto)",,Publisher,"Italian, Pieve di Cadore 1521–1601 Venice","Vecellio, Cesare",1601,Venice,,Books|Prints|Ornament & Architecture,http://www.metmuseum.org/art/collection/search/661921,Men|Harps|Horns|Violins
383085,Drawings and Prints,1966.0,Book,The Flower with Seven-Colored Petals,,Publisher|Author|Illustrator,"Moscow|Russian, 1897–1986|Russian","Detskaya Literatura|Kataev, Valentin Petrovich|Losin, V.",1964,Moscow,,Books,http://www.metmuseum.org/art/collection/search/383085,
350521,Drawings and Prints,1955.0,Book,"Illustrated Catalogue of glassware, from factories  F-G-H-K-L-P",,Author|Publisher|Author|Author,"American, 1861–ca. 1930|American, Pittsburgh, Pennsylvania, 1866–1874|Pittsburgh, Pennsylvania|American","Gillinder and Sons, James|Ripley & Co.|United States Glass Co.|O'Hara Glass Co.",1881–90,Greensburg,,Books,http://www.metmuseum.org/art/collection/search/350521,
350469,Drawings and Prints,1946.0,Collection Ornament & Architecture,Disegni Varii di Polifilo Zancarli (panels),,Designer|Etcher|Publisher,"active in Venice ca. 1600–1625|Italian, Bologna 1573–1637/38 Venice|Italian, active in Venice (?) ca. 1625","Giancarli, Polifilo|Fialetti, Odoardo|Giancarli, Tasio",before 1628,Venice,,Books|Ornament & Architecture,http://www.metmuseum.org/art/collection/search/350469,
15395,The American Wing,1994.0,Sauceboat,Sauceboat,"French, for American market",Maker,"French, 1781–ca. 1824",Dihl et Guérhard,1800–1815,Paris,France,,http://www.metmuseum.org/art/collection/search/15395,
344758,Drawings and Prints,1975.0,Book,"De Standvastige Monarchye des Doods, En de Zieltoogende Mars in Europa",,Artist|Publisher,"Dutch, 1676–1725|Dutch, Amsterdam 1648–ca. 1709 Amsterdam","Allard, Abraham|Allard, Carel",ca. 1708 (?),Amsterdam,,Books,http://www.metmuseum.org/art/collection/search/344758,
347253,Drawings and Prints,1950.0,Book,Vita di Sancti padri vulga[ri] historiada ...(Saint Jerome),,Author|Printer|Publisher,"Italian, died 1432|active Venice, 1496–1507|Italian, active Venice, 1501–20","Cavalca, Domenico|Luna, Otinus de of Pavia|Sandri, Nicolò and Domenicò Fratelli dal Jesu","July 28, 1501, Venice",Venice,,Books,http://www.metmuseum.org/art/collection/search/347253,
787,The American Wing,1933.0,Bowl,Punch Bowl,American,Maker,"American, baptized 1744–1810","Brasher, Ephraim",1785–1800,New York,United States,,http://www.metmuseum.org/art/collection/search/787,
6217,The American Wing,1914.0,Plate,Plate,British (American market),Maker,"British, active ca. 1819–present","William, Adams & Sons",ca. 1834–ca. 1864,Stoke-on-Trent,England,,http://www.metmuseum.org/art/collection/search/6217,Landscapes
640467,Drawings and Prints,1948.0,Print,"Turkish grocers, bound in L'Oeuvre original de Vivant Denon. Collection de eaux-fortes, Volume 1",,Publisher|Artist|Artist," |Italian, Cento 1591–1666 Bologna|French, Givry 1747–1825 Paris","Barrand, A.|Guercino (Giovanni Francesco Barbieri)|Denon, Dominique Vivant Baron",1873,Paris,,Books,http://www.metmuseum.org/art/collection/search/640467,
821930,The Libraries,,,Les élégances Parisiennes : publication officielle des Industries francaises de la mode,,Publisher, ,Hachette,1916–17,Paris,France,,http://www.metmuseum.org/art/collection/search/821930,
857098,The Libraries,,,Ming Smith,,Editor|Photographer|Publisher, | | ,"Iduma, Emmanuel|Smith, Ming|Aperture",2020,New York,United States,,http://www.metmuseum.org/art/collection/search/857098,
3718,The American Wing,1940.0,Flask,Flask,American,Maker,1800–ca. 1890,Baltimore Glass Works ,ca. 1846,Baltimore,United States,,http://www.metmuseum.org/art/collection/search/3718,Men|Profiles
433455,Drawings and Prints,1949.0,Print,"The second movement for bringing the pike on to the shoulder and holding it horizontally, from the Lansquenets series, plate 9, in Waffenhandlung von den Rören Musquetten undt Spiessen / Wapenhandelinghe van Roers Musquetten ende Spiessen (The Exercise of Arms)",,Artist|Artist|Artist,"Netherlandish, Antwerp 1565–1629 The Hague|Netherlandish, Antwerp 1565–1629 The Hague|Netherlandish, 1574/5–1659","Gheyn, Jacques de, II|Gheyn, Jacques de, II|Baudous, Robert Willemsz de",published 1608,The Hague,,Prints,http://www.metmuseum.org/art/collection/search/433455,
349834,Drawings and Prints,1952.0,Book,Popular Aesthetic Considerations on the Symmetry of Pleasing Proportions,,Artist,"Dutch, 1811–1894","Fock, Hubert Corneille Ambrosium Leopoldus",1877,Cambridge,,Books,http://www.metmuseum.org/art/collection/search/349834,
426462,Drawings and Prints,1930.0,Prints Collection Ornament & Architecture,"Interior with a Canopy Bed at Center and Two Chairs at Left, from Second Liure Dappartements, part of Œuvres du Sr. D. Marot",,Artist|Publisher,"French, Paris 1661–1752 The Hague| ","Marot, Daniel, the Elder|Husson, Pierre",published 1703 or 1712,The Hague,,Prints|Ornament & Architecture,http://www.metmuseum.org/art/collection/search/426462,
502530,Musical Instruments,1889,Square Piano,Square Piano,Austrian,Maker,"Austrian, Vienna 1763–1829 Vienna","Katholnik (Katholnig), Caspar",ca. 1801–5,Vienna,Austria,Chordophone-Zither-struck-piano,http://www.metmuseum.org/art/collection/search/502530,
2028,The American Wing,1975.0,Chest-on-chest,Chest-on-chest,American,Maker|Maker,1740–1795|1736–1794,"Affleck, Thomas|Reynolds, James",1770–75,Philadelphia,United States,,http://www.metmuseum.org/art/collection/search/2028,Birds
27165,Arms and Armor,1989.0,Cased pair of percussion pistols with accessories,Cased Pair of Percussion Pistols with Accessories,"French, Paris",Gunsmith,"French, Paris 1812–1885 Paris",Gastinne-Renette Louis-Julien,dated 1856,Paris,,Firearms-Pistols-Percussion,http://www.metmuseum.org/art/collection/search/27165,
734194,Drawings and Prints,1939.0,"Book
Print
Ornament & Architecture","Arch with Corinthian Columns, Plate 9",,Artist,"French, Paris 1510/12–1585 Annecy","Du Cerceau, Jacques Androuet",1549,Orelans,,Books|Ornament & Architecture|Prints,http://www.metmuseum.org/art/collection/search/734194,
14074,The American Wing,1957.0,Sampler,Embroidered sampler,American,Maker,born ca. 1810,"Carleton, Caroline",1819,Haverhill,United States,,http://www.metmuseum.org/art/collection/search/14074,
345163,Drawings and Prints,1951.0,Book,One Hundred Bargains from the World's Greatest House Furnishing Emporium,,Engraver|Author,"American, 19th century|Boston, Massachusetts","Conant, J. S., & Co.|Atkinson, B. A.",19th century,Boston,,Books,http://www.metmuseum.org/art/collection/search/345163,
347226,Drawings and Prints,1946.0,Book,Catalogue de Tableaux. . .de Feu M. Le Bas,,Illustrator|Engraver,"French, Paris 1715–1790 Paris|French, active 18th century","Cochin, Charles Nicolas, II|Gaucher, P. N.",1783,Paris,,Books,http://www.metmuseum.org/art/collection/search/347226,
344948,Drawings and Prints,1934.0,Book,"A General History of Quadrupeds : the figures engraved on wood, chiefly copied from the original of T. Bewick",,Engraver|Publisher,"American, New York 1775–1870 Jersey City, New Jersey|New York, NY","Anderson, Alexander|Waite, G. & R.",1804,New York,,Books,http://www.metmuseum.org/art/collection/search/344948,
381511,Drawings and Prints,1972.0,Print,"Perspective and plans for the suburban dwelling of Mr. Henderson, Elmhurst, Illinois",,Architect|Publisher|Draftsman,"American, Richland Center, Wisconsin 1867–1959 Phoenix, Arizona|Berlin|American, 1878–1927","Wright, Frank Lloyd|Wasmuth, Ernst|Long, Birch Burdette",1910,Berlin,,Prints,http://www.metmuseum.org/art/collection/search/381511,
354786,Drawings and Prints,1963.0,Book,Aleksandra Vasilievna Shchekotikhina-Pototskaya,,Author|Illustrator|Editor|Publisher|Illustrator,"Russian, born 1922|Russian, Aleksandrovsk 1892–1967 St. Petersburg|Russian| |Russian, 1878–1936","Noskovich, Viktor|Shchekotikhina-Pototskaya, Aleksandra Vasilievna|Pavlov, Gleb|Khudozhnik RSFSR|Chekhonin, Sergey",1959,St. Petersburg,,Books,http://www.metmuseum.org/art/collection/search/354786,
503770,Musical Instruments,1889,Ocarina,Ocarina,Italian,Maker,Italian,Ficinelli C.,late 19th century,Budrio,Italy,Aerophone-Blow Hole-vessel flute,http://www.metmuseum.org/art/collection/search/503770,
501679,Musical Instruments,1889,Cavalry Trumpet in D,Cavalry Trumpet in D,German,Maker|Maker,"German, Leipzig 1763–1820 Breslau| ","Flemming, Carl Benjamin|Shoengarth Joh. Gottlieb",1810–30,Breslau,Germany,Aerophone-Lip Vibrated-trumpet / trombone,http://www.metmuseum.org/art/collection/search/501679,
837927,Drawings and Prints,1950.0,Book Costumes,"Gallery of Fashion, vol. VI: April 1 1799 - March 1 1800",,Publisher,"German, Stuttgart 1761–1837 The Hague","Heideloff, Nicolaus",1794–1802,London,,Books|Costumes,http://www.metmuseum.org/art/collection/search/837927,Women|Fashion
7154,The American Wing,1967.0,Sauce dish,Sauce Dish,American,Maker,"American, 1825–1888, Sandwich, Massachusetts",Boston and Sandwich Glass Company ,before 1867,Sandwich,United States,,http://www.metmuseum.org/art/collection/search/7154,
490968,Modern and Contemporary Art,1942,Sample,Piece,American,Maker, ,Glendale Linen Company ,1942,New York,America,Textiles-Printed,http://www.metmuseum.org/art/collection/search/490968,Flowers
343890,Drawings and Prints,1949.0,Book,[Altars],,Artist|Artist|Publisher,"German, Linz 1696–1770 Mimmenhausen|German, Velehrad 1708–1774 Augsburg|German, Velehrad 1708–1774 Augsburg","Feuchtmayer, Joseph Anton|Goetz, Gottfried Bernhard|Goetz, Gottfried Bernhard",ca. 1740,Augsburg,,Books,http://www.metmuseum.org/art/collection/search/343890,
390574,Drawings and Prints,1920.0,Drawing Ornament and Architecture,"Chamber Organs, from Chippendale Drawings, Vol. II",,Artist,"British, baptised Otley, West Yorkshire 1718–1779 London","Chippendale, Thomas",1760,London,,Drawings|Ornament & Architecture,http://www.metmuseum.org/art/collection/search/390574,Birds|Faces|Flowers
348187,Drawings and Prints,1970.0,Book,"Le Cri de la Pudeur: Les Nymphs du Palais-Royal; leurs moeurs, leurs expressions d'argot, leur elevation, retraite et decadence",,Author|Engraver|Publisher," |French, Paris 1775–1835 Paris| ","Cuisin, P.|Fortier, Claude François|Roux",1815,Paris,,Books,http://www.metmuseum.org/art/collection/search/348187,
434424,Drawings and Prints,1953.0,Print collection ornament & architecture,"Young nude male figure walking through a landscape, from Livre d'Académie, plate 11",,Artist|Publisher,"French, Paris 1618–1682 Paris|French, Metz 1645/46–1706 Paris","Le Pautre, Jean|Gantrel, Etienne",17th century,Paris,,Prints|Ornament & Architecture,http://www.metmuseum.org/art/collection/search/434424,